/*******************************************************************************
* Copyright Regione Piemonte - 2024
* SPDX-License-Identifier: EUPL-1.2
******************************************************************************/

SET DEFINE OFF;
Insert into PBANDI_D_STATO_PROPOSTA_CERTIF
   (ID_STATO_PROPOSTA_CERTIF, DESC_BREVE_STATO_PROPOSTA_CERT, DESC_STATO_PROPOSTA_CERTIF, DT_INIZIO_VALIDITA, ID_TIPO_STATO_PROP_CERT)
 Values
   (12, 'prev', 'preview proposta', TO_DATE('01/01/2009 00:00:00', 'MM/DD/YYYY HH24:MI:SS'), 2);
Insert into PBANDI_D_STATO_PROPOSTA_CERTIF
   (ID_STATO_PROPOSTA_CERTIF, DESC_BREVE_STATO_PROPOSTA_CERT, DESC_STATO_PROPOSTA_CERTIF, DT_INIZIO_VALIDITA, ID_TIPO_STATO_PROP_CERT)
 Values
   (13, 'prev-bozza', 'preview proposta (bozza)', TO_DATE('01/01/2009 00:00:00', 'MM/DD/YYYY HH24:MI:SS'), 2);
COMMIT;

Insert into PBANDI_D_NOME_BATCH
   (ID_NOME_BATCH, NOME_BATCH, DESC_BATCH)
 Values
   (9, 'PBAN-PROP-CERT-PREV', 'Procedura di caricamento della proposta di certificazione preview');
COMMIT;

SET DEFINE OFF;
Insert into PBANDI_D_ERRORE_BATCH
   (CODICE_ERRORE, DESCRIZIONE)
 Values
   ('E104', 'Errore nel caricamento della proposta di certificazione preview');
COMMIT;

SET DEFINE OFF;
Insert into PBANDI_D_STATO_PROPOSTA_CERTIF
   (ID_STATO_PROPOSTA_CERTIF, DESC_BREVE_STATO_PROPOSTA_CERT, DESC_STATO_PROPOSTA_CERTIF, DT_INIZIO_VALIDITA, ID_TIPO_STATO_PROP_CERT)
 Values
   (14, 'err-prev', 'errore preview proposta', TO_DATE('01/01/2009 00:00:00', 'MM/DD/YYYY HH24:MI:SS'), 1);
Insert into PBANDI_D_STATO_PROPOSTA_CERTIF
   (ID_STATO_PROPOSTA_CERTIF, DESC_BREVE_STATO_PROPOSTA_CERT, DESC_STATO_PROPOSTA_CERTIF, DT_INIZIO_VALIDITA, ID_TIPO_STATO_PROP_CERT)
 Values
   (15, 'err-prev-bozza', 'errore preview proposta (bozza)', TO_DATE('01/01/2009 00:00:00', 'MM/DD/YYYY HH24:MI:SS'), 1);
COMMIT;

update pbandi_d_soggetto_finanziatore
set flag_agevolato = 'S'
where DESC_BREVE_SOGG_FINANZIATORE in ('UE','Da reperire','Stato Estero','Regione','S.F.A.S','Stato altri','Stato FESR','Regione FESR');


/*
*** inizio bilancio
*/
SET DEFINE OFF;
Insert into PBANDI_D_STATO_ATTO
   (ID_STATO_ATTO, DESC_STATO_ATTO, DESC_BREVE_STATO_ATTO, DT_INIZIO_VALIDITA)
 Values
   (3, 'PRESO IN CARICO DALLA RAGIONERIA', '2', TO_DATE('05/17/2011 00:00:00', 'MM/DD/YYYY HH24:MI:SS'));
Insert into PBANDI_D_STATO_ATTO
   (ID_STATO_ATTO, DESC_STATO_ATTO, DESC_BREVE_STATO_ATTO, DT_INIZIO_VALIDITA)
 Values
   (4, 'ANNULLATO', '3', TO_DATE('05/17/2011 00:00:00', 'MM/DD/YYYY HH24:MI:SS'));
Insert into PBANDI_D_STATO_ATTO
   (ID_STATO_ATTO, DESC_STATO_ATTO, DESC_BREVE_STATO_ATTO, DT_INIZIO_VALIDITA)
 Values
   (5, 'PARZIALMENTE QUIETANZATO', '4', TO_DATE('05/17/2011 00:00:00', 'MM/DD/YYYY HH24:MI:SS'));
Insert into PBANDI_D_STATO_ATTO
   (ID_STATO_ATTO, DESC_STATO_ATTO, DESC_BREVE_STATO_ATTO, DT_INIZIO_VALIDITA)
 Values
   (6, 'TOTALMENTE QUIETANZATO', '5', TO_DATE('05/17/2011 00:00:00', 'MM/DD/YYYY HH24:MI:SS'));
Insert into PBANDI_D_STATO_ATTO
   (ID_STATO_ATTO, DESC_STATO_ATTO, DESC_BREVE_STATO_ATTO, DT_INIZIO_VALIDITA)
 Values
   (1, 'BOZZA', '0', TO_DATE('05/17/2011 00:00:00', 'MM/DD/YYYY HH24:MI:SS'));
Insert into PBANDI_D_STATO_ATTO
   (ID_STATO_ATTO, DESC_STATO_ATTO, DESC_BREVE_STATO_ATTO, DT_INIZIO_VALIDITA)
 Values
   (7, 'COMPLETATO', '6', TO_DATE('05/17/2011 00:00:00', 'MM/DD/YYYY HH24:MI:SS'));
Insert into PBANDI_D_STATO_ATTO
   (ID_STATO_ATTO, DESC_STATO_ATTO, DESC_BREVE_STATO_ATTO, DT_INIZIO_VALIDITA)
 Values
   (8, 'RICHIESTA MODIFICA', '7', TO_DATE('05/17/2011 00:00:00', 'MM/DD/YYYY HH24:MI:SS'));
Insert into PBANDI_D_STATO_ATTO
   (ID_STATO_ATTO, DESC_STATO_ATTO, DESC_BREVE_STATO_ATTO, DT_INIZIO_VALIDITA)
 Values
   (2, 'EMESSO', '1', TO_DATE('05/17/2011 00:00:00', 'MM/DD/YYYY HH24:MI:SS'));
COMMIT;

SET DEFINE OFF;
Insert into PBANDI_D_STATO_IMPEGNO
   (ID_STATO_IMPEGNO, DESC_STATO_IMPEGNO, DESC_BREVE_STATO_IMPEGNO, DT_INIZIO_VALIDITA)
 Values
   (1, 'ANNULLATO', 'A', TO_DATE('05/18/2011 00:00:00', 'MM/DD/YYYY HH24:MI:SS'));
Insert into PBANDI_D_STATO_IMPEGNO
   (ID_STATO_IMPEGNO, DESC_STATO_IMPEGNO, DESC_BREVE_STATO_IMPEGNO, DT_INIZIO_VALIDITA)
 Values
   (2, 'PROVVISORIO', 'P', TO_DATE('05/18/2011 00:00:00', 'MM/DD/YYYY HH24:MI:SS'));
Insert into PBANDI_D_STATO_IMPEGNO
   (ID_STATO_IMPEGNO, DESC_STATO_IMPEGNO, DESC_BREVE_STATO_IMPEGNO, DT_INIZIO_VALIDITA)
 Values
   (3, 'DEFINITIVO', 'D', TO_DATE('05/18/2011 00:00:00', 'MM/DD/YYYY HH24:MI:SS'));
COMMIT;

SET DEFINE OFF;
Insert into PBANDI_D_PROVENIENZA_CAPITOLO
   (ID_PROVENIENZA_CAPITOLO, DESC_PROVENIENZA_CAPITOLO, DESC_BREVE_PROVENIENZA_CAPITOL, DT_INIZIO_VALIDITA)
 Values
   (1, 'FRESCHI', 'F', TO_DATE('05/19/2011 00:00:00', 'MM/DD/YYYY HH24:MI:SS'));
Insert into PBANDI_D_PROVENIENZA_CAPITOLO
   (ID_PROVENIENZA_CAPITOLO, DESC_PROVENIENZA_CAPITOLO, DESC_BREVE_PROVENIENZA_CAPITOL, DT_INIZIO_VALIDITA)
 Values
   (2, 'SLITTATI', 'T', TO_DATE('05/19/2011 00:00:00', 'MM/DD/YYYY HH24:MI:SS'));
Insert into PBANDI_D_PROVENIENZA_CAPITOLO
   (ID_PROVENIENZA_CAPITOLO, DESC_PROVENIENZA_CAPITOLO, DESC_BREVE_PROVENIENZA_CAPITOL, DT_INIZIO_VALIDITA)
 Values
   (3, 'RIGIDO', 'R', TO_DATE('05/19/2011 00:00:00', 'MM/DD/YYYY HH24:MI:SS'));
Insert into PBANDI_D_PROVENIENZA_CAPITOLO
   (ID_PROVENIENZA_CAPITOLO, DESC_PROVENIENZA_CAPITOLO, DESC_BREVE_PROVENIENZA_CAPITOL, DT_INIZIO_VALIDITA)
 Values
   (4, 'SEMI RIGIDO', 'S', TO_DATE('05/19/2011 00:00:00', 'MM/DD/YYYY HH24:MI:SS'));
COMMIT;

SET DEFINE OFF;
Insert into PBANDI_D_TIPO_FONDO
   (ID_TIPO_FONDO, DESC_TIPO_FONDO, DESC_BREVE_TIPO_FONDO, DT_INIZIO_VALIDITA)
 Values
   (1, 'PRIVATO', 'P', TO_DATE('05/19/2011 00:00:00', 'MM/DD/YYYY HH24:MI:SS'));
Insert into PBANDI_D_TIPO_FONDO
   (ID_TIPO_FONDO, DESC_TIPO_FONDO, DESC_BREVE_TIPO_FONDO, DT_INIZIO_VALIDITA)
 Values
   (2, 'REGIONALE', 'R', TO_DATE('05/19/2011 00:00:00', 'MM/DD/YYYY HH24:MI:SS'));
Insert into PBANDI_D_TIPO_FONDO
   (ID_TIPO_FONDO, DESC_TIPO_FONDO, DESC_BREVE_TIPO_FONDO, DT_INIZIO_VALIDITA)
 Values
   (3, 'STATALE', 'S', TO_DATE('05/19/2011 00:00:00', 'MM/DD/YYYY HH24:MI:SS'));
Insert into PBANDI_D_TIPO_FONDO
   (ID_TIPO_FONDO, DESC_TIPO_FONDO, DESC_BREVE_TIPO_FONDO, DT_INIZIO_VALIDITA)
 Values
   (4, 'EUROPEO', 'E', TO_DATE('05/19/2011 00:00:00', 'MM/DD/YYYY HH24:MI:SS'));
COMMIT;

SET DEFINE OFF;
Insert into PBANDI_D_TIPO_PROVVEDIMENTO
   (ID_TIPO_PROVVEDIMENTO, DESC_BREVE_TIPO_PROVVEDIMENTO, DESC_TIPO_PROVVEDIMENTO, DT_INIZIO_VALIDITA)
 Values
   (1, 'AD', 'ATTTO DIRIGENZIALE O DETERMINA', TO_DATE('05/19/2011 00:00:00', 'MM/DD/YYYY HH24:MI:SS'));
Insert into PBANDI_D_TIPO_PROVVEDIMENTO
   (ID_TIPO_PROVVEDIMENTO, DESC_BREVE_TIPO_PROVVEDIMENTO, DESC_TIPO_PROVVEDIMENTO, DT_INIZIO_VALIDITA)
 Values
   (2, 'DC', 'DELIBERA DI CONSIGLIO', TO_DATE('05/19/2011 00:00:00', 'MM/DD/YYYY HH24:MI:SS'));
Insert into PBANDI_D_TIPO_PROVVEDIMENTO
   (ID_TIPO_PROVVEDIMENTO, DESC_BREVE_TIPO_PROVVEDIMENTO, DESC_TIPO_PROVVEDIMENTO, DT_INIZIO_VALIDITA)
 Values
   (3, 'DG', 'DELIBERA DI GIUNTA', TO_DATE('05/19/2011 00:00:00', 'MM/DD/YYYY HH24:MI:SS'));
COMMIT;

SET DEFINE OFF;
Insert into PBANDI_D_SITUAZIONE_INPS
   (ID_SITUAZIONE_INPS, DESC_SITUAZIONE_INPS, DESC_BREVE_SITUAZIONE_INPS, DT_INIZIO_VALIDITA)
 Values
   (1, 'NON SOGGETTO INPS', '0', TO_DATE('05/17/2011 00:00:00', 'MM/DD/YYYY HH24:MI:SS'));
Insert into PBANDI_D_SITUAZIONE_INPS
   (ID_SITUAZIONE_INPS, DESC_SITUAZIONE_INPS, DESC_BREVE_SITUAZIONE_INPS, DT_INIZIO_VALIDITA)
 Values
   (2, 'CASSA ORDINE PROFESSIONALE 2%', '2', TO_DATE('05/17/2011 00:00:00', 'MM/DD/YYYY HH24:MI:SS'));
COMMIT;

SET DEFINE OFF;
Insert into PBANDI_D_ATTIVITA_INPS
   (ID_ATTIVITA_INPS, DESC_ATTIVITA_INPS, COD_ATTIVITA_INPS, DT_INIZIO_VALIDITA)
 Values
   (1, 'AMMINISTRATORE, SINDACO, REVISORE DI SOCIETA, ASSOCIAZIONE E ALTRI ENTI CON O SENZA PERSONALITA GIURIDICA, ÚLIQUIDATORE DI SOCIETA', '01', TO_DATE('05/17/2011 00:00:00', 'MM/DD/YYYY HH24:MI:SS'));
Insert into PBANDI_D_ATTIVITA_INPS
   (ID_ATTIVITA_INPS, DESC_ATTIVITA_INPS, COD_ATTIVITA_INPS, DT_INIZIO_VALIDITA)
 Values
   (2, 'AMMINISTRATORE DI CONDOMINIO', '02', TO_DATE('05/17/2011 00:00:00', 'MM/DD/YYYY HH24:MI:SS'));
Insert into PBANDI_D_ATTIVITA_INPS
   (ID_ATTIVITA_INPS, DESC_ATTIVITA_INPS, COD_ATTIVITA_INPS, DT_INIZIO_VALIDITA)
 Values
   (3, 'COLLABORATORE DI GIORNALI, RIVISTE, ENCICLOPEDIE E MEZZI DI COMUNICAZIONE IN GENERE', '03', TO_DATE('05/17/2011 00:00:00', 'MM/DD/YYYY HH24:MI:SS'));
Insert into PBANDI_D_ATTIVITA_INPS
   (ID_ATTIVITA_INPS, DESC_ATTIVITA_INPS, COD_ATTIVITA_INPS, DT_INIZIO_VALIDITA)
 Values
   (4, 'PARTECIPANTE A COLLEGI E COMMISSIONI', '04', TO_DATE('05/17/2011 00:00:00', 'MM/DD/YYYY HH24:MI:SS'));
Insert into PBANDI_D_ATTIVITA_INPS
   (ID_ATTIVITA_INPS, DESC_ATTIVITA_INPS, COD_ATTIVITA_INPS, DT_INIZIO_VALIDITA)
 Values
   (5, 'DOTTORATO DI RICERCA', '05', TO_DATE('05/17/2011 00:00:00', 'MM/DD/YYYY HH24:MI:SS'));
Insert into PBANDI_D_ATTIVITA_INPS
   (ID_ATTIVITA_INPS, DESC_ATTIVITA_INPS, COD_ATTIVITA_INPS, DT_INIZIO_VALIDITA)
 Values
   (6, 'CONSULENTE AZIENDALE', '06', TO_DATE('05/17/2011 00:00:00', 'MM/DD/YYYY HH24:MI:SS'));
Insert into PBANDI_D_ATTIVITA_INPS
   (ID_ATTIVITA_INPS, DESC_ATTIVITA_INPS, COD_ATTIVITA_INPS, DT_INIZIO_VALIDITA)
 Values
   (7, 'CONSULENTE FISCALE', '07', TO_DATE('05/17/2011 00:00:00', 'MM/DD/YYYY HH24:MI:SS'));
Insert into PBANDI_D_ATTIVITA_INPS
   (ID_ATTIVITA_INPS, DESC_ATTIVITA_INPS, COD_ATTIVITA_INPS, DT_INIZIO_VALIDITA)
 Values
   (8, 'CONSULENTE AMMINISTRATIVO, CONTABILE', '08', TO_DATE('05/17/2011 00:00:00', 'MM/DD/YYYY HH24:MI:SS'));
Insert into PBANDI_D_ATTIVITA_INPS
   (ID_ATTIVITA_INPS, DESC_ATTIVITA_INPS, COD_ATTIVITA_INPS, DT_INIZIO_VALIDITA)
 Values
   (9, 'CONSULENTE INFORMATICO', '09', TO_DATE('05/17/2011 00:00:00', 'MM/DD/YYYY HH24:MI:SS'));
Insert into PBANDI_D_ATTIVITA_INPS
   (ID_ATTIVITA_INPS, DESC_ATTIVITA_INPS, COD_ATTIVITA_INPS, DT_INIZIO_VALIDITA)
 Values
   (10, 'CONSULENTE FINANZIARIO', '10', TO_DATE('05/17/2011 00:00:00', 'MM/DD/YYYY HH24:MI:SS'));
Insert into PBANDI_D_ATTIVITA_INPS
   (ID_ATTIVITA_INPS, DESC_ATTIVITA_INPS, COD_ATTIVITA_INPS, DT_INIZIO_VALIDITA)
 Values
   (11, 'CONSULENTE IN CAMPO IMMOBILIARE', '11', TO_DATE('05/17/2011 00:00:00', 'MM/DD/YYYY HH24:MI:SS'));
Insert into PBANDI_D_ATTIVITA_INPS
   (ID_ATTIVITA_INPS, DESC_ATTIVITA_INPS, COD_ATTIVITA_INPS, DT_INIZIO_VALIDITA)
 Values
   (12, 'CNSULENTE IN CAMPO ASSICURATIVO', '12', TO_DATE('05/17/2011 00:00:00', 'MM/DD/YYYY HH24:MI:SS'));
Insert into PBANDI_D_ATTIVITA_INPS
   (ID_ATTIVITA_INPS, DESC_ATTIVITA_INPS, COD_ATTIVITA_INPS, DT_INIZIO_VALIDITA)
 Values
   (13, 'DOCENTE DI FORMAZIONE, ISTRUTTORE, ADDESTRATORE', '13', TO_DATE('05/17/2011 00:00:00', 'MM/DD/YYYY HH24:MI:SS'));
Insert into PBANDI_D_ATTIVITA_INPS
   (ID_ATTIVITA_INPS, DESC_ATTIVITA_INPS, COD_ATTIVITA_INPS, DT_INIZIO_VALIDITA)
 Values
   (14, 'OPERATORE DI RECUPERO CREDITI', '14', TO_DATE('05/17/2011 00:00:00', 'MM/DD/YYYY HH24:MI:SS'));
Insert into PBANDI_D_ATTIVITA_INPS
   (ID_ATTIVITA_INPS, DESC_ATTIVITA_INPS, COD_ATTIVITA_INPS, DT_INIZIO_VALIDITA)
 Values
   (15, 'TRADUTTORE', '15', TO_DATE('05/17/2011 00:00:00', 'MM/DD/YYYY HH24:MI:SS'));
Insert into PBANDI_D_ATTIVITA_INPS
   (ID_ATTIVITA_INPS, DESC_ATTIVITA_INPS, COD_ATTIVITA_INPS, DT_INIZIO_VALIDITA)
 Values
   (16, 'OPERATORE DI TRASPORTI O SPEDIZIONI O RECAPITI', '16', TO_DATE('05/17/2011 00:00:00', 'MM/DD/YYYY HH24:MI:SS'));
Insert into PBANDI_D_ATTIVITA_INPS
   (ID_ATTIVITA_INPS, DESC_ATTIVITA_INPS, COD_ATTIVITA_INPS, DT_INIZIO_VALIDITA)
 Values
   (17, 'ANIMATORE TURISTICO E DI INTRATTENIMENTO', '17', TO_DATE('05/17/2011 00:00:00', 'MM/DD/YYYY HH24:MI:SS'));
Insert into PBANDI_D_ATTIVITA_INPS
   (ID_ATTIVITA_INPS, DESC_ATTIVITA_INPS, COD_ATTIVITA_INPS, DT_INIZIO_VALIDITA)
 Values
   (18, 'SPEDIAZIONIERE DOGANALE', '18', TO_DATE('05/17/2011 00:00:00', 'MM/DD/YYYY HH24:MI:SS'));
Insert into PBANDI_D_ATTIVITA_INPS
   (ID_ATTIVITA_INPS, DESC_ATTIVITA_INPS, COD_ATTIVITA_INPS, DT_INIZIO_VALIDITA)
 Values
   (19, 'CONSULENTE DI ESTETICA', '19', TO_DATE('05/17/2011 00:00:00', 'MM/DD/YYYY HH24:MI:SS'));
Insert into PBANDI_D_ATTIVITA_INPS
   (ID_ATTIVITA_INPS, DESC_ATTIVITA_INPS, COD_ATTIVITA_INPS, DT_INIZIO_VALIDITA)
 Values
   (20, 'COLLABORATORE PER MOSTRE, MERCATI, FERE, VETRINE, ECC.', '20', TO_DATE('05/17/2011 00:00:00', 'MM/DD/YYYY HH24:MI:SS'));
Insert into PBANDI_D_ATTIVITA_INPS
   (ID_ATTIVITA_INPS, DESC_ATTIVITA_INPS, COD_ATTIVITA_INPS, DT_INIZIO_VALIDITA)
 Values
   (21, 'OPERATORE NEL SETTORE DELL''IGIENE E DELLA SALUTE, PRANOTERAPEUTA', '21', TO_DATE('05/17/2011 00:00:00', 'MM/DD/YYYY HH24:MI:SS'));
Insert into PBANDI_D_ATTIVITA_INPS
   (ID_ATTIVITA_INPS, DESC_ATTIVITA_INPS, COD_ATTIVITA_INPS, DT_INIZIO_VALIDITA)
 Values
   (22, 'ESECUTORE DI SONDAGGI DI OPINIONE, MARKETING, PUBBLICITA, RICERCHE STATISTICHE E DI MERCATO', '22', TO_DATE('05/17/2011 00:00:00', 'MM/DD/YYYY HH24:MI:SS'));
Insert into PBANDI_D_ATTIVITA_INPS
   (ID_ATTIVITA_INPS, DESC_ATTIVITA_INPS, COD_ATTIVITA_INPS, DT_INIZIO_VALIDITA)
 Values
   (23, 'SOCIO LAVORATORE DI COOPERATIVA', '23', TO_DATE('05/17/2011 00:00:00', 'MM/DD/YYYY HH24:MI:SS'));
Insert into PBANDI_D_ATTIVITA_INPS
   (ID_ATTIVITA_INPS, DESC_ATTIVITA_INPS, COD_ATTIVITA_INPS, DT_INIZIO_VALIDITA)
 Values
   (24, 'OPERATORE NEL SETTORE DELLA MODA', '24', TO_DATE('05/17/2011 00:00:00', 'MM/DD/YYYY HH24:MI:SS'));
Insert into PBANDI_D_ATTIVITA_INPS
   (ID_ATTIVITA_INPS, DESC_ATTIVITA_INPS, COD_ATTIVITA_INPS, DT_INIZIO_VALIDITA)
 Values
   (25, 'OPERATORE NEL CAMPO DELLA MANUTENZIONE DI PIANTE E GIARDINI', '25', TO_DATE('05/17/2011 00:00:00', 'MM/DD/YYYY HH24:MI:SS'));
Insert into PBANDI_D_ATTIVITA_INPS
   (ID_ATTIVITA_INPS, DESC_ATTIVITA_INPS, COD_ATTIVITA_INPS, DT_INIZIO_VALIDITA)
 Values
   (26, 'ATTIVITA'' DIVERSA DA INDICARE', '26', TO_DATE('05/17/2011 00:00:00', 'MM/DD/YYYY HH24:MI:SS'));
COMMIT;

SET DEFINE OFF;
Insert into PBANDI_D_RISCHIO_INAIL
   (ID_RISCHIO_INAIL, DESC_RISCHIO_INAIL, DESC_BREVE_RISCHIO_INAIL, DT_INIZIO_VALIDITA)
 Values
   (1, 'BF COD.6', 'BF', TO_DATE('05/17/2011 00:00:00', 'MM/DD/YYYY HH24:MI:SS'));
Insert into PBANDI_D_RISCHIO_INAIL
   (ID_RISCHIO_INAIL, DESC_RISCHIO_INAIL, DESC_BREVE_RISCHIO_INAIL, DT_INIZIO_VALIDITA)
 Values
   (2, 'BR COD.18', 'BR', TO_DATE('05/17/2011 00:00:00', 'MM/DD/YYYY HH24:MI:SS'));
Insert into PBANDI_D_RISCHIO_INAIL
   (ID_RISCHIO_INAIL, DESC_RISCHIO_INAIL, DESC_BREVE_RISCHIO_INAIL, DT_INIZIO_VALIDITA)
 Values
   (3, 'BS COD.19', 'BS', TO_DATE('05/17/2011 00:00:00', 'MM/DD/YYYY HH24:MI:SS'));
Insert into PBANDI_D_RISCHIO_INAIL
   (ID_RISCHIO_INAIL, DESC_RISCHIO_INAIL, DESC_BREVE_RISCHIO_INAIL, DT_INIZIO_VALIDITA)
 Values
   (4, 'BT COD. 20', 'BT', TO_DATE('05/17/2011 00:00:00', 'MM/DD/YYYY HH24:MI:SS'));
Insert into PBANDI_D_RISCHIO_INAIL
   (ID_RISCHIO_INAIL, DESC_RISCHIO_INAIL, DESC_BREVE_RISCHIO_INAIL, DT_INIZIO_VALIDITA)
 Values
   (5, 'BU CDO.21', 'BU', TO_DATE('05/17/2011 00:00:00', 'MM/DD/YYYY HH24:MI:SS'));
Insert into PBANDI_D_RISCHIO_INAIL
   (ID_RISCHIO_INAIL, DESC_RISCHIO_INAIL, DESC_BREVE_RISCHIO_INAIL, DT_INIZIO_VALIDITA)
 Values
   (6, 'BV COD.22', 'BV', TO_DATE('05/17/2011 00:00:00', 'MM/DD/YYYY HH24:MI:SS'));
Insert into PBANDI_D_RISCHIO_INAIL
   (ID_RISCHIO_INAIL, DESC_RISCHIO_INAIL, DESC_BREVE_RISCHIO_INAIL, DT_INIZIO_VALIDITA)
 Values
   (7, 'BX COD.105', 'BX', TO_DATE('05/17/2011 00:00:00', 'MM/DD/YYYY HH24:MI:SS'));
Insert into PBANDI_D_RISCHIO_INAIL
   (ID_RISCHIO_INAIL, DESC_RISCHIO_INAIL, DESC_BREVE_RISCHIO_INAIL, DT_INIZIO_VALIDITA)
 Values
   (8, 'BZ COD.21', 'BZ', TO_DATE('05/17/2011 00:00:00', 'MM/DD/YYYY HH24:MI:SS'));
Insert into PBANDI_D_RISCHIO_INAIL
   (ID_RISCHIO_INAIL, DESC_RISCHIO_INAIL, DESC_BREVE_RISCHIO_INAIL, DT_INIZIO_VALIDITA)
 Values
   (9, 'KA COD.32', 'KA', TO_DATE('05/17/2011 00:00:00', 'MM/DD/YYYY HH24:MI:SS'));
Insert into PBANDI_D_RISCHIO_INAIL
   (ID_RISCHIO_INAIL, DESC_RISCHIO_INAIL, DESC_BREVE_RISCHIO_INAIL, DT_INIZIO_VALIDITA)
 Values
   (10, 'KB COD.33', 'KB', TO_DATE('05/17/2011 00:00:00', 'MM/DD/YYYY HH24:MI:SS'));
Insert into PBANDI_D_RISCHIO_INAIL
   (ID_RISCHIO_INAIL, DESC_RISCHIO_INAIL, DESC_BREVE_RISCHIO_INAIL, DT_INIZIO_VALIDITA)
 Values
   (11, 'KC COD.113', 'KC', TO_DATE('05/17/2011 00:00:00', 'MM/DD/YYYY HH24:MI:SS'));
Insert into PBANDI_D_RISCHIO_INAIL
   (ID_RISCHIO_INAIL, DESC_RISCHIO_INAIL, DESC_BREVE_RISCHIO_INAIL, DT_INIZIO_VALIDITA)
 Values
   (12, 'NON ASSICURATO', 'NA', TO_DATE('05/17/2011 00:00:00', 'MM/DD/YYYY HH24:MI:SS'));
COMMIT;

SET DEFINE OFF;
Insert into PBANDI_D_ALTRA_CASSA_PREVIDENZ
   (ID_ALTRA_CASSA_PREVIDENZ, DESC_ALTRA_CASSA, COD_ALTRA_CASSA, DT_INIZIO_VALIDITA)
 Values
   (1, 'PENSIONATI DI TUTTI GLI ENTI PENSIONISTICI', '001', TO_DATE('05/17/2011 00:00:00', 'MM/DD/YYYY HH24:MI:SS'));
Insert into PBANDI_D_ALTRA_CASSA_PREVIDENZ
   (ID_ALTRA_CASSA_PREVIDENZ, DESC_ALTRA_CASSA, COD_ALTRA_CASSA, DT_INIZIO_VALIDITA)
 Values
   (2, 'FONDO PENSIONI LAVORATORI DIPENDENTI', '101', TO_DATE('05/17/2011 00:00:00', 'MM/DD/YYYY HH24:MI:SS'));
Insert into PBANDI_D_ALTRA_CASSA_PREVIDENZ
   (ID_ALTRA_CASSA_PREVIDENZ, DESC_ALTRA_CASSA, COD_ALTRA_CASSA, DT_INIZIO_VALIDITA)
 Values
   (3, 'ARTIGIANI', '102', TO_DATE('05/17/2011 00:00:00', 'MM/DD/YYYY HH24:MI:SS'));
Insert into PBANDI_D_ALTRA_CASSA_PREVIDENZ
   (ID_ALTRA_CASSA_PREVIDENZ, DESC_ALTRA_CASSA, COD_ALTRA_CASSA, DT_INIZIO_VALIDITA)
 Values
   (4, 'COMMERCIANTI', '103', TO_DATE('05/17/2011 00:00:00', 'MM/DD/YYYY HH24:MI:SS'));
Insert into PBANDI_D_ALTRA_CASSA_PREVIDENZ
   (ID_ALTRA_CASSA_PREVIDENZ, DESC_ALTRA_CASSA, COD_ALTRA_CASSA, DT_INIZIO_VALIDITA)
 Values
   (5, 'CD - CM', '104', TO_DATE('05/17/2011 00:00:00', 'MM/DD/YYYY HH24:MI:SS'));
Insert into PBANDI_D_ALTRA_CASSA_PREVIDENZ
   (ID_ALTRA_CASSA_PREVIDENZ, DESC_ALTRA_CASSA, COD_ALTRA_CASSA, DT_INIZIO_VALIDITA)
 Values
   (6, 'VERSAMENTI VOLONTARI', '105', TO_DATE('05/17/2011 00:00:00', 'MM/DD/YYYY HH24:MI:SS'));
Insert into PBANDI_D_ALTRA_CASSA_PREVIDENZ
   (ID_ALTRA_CASSA_PREVIDENZ, DESC_ALTRA_CASSA, COD_ALTRA_CASSA, DT_INIZIO_VALIDITA)
 Values
   (7, 'VERSAMENTI FIGURATIVI (CIG, ECC.)', '106', TO_DATE('05/17/2011 00:00:00', 'MM/DD/YYYY HH24:MI:SS'));
Insert into PBANDI_D_ALTRA_CASSA_PREVIDENZ
   (ID_ALTRA_CASSA_PREVIDENZ, DESC_ALTRA_CASSA, COD_ALTRA_CASSA, DT_INIZIO_VALIDITA)
 Values
   (8, 'FONDI SPECIALI (CIRC. IN', '107', TO_DATE('05/17/2011 00:00:00', 'MM/DD/YYYY HH24:MI:SS'));
Insert into PBANDI_D_ALTRA_CASSA_PREVIDENZ
   (ID_ALTRA_CASSA_PREVIDENZ, DESC_ALTRA_CASSA, COD_ALTRA_CASSA, DT_INIZIO_VALIDITA)
 Values
   (9, 'DIPENDENTI DA ENTI LOCALI ', '201', TO_DATE('05/17/2011 00:00:00', 'MM/DD/YYYY HH24:MI:SS'));
Insert into PBANDI_D_ALTRA_CASSA_PREVIDENZ
   (ID_ALTRA_CASSA_PREVIDENZ, DESC_ALTRA_CASSA, COD_ALTRA_CASSA, DT_INIZIO_VALIDITA)
 Values
   (10, 'DOTTORI COMMERCIALISTI', '301', TO_DATE('05/17/2011 00:00:00', 'MM/DD/YYYY HH24:MI:SS'));
Insert into PBANDI_D_ALTRA_CASSA_PREVIDENZ
   (ID_ALTRA_CASSA_PREVIDENZ, DESC_ALTRA_CASSA, COD_ALTRA_CASSA, DT_INIZIO_VALIDITA)
 Values
   (11, 'RAGIONIERI', '302', TO_DATE('05/17/2011 00:00:00', 'MM/DD/YYYY HH24:MI:SS'));
Insert into PBANDI_D_ALTRA_CASSA_PREVIDENZ
   (ID_ALTRA_CASSA_PREVIDENZ, DESC_ALTRA_CASSA, COD_ALTRA_CASSA, DT_INIZIO_VALIDITA)
 Values
   (12, 'INGEGNERI E ARCHITETTI', '303', TO_DATE('05/17/2011 00:00:00', 'MM/DD/YYYY HH24:MI:SS'));
Insert into PBANDI_D_ALTRA_CASSA_PREVIDENZ
   (ID_ALTRA_CASSA_PREVIDENZ, DESC_ALTRA_CASSA, COD_ALTRA_CASSA, DT_INIZIO_VALIDITA)
 Values
   (13, 'GEOMETRI', '304', TO_DATE('05/17/2011 00:00:00', 'MM/DD/YYYY HH24:MI:SS'));
Insert into PBANDI_D_ALTRA_CASSA_PREVIDENZ
   (ID_ALTRA_CASSA_PREVIDENZ, DESC_ALTRA_CASSA, COD_ALTRA_CASSA, DT_INIZIO_VALIDITA)
 Values
   (14, 'AVVOCATI', '305', TO_DATE('05/17/2011 00:00:00', 'MM/DD/YYYY HH24:MI:SS'));
Insert into PBANDI_D_ALTRA_CASSA_PREVIDENZ
   (ID_ALTRA_CASSA_PREVIDENZ, DESC_ALTRA_CASSA, COD_ALTRA_CASSA, DT_INIZIO_VALIDITA)
 Values
   (15, 'CONSULENTI DEL LAVORO', '306', TO_DATE('05/17/2011 00:00:00', 'MM/DD/YYYY HH24:MI:SS'));
Insert into PBANDI_D_ALTRA_CASSA_PREVIDENZ
   (ID_ALTRA_CASSA_PREVIDENZ, DESC_ALTRA_CASSA, COD_ALTRA_CASSA, DT_INIZIO_VALIDITA)
 Values
   (16, 'NOTAI', '307', TO_DATE('05/17/2011 00:00:00', 'MM/DD/YYYY HH24:MI:SS'));
Insert into PBANDI_D_ALTRA_CASSA_PREVIDENZ
   (ID_ALTRA_CASSA_PREVIDENZ, DESC_ALTRA_CASSA, COD_ALTRA_CASSA, DT_INIZIO_VALIDITA)
 Values
   (17, 'MEDICI', '308', TO_DATE('05/17/2011 00:00:00', 'MM/DD/YYYY HH24:MI:SS'));
Insert into PBANDI_D_ALTRA_CASSA_PREVIDENZ
   (ID_ALTRA_CASSA_PREVIDENZ, DESC_ALTRA_CASSA, COD_ALTRA_CASSA, DT_INIZIO_VALIDITA)
 Values
   (18, 'FARMACISTI', '309', TO_DATE('05/17/2011 00:00:00', 'MM/DD/YYYY HH24:MI:SS'));
Insert into PBANDI_D_ALTRA_CASSA_PREVIDENZ
   (ID_ALTRA_CASSA_PREVIDENZ, DESC_ALTRA_CASSA, COD_ALTRA_CASSA, DT_INIZIO_VALIDITA)
 Values
   (19, 'VETERINARI', '310', TO_DATE('05/17/2011 00:00:00', 'MM/DD/YYYY HH24:MI:SS'));
Insert into PBANDI_D_ALTRA_CASSA_PREVIDENZ
   (ID_ALTRA_CASSA_PREVIDENZ, DESC_ALTRA_CASSA, COD_ALTRA_CASSA, DT_INIZIO_VALIDITA)
 Values
   (20, 'CHIMICI', '311', TO_DATE('05/17/2011 00:00:00', 'MM/DD/YYYY HH24:MI:SS'));
Insert into PBANDI_D_ALTRA_CASSA_PREVIDENZ
   (ID_ALTRA_CASSA_PREVIDENZ, DESC_ALTRA_CASSA, COD_ALTRA_CASSA, DT_INIZIO_VALIDITA)
 Values
   (21, 'AGRONOMI', '312', TO_DATE('05/17/2011 00:00:00', 'MM/DD/YYYY HH24:MI:SS'));
Insert into PBANDI_D_ALTRA_CASSA_PREVIDENZ
   (ID_ALTRA_CASSA_PREVIDENZ, DESC_ALTRA_CASSA, COD_ALTRA_CASSA, DT_INIZIO_VALIDITA)
 Values
   (22, 'GEOLOGI', '313', TO_DATE('05/17/2011 00:00:00', 'MM/DD/YYYY HH24:MI:SS'));
Insert into PBANDI_D_ALTRA_CASSA_PREVIDENZ
   (ID_ALTRA_CASSA_PREVIDENZ, DESC_ALTRA_CASSA, COD_ALTRA_CASSA, DT_INIZIO_VALIDITA)
 Values
   (23, 'ATTUARI', '314', TO_DATE('05/17/2011 00:00:00', 'MM/DD/YYYY HH24:MI:SS'));
Insert into PBANDI_D_ALTRA_CASSA_PREVIDENZ
   (ID_ALTRA_CASSA_PREVIDENZ, DESC_ALTRA_CASSA, COD_ALTRA_CASSA, DT_INIZIO_VALIDITA)
 Values
   (24, 'INFERMIERI PROFESSIONALI, ', '315', TO_DATE('05/17/2011 00:00:00', 'MM/DD/YYYY HH24:MI:SS'));
Insert into PBANDI_D_ALTRA_CASSA_PREVIDENZ
   (ID_ALTRA_CASSA_PREVIDENZ, DESC_ALTRA_CASSA, COD_ALTRA_CASSA, DT_INIZIO_VALIDITA)
 Values
   (25, 'PSICOLOGI', '316', TO_DATE('05/17/2011 00:00:00', 'MM/DD/YYYY HH24:MI:SS'));
Insert into PBANDI_D_ALTRA_CASSA_PREVIDENZ
   (ID_ALTRA_CASSA_PREVIDENZ, DESC_ALTRA_CASSA, COD_ALTRA_CASSA, DT_INIZIO_VALIDITA)
 Values
   (26, 'BIOLOGI', '317', TO_DATE('05/17/2011 00:00:00', 'MM/DD/YYYY HH24:MI:SS'));
Insert into PBANDI_D_ALTRA_CASSA_PREVIDENZ
   (ID_ALTRA_CASSA_PREVIDENZ, DESC_ALTRA_CASSA, COD_ALTRA_CASSA, DT_INIZIO_VALIDITA)
 Values
   (27, 'PERITI INDUSTRIALI', '318', TO_DATE('05/17/2011 00:00:00', 'MM/DD/YYYY HH24:MI:SS'));
Insert into PBANDI_D_ALTRA_CASSA_PREVIDENZ
   (ID_ALTRA_CASSA_PREVIDENZ, DESC_ALTRA_CASSA, COD_ALTRA_CASSA, DT_INIZIO_VALIDITA)
 Values
   (28, 'AGROTECNICI, PERITI AGRARI', '319', TO_DATE('05/17/2011 00:00:00', 'MM/DD/YYYY HH24:MI:SS'));
Insert into PBANDI_D_ALTRA_CASSA_PREVIDENZ
   (ID_ALTRA_CASSA_PREVIDENZ, DESC_ALTRA_CASSA, COD_ALTRA_CASSA, DT_INIZIO_VALIDITA)
 Values
   (29, 'GIORNALISTI', '320', TO_DATE('05/17/2011 00:00:00', 'MM/DD/YYYY HH24:MI:SS'));
Insert into PBANDI_D_ALTRA_CASSA_PREVIDENZ
   (ID_ALTRA_CASSA_PREVIDENZ, DESC_ALTRA_CASSA, COD_ALTRA_CASSA, DT_INIZIO_VALIDITA)
 Values
   (30, 'SPEDIZIONIERI (SINO AL 31-12-1998)', '321', TO_DATE('05/17/2011 00:00:00', 'MM/DD/YYYY HH24:MI:SS'));
Insert into PBANDI_D_ALTRA_CASSA_PREVIDENZ
   (ID_ALTRA_CASSA_PREVIDENZ, DESC_ALTRA_CASSA, COD_ALTRA_CASSA, DT_INIZIO_VALIDITA)
 Values
   (31, 'DIRIGENTI DI AZIENDA (CI', '401', TO_DATE('05/17/2011 00:00:00', 'MM/DD/YYYY HH24:MI:SS'));
Insert into PBANDI_D_ALTRA_CASSA_PREVIDENZ
   (ID_ALTRA_CASSA_PREVIDENZ, DESC_ALTRA_CASSA, COD_ALTRA_CASSA, DT_INIZIO_VALIDITA)
 Values
   (32, 'LAVORATORI DELLO S', '501', TO_DATE('05/17/2011 00:00:00', 'MM/DD/YYYY HH24:MI:SS'));
Insert into PBANDI_D_ALTRA_CASSA_PREVIDENZ
   (ID_ALTRA_CASSA_PREVIDENZ, DESC_ALTRA_CASSA, COD_ALTRA_CASSA, DT_INIZIO_VALIDITA)
 Values
   (33, 'LAVORATORI POSTE ITALIANE (CIRC. I', '601', TO_DATE('05/17/2011 00:00:00', 'MM/DD/YYYY HH24:MI:SS'));
Insert into PBANDI_D_ALTRA_CASSA_PREVIDENZ
   (ID_ALTRA_CASSA_PREVIDENZ, DESC_ALTRA_CASSA, COD_ALTRA_CASSA, DT_INIZIO_VALIDITA)
 Values
   (34, 'TITOLARE DI PENSIONE DIRETTA', '002', TO_DATE('05/17/2011 00:00:00', 'MM/DD/YYYY HH24:MI:SS'));
COMMIT;

SET DEFINE OFF;
Insert into PBANDI_D_TIPO_ALTRA_CASSA_PREV
   (ID_TIPO_ALTRA_CASSA_PREV, DESC_TIPO_ALTRA_CASSA, DESC_BREVE_TIPO_ALTRA_CASSA, DT_INIZIO_VALIDITA)
 Values
   (1, 'SENZA ALTRA CASSA PREVIDENZIALE', 'N', TO_DATE('05/18/2011 00:00:00', 'MM/DD/YYYY HH24:MI:SS'));
Insert into PBANDI_D_TIPO_ALTRA_CASSA_PREV
   (ID_TIPO_ALTRA_CASSA_PREV, DESC_TIPO_ALTRA_CASSA, DESC_BREVE_TIPO_ALTRA_CASSA, DT_INIZIO_VALIDITA)
 Values
   (2, 'CON ALTRA CASSA PREVIDENZIALE', 'S', TO_DATE('05/18/2011 00:00:00', 'MM/DD/YYYY HH24:MI:SS'));
Insert into PBANDI_D_TIPO_ALTRA_CASSA_PREV
   (ID_TIPO_ALTRA_CASSA_PREV, DESC_TIPO_ALTRA_CASSA, DESC_BREVE_TIPO_ALTRA_CASSA, DT_INIZIO_VALIDITA)
 Values
   (3, 'CON PENSIONE DIRETTA', 'P', TO_DATE('05/18/2011 00:00:00', 'MM/DD/YYYY HH24:MI:SS'));
Insert into PBANDI_D_TIPO_ALTRA_CASSA_PREV
   (ID_TIPO_ALTRA_CASSA_PREV, DESC_TIPO_ALTRA_CASSA, DESC_BREVE_TIPO_ALTRA_CASSA, DT_INIZIO_VALIDITA)
 Values
   (4, 'NESSUNA RITENUTA INPS', 'X', TO_DATE('05/18/2011 00:00:00', 'MM/DD/YYYY HH24:MI:SS'));
COMMIT;

SET DEFINE OFF;
Insert into PBANDI_D_TIPO_SOGG_RITENUTA
   (ID_TIPO_SOGG_RITENUTA, DESC_TIPO_SOGG_RITENUTA, DESC_BREVE_TIPO_SOGG_RITENUTA, DT_INIZIO_VALIDITA)
 Values
   (1, 'CONTRIBUTI 4%', 'C', TO_DATE('05/17/2011 00:00:00', 'MM/DD/YYYY HH24:MI:SS'));
Insert into PBANDI_D_TIPO_SOGG_RITENUTA
   (ID_TIPO_SOGG_RITENUTA, DESC_TIPO_SOGG_RITENUTA, DESC_BREVE_TIPO_SOGG_RITENUTA, DT_INIZIO_VALIDITA)
 Values
   (2, 'PROFESSIONISTI 20%', 'P', TO_DATE('05/17/2011 00:00:00', 'MM/DD/YYYY HH24:MI:SS'));
Insert into PBANDI_D_TIPO_SOGG_RITENUTA
   (ID_TIPO_SOGG_RITENUTA, DESC_TIPO_SOGG_RITENUTA, DESC_BREVE_TIPO_SOGG_RITENUTA, DT_INIZIO_VALIDITA)
 Values
   (3, 'COLLABORATORI', 'B', TO_DATE('05/17/2011 00:00:00', 'MM/DD/YYYY HH24:MI:SS'));
Insert into PBANDI_D_TIPO_SOGG_RITENUTA
   (ID_TIPO_SOGG_RITENUTA, DESC_TIPO_SOGG_RITENUTA, DESC_BREVE_TIPO_SOGG_RITENUTA, DT_INIZIO_VALIDITA)
 Values
   (4, 'ALTRO REDDITO', 'A', TO_DATE('05/17/2011 00:00:00', 'MM/DD/YYYY HH24:MI:SS'));
Insert into PBANDI_D_TIPO_SOGG_RITENUTA
   (ID_TIPO_SOGG_RITENUTA, DESC_TIPO_SOGG_RITENUTA, DESC_BREVE_TIPO_SOGG_RITENUTA, DT_INIZIO_VALIDITA)
 Values
   (5, 'RESIDENTE ESTERO', 'E', TO_DATE('05/17/2011 00:00:00', 'MM/DD/YYYY HH24:MI:SS'));
COMMIT;

SET DEFINE OFF;
Insert into PBANDI_R_TIP_ALTR_CAS_SOGG_RIT
   (ID_TIPO_SOGG_RITENUTA, ID_TIPO_ALTRA_CASSA_PREV)
 Values
   (1, 1);
Insert into PBANDI_R_TIP_ALTR_CAS_SOGG_RIT
   (ID_TIPO_SOGG_RITENUTA, ID_TIPO_ALTRA_CASSA_PREV)
 Values
   (1, 2);
Insert into PBANDI_R_TIP_ALTR_CAS_SOGG_RIT
   (ID_TIPO_SOGG_RITENUTA, ID_TIPO_ALTRA_CASSA_PREV)
 Values
   (1, 3);
Insert into PBANDI_R_TIP_ALTR_CAS_SOGG_RIT
   (ID_TIPO_SOGG_RITENUTA, ID_TIPO_ALTRA_CASSA_PREV)
 Values
   (1, 4);
Insert into PBANDI_R_TIP_ALTR_CAS_SOGG_RIT
   (ID_TIPO_SOGG_RITENUTA, ID_TIPO_ALTRA_CASSA_PREV)
 Values
   (5, 1);
Insert into PBANDI_R_TIP_ALTR_CAS_SOGG_RIT
   (ID_TIPO_SOGG_RITENUTA, ID_TIPO_ALTRA_CASSA_PREV)
 Values
   (5, 4);
COMMIT;

SET DEFINE OFF;
Insert into PBANDI_D_TIPO_RITENUTA
   (ID_TIPO_RITENUTA, DESC_TIPO_RITENUTA, DESC_BREVE_TIPO_RITENUTA, DT_INIZIO_VALIDITA)
 Values
   (1, 'ALIQUOTA FISSA', 'F', TO_DATE('05/17/2011 00:00:00', 'MM/DD/YYYY HH24:MI:SS'));
Insert into PBANDI_D_TIPO_RITENUTA
   (ID_TIPO_RITENUTA, DESC_TIPO_RITENUTA, DESC_BREVE_TIPO_RITENUTA, DT_INIZIO_VALIDITA)
 Values
   (2, 'ALIQUOTA A SCAGLIONI', 'S', TO_DATE('05/17/2011 00:00:00', 'MM/DD/YYYY HH24:MI:SS'));
COMMIT;

SET DEFINE OFF;
Insert into PBANDI_D_ALIQUOTA_RITENUTA
   (ID_TIPO_RITENUTA, ID_TIPO_SOGG_RITENUTA, ID_ALIQUOTA_RITENUTA, DESC_ALIQUOTA, PERC_ALIQUOTA, DT_INIZIO_VALIDITA)
 Values
   (1, 1, 1, '4,00% (Contributi)', 4, TO_DATE('05/17/2011 00:00:00', 'MM/DD/YYYY HH24:MI:SS'));
Insert into PBANDI_D_ALIQUOTA_RITENUTA
   (ID_TIPO_RITENUTA, ID_TIPO_SOGG_RITENUTA, ID_ALIQUOTA_RITENUTA, DESC_ALIQUOTA, PERC_ALIQUOTA, DT_INIZIO_VALIDITA)
 Values
   (1, 2, 2, '20,00% (Profess.)', 20, TO_DATE('05/17/2011 00:00:00', 'MM/DD/YYYY HH24:MI:SS'));
Insert into PBANDI_D_ALIQUOTA_RITENUTA
   (ID_TIPO_RITENUTA, ID_TIPO_SOGG_RITENUTA, ID_ALIQUOTA_RITENUTA, DESC_ALIQUOTA, PERC_ALIQUOTA, DT_INIZIO_VALIDITA)
 Values
   (1, 3, 3, '20,00% (Collaboratori)', 20, TO_DATE('05/17/2011 00:00:00', 'MM/DD/YYYY HH24:MI:SS'));
Insert into PBANDI_D_ALIQUOTA_RITENUTA
   (ID_TIPO_RITENUTA, ID_TIPO_SOGG_RITENUTA, ID_ALIQUOTA_RITENUTA, DESC_ALIQUOTA, PERC_ALIQUOTA, DT_INIZIO_VALIDITA)
 Values
   (1, 3, 4, '23,00% (Collaboratori)', 23, TO_DATE('05/17/2011 00:00:00', 'MM/DD/YYYY HH24:MI:SS'));
Insert into PBANDI_D_ALIQUOTA_RITENUTA
   (ID_TIPO_RITENUTA, ID_TIPO_SOGG_RITENUTA, ID_ALIQUOTA_RITENUTA, DESC_ALIQUOTA, PERC_ALIQUOTA, DT_INIZIO_VALIDITA)
 Values
   (1, 3, 5, '29,00% (Collaboratori)', 29, TO_DATE('05/17/2011 00:00:00', 'MM/DD/YYYY HH24:MI:SS'));
Insert into PBANDI_D_ALIQUOTA_RITENUTA
   (ID_TIPO_RITENUTA, ID_TIPO_SOGG_RITENUTA, ID_ALIQUOTA_RITENUTA, DESC_ALIQUOTA, PERC_ALIQUOTA, DT_INIZIO_VALIDITA)
 Values
   (1, 3, 6, '31,00% (Collaboratori)', 31, TO_DATE('05/17/2011 00:00:00', 'MM/DD/YYYY HH24:MI:SS'));
Insert into PBANDI_D_ALIQUOTA_RITENUTA
   (ID_TIPO_RITENUTA, ID_TIPO_SOGG_RITENUTA, ID_ALIQUOTA_RITENUTA, DESC_ALIQUOTA, PERC_ALIQUOTA, DT_INIZIO_VALIDITA)
 Values
   (1, 3, 7, '39,00% (Collaboratori)', 39, TO_DATE('05/17/2011 00:00:00', 'MM/DD/YYYY HH24:MI:SS'));
Insert into PBANDI_D_ALIQUOTA_RITENUTA
   (ID_TIPO_RITENUTA, ID_TIPO_SOGG_RITENUTA, ID_ALIQUOTA_RITENUTA, DESC_ALIQUOTA, PERC_ALIQUOTA, DT_INIZIO_VALIDITA)
 Values
   (1, 3, 8, '45,00% (Collaboratori)', 45, TO_DATE('05/17/2011 00:00:00', 'MM/DD/YYYY HH24:MI:SS'));
Insert into PBANDI_D_ALIQUOTA_RITENUTA
   (ID_TIPO_RITENUTA, ID_TIPO_SOGG_RITENUTA, ID_ALIQUOTA_RITENUTA, DESC_ALIQUOTA, DT_INIZIO_VALIDITA)
 Values
   (2, 3, 9, 'a scaglioni (Collaboratori)', TO_DATE('05/17/2011 00:00:00', 'MM/DD/YYYY HH24:MI:SS'));
Insert into PBANDI_D_ALIQUOTA_RITENUTA
   (ID_TIPO_RITENUTA, ID_TIPO_SOGG_RITENUTA, ID_ALIQUOTA_RITENUTA, DESC_ALIQUOTA, PERC_ALIQUOTA, DT_INIZIO_VALIDITA)
 Values
   (1, 4, 10, '23,00% (Altro reddito assimilato)', 23, TO_DATE('05/17/2011 00:00:00', 'MM/DD/YYYY HH24:MI:SS'));
Insert into PBANDI_D_ALIQUOTA_RITENUTA
   (ID_TIPO_RITENUTA, ID_TIPO_SOGG_RITENUTA, ID_ALIQUOTA_RITENUTA, DESC_ALIQUOTA, PERC_ALIQUOTA, DT_INIZIO_VALIDITA)
 Values
   (1, 4, 11, '29,00% (Altro reddito assimilato)', 29, TO_DATE('05/17/2011 00:00:00', 'MM/DD/YYYY HH24:MI:SS'));
Insert into PBANDI_D_ALIQUOTA_RITENUTA
   (ID_TIPO_RITENUTA, ID_TIPO_SOGG_RITENUTA, ID_ALIQUOTA_RITENUTA, DESC_ALIQUOTA, PERC_ALIQUOTA, DT_INIZIO_VALIDITA)
 Values
   (1, 4, 12, '31,00% (Altro reddito assimilato)', 31, TO_DATE('05/17/2011 00:00:00', 'MM/DD/YYYY HH24:MI:SS'));
Insert into PBANDI_D_ALIQUOTA_RITENUTA
   (ID_TIPO_RITENUTA, ID_TIPO_SOGG_RITENUTA, ID_ALIQUOTA_RITENUTA, DESC_ALIQUOTA, PERC_ALIQUOTA, DT_INIZIO_VALIDITA)
 Values
   (1, 4, 13, '39,00% (Altro reddito assimilato)', 39, TO_DATE('05/17/2011 00:00:00', 'MM/DD/YYYY HH24:MI:SS'));
Insert into PBANDI_D_ALIQUOTA_RITENUTA
   (ID_TIPO_RITENUTA, ID_TIPO_SOGG_RITENUTA, ID_ALIQUOTA_RITENUTA, DESC_ALIQUOTA, PERC_ALIQUOTA, DT_INIZIO_VALIDITA)
 Values
   (1, 4, 14, '45,00% (Altro reddito assimilato)', 45, TO_DATE('05/17/2011 00:00:00', 'MM/DD/YYYY HH24:MI:SS'));
Insert into PBANDI_D_ALIQUOTA_RITENUTA
   (ID_TIPO_RITENUTA, ID_TIPO_SOGG_RITENUTA, ID_ALIQUOTA_RITENUTA, DESC_ALIQUOTA, DT_INIZIO_VALIDITA)
 Values
   (2, 4, 15, 'a scaglioni (Altro reddito assimilato)', TO_DATE('05/17/2011 00:00:00', 'MM/DD/YYYY HH24:MI:SS'));
Insert into PBANDI_D_ALIQUOTA_RITENUTA
   (ID_TIPO_RITENUTA, ID_TIPO_SOGG_RITENUTA, ID_ALIQUOTA_RITENUTA, DESC_ALIQUOTA, PERC_ALIQUOTA, DT_INIZIO_VALIDITA)
 Values
   (1, 5, 16, '30,00% (Residente estero)', 30, TO_DATE('05/17/2011 00:00:00', 'MM/DD/YYYY HH24:MI:SS'));
COMMIT;

/*
*** fine bilancio
*/
SET DEFINE OFF;
Insert into PBANDI_D_RUOLO_ENTE_COMPETENZA
   (ID_RUOLO_ENTE_COMPETENZA, DESC_BREVE_RUOLO_ENTE, DESC_RUOLO_ENTE, DT_INIZIO_VALIDITA, FLAG_VISIBILE)
 Values
   (7, 'RESP. BILANCIO', 'Responsabile per il bilancio', TO_DATE('05/18/2011 00:00:00', 'MM/DD/YYYY HH24:MI:SS'), 'N');
COMMIT;

SET DEFINE OFF;
Insert into PBANDI_D_MODALITA_EROGAZIONE
   (ID_MODALITA_EROGAZIONE, DESC_BREVE_MODALITA_EROGAZIONE, DESC_MODALITA_EROGAZIONE, DT_INIZIO_VALIDITA)
 Values
   (6, 'BP', 'BONIFICO POSTALE', TO_DATE('05/18/2011 00:00:00', 'MM/DD/YYYY HH24:MI:SS'));
Insert into PBANDI_D_MODALITA_EROGAZIONE
   (ID_MODALITA_EROGAZIONE, DESC_BREVE_MODALITA_EROGAZIONE, DESC_MODALITA_EROGAZIONE, DT_INIZIO_VALIDITA)
 Values
   (7, 'CD', 'CONTO CORRENTE BANCARIO DEDICATO', TO_DATE('05/18/2011 00:00:00', 'MM/DD/YYYY HH24:MI:SS'));
Insert into PBANDI_D_MODALITA_EROGAZIONE
   (ID_MODALITA_EROGAZIONE, DESC_BREVE_MODALITA_EROGAZIONE, DESC_MODALITA_EROGAZIONE, DT_INIZIO_VALIDITA)
 Values
   (8, 'BD', 'BONIFICO POSTALE DEDICATO', TO_DATE('05/18/2011 00:00:00', 'MM/DD/YYYY HH24:MI:SS'));
Insert into PBANDI_D_MODALITA_EROGAZIONE
   (ID_MODALITA_EROGAZIONE, DESC_BREVE_MODALITA_EROGAZIONE, DESC_MODALITA_EROGAZIONE, DT_INIZIO_VALIDITA)
 Values
   (9, 'GF', 'GIRO FONDI', TO_DATE('05/18/2011 00:00:00', 'MM/DD/YYYY HH24:MI:SS'));
COMMIT;

update PBANDI_D_MODALITA_EROGAZIONE
set DESC_BREVE_MODALITA_EROGAZIONE = 'CB', 
    DESC_MODALITA_EROGAZIONE = 'CONTO CORRENTE BANCARIO'
where ID_MODALITA_EROGAZIONE = 1;	

update PBANDI_D_MODALITA_EROGAZIONE
set DESC_BREVE_MODALITA_EROGAZIONE = 'AC', 
    DESC_MODALITA_EROGAZIONE = 'ASSEGNO CIRCOLARE'
where ID_MODALITA_EROGAZIONE = 4;

delete PBANDI_D_MODALITA_EROGAZIONE
where ID_MODALITA_EROGAZIONE = 2;

INSERT INTO PBANDI_T_ENTE_COMPETENZA 
(ID_ENTE_COMPETENZA, DESC_ENTE, DT_INIZIO_VALIDITA, ID_TIPO_ENTE_COMPETENZA, ID_INDIRIZZO, 
 ID_UTENTE_INS, COD_CIPE, ID_ATTIVITA_ATECO, ID_FORMA_GIURIDICA, DESC_BREVE_ENTE, 
 CODICE_FISCALE_ENTE) 
VALUES 
(seq_PBANDI_T_ENTE_COMPETENZA.nextval,'Difensore civico',to_date('01/01/2009','dd/mm/yyyy'),1,1,
 0,8937,2747,42,'SB0300','80087670016-SB0300');
 
INSERT INTO PBANDI_D_SETTORE_ENTE (ID_SETTORE_ENTE, DESC_BREVE_SETTORE, DESC_SETTORE,ID_ENTE_COMPETENZA,DT_INIZIO_VALIDITA) VALUES (1  ,'00','SEGRETERIA DIREZIONE DB05',                     			 (select id_ente_competenza from pbandi_t_ente_competenza where desc_breve_ente = 'DB0500'),TO_DATE('01/01/2009','DD/MM/YYYY'));    			
INSERT INTO PBANDI_D_SETTORE_ENTE (ID_SETTORE_ENTE, DESC_BREVE_SETTORE, DESC_SETTORE,ID_ENTE_COMPETENZA,DT_INIZIO_VALIDITA) VALUES (2  ,'01','RAPPORTI CON LE AUTONOMIE LOCALI',                     (select id_ente_competenza from pbandi_t_ente_competenza where desc_breve_ente = 'DB0500'),TO_DATE('01/01/2009','DD/MM/YYYY'));
INSERT INTO PBANDI_D_SETTORE_ENTE (ID_SETTORE_ENTE, DESC_BREVE_SETTORE, DESC_SETTORE,ID_ENTE_COMPETENZA,DT_INIZIO_VALIDITA) VALUES (3  ,'02','ATTIVITA'' LEG. E PER QUALITA'' DELLA NORMAZIONE',     (select id_ente_competenza from pbandi_t_ente_competenza where desc_breve_ente = 'DB0500'),TO_DATE('01/01/2009','DD/MM/YYYY'));
INSERT INTO PBANDI_D_SETTORE_ENTE (ID_SETTORE_ENTE, DESC_BREVE_SETTORE, DESC_SETTORE,ID_ENTE_COMPETENZA,DT_INIZIO_VALIDITA) VALUES (4  ,'03','SEGRETERIA DELLA GIUNTA REGIONALE',                    (select id_ente_competenza from pbandi_t_ente_competenza where desc_breve_ente = 'DB0500'),TO_DATE('01/01/2009','DD/MM/YYYY'));
INSERT INTO PBANDI_D_SETTORE_ENTE (ID_SETTORE_ENTE, DESC_BREVE_SETTORE, DESC_SETTORE,ID_ENTE_COMPETENZA,DT_INIZIO_VALIDITA) VALUES (5  ,'04','GEST. SISTEMA DOCUMENTALE E DEL BOLLETTINO UFF',       (select id_ente_competenza from pbandi_t_ente_competenza where desc_breve_ente = 'DB0500'),TO_DATE('01/01/2009','DD/MM/YYYY'));
INSERT INTO PBANDI_D_SETTORE_ENTE (ID_SETTORE_ENTE, DESC_BREVE_SETTORE, DESC_SETTORE,ID_ENTE_COMPETENZA,DT_INIZIO_VALIDITA) VALUES (6  ,'05','AVVOCATURA',                                           (select id_ente_competenza from pbandi_t_ente_competenza where desc_breve_ente = 'DB0500'),TO_DATE('01/01/2009','DD/MM/YYYY'));
INSERT INTO PBANDI_D_SETTORE_ENTE (ID_SETTORE_ENTE, DESC_BREVE_SETTORE, DESC_SETTORE,ID_ENTE_COMPETENZA,DT_INIZIO_VALIDITA) VALUES (7  ,'98','COLLABORAZIONI DIREZIONE DB05',                        (select id_ente_competenza from pbandi_t_ente_competenza where desc_breve_ente = 'DB0500'),TO_DATE('01/01/2009','DD/MM/YYYY'));
INSERT INTO PBANDI_D_SETTORE_ENTE (ID_SETTORE_ENTE, DESC_BREVE_SETTORE, DESC_SETTORE,ID_ENTE_COMPETENZA,DT_INIZIO_VALIDITA) VALUES (8  ,'00','SEGRETERIA DIREZIONE DB06',                            (select id_ente_competenza from pbandi_t_ente_competenza where desc_breve_ente = 'DB0600'),TO_DATE('01/01/2009','DD/MM/YYYY'));
INSERT INTO PBANDI_D_SETTORE_ENTE (ID_SETTORE_ENTE, DESC_BREVE_SETTORE, DESC_SETTORE,ID_ENTE_COMPETENZA,DT_INIZIO_VALIDITA) VALUES (9  ,'01','UFFICIO STAMPA DELLA GIUNTA REGIONALE',                (select id_ente_competenza from pbandi_t_ente_competenza where desc_breve_ente = 'DB0600'),TO_DATE('01/01/2009','DD/MM/YYYY'));
INSERT INTO PBANDI_D_SETTORE_ENTE (ID_SETTORE_ENTE, DESC_BREVE_SETTORE, DESC_SETTORE,ID_ENTE_COMPETENZA,DT_INIZIO_VALIDITA) VALUES (10 ,'02','IMMAGINE E COMUNICAZIONE',                             (select id_ente_competenza from pbandi_t_ente_competenza where desc_breve_ente = 'DB0600'),TO_DATE('01/01/2009','DD/MM/YYYY'));
INSERT INTO PBANDI_D_SETTORE_ENTE (ID_SETTORE_ENTE, DESC_BREVE_SETTORE, DESC_SETTORE,ID_ENTE_COMPETENZA,DT_INIZIO_VALIDITA) VALUES (11 ,'03','UFFICIO RELAZIONI CON IL PUBBLICO',                    (select id_ente_competenza from pbandi_t_ente_competenza where desc_breve_ente = 'DB0600'),TO_DATE('01/01/2009','DD/MM/YYYY'));
INSERT INTO PBANDI_D_SETTORE_ENTE (ID_SETTORE_ENTE, DESC_BREVE_SETTORE, DESC_SETTORE,ID_ENTE_COMPETENZA,DT_INIZIO_VALIDITA) VALUES (12 ,'04','NUOVI MEDIA',                                          (select id_ente_competenza from pbandi_t_ente_competenza where desc_breve_ente = 'DB0600'),TO_DATE('01/01/2009','DD/MM/YYYY'));
INSERT INTO PBANDI_D_SETTORE_ENTE (ID_SETTORE_ENTE, DESC_BREVE_SETTORE, DESC_SETTORE,ID_ENTE_COMPETENZA,DT_INIZIO_VALIDITA) VALUES (13 ,'98','COLLABORAZIONI DIREZIONE DB06',                        (select id_ente_competenza from pbandi_t_ente_competenza where desc_breve_ente = 'DB0600'),TO_DATE('01/01/2009','DD/MM/YYYY'));
INSERT INTO PBANDI_D_SETTORE_ENTE (ID_SETTORE_ENTE, DESC_BREVE_SETTORE, DESC_SETTORE,ID_ENTE_COMPETENZA,DT_INIZIO_VALIDITA) VALUES (14 ,'00','SEGRETERIA DIREZIONE DB07',                            (select id_ente_competenza from pbandi_t_ente_competenza where desc_breve_ente = 'DB0700'),TO_DATE('01/01/2009','DD/MM/YYYY'));
INSERT INTO PBANDI_D_SETTORE_ENTE (ID_SETTORE_ENTE, DESC_BREVE_SETTORE, DESC_SETTORE,ID_ENTE_COMPETENZA,DT_INIZIO_VALIDITA) VALUES (15 ,'01','ORGANIZZAZIONE',                                       (select id_ente_competenza from pbandi_t_ente_competenza where desc_breve_ente = 'DB0700'),TO_DATE('01/01/2009','DD/MM/YYYY'));
INSERT INTO PBANDI_D_SETTORE_ENTE (ID_SETTORE_ENTE, DESC_BREVE_SETTORE, DESC_SETTORE,ID_ENTE_COMPETENZA,DT_INIZIO_VALIDITA) VALUES (16 ,'02','FORMAZIONE DEL PERSONALE',                             (select id_ente_competenza from pbandi_t_ente_competenza where desc_breve_ente = 'DB0700'),TO_DATE('01/01/2009','DD/MM/YYYY'));
INSERT INTO PBANDI_D_SETTORE_ENTE (ID_SETTORE_ENTE, DESC_BREVE_SETTORE, DESC_SETTORE,ID_ENTE_COMPETENZA,DT_INIZIO_VALIDITA) VALUES (17 ,'03','RECLUTAMENTO, MOBILITA'' E GEST. DELL''ORGANICO',      (select id_ente_competenza from pbandi_t_ente_competenza where desc_breve_ente = 'DB0700'),TO_DATE('01/01/2009','DD/MM/YYYY'));
INSERT INTO PBANDI_D_SETTORE_ENTE (ID_SETTORE_ENTE, DESC_BREVE_SETTORE, DESC_SETTORE,ID_ENTE_COMPETENZA,DT_INIZIO_VALIDITA) VALUES (18 ,'04','STATO GIURIDICO ED ORDINAMENTO DEL PERSONALE',         (select id_ente_competenza from pbandi_t_ente_competenza where desc_breve_ente = 'DB0700'),TO_DATE('01/01/2009','DD/MM/YYYY'));
INSERT INTO PBANDI_D_SETTORE_ENTE (ID_SETTORE_ENTE, DESC_BREVE_SETTORE, DESC_SETTORE,ID_ENTE_COMPETENZA,DT_INIZIO_VALIDITA) VALUES (19 ,'05','TRATT ECONOMICO,PENS., PREV. ED ASS. PERSONALE',       (select id_ente_competenza from pbandi_t_ente_competenza where desc_breve_ente = 'DB0700'),TO_DATE('01/01/2009','DD/MM/YYYY'));
INSERT INTO PBANDI_D_SETTORE_ENTE (ID_SETTORE_ENTE, DESC_BREVE_SETTORE, DESC_SETTORE,ID_ENTE_COMPETENZA,DT_INIZIO_VALIDITA) VALUES (20 ,'06','ECONOMATO,CASSA ECONOMALE E BENI MOBILI',              (select id_ente_competenza from pbandi_t_ente_competenza where desc_breve_ente = 'DB0700'),TO_DATE('01/01/2009','DD/MM/YYYY'));
INSERT INTO PBANDI_D_SETTORE_ENTE (ID_SETTORE_ENTE, DESC_BREVE_SETTORE, DESC_SETTORE,ID_ENTE_COMPETENZA,DT_INIZIO_VALIDITA) VALUES (21 ,'07','PATRIMONIO IMMOBILIARE',                               (select id_ente_competenza from pbandi_t_ente_competenza where desc_breve_ente = 'DB0700'),TO_DATE('01/01/2009','DD/MM/YYYY'));
INSERT INTO PBANDI_D_SETTORE_ENTE (ID_SETTORE_ENTE, DESC_BREVE_SETTORE, DESC_SETTORE,ID_ENTE_COMPETENZA,DT_INIZIO_VALIDITA) VALUES (22 ,'08','TECNICO E SICUREZZA AMBIENTI DI LAVORO',               (select id_ente_competenza from pbandi_t_ente_competenza where desc_breve_ente = 'DB0700'),TO_DATE('01/01/2009','DD/MM/YYYY'));
INSERT INTO PBANDI_D_SETTORE_ENTE (ID_SETTORE_ENTE, DESC_BREVE_SETTORE, DESC_SETTORE,ID_ENTE_COMPETENZA,DT_INIZIO_VALIDITA) VALUES (23 ,'09','AUTOCENTRO E SERVIZI GENERALI OPERATIVI',              (select id_ente_competenza from pbandi_t_ente_competenza where desc_breve_ente = 'DB0700'),TO_DATE('01/01/2009','DD/MM/YYYY'));
INSERT INTO PBANDI_D_SETTORE_ENTE (ID_SETTORE_ENTE, DESC_BREVE_SETTORE, DESC_SETTORE,ID_ENTE_COMPETENZA,DT_INIZIO_VALIDITA) VALUES (24 ,'10','ATT NEG E CONTRAT, ESPROPRI - USI CIVICI',             (select id_ente_competenza from pbandi_t_ente_competenza where desc_breve_ente = 'DB0700'),TO_DATE('01/01/2009','DD/MM/YYYY'));
INSERT INTO PBANDI_D_SETTORE_ENTE (ID_SETTORE_ENTE, DESC_BREVE_SETTORE, DESC_SETTORE,ID_ENTE_COMPETENZA,DT_INIZIO_VALIDITA) VALUES (25 ,'98','COLLABORAZIONI DIREZIONE DB07',                        (select id_ente_competenza from pbandi_t_ente_competenza where desc_breve_ente = 'DB0700'),TO_DATE('01/01/2009','DD/MM/YYYY'));
INSERT INTO PBANDI_D_SETTORE_ENTE (ID_SETTORE_ENTE, DESC_BREVE_SETTORE, DESC_SETTORE,ID_ENTE_COMPETENZA,DT_INIZIO_VALIDITA) VALUES (26 ,'00','SEGRETERIA DIREZIONE DB08',                            (select id_ente_competenza from pbandi_t_ente_competenza where desc_breve_ente = 'DB0800'),TO_DATE('01/01/2009','DD/MM/YYYY'));
INSERT INTO PBANDI_D_SETTORE_ENTE (ID_SETTORE_ENTE, DESC_BREVE_SETTORE, DESC_SETTORE,ID_ENTE_COMPETENZA,DT_INIZIO_VALIDITA) VALUES (27 ,'01','PROGRAM STRATEGICA E VALUTAZIONE POLITICHE REG',       (select id_ente_competenza from pbandi_t_ente_competenza where desc_breve_ente = 'DB0800'),TO_DATE('01/01/2009','DD/MM/YYYY'));
INSERT INTO PBANDI_D_SETTORE_ENTE (ID_SETTORE_ENTE, DESC_BREVE_SETTORE, DESC_SETTORE,ID_ENTE_COMPETENZA,DT_INIZIO_VALIDITA) VALUES (28 ,'02','PROGRAM NEGOZIATA',                                    (select id_ente_competenza from pbandi_t_ente_competenza where desc_breve_ente = 'DB0800'),TO_DATE('01/01/2009','DD/MM/YYYY'));
INSERT INTO PBANDI_D_SETTORE_ENTE (ID_SETTORE_ENTE, DESC_BREVE_SETTORE, DESC_SETTORE,ID_ENTE_COMPETENZA,DT_INIZIO_VALIDITA) VALUES (29 ,'03','PROGRAM ED ATTUAZIONE INTERVENTI EDILIZIA SOC',        (select id_ente_competenza from pbandi_t_ente_competenza where desc_breve_ente = 'DB0800'),TO_DATE('01/01/2009','DD/MM/YYYY'));
INSERT INTO PBANDI_D_SETTORE_ENTE (ID_SETTORE_ENTE, DESC_BREVE_SETTORE, DESC_SETTORE,ID_ENTE_COMPETENZA,DT_INIZIO_VALIDITA) VALUES (30 ,'04','PIANIFICAZIONE TERRITORIALE E PAESAGGISTICA',          (select id_ente_competenza from pbandi_t_ente_competenza where desc_breve_ente = 'DB0800'),TO_DATE('01/01/2009','DD/MM/YYYY'));
INSERT INTO PBANDI_D_SETTORE_ENTE (ID_SETTORE_ENTE, DESC_BREVE_SETTORE, DESC_SETTORE,ID_ENTE_COMPETENZA,DT_INIZIO_VALIDITA) VALUES (31 ,'05','VALUTAZIONE DI PIANI E PROGRAMMI',                     (select id_ente_competenza from pbandi_t_ente_competenza where desc_breve_ente = 'DB0800'),TO_DATE('01/01/2009','DD/MM/YYYY'));
INSERT INTO PBANDI_D_SETTORE_ENTE (ID_SETTORE_ENTE, DESC_BREVE_SETTORE, DESC_SETTORE,ID_ENTE_COMPETENZA,DT_INIZIO_VALIDITA) VALUES (32 ,'06','COPIANIFICAZIONE URBANISTICA AREA METROPOLITAN',       (select id_ente_competenza from pbandi_t_ente_competenza where desc_breve_ente = 'DB0800'),TO_DATE('01/01/2009','DD/MM/YYYY'));
INSERT INTO PBANDI_D_SETTORE_ENTE (ID_SETTORE_ENTE, DESC_BREVE_SETTORE, DESC_SETTORE,ID_ENTE_COMPETENZA,DT_INIZIO_VALIDITA) VALUES (33 ,'07','COPIANIFICAZIONE URBANISTICA PROV DI AL',              (select id_ente_competenza from pbandi_t_ente_competenza where desc_breve_ente = 'DB0800'),TO_DATE('01/01/2009','DD/MM/YYYY'));
INSERT INTO PBANDI_D_SETTORE_ENTE (ID_SETTORE_ENTE, DESC_BREVE_SETTORE, DESC_SETTORE,ID_ENTE_COMPETENZA,DT_INIZIO_VALIDITA) VALUES (34 ,'08','COPIANIFICAZIONE URBANISTICA PROV DI AT',              (select id_ente_competenza from pbandi_t_ente_competenza where desc_breve_ente = 'DB0800'),TO_DATE('01/01/2009','DD/MM/YYYY'));
INSERT INTO PBANDI_D_SETTORE_ENTE (ID_SETTORE_ENTE, DESC_BREVE_SETTORE, DESC_SETTORE,ID_ENTE_COMPETENZA,DT_INIZIO_VALIDITA) VALUES (35 ,'09','COPIANIFICAZIONE URBANISTICA PROV DI TO',              (select id_ente_competenza from pbandi_t_ente_competenza where desc_breve_ente = 'DB0800'),TO_DATE('01/01/2009','DD/MM/YYYY'));
INSERT INTO PBANDI_D_SETTORE_ENTE (ID_SETTORE_ENTE, DESC_BREVE_SETTORE, DESC_SETTORE,ID_ENTE_COMPETENZA,DT_INIZIO_VALIDITA) VALUES (36 ,'10','COPIANIFICAZIONE URBANISTICA PROV DI NO',              (select id_ente_competenza from pbandi_t_ente_competenza where desc_breve_ente = 'DB0800'),TO_DATE('01/01/2009','DD/MM/YYYY'));
INSERT INTO PBANDI_D_SETTORE_ENTE (ID_SETTORE_ENTE, DESC_BREVE_SETTORE, DESC_SETTORE,ID_ENTE_COMPETENZA,DT_INIZIO_VALIDITA) VALUES (37 ,'11','COPIANIFICAZIONE URBANISTICA PROV DI VERBANIA',        (select id_ente_competenza from pbandi_t_ente_competenza where desc_breve_ente = 'DB0800'),TO_DATE('01/01/2009','DD/MM/YYYY'));
INSERT INTO PBANDI_D_SETTORE_ENTE (ID_SETTORE_ENTE, DESC_BREVE_SETTORE, DESC_SETTORE,ID_ENTE_COMPETENZA,DT_INIZIO_VALIDITA) VALUES (38 ,'12','COPIANIFICAZIONE URBANISTICA PROV DI CN',              (select id_ente_competenza from pbandi_t_ente_competenza where desc_breve_ente = 'DB0800'),TO_DATE('01/01/2009','DD/MM/YYYY'));
INSERT INTO PBANDI_D_SETTORE_ENTE (ID_SETTORE_ENTE, DESC_BREVE_SETTORE, DESC_SETTORE,ID_ENTE_COMPETENZA,DT_INIZIO_VALIDITA) VALUES (39 ,'13','COPIANIFICAZIONE URBANISTICA PROV DI BI E VC',         (select id_ente_competenza from pbandi_t_ente_competenza where desc_breve_ente = 'DB0800'),TO_DATE('01/01/2009','DD/MM/YYYY'));
INSERT INTO PBANDI_D_SETTORE_ENTE (ID_SETTORE_ENTE, DESC_BREVE_SETTORE, DESC_SETTORE,ID_ENTE_COMPETENZA,DT_INIZIO_VALIDITA) VALUES (40 ,'14','ATT DI GEST E VALORIZZA DEL PAESAGGIO',                (select id_ente_competenza from pbandi_t_ente_competenza where desc_breve_ente = 'DB0800'),TO_DATE('01/01/2009','DD/MM/YYYY'));
INSERT INTO PBANDI_D_SETTORE_ENTE (ID_SETTORE_ENTE, DESC_BREVE_SETTORE, DESC_SETTORE,ID_ENTE_COMPETENZA,DT_INIZIO_VALIDITA) VALUES (41 ,'15','STATISTICA E STUDI',                                   (select id_ente_competenza from pbandi_t_ente_competenza where desc_breve_ente = 'DB0800'),TO_DATE('01/01/2009','DD/MM/YYYY'));
INSERT INTO PBANDI_D_SETTORE_ENTE (ID_SETTORE_ENTE, DESC_BREVE_SETTORE, DESC_SETTORE,ID_ENTE_COMPETENZA,DT_INIZIO_VALIDITA) VALUES (42 ,'16','CARTOGRAFIA E SISTEMA INFORMATIVO TERRITORIALE',       (select id_ente_competenza from pbandi_t_ente_competenza where desc_breve_ente = 'DB0800'),TO_DATE('01/01/2009','DD/MM/YYYY'));
INSERT INTO PBANDI_D_SETTORE_ENTE (ID_SETTORE_ENTE, DESC_BREVE_SETTORE, DESC_SETTORE,ID_ENTE_COMPETENZA,DT_INIZIO_VALIDITA) VALUES (43 ,'17','ATT DI SUPP AL PROC DI DELEGA PER GOV DEL TERR',       (select id_ente_competenza from pbandi_t_ente_competenza where desc_breve_ente = 'DB0800'),TO_DATE('01/01/2009','DD/MM/YYYY'));
INSERT INTO PBANDI_D_SETTORE_ENTE (ID_SETTORE_ENTE, DESC_BREVE_SETTORE, DESC_SETTORE,ID_ENTE_COMPETENZA,DT_INIZIO_VALIDITA) VALUES (44 ,'18','ATTIVITA'' GIURIDICO LEGISLATIVA',                     (select id_ente_competenza from pbandi_t_ente_competenza where desc_breve_ente = 'DB0800'),TO_DATE('01/01/2009','DD/MM/YYYY'));
INSERT INTO PBANDI_D_SETTORE_ENTE (ID_SETTORE_ENTE, DESC_BREVE_SETTORE, DESC_SETTORE,ID_ENTE_COMPETENZA,DT_INIZIO_VALIDITA) VALUES (45 ,'19','ATT AMM.  E FINANZ. PER GOVERNO DEL TERRITORIO',       (select id_ente_competenza from pbandi_t_ente_competenza where desc_breve_ente = 'DB0800'),TO_DATE('01/01/2009','DD/MM/YYYY'));
INSERT INTO PBANDI_D_SETTORE_ENTE (ID_SETTORE_ENTE, DESC_BREVE_SETTORE, DESC_SETTORE,ID_ENTE_COMPETENZA,DT_INIZIO_VALIDITA) VALUES (46 ,'20','DISCIPLINA VIG IN MATERIA DI EDIL SOCIALE',            (select id_ente_competenza from pbandi_t_ente_competenza where desc_breve_ente = 'DB0800'),TO_DATE('01/01/2009','DD/MM/YYYY'));
INSERT INTO PBANDI_D_SETTORE_ENTE (ID_SETTORE_ENTE, DESC_BREVE_SETTORE, DESC_SETTORE,ID_ENTE_COMPETENZA,DT_INIZIO_VALIDITA) VALUES (47 ,'21','PROGRAMMAZIONE OPERATIVA',                             (select id_ente_competenza from pbandi_t_ente_competenza where desc_breve_ente = 'DB0800'),TO_DATE('01/01/2009','DD/MM/YYYY'));
INSERT INTO PBANDI_D_SETTORE_ENTE (ID_SETTORE_ENTE, DESC_BREVE_SETTORE, DESC_SETTORE,ID_ENTE_COMPETENZA,DT_INIZIO_VALIDITA) VALUES (48 ,'98','COLLABORAZIONI DIREZIONE DB08',                        (select id_ente_competenza from pbandi_t_ente_competenza where desc_breve_ente = 'DB0800'),TO_DATE('01/01/2009','DD/MM/YYYY'));
INSERT INTO PBANDI_D_SETTORE_ENTE (ID_SETTORE_ENTE, DESC_BREVE_SETTORE, DESC_SETTORE,ID_ENTE_COMPETENZA,DT_INIZIO_VALIDITA) VALUES (49 ,'00','SEGRETERIA DIREZIONE DB09',                            (select id_ente_competenza from pbandi_t_ente_competenza where desc_breve_ente = 'DB0900'),TO_DATE('01/01/2009','DD/MM/YYYY'));
INSERT INTO PBANDI_D_SETTORE_ENTE (ID_SETTORE_ENTE, DESC_BREVE_SETTORE, DESC_SETTORE,ID_ENTE_COMPETENZA,DT_INIZIO_VALIDITA) VALUES (50 ,'01','BILANCIO',                                             (select id_ente_competenza from pbandi_t_ente_competenza where desc_breve_ente = 'DB0900'),TO_DATE('01/01/2009','DD/MM/YYYY'));
INSERT INTO PBANDI_D_SETTORE_ENTE (ID_SETTORE_ENTE, DESC_BREVE_SETTORE, DESC_SETTORE,ID_ENTE_COMPETENZA,DT_INIZIO_VALIDITA) VALUES (51 ,'02','RAGIONERIA',                                           (select id_ente_competenza from pbandi_t_ente_competenza where desc_breve_ente = 'DB0900'),TO_DATE('01/01/2009','DD/MM/YYYY'));
INSERT INTO PBANDI_D_SETTORE_ENTE (ID_SETTORE_ENTE, DESC_BREVE_SETTORE, DESC_SETTORE,ID_ENTE_COMPETENZA,DT_INIZIO_VALIDITA) VALUES (52 ,'03','POLITICHE FISCALI',                                    (select id_ente_competenza from pbandi_t_ente_competenza where desc_breve_ente = 'DB0900'),TO_DATE('01/01/2009','DD/MM/YYYY'));
INSERT INTO PBANDI_D_SETTORE_ENTE (ID_SETTORE_ENTE, DESC_BREVE_SETTORE, DESC_SETTORE,ID_ENTE_COMPETENZA,DT_INIZIO_VALIDITA) VALUES (53 ,'04','ACQUISIZIONE RISORSE FINANZIARIE',                     (select id_ente_competenza from pbandi_t_ente_competenza where desc_breve_ente = 'DB0900'),TO_DATE('01/01/2009','DD/MM/YYYY'));
INSERT INTO PBANDI_D_SETTORE_ENTE (ID_SETTORE_ENTE, DESC_BREVE_SETTORE, DESC_SETTORE,ID_ENTE_COMPETENZA,DT_INIZIO_VALIDITA) VALUES (54 ,'98','COLLABORAZIONI DIREZIONE DB09',                        (select id_ente_competenza from pbandi_t_ente_competenza where desc_breve_ente = 'DB0900'),TO_DATE('01/01/2009','DD/MM/YYYY'));
INSERT INTO PBANDI_D_SETTORE_ENTE (ID_SETTORE_ENTE, DESC_BREVE_SETTORE, DESC_SETTORE,ID_ENTE_COMPETENZA,DT_INIZIO_VALIDITA) VALUES (55 ,'10','SPESE PER IL CONSIGLIO REGIONALE',                     (select id_ente_competenza from pbandi_t_ente_competenza where desc_breve_ente = 'DB0900'),TO_DATE('01/01/2009','DD/MM/YYYY'));
INSERT INTO PBANDI_D_SETTORE_ENTE (ID_SETTORE_ENTE, DESC_BREVE_SETTORE, DESC_SETTORE,ID_ENTE_COMPETENZA,DT_INIZIO_VALIDITA) VALUES (56 ,'00','SEGRETERIA DIREZIONE DB10',                            (select id_ente_competenza from pbandi_t_ente_competenza where desc_breve_ente = 'DB1000'),TO_DATE('01/01/2009','DD/MM/YYYY'));
INSERT INTO PBANDI_D_SETTORE_ENTE (ID_SETTORE_ENTE, DESC_BREVE_SETTORE, DESC_SETTORE,ID_ENTE_COMPETENZA,DT_INIZIO_VALIDITA) VALUES (57 ,'01','SOSTENIBILITA'', SALVAGUARDIA ED EDUC AMB',            (select id_ente_competenza from pbandi_t_ente_competenza where desc_breve_ente = 'DB1000'),TO_DATE('01/01/2009','DD/MM/YYYY'));
INSERT INTO PBANDI_D_SETTORE_ENTE (ID_SETTORE_ENTE, DESC_BREVE_SETTORE, DESC_SETTORE,ID_ENTE_COMPETENZA,DT_INIZIO_VALIDITA) VALUES (58 ,'02','COMPATIBILITA'' AMBIENTALE E PROC INTEGRATE',          (select id_ente_competenza from pbandi_t_ente_competenza where desc_breve_ente = 'DB1000'),TO_DATE('01/01/2009','DD/MM/YYYY'));
INSERT INTO PBANDI_D_SETTORE_ENTE (ID_SETTORE_ENTE, DESC_BREVE_SETTORE, DESC_SETTORE,ID_ENTE_COMPETENZA,DT_INIZIO_VALIDITA) VALUES (59 ,'03','GRANDI RISCHI AMB, DANNO AMB E BONIFICHE',             (select id_ente_competenza from pbandi_t_ente_competenza where desc_breve_ente = 'DB1000'),TO_DATE('01/01/2009','DD/MM/YYYY'));
INSERT INTO PBANDI_D_SETTORE_ENTE (ID_SETTORE_ENTE, DESC_BREVE_SETTORE, DESC_SETTORE,ID_ENTE_COMPETENZA,DT_INIZIO_VALIDITA) VALUES (60 ,'04','RIS ACUSTICO, ELETTROM ED ATMOSFERICO',                (select id_ente_competenza from pbandi_t_ente_competenza where desc_breve_ente = 'DB1000'),TO_DATE('01/01/2009','DD/MM/YYYY'));
INSERT INTO PBANDI_D_SETTORE_ENTE (ID_SETTORE_ENTE, DESC_BREVE_SETTORE, DESC_SETTORE,ID_ENTE_COMPETENZA,DT_INIZIO_VALIDITA) VALUES (61 ,'05','PROGRAMMAZIONE E GESTIONE RIFIUTI',                    (select id_ente_competenza from pbandi_t_ente_competenza where desc_breve_ente = 'DB1000'),TO_DATE('01/01/2009','DD/MM/YYYY'));
INSERT INTO PBANDI_D_SETTORE_ENTE (ID_SETTORE_ENTE, DESC_BREVE_SETTORE, DESC_SETTORE,ID_ENTE_COMPETENZA,DT_INIZIO_VALIDITA) VALUES (62 ,'07','EQ DEL BIL IDRICO ED USO SOST DELLE ACQUE',            (select id_ente_competenza from pbandi_t_ente_competenza where desc_breve_ente = 'DB1000'),TO_DATE('01/01/2009','DD/MM/YYYY'));
INSERT INTO PBANDI_D_SETTORE_ENTE (ID_SETTORE_ENTE, DESC_BREVE_SETTORE, DESC_SETTORE,ID_ENTE_COMPETENZA,DT_INIZIO_VALIDITA) VALUES (63 ,'08','TUTELA AMBIENTALE DELLE ACQUE',                        (select id_ente_competenza from pbandi_t_ente_competenza where desc_breve_ente = 'DB1000'),TO_DATE('01/01/2009','DD/MM/YYYY'));
INSERT INTO PBANDI_D_SETTORE_ENTE (ID_SETTORE_ENTE, DESC_BREVE_SETTORE, DESC_SETTORE,ID_ENTE_COMPETENZA,DT_INIZIO_VALIDITA) VALUES (64 ,'09','SERVIZIO IDRICO INTEGRATO',                            (select id_ente_competenza from pbandi_t_ente_competenza where desc_breve_ente = 'DB1000'),TO_DATE('01/01/2009','DD/MM/YYYY'));
INSERT INTO PBANDI_D_SETTORE_ENTE (ID_SETTORE_ENTE, DESC_BREVE_SETTORE, DESC_SETTORE,ID_ENTE_COMPETENZA,DT_INIZIO_VALIDITA) VALUES (65 ,'10','PIANIF E GEST DELLE AREE NATURALI PROTETTE',           (select id_ente_competenza from pbandi_t_ente_competenza where desc_breve_ente = 'DB1000'),TO_DATE('01/01/2009','DD/MM/YYYY'));
INSERT INTO PBANDI_D_SETTORE_ENTE (ID_SETTORE_ENTE, DESC_BREVE_SETTORE, DESC_SETTORE,ID_ENTE_COMPETENZA,DT_INIZIO_VALIDITA) VALUES (66 ,'11','ATTIVITA'' LEGISLATIVA ED AMM',                        (select id_ente_competenza from pbandi_t_ente_competenza where desc_breve_ente = 'DB1000'),TO_DATE('01/01/2009','DD/MM/YYYY'));
INSERT INTO PBANDI_D_SETTORE_ENTE (ID_SETTORE_ENTE, DESC_BREVE_SETTORE, DESC_SETTORE,ID_ENTE_COMPETENZA,DT_INIZIO_VALIDITA) VALUES (67 ,'98','COLLABORAZIONI DIREZIONE DB10',                        (select id_ente_competenza from pbandi_t_ente_competenza where desc_breve_ente = 'DB1000'),TO_DATE('01/01/2009','DD/MM/YYYY'));
INSERT INTO PBANDI_D_SETTORE_ENTE (ID_SETTORE_ENTE, DESC_BREVE_SETTORE, DESC_SETTORE,ID_ENTE_COMPETENZA,DT_INIZIO_VALIDITA) VALUES (68 ,'00','SEGRETERIA DIREZIONE DB11',                            (select id_ente_competenza from pbandi_t_ente_competenza where desc_breve_ente = 'DB1100'),TO_DATE('01/01/2009','DD/MM/YYYY'));
INSERT INTO PBANDI_D_SETTORE_ENTE (ID_SETTORE_ENTE, DESC_BREVE_SETTORE, DESC_SETTORE,ID_ENTE_COMPETENZA,DT_INIZIO_VALIDITA) VALUES (69 ,'01','PROGRAM IN MATERIA DI AGR E DI SVILUPPO RURALE',       (select id_ente_competenza from pbandi_t_ente_competenza where desc_breve_ente = 'DB1100'),TO_DATE('01/01/2009','DD/MM/YYYY'));
INSERT INTO PBANDI_D_SETTORE_ENTE (ID_SETTORE_ENTE, DESC_BREVE_SETTORE, DESC_SETTORE,ID_ENTE_COMPETENZA,DT_INIZIO_VALIDITA) VALUES (70 ,'02','TUTELA QUAL, VALORIZ E RINTRAC PROD AGR E ZOOT',       (select id_ente_competenza from pbandi_t_ente_competenza where desc_breve_ente = 'DB1100'),TO_DATE('01/01/2009','DD/MM/YYYY'));
INSERT INTO PBANDI_D_SETTORE_ENTE (ID_SETTORE_ENTE, DESC_BREVE_SETTORE, DESC_SETTORE,ID_ENTE_COMPETENZA,DT_INIZIO_VALIDITA) VALUES (71 ,'03','SVILUPPO AGRO-INDUSTRIALE E DISTRETTUALE',             (select id_ente_competenza from pbandi_t_ente_competenza where desc_breve_ente = 'DB1100'),TO_DATE('01/01/2009','DD/MM/YYYY'));
INSERT INTO PBANDI_D_SETTORE_ENTE (ID_SETTORE_ENTE, DESC_BREVE_SETTORE, DESC_SETTORE,ID_ENTE_COMPETENZA,DT_INIZIO_VALIDITA) VALUES (72 ,'04','SVILUPPO DELLE PRODUZIONI ZOOTECNICHE',                (select id_ente_competenza from pbandi_t_ente_competenza where desc_breve_ente = 'DB1100'),TO_DATE('01/01/2009','DD/MM/YYYY'));
INSERT INTO PBANDI_D_SETTORE_ENTE (ID_SETTORE_ENTE, DESC_BREVE_SETTORE, DESC_SETTORE,ID_ENTE_COMPETENZA,DT_INIZIO_VALIDITA) VALUES (73 ,'05','SVILUPPO DELLE PRODUZIONI VEGETALI',                   (select id_ente_competenza from pbandi_t_ente_competenza where desc_breve_ente = 'DB1100'),TO_DATE('01/01/2009','DD/MM/YYYY'));
INSERT INTO PBANDI_D_SETTORE_ENTE (ID_SETTORE_ENTE, DESC_BREVE_SETTORE, DESC_SETTORE,ID_ENTE_COMPETENZA,DT_INIZIO_VALIDITA) VALUES (74 ,'06','FITOSANITARIO REGIONALE',                              (select id_ente_competenza from pbandi_t_ente_competenza where desc_breve_ente = 'DB1100'),TO_DATE('01/01/2009','DD/MM/YYYY'));
INSERT INTO PBANDI_D_SETTORE_ENTE (ID_SETTORE_ENTE, DESC_BREVE_SETTORE, DESC_SETTORE,ID_ENTE_COMPETENZA,DT_INIZIO_VALIDITA) VALUES (75 ,'07','SERVIZI DI SVILUPPO AGRICOLO',                         (select id_ente_competenza from pbandi_t_ente_competenza where desc_breve_ente = 'DB1100'),TO_DATE('01/01/2009','DD/MM/YYYY'));
INSERT INTO PBANDI_D_SETTORE_ENTE (ID_SETTORE_ENTE, DESC_BREVE_SETTORE, DESC_SETTORE,ID_ENTE_COMPETENZA,DT_INIZIO_VALIDITA) VALUES (76 ,'08','TUTELA VALORIZZ TERR RURALE, IRRIG INFR RURALI',       (select id_ente_competenza from pbandi_t_ente_competenza where desc_breve_ente = 'DB1100'),TO_DATE('01/01/2009','DD/MM/YYYY'));
INSERT INTO PBANDI_D_SETTORE_ENTE (ID_SETTORE_ENTE, DESC_BREVE_SETTORE, DESC_SETTORE,ID_ENTE_COMPETENZA,DT_INIZIO_VALIDITA) VALUES (77 ,'09','CALAM NAT E GEST RISCHI IN AGR, USO TERR RURAL',       (select id_ente_competenza from pbandi_t_ente_competenza where desc_breve_ente = 'DB1100'),TO_DATE('01/01/2009','DD/MM/YYYY'));
INSERT INTO PBANDI_D_SETTORE_ENTE (ID_SETTORE_ENTE, DESC_BREVE_SETTORE, DESC_SETTORE,ID_ENTE_COMPETENZA,DT_INIZIO_VALIDITA) VALUES (78 ,'10','AGRICOLTURA SOSTENIBILE',                              (select id_ente_competenza from pbandi_t_ente_competenza where desc_breve_ente = 'DB1100'),TO_DATE('01/01/2009','DD/MM/YYYY'));
INSERT INTO PBANDI_D_SETTORE_ENTE (ID_SETTORE_ENTE, DESC_BREVE_SETTORE, DESC_SETTORE,ID_ENTE_COMPETENZA,DT_INIZIO_VALIDITA) VALUES (79 ,'11','TUT E GEST DELLA FAUNA SELVATICA E ACQUATICA',         (select id_ente_competenza from pbandi_t_ente_competenza where desc_breve_ente = 'DB1100'),TO_DATE('01/01/2009','DD/MM/YYYY'));
INSERT INTO PBANDI_D_SETTORE_ENTE (ID_SETTORE_ENTE, DESC_BREVE_SETTORE, DESC_SETTORE,ID_ENTE_COMPETENZA,DT_INIZIO_VALIDITA) VALUES (80 ,'12','VIGILANZA CONTROLLI IN AGRICOLTURA',                   (select id_ente_competenza from pbandi_t_ente_competenza where desc_breve_ente = 'DB1100'),TO_DATE('01/01/2009','DD/MM/YYYY'));
INSERT INTO PBANDI_D_SETTORE_ENTE (ID_SETTORE_ENTE, DESC_BREVE_SETTORE, DESC_SETTORE,ID_ENTE_COMPETENZA,DT_INIZIO_VALIDITA) VALUES (81 ,'98','COLLABORAZIONI DIREZIONE DB11',                        (select id_ente_competenza from pbandi_t_ente_competenza where desc_breve_ente = 'DB1100'),TO_DATE('01/01/2009','DD/MM/YYYY'));
INSERT INTO PBANDI_D_SETTORE_ENTE (ID_SETTORE_ENTE, DESC_BREVE_SETTORE, DESC_SETTORE,ID_ENTE_COMPETENZA,DT_INIZIO_VALIDITA) VALUES (82 ,'00','SEGRETERIA DIREZIONE DB12',                            (select id_ente_competenza from pbandi_t_ente_competenza where desc_breve_ente = 'DB1200'),TO_DATE('01/01/2009','DD/MM/YYYY'));
INSERT INTO PBANDI_D_SETTORE_ENTE (ID_SETTORE_ENTE, DESC_BREVE_SETTORE, DESC_SETTORE,ID_ENTE_COMPETENZA,DT_INIZIO_VALIDITA) VALUES (83 ,'01','PIANIFICAZIONE, PROGRAMM ED INFOMOBILITA''',           (select id_ente_competenza from pbandi_t_ente_competenza where desc_breve_ente = 'DB1200'),TO_DATE('01/01/2009','DD/MM/YYYY'));
INSERT INTO PBANDI_D_SETTORE_ENTE (ID_SETTORE_ENTE, DESC_BREVE_SETTORE, DESC_SETTORE,ID_ENTE_COMPETENZA,DT_INIZIO_VALIDITA) VALUES (84 ,'02','RETI FERROVIARIE ED IMPIANTI FISSI',                   (select id_ente_competenza from pbandi_t_ente_competenza where desc_breve_ente = 'DB1200'),TO_DATE('01/01/2009','DD/MM/YYYY'));
INSERT INTO PBANDI_D_SETTORE_ENTE (ID_SETTORE_ENTE, DESC_BREVE_SETTORE, DESC_SETTORE,ID_ENTE_COMPETENZA,DT_INIZIO_VALIDITA) VALUES (85 ,'03','VIABILITA'' E SICUREZZA STRADALE',                     (select id_ente_competenza from pbandi_t_ente_competenza where desc_breve_ente = 'DB1200'),TO_DATE('01/01/2009','DD/MM/YYYY'));
INSERT INTO PBANDI_D_SETTORE_ENTE (ID_SETTORE_ENTE, DESC_BREVE_SETTORE, DESC_SETTORE,ID_ENTE_COMPETENZA,DT_INIZIO_VALIDITA) VALUES (86 ,'04','SERVIZI DI TRASPORTO PUBBLICO',                        (select id_ente_competenza from pbandi_t_ente_competenza where desc_breve_ente = 'DB1200'),TO_DATE('01/01/2009','DD/MM/YYYY'));
INSERT INTO PBANDI_D_SETTORE_ENTE (ID_SETTORE_ENTE, DESC_BREVE_SETTORE, DESC_SETTORE,ID_ENTE_COMPETENZA,DT_INIZIO_VALIDITA) VALUES (87 ,'05','NAVIGAZIONE, TRASPORTO MERCI E LOGISTICA',             (select id_ente_competenza from pbandi_t_ente_competenza where desc_breve_ente = 'DB1200'),TO_DATE('01/01/2009','DD/MM/YYYY'));
INSERT INTO PBANDI_D_SETTORE_ENTE (ID_SETTORE_ENTE, DESC_BREVE_SETTORE, DESC_SETTORE,ID_ENTE_COMPETENZA,DT_INIZIO_VALIDITA) VALUES (88 ,'06','INFRASTRUTTURE STRATEGICHE',                           (select id_ente_competenza from pbandi_t_ente_competenza where desc_breve_ente = 'DB1200'),TO_DATE('01/01/2009','DD/MM/YYYY'));
INSERT INTO PBANDI_D_SETTORE_ENTE (ID_SETTORE_ENTE, DESC_BREVE_SETTORE, DESC_SETTORE,ID_ENTE_COMPETENZA,DT_INIZIO_VALIDITA) VALUES (89 ,'98','COLLABORAZIONI DIREZIONE DB12',                        (select id_ente_competenza from pbandi_t_ente_competenza where desc_breve_ente = 'DB1200'),TO_DATE('01/01/2009','DD/MM/YYYY'));
INSERT INTO PBANDI_D_SETTORE_ENTE (ID_SETTORE_ENTE, DESC_BREVE_SETTORE, DESC_SETTORE,ID_ENTE_COMPETENZA,DT_INIZIO_VALIDITA) VALUES (90 ,'00','SEGRETERIA DIREZIONE DB13',                            (select id_ente_competenza from pbandi_t_ente_competenza where desc_breve_ente = 'DB1300'),TO_DATE('01/01/2009','DD/MM/YYYY'));
INSERT INTO PBANDI_D_SETTORE_ENTE (ID_SETTORE_ENTE, DESC_BREVE_SETTORE, DESC_SETTORE,ID_ENTE_COMPETENZA,DT_INIZIO_VALIDITA) VALUES (91 ,'01','UNIVERSITA'' ED ISTITUTI DI RICERCA',                  (select id_ente_competenza from pbandi_t_ente_competenza where desc_breve_ente = 'DB1300'),TO_DATE('01/01/2009','DD/MM/YYYY'));
INSERT INTO PBANDI_D_SETTORE_ENTE (ID_SETTORE_ENTE, DESC_BREVE_SETTORE, DESC_SETTORE,ID_ENTE_COMPETENZA,DT_INIZIO_VALIDITA) VALUES (92 ,'02','SISTEMI INF E TECNOLOGIE DELLA COMUN',                 (select id_ente_competenza from pbandi_t_ente_competenza where desc_breve_ente = 'DB1300'),TO_DATE('01/01/2009','DD/MM/YYYY'));
INSERT INTO PBANDI_D_SETTORE_ENTE (ID_SETTORE_ENTE, DESC_BREVE_SETTORE, DESC_SETTORE,ID_ENTE_COMPETENZA,DT_INIZIO_VALIDITA) VALUES (93 ,'03','RICERCA INNOVAZIONE E COMPETITIVITA''',                (select id_ente_competenza from pbandi_t_ente_competenza where desc_breve_ente = 'DB1300'),TO_DATE('01/01/2009','DD/MM/YYYY'));
INSERT INTO PBANDI_D_SETTORE_ENTE (ID_SETTORE_ENTE, DESC_BREVE_SETTORE, DESC_SETTORE,ID_ENTE_COMPETENZA,DT_INIZIO_VALIDITA) VALUES (94 ,'98','COLLABORAZIONI DIREZIONE DB13',                        (select id_ente_competenza from pbandi_t_ente_competenza where desc_breve_ente = 'DB1300'),TO_DATE('01/01/2009','DD/MM/YYYY'));
INSERT INTO PBANDI_D_SETTORE_ENTE (ID_SETTORE_ENTE, DESC_BREVE_SETTORE, DESC_SETTORE,ID_ENTE_COMPETENZA,DT_INIZIO_VALIDITA) VALUES (95 ,'04','POLITICHE ENERGETICHE',                                (select id_ente_competenza from pbandi_t_ente_competenza where desc_breve_ente = 'DB1300'),TO_DATE('01/01/2009','DD/MM/YYYY'));
INSERT INTO PBANDI_D_SETTORE_ENTE (ID_SETTORE_ENTE, DESC_BREVE_SETTORE, DESC_SETTORE,ID_ENTE_COMPETENZA,DT_INIZIO_VALIDITA) VALUES (96 ,'00','SEGRETERIA DIREZIONE DB14',                            (select id_ente_competenza from pbandi_t_ente_competenza where desc_breve_ente = 'DB1400'),TO_DATE('01/01/2009','DD/MM/YYYY'));
INSERT INTO PBANDI_D_SETTORE_ENTE (ID_SETTORE_ENTE, DESC_BREVE_SETTORE, DESC_SETTORE,ID_ENTE_COMPETENZA,DT_INIZIO_VALIDITA) VALUES (97 ,'01','ATT DI SUPP TECNICO GIUR ED AMM',                      (select id_ente_competenza from pbandi_t_ente_competenza where desc_breve_ente = 'DB1400'),TO_DATE('01/01/2009','DD/MM/YYYY'));
INSERT INTO PBANDI_D_SETTORE_ENTE (ID_SETTORE_ENTE, DESC_BREVE_SETTORE, DESC_SETTORE,ID_ENTE_COMPETENZA,DT_INIZIO_VALIDITA) VALUES (98 ,'02','PIANIFICAZIONE DIFESA DEL SUOLO - DIGHE',              (select id_ente_competenza from pbandi_t_ente_competenza where desc_breve_ente = 'DB1400'),TO_DATE('01/01/2009','DD/MM/YYYY'));
INSERT INTO PBANDI_D_SETTORE_ENTE (ID_SETTORE_ENTE, DESC_BREVE_SETTORE, DESC_SETTORE,ID_ENTE_COMPETENZA,DT_INIZIO_VALIDITA) VALUES (99 ,'03','DIFESA ASSETTO IDROGEOLOGICO',                         (select id_ente_competenza from pbandi_t_ente_competenza where desc_breve_ente = 'DB1400'),TO_DATE('01/01/2009','DD/MM/YYYY'));
INSERT INTO PBANDI_D_SETTORE_ENTE (ID_SETTORE_ENTE, DESC_BREVE_SETTORE, DESC_SETTORE,ID_ENTE_COMPETENZA,DT_INIZIO_VALIDITA) VALUES (100,'04','INFRASTRUTTURE E PRONTO INTERVENTO',                   (select id_ente_competenza from pbandi_t_ente_competenza where desc_breve_ente = 'DB1400'),TO_DATE('01/01/2009','DD/MM/YYYY'));
INSERT INTO PBANDI_D_SETTORE_ENTE (ID_SETTORE_ENTE, DESC_BREVE_SETTORE, DESC_SETTORE,ID_ENTE_COMPETENZA,DT_INIZIO_VALIDITA) VALUES (101,'05','TECNICO OPERE PUBBLICHE',                              (select id_ente_competenza from pbandi_t_ente_competenza where desc_breve_ente = 'DB1400'),TO_DATE('01/01/2009','DD/MM/YYYY'));
INSERT INTO PBANDI_D_SETTORE_ENTE (ID_SETTORE_ENTE, DESC_BREVE_SETTORE, DESC_SETTORE,ID_ENTE_COMPETENZA,DT_INIZIO_VALIDITA) VALUES (102,'06','DEC OO.PP. E DIFESA ASSETT  IDROG - TO',               (select id_ente_competenza from pbandi_t_ente_competenza where desc_breve_ente = 'DB1400'),TO_DATE('01/01/2009','DD/MM/YYYY'));
INSERT INTO PBANDI_D_SETTORE_ENTE (ID_SETTORE_ENTE, DESC_BREVE_SETTORE, DESC_SETTORE,ID_ENTE_COMPETENZA,DT_INIZIO_VALIDITA) VALUES (103,'07','DEC OO.PP. E DIFESA ASSETT IDROG - AL',                (select id_ente_competenza from pbandi_t_ente_competenza where desc_breve_ente = 'DB1400'),TO_DATE('01/01/2009','DD/MM/YYYY'));
INSERT INTO PBANDI_D_SETTORE_ENTE (ID_SETTORE_ENTE, DESC_BREVE_SETTORE, DESC_SETTORE,ID_ENTE_COMPETENZA,DT_INIZIO_VALIDITA) VALUES (104,'08','DEC OO.PP. E DIFESA ASSETT IDROG - AT',                (select id_ente_competenza from pbandi_t_ente_competenza where desc_breve_ente = 'DB1400'),TO_DATE('01/01/2009','DD/MM/YYYY'));
INSERT INTO PBANDI_D_SETTORE_ENTE (ID_SETTORE_ENTE, DESC_BREVE_SETTORE, DESC_SETTORE,ID_ENTE_COMPETENZA,DT_INIZIO_VALIDITA) VALUES (105,'09','DEC OO.PP. E DIFESA ASSETT  IDROG - BI',               (select id_ente_competenza from pbandi_t_ente_competenza where desc_breve_ente = 'DB1400'),TO_DATE('01/01/2009','DD/MM/YYYY'));
INSERT INTO PBANDI_D_SETTORE_ENTE (ID_SETTORE_ENTE, DESC_BREVE_SETTORE, DESC_SETTORE,ID_ENTE_COMPETENZA,DT_INIZIO_VALIDITA) VALUES (106,'10','DEC OO.PP. E DIFESA ASSETT IDROG - CN',                (select id_ente_competenza from pbandi_t_ente_competenza where desc_breve_ente = 'DB1400'),TO_DATE('01/01/2009','DD/MM/YYYY'));
INSERT INTO PBANDI_D_SETTORE_ENTE (ID_SETTORE_ENTE, DESC_BREVE_SETTORE, DESC_SETTORE,ID_ENTE_COMPETENZA,DT_INIZIO_VALIDITA) VALUES (107,'11','DEC OO.PP. E DIFESA ASSETT IDROG - NO',                (select id_ente_competenza from pbandi_t_ente_competenza where desc_breve_ente = 'DB1400'),TO_DATE('01/01/2009','DD/MM/YYYY'));
INSERT INTO PBANDI_D_SETTORE_ENTE (ID_SETTORE_ENTE, DESC_BREVE_SETTORE, DESC_SETTORE,ID_ENTE_COMPETENZA,DT_INIZIO_VALIDITA) VALUES (108,'12','DEC OO.PP. E DIFESA ASSETT IDROG - VC',                (select id_ente_competenza from pbandi_t_ente_competenza where desc_breve_ente = 'DB1400'),TO_DATE('01/01/2009','DD/MM/YYYY'));
INSERT INTO PBANDI_D_SETTORE_ENTE (ID_SETTORE_ENTE, DESC_BREVE_SETTORE, DESC_SETTORE,ID_ENTE_COMPETENZA,DT_INIZIO_VALIDITA) VALUES (109,'13','DEC OO.PP. E DIFESA ASSETT IDROG - VB',                (select id_ente_competenza from pbandi_t_ente_competenza where desc_breve_ente = 'DB1400'),TO_DATE('01/01/2009','DD/MM/YYYY'));
INSERT INTO PBANDI_D_SETTORE_ENTE (ID_SETTORE_ENTE, DESC_BREVE_SETTORE, DESC_SETTORE,ID_ENTE_COMPETENZA,DT_INIZIO_VALIDITA) VALUES (110,'14','PROT CIVIL SIST.ANTI INCENDI BOSCHIVI (A.I.B.)',       (select id_ente_competenza from pbandi_t_ente_competenza where desc_breve_ente = 'DB1400'),TO_DATE('01/01/2009','DD/MM/YYYY'));
INSERT INTO PBANDI_D_SETTORE_ENTE (ID_SETTORE_ENTE, DESC_BREVE_SETTORE, DESC_SETTORE,ID_ENTE_COMPETENZA,DT_INIZIO_VALIDITA) VALUES (111,'15','POLITICHE COMUNITARIE',                                (select id_ente_competenza from pbandi_t_ente_competenza where desc_breve_ente = 'DB1400'),TO_DATE('01/01/2009','DD/MM/YYYY'));
INSERT INTO PBANDI_D_SETTORE_ENTE (ID_SETTORE_ENTE, DESC_BREVE_SETTORE, DESC_SETTORE,ID_ENTE_COMPETENZA,DT_INIZIO_VALIDITA) VALUES (112,'16','POLITICHE FORESTALI',                                  (select id_ente_competenza from pbandi_t_ente_competenza where desc_breve_ente = 'DB1400'),TO_DATE('01/01/2009','DD/MM/YYYY'));
INSERT INTO PBANDI_D_SETTORE_ENTE (ID_SETTORE_ENTE, DESC_BREVE_SETTORE, DESC_SETTORE,ID_ENTE_COMPETENZA,DT_INIZIO_VALIDITA) VALUES (113,'17','GEST PROP FOR REG E VIVAISTICHE (SEDE DI VC)',         (select id_ente_competenza from pbandi_t_ente_competenza where desc_breve_ente = 'DB1400'),TO_DATE('01/01/2009','DD/MM/YYYY'));
INSERT INTO PBANDI_D_SETTORE_ENTE (ID_SETTORE_ENTE, DESC_BREVE_SETTORE, DESC_SETTORE,ID_ENTE_COMPETENZA,DT_INIZIO_VALIDITA) VALUES (114,'18','IDRAULICA FOR E TUTELA DEL TERR',                      (select id_ente_competenza from pbandi_t_ente_competenza where desc_breve_ente = 'DB1400'),TO_DATE('01/01/2009','DD/MM/YYYY'));
INSERT INTO PBANDI_D_SETTORE_ENTE (ID_SETTORE_ENTE, DESC_BREVE_SETTORE, DESC_SETTORE,ID_ENTE_COMPETENZA,DT_INIZIO_VALIDITA) VALUES (115,'19','ECONOM MONTANA E COLLINARE E SERVIZI (SEDE CN)',       (select id_ente_competenza from pbandi_t_ente_competenza where desc_breve_ente = 'DB1400'),TO_DATE('01/01/2009','DD/MM/YYYY'));
INSERT INTO PBANDI_D_SETTORE_ENTE (ID_SETTORE_ENTE, DESC_BREVE_SETTORE, DESC_SETTORE,ID_ENTE_COMPETENZA,DT_INIZIO_VALIDITA) VALUES (116,'98','COLLABORAZIONI DIREZIONE DB14',                        (select id_ente_competenza from pbandi_t_ente_competenza where desc_breve_ente = 'DB1400'),TO_DATE('01/01/2009','DD/MM/YYYY'));
INSERT INTO PBANDI_D_SETTORE_ENTE (ID_SETTORE_ENTE, DESC_BREVE_SETTORE, DESC_SETTORE,ID_ENTE_COMPETENZA,DT_INIZIO_VALIDITA) VALUES (117,'00','SEGRETERIA DIREZIONE DB15',                            (select id_ente_competenza from pbandi_t_ente_competenza where desc_breve_ente = 'DB1500'),TO_DATE('01/01/2009','DD/MM/YYYY'));
INSERT INTO PBANDI_D_SETTORE_ENTE (ID_SETTORE_ENTE, DESC_BREVE_SETTORE, DESC_SETTORE,ID_ENTE_COMPETENZA,DT_INIZIO_VALIDITA) VALUES (118,'01','ATTIVITA'' FORMATIVA',                                 (select id_ente_competenza from pbandi_t_ente_competenza where desc_breve_ente = 'DB1500'),TO_DATE('01/01/2009','DD/MM/YYYY'));
INSERT INTO PBANDI_D_SETTORE_ENTE (ID_SETTORE_ENTE, DESC_BREVE_SETTORE, DESC_SETTORE,ID_ENTE_COMPETENZA,DT_INIZIO_VALIDITA) VALUES (119,'02','GEST AMM CONT REND E MONIT ATT FIN DALLA DIR',         (select id_ente_competenza from pbandi_t_ente_competenza where desc_breve_ente = 'DB1500'),TO_DATE('01/01/2009','DD/MM/YYYY'));
INSERT INTO PBANDI_D_SETTORE_ENTE (ID_SETTORE_ENTE, DESC_BREVE_SETTORE, DESC_SETTORE,ID_ENTE_COMPETENZA,DT_INIZIO_VALIDITA) VALUES (120,'03','STANDARD FORM - QUALITA'' ED ORIENT PROF',             (select id_ente_competenza from pbandi_t_ente_competenza where desc_breve_ente = 'DB1500'),TO_DATE('01/01/2009','DD/MM/YYYY'));
INSERT INTO PBANDI_D_SETTORE_ENTE (ID_SETTORE_ENTE, DESC_BREVE_SETTORE, DESC_SETTORE,ID_ENTE_COMPETENZA,DT_INIZIO_VALIDITA) VALUES (121,'04','POL PER L''OCCUP E PER LA PROM DELLO SVIL SOC',        (select id_ente_competenza from pbandi_t_ente_competenza where desc_breve_ente = 'DB1500'),TO_DATE('01/01/2009','DD/MM/YYYY'));
INSERT INTO PBANDI_D_SETTORE_ENTE (ID_SETTORE_ENTE, DESC_BREVE_SETTORE, DESC_SETTORE,ID_ENTE_COMPETENZA,DT_INIZIO_VALIDITA) VALUES (122,'05','PROMOZ E SVILUP IMPRENDITORIALITA'' E COOPERAZ',       (select id_ente_competenza from pbandi_t_ente_competenza where desc_breve_ente = 'DB1500'),TO_DATE('01/01/2009','DD/MM/YYYY'));
INSERT INTO PBANDI_D_SETTORE_ENTE (ID_SETTORE_ENTE, DESC_BREVE_SETTORE, DESC_SETTORE,ID_ENTE_COMPETENZA,DT_INIZIO_VALIDITA) VALUES (123,'06','OSSERV REG MERCATO LAVORO, CRISI AZ. E AMM SOC',       (select id_ente_competenza from pbandi_t_ente_competenza where desc_breve_ente = 'DB1500'),TO_DATE('01/01/2009','DD/MM/YYYY'));
INSERT INTO PBANDI_D_SETTORE_ENTE (ID_SETTORE_ENTE, DESC_BREVE_SETTORE, DESC_SETTORE,ID_ENTE_COMPETENZA,DT_INIZIO_VALIDITA) VALUES (124,'07','PROGRAMM DEL SISTEMA EDUCATIVO REGIONALE',             (select id_ente_competenza from pbandi_t_ente_competenza where desc_breve_ente = 'DB1500'),TO_DATE('01/01/2009','DD/MM/YYYY'));
INSERT INTO PBANDI_D_SETTORE_ENTE (ID_SETTORE_ENTE, DESC_BREVE_SETTORE, DESC_SETTORE,ID_ENTE_COMPETENZA,DT_INIZIO_VALIDITA) VALUES (125,'08','EDILIZIA SCOLASTICA ED OSSERVATORIO SU EDIL SCOLAS',   (select id_ente_competenza from pbandi_t_ente_competenza where desc_breve_ente = 'DB1500'),TO_DATE('01/01/2009','DD/MM/YYYY'));
INSERT INTO PBANDI_D_SETTORE_ENTE (ID_SETTORE_ENTE, DESC_BREVE_SETTORE, DESC_SETTORE,ID_ENTE_COMPETENZA,DT_INIZIO_VALIDITA) VALUES (126,'98','COLLABORAZIONI DIREZIONE DB15',                        (select id_ente_competenza from pbandi_t_ente_competenza where desc_breve_ente = 'DB1500'),TO_DATE('01/01/2009','DD/MM/YYYY'));
INSERT INTO PBANDI_D_SETTORE_ENTE (ID_SETTORE_ENTE, DESC_BREVE_SETTORE, DESC_SETTORE,ID_ENTE_COMPETENZA,DT_INIZIO_VALIDITA) VALUES (127,'00','SEGRETERIA DIREZIONE DB16',                            (select id_ente_competenza from pbandi_t_ente_competenza where desc_breve_ente = 'DB1600'),TO_DATE('01/01/2009','DD/MM/YYYY'));
INSERT INTO PBANDI_D_SETTORE_ENTE (ID_SETTORE_ENTE, DESC_BREVE_SETTORE, DESC_SETTORE,ID_ENTE_COMPETENZA,DT_INIZIO_VALIDITA) VALUES (128,'01','ATTIVITA'' DI RACCORDO E CONTROLLO DI GESTIONE',       (select id_ente_competenza from pbandi_t_ente_competenza where desc_breve_ente = 'DB1600'),TO_DATE('01/01/2009','DD/MM/YYYY'));
INSERT INTO PBANDI_D_SETTORE_ENTE (ID_SETTORE_ENTE, DESC_BREVE_SETTORE, DESC_SETTORE,ID_ENTE_COMPETENZA,DT_INIZIO_VALIDITA) VALUES (129,'02','INTERVENTI PER COMPETITIVITA'' DEL SISTEMA PROD',      (select id_ente_competenza from pbandi_t_ente_competenza where desc_breve_ente = 'DB1600'),TO_DATE('01/01/2009','DD/MM/YYYY'));
INSERT INTO PBANDI_D_SETTORE_ENTE (ID_SETTORE_ENTE, DESC_BREVE_SETTORE, DESC_SETTORE,ID_ENTE_COMPETENZA,DT_INIZIO_VALIDITA) VALUES (130,'03','PROMOZIONE SVILUPPO E DISCIPLINA DELL''ARTIGIAN',      (select id_ente_competenza from pbandi_t_ente_competenza where desc_breve_ente = 'DB1600'),TO_DATE('01/01/2009','DD/MM/YYYY'));
INSERT INTO PBANDI_D_SETTORE_ENTE (ID_SETTORE_ENTE, DESC_BREVE_SETTORE, DESC_SETTORE,ID_ENTE_COMPETENZA,DT_INIZIO_VALIDITA) VALUES (131,'04','RIQUALIFICAZIONE E SVILUPPO DEL TERRITORIO',           (select id_ente_competenza from pbandi_t_ente_competenza where desc_breve_ente = 'DB1600'),TO_DATE('01/01/2009','DD/MM/YYYY'));
INSERT INTO PBANDI_D_SETTORE_ENTE (ID_SETTORE_ENTE, DESC_BREVE_SETTORE, DESC_SETTORE,ID_ENTE_COMPETENZA,DT_INIZIO_VALIDITA) VALUES (132,'05','PIANIFICAZIONE E VERIFICA ATTIVITA'' ESTRATTIVA',      (select id_ente_competenza from pbandi_t_ente_competenza where desc_breve_ente = 'DB1600'),TO_DATE('01/01/2009','DD/MM/YYYY'));
INSERT INTO PBANDI_D_SETTORE_ENTE (ID_SETTORE_ENTE, DESC_BREVE_SETTORE, DESC_SETTORE,ID_ENTE_COMPETENZA,DT_INIZIO_VALIDITA) VALUES (133,'06','SISTEMA INFORMATIVO ATTIVITA'' PRODUTTIVE',            (select id_ente_competenza from pbandi_t_ente_competenza where desc_breve_ente = 'DB1600'),TO_DATE('01/01/2009','DD/MM/YYYY'));
INSERT INTO PBANDI_D_SETTORE_ENTE (ID_SETTORE_ENTE, DESC_BREVE_SETTORE, DESC_SETTORE,ID_ENTE_COMPETENZA,DT_INIZIO_VALIDITA) VALUES (134,'98','COLLABORAZIONI DIREZIONE DB16',                        (select id_ente_competenza from pbandi_t_ente_competenza where desc_breve_ente = 'DB1600'),TO_DATE('01/01/2009','DD/MM/YYYY'));
INSERT INTO PBANDI_D_SETTORE_ENTE (ID_SETTORE_ENTE, DESC_BREVE_SETTORE, DESC_SETTORE,ID_ENTE_COMPETENZA,DT_INIZIO_VALIDITA) VALUES (135,'00','SEGRETERIA DIREZIONE DB17',                            (select id_ente_competenza from pbandi_t_ente_competenza where desc_breve_ente = 'DB1700'),TO_DATE('01/01/2009','DD/MM/YYYY'));
INSERT INTO PBANDI_D_SETTORE_ENTE (ID_SETTORE_ENTE, DESC_BREVE_SETTORE, DESC_SETTORE,ID_ENTE_COMPETENZA,DT_INIZIO_VALIDITA) VALUES (136,'01','PROGRAMMAZIONE SETTORE TERZIARIO COMMERCIALE',         (select id_ente_competenza from pbandi_t_ente_competenza where desc_breve_ente = 'DB1700'),TO_DATE('01/01/2009','DD/MM/YYYY'));
INSERT INTO PBANDI_D_SETTORE_ENTE (ID_SETTORE_ENTE, DESC_BREVE_SETTORE, DESC_SETTORE,ID_ENTE_COMPETENZA,DT_INIZIO_VALIDITA) VALUES (137,'02','SVILUPPO ED INCENTIVAZIONE DEL COMMERCIO',             (select id_ente_competenza from pbandi_t_ente_competenza where desc_breve_ente = 'DB1700'),TO_DATE('01/01/2009','DD/MM/YYYY'));
INSERT INTO PBANDI_D_SETTORE_ENTE (ID_SETTORE_ENTE, DESC_BREVE_SETTORE, DESC_SETTORE,ID_ENTE_COMPETENZA,DT_INIZIO_VALIDITA) VALUES (138,'03','PROGR RETE DISTR CARBUR TUTELA DIF CONS UTENTI',       (select id_ente_competenza from pbandi_t_ente_competenza where desc_breve_ente = 'DB1700'),TO_DATE('01/01/2009','DD/MM/YYYY'));
INSERT INTO PBANDI_D_SETTORE_ENTE (ID_SETTORE_ENTE, DESC_BREVE_SETTORE, DESC_SETTORE,ID_ENTE_COMPETENZA,DT_INIZIO_VALIDITA) VALUES (139,'04','PROM COM SISTEMA PRODUT FIERE E CENTRI FIERIST',       (select id_ente_competenza from pbandi_t_ente_competenza where desc_breve_ente = 'DB1700'),TO_DATE('01/01/2009','DD/MM/YYYY'));
INSERT INTO PBANDI_D_SETTORE_ENTE (ID_SETTORE_ENTE, DESC_BREVE_SETTORE, DESC_SETTORE,ID_ENTE_COMPETENZA,DT_INIZIO_VALIDITA) VALUES (140,'05','SICUREZZA E POLIZIA LOCALE',                           (select id_ente_competenza from pbandi_t_ente_competenza where desc_breve_ente = 'DB1700'),TO_DATE('01/01/2009','DD/MM/YYYY'));
INSERT INTO PBANDI_D_SETTORE_ENTE (ID_SETTORE_ENTE, DESC_BREVE_SETTORE, DESC_SETTORE,ID_ENTE_COMPETENZA,DT_INIZIO_VALIDITA) VALUES (141,'98','COLLABORAZIONI DIREZIONE DB17',                        (select id_ente_competenza from pbandi_t_ente_competenza where desc_breve_ente = 'DB1700'),TO_DATE('01/01/2009','DD/MM/YYYY'));
INSERT INTO PBANDI_D_SETTORE_ENTE (ID_SETTORE_ENTE, DESC_BREVE_SETTORE, DESC_SETTORE,ID_ENTE_COMPETENZA,DT_INIZIO_VALIDITA) VALUES (142,'00','SEGRETERIA DIREZIONE DB18',                            (select id_ente_competenza from pbandi_t_ente_competenza where desc_breve_ente = 'DB1800'),TO_DATE('01/01/2009','DD/MM/YYYY'));
INSERT INTO PBANDI_D_SETTORE_ENTE (ID_SETTORE_ENTE, DESC_BREVE_SETTORE, DESC_SETTORE,ID_ENTE_COMPETENZA,DT_INIZIO_VALIDITA) VALUES (143,'01','BIBLIOTECHE - ARCHIVI ED ISTITUTI CULTURALI',          (select id_ente_competenza from pbandi_t_ente_competenza where desc_breve_ente = 'DB1800'),TO_DATE('01/01/2009','DD/MM/YYYY'));
INSERT INTO PBANDI_D_SETTORE_ENTE (ID_SETTORE_ENTE, DESC_BREVE_SETTORE, DESC_SETTORE,ID_ENTE_COMPETENZA,DT_INIZIO_VALIDITA) VALUES (144,'02','SOPRAINTENDENZA BENI LIBRARI',                         (select id_ente_competenza from pbandi_t_ente_competenza where desc_breve_ente = 'DB1800'),TO_DATE('01/01/2009','DD/MM/YYYY'));
INSERT INTO PBANDI_D_SETTORE_ENTE (ID_SETTORE_ENTE, DESC_BREVE_SETTORE, DESC_SETTORE,ID_ENTE_COMPETENZA,DT_INIZIO_VALIDITA) VALUES (145,'03','MUSEI E PATRIMONIO CULTURALE',                         (select id_ente_competenza from pbandi_t_ente_competenza where desc_breve_ente = 'DB1800'),TO_DATE('01/01/2009','DD/MM/YYYY'));
INSERT INTO PBANDI_D_SETTORE_ENTE (ID_SETTORE_ENTE, DESC_BREVE_SETTORE, DESC_SETTORE,ID_ENTE_COMPETENZA,DT_INIZIO_VALIDITA) VALUES (146,'04','PROM DELLE ATT CULT E DEL PATRIM CULT E LING',         (select id_ente_competenza from pbandi_t_ente_competenza where desc_breve_ente = 'DB1800'),TO_DATE('01/01/2009','DD/MM/YYYY'));
INSERT INTO PBANDI_D_SETTORE_ENTE (ID_SETTORE_ENTE, DESC_BREVE_SETTORE, DESC_SETTORE,ID_ENTE_COMPETENZA,DT_INIZIO_VALIDITA) VALUES (147,'05','SPETTACOLO',                                           (select id_ente_competenza from pbandi_t_ente_competenza where desc_breve_ente = 'DB1800'),TO_DATE('01/01/2009','DD/MM/YYYY'));
INSERT INTO PBANDI_D_SETTORE_ENTE (ID_SETTORE_ENTE, DESC_BREVE_SETTORE, DESC_SETTORE,ID_ENTE_COMPETENZA,DT_INIZIO_VALIDITA) VALUES (148,'06','MUSEO REG DI SCIENZE NATURALI ED ECOMUSEI',            (select id_ente_competenza from pbandi_t_ente_competenza where desc_breve_ente = 'DB1800'),TO_DATE('01/01/2009','DD/MM/YYYY'));
INSERT INTO PBANDI_D_SETTORE_ENTE (ID_SETTORE_ENTE, DESC_BREVE_SETTORE, DESC_SETTORE,ID_ENTE_COMPETENZA,DT_INIZIO_VALIDITA) VALUES (149,'07','POLITICHE GIOVANILI',                                  (select id_ente_competenza from pbandi_t_ente_competenza where desc_breve_ente = 'DB1800'),TO_DATE('01/01/2009','DD/MM/YYYY'));
INSERT INTO PBANDI_D_SETTORE_ENTE (ID_SETTORE_ENTE, DESC_BREVE_SETTORE, DESC_SETTORE,ID_ENTE_COMPETENZA,DT_INIZIO_VALIDITA) VALUES (150,'08','PROM TUR - ANALISI DOMANDA E MERCATO TURISTICO',       (select id_ente_competenza from pbandi_t_ente_competenza where desc_breve_ente = 'DB1800'),TO_DATE('01/01/2009','DD/MM/YYYY'));
INSERT INTO PBANDI_D_SETTORE_ENTE (ID_SETTORE_ENTE, DESC_BREVE_SETTORE, DESC_SETTORE,ID_ENTE_COMPETENZA,DT_INIZIO_VALIDITA) VALUES (151,'09','OFFER TURIST - INT COMUNITARI MATERIA TURISTIC',       (select id_ente_competenza from pbandi_t_ente_competenza where desc_breve_ente = 'DB1800'),TO_DATE('01/01/2009','DD/MM/YYYY'));
INSERT INTO PBANDI_D_SETTORE_ENTE (ID_SETTORE_ENTE, DESC_BREVE_SETTORE, DESC_SETTORE,ID_ENTE_COMPETENZA,DT_INIZIO_VALIDITA) VALUES (152,'10','PROGR ORGANIZ TURISTICA TURISMO SOC TEMPO LIB',        (select id_ente_competenza from pbandi_t_ente_competenza where desc_breve_ente = 'DB1800'),TO_DATE('01/01/2009','DD/MM/YYYY'));
INSERT INTO PBANDI_D_SETTORE_ENTE (ID_SETTORE_ENTE, DESC_BREVE_SETTORE, DESC_SETTORE,ID_ENTE_COMPETENZA,DT_INIZIO_VALIDITA) VALUES (153,'11','SPORT',                                                (select id_ente_competenza from pbandi_t_ente_competenza where desc_breve_ente = 'DB1800'),TO_DATE('01/01/2009','DD/MM/YYYY'));
INSERT INTO PBANDI_D_SETTORE_ENTE (ID_SETTORE_ENTE, DESC_BREVE_SETTORE, DESC_SETTORE,ID_ENTE_COMPETENZA,DT_INIZIO_VALIDITA) VALUES (154,'98','COLLABORAZIONI DIREZIONE DB18',                        (select id_ente_competenza from pbandi_t_ente_competenza where desc_breve_ente = 'DB1800'),TO_DATE('01/01/2009','DD/MM/YYYY'));
INSERT INTO PBANDI_D_SETTORE_ENTE (ID_SETTORE_ENTE, DESC_BREVE_SETTORE, DESC_SETTORE,ID_ENTE_COMPETENZA,DT_INIZIO_VALIDITA) VALUES (155,'00','SEGRETERIA DIREZIONE DB19',                            (select id_ente_competenza from pbandi_t_ente_competenza where desc_breve_ente = 'DB1900'),TO_DATE('01/01/2009','DD/MM/YYYY'));
INSERT INTO PBANDI_D_SETTORE_ENTE (ID_SETTORE_ENTE, DESC_BREVE_SETTORE, DESC_SETTORE,ID_ENTE_COMPETENZA,DT_INIZIO_VALIDITA) VALUES (156,'01','SVILU POLITICHE FAM PERS E FORM PERS SOCIO-ASS',       (select id_ente_competenza from pbandi_t_ente_competenza where desc_breve_ente = 'DB1900'),TO_DATE('01/01/2009','DD/MM/YYYY'));
INSERT INTO PBANDI_D_SETTORE_ENTE (ID_SETTORE_ENTE, DESC_BREVE_SETTORE, DESC_SETTORE,ID_ENTE_COMPETENZA,DT_INIZIO_VALIDITA) VALUES (157,'02','PROG SOC-ASS, INTEG SOC-SAN RAP ENTI GES ISTIT',       (select id_ente_competenza from pbandi_t_ente_competenza where desc_breve_ente = 'DB1900'),TO_DATE('01/01/2009','DD/MM/YYYY'));
INSERT INTO PBANDI_D_SETTORE_ENTE (ID_SETTORE_ENTE, DESC_BREVE_SETTORE, DESC_SETTORE,ID_ENTE_COMPETENZA,DT_INIZIO_VALIDITA) VALUES (158,'03','PROM E SVIL RETE STRUT, QUAL  SERV, VIG E CONT',       (select id_ente_competenza from pbandi_t_ente_competenza where desc_breve_ente = 'DB1900'),TO_DATE('01/01/2009','DD/MM/YYYY'));
INSERT INTO PBANDI_D_SETTORE_ENTE (ID_SETTORE_ENTE, DESC_BREVE_SETTORE, DESC_SETTORE,ID_ENTE_COMPETENZA,DT_INIZIO_VALIDITA) VALUES (159,'04','SERV CIVILE, TERZO SETT ENTI DIRIT PUBB E PRIV',       (select id_ente_competenza from pbandi_t_ente_competenza where desc_breve_ente = 'DB1900'),TO_DATE('01/01/2009','DD/MM/YYYY'));
INSERT INTO PBANDI_D_SETTORE_ENTE (ID_SETTORE_ENTE, DESC_BREVE_SETTORE, DESC_SETTORE,ID_ENTE_COMPETENZA,DT_INIZIO_VALIDITA) VALUES (160,'98','COLLABORAZIONI DIREZIONE DB19',                        (select id_ente_competenza from pbandi_t_ente_competenza where desc_breve_ente = 'DB1900'),TO_DATE('01/01/2009','DD/MM/YYYY'));
INSERT INTO PBANDI_D_SETTORE_ENTE (ID_SETTORE_ENTE, DESC_BREVE_SETTORE, DESC_SETTORE,ID_ENTE_COMPETENZA,DT_INIZIO_VALIDITA) VALUES (161,'00','SEGRETERIA DIREZIONE DB20',                            (select id_ente_competenza from pbandi_t_ente_competenza where desc_breve_ente = 'DB2000'),TO_DATE('01/01/2009','DD/MM/YYYY'));
INSERT INTO PBANDI_D_SETTORE_ENTE (ID_SETTORE_ENTE, DESC_BREVE_SETTORE, DESC_SETTORE,ID_ENTE_COMPETENZA,DT_INIZIO_VALIDITA) VALUES (162,'01','PROM  SALUTE E INTERV DI PREVEN INDIVID E COLL',       (select id_ente_competenza from pbandi_t_ente_competenza where desc_breve_ente = 'DB2000'),TO_DATE('01/01/2009','DD/MM/YYYY'));
INSERT INTO PBANDI_D_SETTORE_ENTE (ID_SETTORE_ENTE, DESC_BREVE_SETTORE, DESC_SETTORE,ID_ENTE_COMPETENZA,DT_INIZIO_VALIDITA) VALUES (163,'02','PREVENZIONE VETERINARIA',                              (select id_ente_competenza from pbandi_t_ente_competenza where desc_breve_ente = 'DB2000'),TO_DATE('01/01/2009','DD/MM/YYYY'));
INSERT INTO PBANDI_D_SETTORE_ENTE (ID_SETTORE_ENTE, DESC_BREVE_SETTORE, DESC_SETTORE,ID_ENTE_COMPETENZA,DT_INIZIO_VALIDITA) VALUES (164,'03','ASSETTO ISTIT E ORGAN ASR E SIST INFOR SANITAR',       (select id_ente_competenza from pbandi_t_ente_competenza where desc_breve_ente = 'DB2000'),TO_DATE('01/01/2009','DD/MM/YYYY'));
INSERT INTO PBANDI_D_SETTORE_ENTE (ID_SETTORE_ENTE, DESC_BREVE_SETTORE, DESC_SETTORE,ID_ENTE_COMPETENZA,DT_INIZIO_VALIDITA) VALUES (165,'04','ATTIVITA'' ISPETTIVA E DI CONTROLLO AMM',              (select id_ente_competenza from pbandi_t_ente_competenza where desc_breve_ente = 'DB2000'),TO_DATE('01/01/2009','DD/MM/YYYY'));
INSERT INTO PBANDI_D_SETTORE_ENTE (ID_SETTORE_ENTE, DESC_BREVE_SETTORE, DESC_SETTORE,ID_ENTE_COMPETENZA,DT_INIZIO_VALIDITA) VALUES (166,'05','ASSISTENZA SPECIALISTICA ED OSPEDALIERA',              (select id_ente_competenza from pbandi_t_ente_competenza where desc_breve_ente = 'DB2000'),TO_DATE('01/01/2009','DD/MM/YYYY'));
INSERT INTO PBANDI_D_SETTORE_ENTE (ID_SETTORE_ENTE, DESC_BREVE_SETTORE, DESC_SETTORE,ID_ENTE_COMPETENZA,DT_INIZIO_VALIDITA) VALUES (167,'06','ASSISTENZA SANITARIA TERRITORIALE',                    (select id_ente_competenza from pbandi_t_ente_competenza where desc_breve_ente = 'DB2000'),TO_DATE('01/01/2009','DD/MM/YYYY'));
INSERT INTO PBANDI_D_SETTORE_ENTE (ID_SETTORE_ENTE, DESC_BREVE_SETTORE, DESC_SETTORE,ID_ENTE_COMPETENZA,DT_INIZIO_VALIDITA) VALUES (168,'07','ASSISTENZA FARMACEUTICA E ASSISTENZA INTEGR',          (select id_ente_competenza from pbandi_t_ente_competenza where desc_breve_ente = 'DB2000'),TO_DATE('01/01/2009','DD/MM/YYYY'));
INSERT INTO PBANDI_D_SETTORE_ENTE (ID_SETTORE_ENTE, DESC_BREVE_SETTORE, DESC_SETTORE,ID_ENTE_COMPETENZA,DT_INIZIO_VALIDITA) VALUES (169,'08','POLITICHE RISORSE UMANE DIP CONV CON IL SSR',          (select id_ente_competenza from pbandi_t_ente_competenza where desc_breve_ente = 'DB2000'),TO_DATE('01/01/2009','DD/MM/YYYY'));
INSERT INTO PBANDI_D_SETTORE_ENTE (ID_SETTORE_ENTE, DESC_BREVE_SETTORE, DESC_SETTORE,ID_ENTE_COMPETENZA,DT_INIZIO_VALIDITA) VALUES (170,'09','ALLOCAZIONE E CONTROLLO RISORSE FINANZIARIE',          (select id_ente_competenza from pbandi_t_ente_competenza where desc_breve_ente = 'DB2000'),TO_DATE('01/01/2009','DD/MM/YYYY'));
INSERT INTO PBANDI_D_SETTORE_ENTE (ID_SETTORE_ENTE, DESC_BREVE_SETTORE, DESC_SETTORE,ID_ENTE_COMPETENZA,DT_INIZIO_VALIDITA) VALUES (171,'10','POLITICHE DEGLI INVESTIMENTI',                         (select id_ente_competenza from pbandi_t_ente_competenza where desc_breve_ente = 'DB2000'),TO_DATE('01/01/2009','DD/MM/YYYY'));
INSERT INTO PBANDI_D_SETTORE_ENTE (ID_SETTORE_ENTE, DESC_BREVE_SETTORE, DESC_SETTORE,ID_ENTE_COMPETENZA,DT_INIZIO_VALIDITA) VALUES (172,'11','RAPPORTI CON SOGGETTI EROGATORI',                      (select id_ente_competenza from pbandi_t_ente_competenza where desc_breve_ente = 'DB2000'),TO_DATE('01/01/2009','DD/MM/YYYY'));
INSERT INTO PBANDI_D_SETTORE_ENTE (ID_SETTORE_ENTE, DESC_BREVE_SETTORE, DESC_SETTORE,ID_ENTE_COMPETENZA,DT_INIZIO_VALIDITA) VALUES (173,'98','COLLABORAZIONI DIREZIONE DB20',                        (select id_ente_competenza from pbandi_t_ente_competenza where desc_breve_ente = 'DB2000'),TO_DATE('01/01/2009','DD/MM/YYYY'));
INSERT INTO PBANDI_D_SETTORE_ENTE (ID_SETTORE_ENTE, DESC_BREVE_SETTORE, DESC_SETTORE,ID_ENTE_COMPETENZA,DT_INIZIO_VALIDITA) VALUES (174,'00','SEGRETERIA STRUTTURA SB01',                            (select id_ente_competenza from pbandi_t_ente_competenza where desc_breve_ente = 'SB0100'),TO_DATE('01/01/2009','DD/MM/YYYY'));
INSERT INTO PBANDI_D_SETTORE_ENTE (ID_SETTORE_ENTE, DESC_BREVE_SETTORE, DESC_SETTORE,ID_ENTE_COMPETENZA,DT_INIZIO_VALIDITA) VALUES (175,'01','RAPPORTI STATO REGIONI - UFFICIO ROMA',                (select id_ente_competenza from pbandi_t_ente_competenza where desc_breve_ente = 'SB0100'),TO_DATE('01/01/2009','DD/MM/YYYY'));
INSERT INTO PBANDI_D_SETTORE_ENTE (ID_SETTORE_ENTE, DESC_BREVE_SETTORE, DESC_SETTORE,ID_ENTE_COMPETENZA,DT_INIZIO_VALIDITA) VALUES (176,'02','COORD POLITICHE COMUNITARIE - UFF DI BRUXELLES',       (select id_ente_competenza from pbandi_t_ente_competenza where desc_breve_ente = 'SB0100'),TO_DATE('01/01/2009','DD/MM/YYYY'));
INSERT INTO PBANDI_D_SETTORE_ENTE (ID_SETTORE_ENTE, DESC_BREVE_SETTORE, DESC_SETTORE,ID_ENTE_COMPETENZA,DT_INIZIO_VALIDITA) VALUES (177,'03','AFFARI INTERNAZIONALI',                                (select id_ente_competenza from pbandi_t_ente_competenza where desc_breve_ente = 'SB0100'),TO_DATE('01/01/2009','DD/MM/YYYY'));
INSERT INTO PBANDI_D_SETTORE_ENTE (ID_SETTORE_ENTE, DESC_BREVE_SETTORE, DESC_SETTORE,ID_ENTE_COMPETENZA,DT_INIZIO_VALIDITA) VALUES (178,'04','RAPPORTI CON SOCIETA'' A PARTECIP REGIONALE',          (select id_ente_competenza from pbandi_t_ente_competenza where desc_breve_ente = 'SB0100'),TO_DATE('01/01/2009','DD/MM/YYYY'));
INSERT INTO PBANDI_D_SETTORE_ENTE (ID_SETTORE_ENTE, DESC_BREVE_SETTORE, DESC_SETTORE,ID_ENTE_COMPETENZA,DT_INIZIO_VALIDITA) VALUES (179,'05','RELAZIONI ESTERNE E CERIMONIALE',                      (select id_ente_competenza from pbandi_t_ente_competenza where desc_breve_ente = 'SB0100'),TO_DATE('01/01/2009','DD/MM/YYYY'));
INSERT INTO PBANDI_D_SETTORE_ENTE (ID_SETTORE_ENTE, DESC_BREVE_SETTORE, DESC_SETTORE,ID_ENTE_COMPETENZA,DT_INIZIO_VALIDITA) VALUES (180,'06','PARI OPPORTUNITA'' PER TUTTI',                         (select id_ente_competenza from pbandi_t_ente_competenza where desc_breve_ente = 'SB0100'),TO_DATE('01/01/2009','DD/MM/YYYY'));
INSERT INTO PBANDI_D_SETTORE_ENTE (ID_SETTORE_ENTE, DESC_BREVE_SETTORE, DESC_SETTORE,ID_ENTE_COMPETENZA,DT_INIZIO_VALIDITA) VALUES (181,'98','COLLABORAZIONI STRUTTURA SB01',                        (select id_ente_competenza from pbandi_t_ente_competenza where desc_breve_ente = 'SB0100'),TO_DATE('01/01/2009','DD/MM/YYYY'));
INSERT INTO PBANDI_D_SETTORE_ENTE (ID_SETTORE_ENTE, DESC_BREVE_SETTORE, DESC_SETTORE,ID_ENTE_COMPETENZA,DT_INIZIO_VALIDITA) VALUES (182,'00','SEGRETERIA STRUTTURA SB02',                            (select id_ente_competenza from pbandi_t_ente_competenza where desc_breve_ente = 'SB0200'),TO_DATE('01/01/2009','DD/MM/YYYY'));
INSERT INTO PBANDI_D_SETTORE_ENTE (ID_SETTORE_ENTE, DESC_BREVE_SETTORE, DESC_SETTORE,ID_ENTE_COMPETENZA,DT_INIZIO_VALIDITA) VALUES (183,'98','COLLABORAZIONI STRUTTURA SB02',                        (select id_ente_competenza from pbandi_t_ente_competenza where desc_breve_ente = 'SB0200'),TO_DATE('01/01/2009','DD/MM/YYYY'));
INSERT INTO PBANDI_D_SETTORE_ENTE (ID_SETTORE_ENTE, DESC_BREVE_SETTORE, DESC_SETTORE,ID_ENTE_COMPETENZA,DT_INIZIO_VALIDITA) VALUES (184,'00','SEGRETERIA STRUTTURA SB03',                            (select id_ente_competenza from pbandi_t_ente_competenza where desc_breve_ente = 'SB0300'),TO_DATE('01/01/2009','DD/MM/YYYY'));
INSERT INTO PBANDI_D_SETTORE_ENTE (ID_SETTORE_ENTE, DESC_BREVE_SETTORE, DESC_SETTORE,ID_ENTE_COMPETENZA,DT_INIZIO_VALIDITA) VALUES (185,'98','COLLABORAZIONI STRUTTURA SB03',                        (select id_ente_competenza from pbandi_t_ente_competenza where desc_breve_ente = 'SB0300'),TO_DATE('01/01/2009','DD/MM/YYYY'));
 
commit;

INSERT INTO PBANDI_D_PERMESSO 
(ID_PERMESSO, DESC_BREVE_PERMESSO, DESC_PERMESSO, DT_INIZIO_VALIDITA) 
VALUES 
((select max(ID_PERMESSO)+1 from PBANDI_D_PERMESSO),'TRSBKO015','Storicizzazione istanze processi',TO_DATE('01/01/2009','DD/MM/YYYY'));

INSERT INTO PBANDI_R_PERMESSO_TIPO_ANAGRAF 
(ID_PERMESSO, ID_TIPO_ANAGRAFICA, DT_INIZIO_VALIDITA) 
VALUES
((select max(ID_PERMESSO) from PBANDI_D_PERMESSO),8,TO_DATE('01/01/2009','DD/MM/YYYY'));

commit;

insert into PBANDI_C_RUOLO_DI_PROCESSO
(ID_RUOLO_DI_PROCESSO, CODICE, DESC_RUOLO_DI_PROCESSO, ID_DEFINIZIONE_PROCESSO)
values
((select max(ID_RUOLO_DI_PROCESSO)+1 from PBANDI_C_RUOLO_DI_PROCESSO),'Autorita','Ruolo di processo preposto alla visione delle attivita'' proprie delle autorita''',9);

insert into PBANDI_R_RUOLO_TIPO_ANAGRAFICA
(ID_RUOLO_DI_PROCESSO, ID_TIPO_ANAGRAFICA, ID_RUOLO_TIPO_ANAGRAFICA)
values
((select max(ID_RUOLO_DI_PROCESSO) from PBANDI_C_RUOLO_DI_PROCESSO),21,45);

insert into PBANDI_R_RUOLO_TIPO_ANAGRAFICA
(ID_RUOLO_DI_PROCESSO, ID_TIPO_ANAGRAFICA, ID_RUOLO_TIPO_ANAGRAFICA)
values
((select max(ID_RUOLO_DI_PROCESSO) from PBANDI_C_RUOLO_DI_PROCESSO),6,46);

insert into PBANDI_R_RUOLO_TIPO_ANAGRAFICA
(ID_RUOLO_DI_PROCESSO, ID_TIPO_ANAGRAFICA, ID_RUOLO_TIPO_ANAGRAFICA)
values
((select max(ID_RUOLO_DI_PROCESSO) from PBANDI_C_RUOLO_DI_PROCESSO),10,47);

insert into PBANDI_R_RUOLO_TIPO_ANAGRAFICA
(ID_RUOLO_DI_PROCESSO, ID_TIPO_ANAGRAFICA, ID_RUOLO_TIPO_ANAGRAFICA)
values
((select max(ID_RUOLO_DI_PROCESSO) from PBANDI_C_RUOLO_DI_PROCESSO),11,48);

insert into PBANDI_R_RUOLO_TIPO_ANAGRAFICA
(ID_RUOLO_DI_PROCESSO, ID_TIPO_ANAGRAFICA, ID_RUOLO_TIPO_ANAGRAFICA)
values
((select max(ID_RUOLO_DI_PROCESSO) from PBANDI_C_RUOLO_DI_PROCESSO),18,49);

commit;

SET DEFINE OFF;
Insert into PBANDI_C_MODELLO
   (ID_MODELLO, NOME_MODELLO, VERSIONE_MODELLO, CODICE_MODELLO, CODICE_MODULO)
 Values
   (11, 'checklistRiassicurazioneDocumentale', '1', 'checklistRiassicurazioneDocumentale', 'checklistRiassicurazioneDocumentaleV1');
Insert into PBANDI_C_MODELLO
   (ID_MODELLO, NOME_MODELLO, VERSIONE_MODELLO, CODICE_MODELLO, CODICE_MODULO)
 Values
   (12, 'checklistRiassicurazioneInLoco', '1', 'checklistRiassicurazioneInLoco', 'checklistRiassicurazioneInLocoV1');
Insert into PBANDI_C_MODELLO
   (ID_MODELLO, NOME_MODELLO, VERSIONE_MODELLO, CODICE_MODELLO, CODICE_MODULO)
 Values
   (13, 'checklistSmobilizzoDocumentale', '1', 'checklistSmobilizzoDocumentale', 'checklistSmobilizzoDocumentaleV1');
Insert into PBANDI_C_MODELLO
   (ID_MODELLO, NOME_MODELLO, VERSIONE_MODELLO, CODICE_MODELLO, CODICE_MODULO)
 Values
   (14, 'checklistSmobilizzoInLoco', '1', 'checklistSmobilizzoInLoco', 'checklistSmobilizzoInLocoV1');
COMMIT;

update PBANDI_R_TP_DOC_IND_BAN_LI_INT
set ID_MODELLO = 11
where PROGR_BANDO_LINEA_INTERVENTO = 26
and ID_TIPO_DOCUMENTO_INDEX = 2; 

update PBANDI_R_TP_DOC_IND_BAN_LI_INT
set ID_MODELLO = 13
where PROGR_BANDO_LINEA_INTERVENTO = 52
and ID_TIPO_DOCUMENTO_INDEX = 2; 

update PBANDI_R_TP_DOC_IND_BAN_LI_INT
set ID_MODELLO = 12
where PROGR_BANDO_LINEA_INTERVENTO = 26
and ID_TIPO_DOCUMENTO_INDEX = 10; 

update PBANDI_R_TP_DOC_IND_BAN_LI_INT
set ID_MODELLO = 14
where PROGR_BANDO_LINEA_INTERVENTO = 52
and ID_TIPO_DOCUMENTO_INDEX = 10; 

commit;

INSERT INTO PBANDI_D_PERMESSO 
(ID_PERMESSO, DESC_BREVE_PERMESSO, DESC_PERMESSO, DT_INIZIO_VALIDITA) 
VALUES 
((select max(ID_PERMESSO)+1 from PBANDI_D_PERMESSO),'OPEROG015','Permesso che abilita la modifica, la creazione e l''eliminazione nella funzionalita'' di soppressione',TO_DATE('01/01/2009','DD/MM/YYYY'));

INSERT INTO PBANDI_R_PERMESSO_TIPO_ANAGRAF 
(ID_PERMESSO, ID_TIPO_ANAGRAFICA, DT_INIZIO_VALIDITA) 
VALUES
((select max(ID_PERMESSO) from PBANDI_D_PERMESSO),11,TO_DATE('01/01/2009','DD/MM/YYYY'));

commit;

SET DEFINE OFF;
Insert into PBANDI_D_NOME_BATCH
   (ID_NOME_BATCH, NOME_BATCH, DESC_BATCH)
 Values
   (10, 'PBAN-BIL-IMPEGNI', 'Procedura per l''acquisizione degli impegni');
COMMIT;
SET DEFINE OFF;
Insert into PBANDI_D_ERRORE_BATCH
   (CODICE_ERRORE, DESCRIZIONE)
 Values
   ('E105', 'Errore nell''acquisizione del file impegni');
COMMIT;
Insert into PBANDI_D_ERRORE_BATCH
   (CODICE_ERRORE, DESCRIZIONE)
 Values
   ('E106', 'Impossibile valorizzare lo stato dell''impegno');
Insert into PBANDI_D_ERRORE_BATCH
   (CODICE_ERRORE, DESCRIZIONE)
 Values
   ('E107', 'Impossibile valorizzare il tipo fondo');
Insert into PBANDI_D_ERRORE_BATCH
   (CODICE_ERRORE, DESCRIZIONE)
 Values
   ('E108', 'Impossibile valorizzare il tipo provvedimento');
Insert into PBANDI_D_ERRORE_BATCH
   (CODICE_ERRORE, DESCRIZIONE)
 Values
   ('E109', 'Impossibile valorizzare l''ente di competenza per il provvedimento');
Insert into PBANDI_D_ERRORE_BATCH
   (CODICE_ERRORE, DESCRIZIONE)
 Values
   ('W060', 'Impossibile valorizzare l''ente di competenza delegato');
Insert into PBANDI_D_ERRORE_BATCH
   (CODICE_ERRORE, DESCRIZIONE)
 Values
   ('W061', 'Impossibile valorizzare il beneficiario del bilancio');   
Insert into PBANDI_D_ERRORE_BATCH
   (CODICE_ERRORE, DESCRIZIONE)
 Values
   ('W062', 'Impossibile valorizzare la provenienza del capitolo');
Insert into PBANDI_D_ERRORE_BATCH
   (CODICE_ERRORE, DESCRIZIONE)
 Values
   ('W063', 'Impossibile valorizzare l''ente di competenza del capitolo');
COMMIT;


/*
*** script da eseguire ad ogni rilascio
*/
update PBANDI_C_VERSIONE
set VERSIONE_DB = '2.1.0';

insert into PBANDI_C_ENTITA
(ID_ENTITA, NOME_ENTITA, FLAG_DA_TRACCIARE) 
(select seq_PBANDI_C_ENTITA.nextval,tabs.TABLE_NAME,'S'
from all_tables tabs
where tabs.OWNER = (select decode(instr(user,'_RW'),0,user,replace(user,'_RW',null)) from dual)
and tabs.TABLE_NAME like 'PBANDI_%'
and not exists (select 'x' from pbandi_c_entita where tabs.TABLE_NAME = NOME_ENTITA));

commit;

declare
  cursor curAttr is select col.COLUMN_NAME,en.id_ENTITA,col.TABLE_NAME
                    from all_tab_cols col,PBANDI_C_ENTITA en
                    where col.owner = (select decode(instr(user,'_RW'),0,user,replace(user,'_RW',null)) from dual)
                    and col.TABLE_NAME like 'PBANDI_%'
                    and col.COLUMN_NAME not like 'SYS_%'
                    and col.TABLE_NAME = en.NOME_ENTITA
                    and not exists (select 'x' from PBANDI_C_ATTRIBUTO att 
                                    where col.COLUMN_NAME = att.NOME_ATTRIBUTO
                                    and att.id_entita = en.id_ENTITA);
                                    
  nPosiz  PLS_INTEGER := NULL;                                                                          
begin
  for recAttr in curAttr loop

    BEGIN
      SELECT POSITION
      INTO   nPosiz 
      FROM   all_CONSTRAINTS A,all_CONS_COLUMNS B
      WHERE  A.CONSTRAINT_TYPE = 'P'
      AND    A.TABLE_NAME      = recAttr.TABLE_NAME
      AND    A.CONSTRAINT_NAME = B.CONSTRAINT_NAME
      AND    COLUMN_NAME       = recAttr.COLUMN_NAME;
    EXCEPTION
      WHEN NO_DATA_FOUND THEN
        nPosiz := NULL;
    END;
    
    insert into PBANDI_C_ATTRIBUTO
    (ID_ATTRIBUTO, 
     NOME_ATTRIBUTO, 
     FLAG_DA_TRACCIARE, 
     ID_ENTITA,
     KEY_POSITION_ID) 
    values
    (SEQ_PBANDI_C_ATTRIBUTO.NEXTVAL,
     recAttr.COLUMN_NAME,
     'N',
     recAttr.id_ENTITA,
     nPosiz);
  end loop;
  COMMIT;
end;
/

