/*******************************************************************************
* Copyright Regione Piemonte - 2024
* SPDX-License-Identifier: EUPL-1.2
******************************************************************************/

/*
*** configurazione bando SAP
*/
SET DEFINE OFF;
INSERT INTO PBANDI_D_TIPOLOGIA_ATTIVAZIONE (ID_TIPOLOGIA_ATTIVAZIONE, COD_IGRUE_T50, DESC_TIPOLOGIA_ATTIVAZIONE, DT_INIZIO_VALIDITA) VALUES (1,1 ,'Bando',                               to_date('01/01/2009','dd/mm/yyyy'));
INSERT INTO PBANDI_D_TIPOLOGIA_ATTIVAZIONE (ID_TIPOLOGIA_ATTIVAZIONE, COD_IGRUE_T50, DESC_TIPOLOGIA_ATTIVAZIONE, DT_INIZIO_VALIDITA) VALUES (2,2 ,'Circolare',                           to_date('01/01/2009','dd/mm/yyyy'));
INSERT INTO PBANDI_D_TIPOLOGIA_ATTIVAZIONE (ID_TIPOLOGIA_ATTIVAZIONE, COD_IGRUE_T50, DESC_TIPOLOGIA_ATTIVAZIONE, DT_INIZIO_VALIDITA) VALUES (3,3 ,'Avviso pubblico',                     to_date('01/01/2009','dd/mm/yyyy'));
INSERT INTO PBANDI_D_TIPOLOGIA_ATTIVAZIONE (ID_TIPOLOGIA_ATTIVAZIONE, COD_IGRUE_T50, DESC_TIPOLOGIA_ATTIVAZIONE, DT_INIZIO_VALIDITA) VALUES (4,4 ,'Procedura negoziale',                 to_date('01/01/2009','dd/mm/yyyy'));
INSERT INTO PBANDI_D_TIPOLOGIA_ATTIVAZIONE (ID_TIPOLOGIA_ATTIVAZIONE, COD_IGRUE_T50, DESC_TIPOLOGIA_ATTIVAZIONE, DT_INIZIO_VALIDITA) VALUES (5,5 ,'Individuazione diretta nel Programma',to_date('01/01/2009','dd/mm/yyyy'));
INSERT INTO PBANDI_D_TIPOLOGIA_ATTIVAZIONE (ID_TIPOLOGIA_ATTIVAZIONE, COD_IGRUE_T50, DESC_TIPOLOGIA_ATTIVAZIONE, DT_INIZIO_VALIDITA) VALUES (6,99,'Altro',to_date('01/01/2009','dd/mm/yyyy'));


UPDATE PBANDI_T_BANDO
SET ID_TIPOLOGIA_ATTIVAZIONE = 1
WHERE TITOLO_BANDO = 'Gestori dei Poli d''innovazione';


/*
*** modifiche monitoraggio
*/
update PBANDI_D_TIPO_OPERAZIONE 
set COD_IGRUE_T0 = '1'
where ID_TIPO_OPERAZIONE = 1;

update PBANDI_D_TIPO_OPERAZIONE 
set COD_IGRUE_T0 = '2'
where ID_TIPO_OPERAZIONE = 2;

update PBANDI_D_TIPO_OPERAZIONE 
set COD_IGRUE_T0 = '3'
where ID_TIPO_OPERAZIONE = 3;

update PBANDI_D_MODALITA_AGEVOLAZIONE
set COD_IGRUE_T8 = '01'
where ID_MODALITA_AGEVOLAZIONE = 1;

update PBANDI_D_MODALITA_AGEVOLAZIONE
set COD_IGRUE_T8 = '02'
where ID_MODALITA_AGEVOLAZIONE = 2;

update PBANDI_D_MODALITA_AGEVOLAZIONE
set COD_IGRUE_T8 = '03'
where ID_MODALITA_AGEVOLAZIONE = 3;

update PBANDI_D_MODALITA_AGEVOLAZIONE
set COD_IGRUE_T8 = '04'
where ID_MODALITA_AGEVOLAZIONE = 4;

update PBANDI_D_MODALITA_AGEVOLAZIONE
set COD_IGRUE_T8 = '02'
where ID_MODALITA_AGEVOLAZIONE = 5;


update PBANDI_D_LINEA_DI_INTERVENTO
set COD_IGRUE_T13_T14 = '2007IT162PO011'
where ID_LINEA_DI_INTERVENTO = 5;

update PBANDI_D_LINEA_DI_INTERVENTO
set COD_IGRUE_T13_T14 = '02'
where ID_LINEA_DI_INTERVENTO = 6;

update PBANDI_D_LINEA_DI_INTERVENTO
set COD_IGRUE_T13_T14 = '01'
where ID_LINEA_DI_INTERVENTO = 17;

update PBANDI_D_LINEA_DI_INTERVENTO
set COD_IGRUE_T13_T14 = '5'
where ID_LINEA_DI_INTERVENTO = 7;

UPDATE PBANDI_D_LINEA_DI_INTERVENTO SET COD_IGRUE_T13_T14 = '03' WHERE ID_LINEA_DI_INTERVENTO = 20;
UPDATE PBANDI_D_LINEA_DI_INTERVENTO SET COD_IGRUE_T13_T14 = '04' WHERE ID_LINEA_DI_INTERVENTO = 21;
UPDATE PBANDI_D_LINEA_DI_INTERVENTO SET COD_IGRUE_T13_T14 = '1'  WHERE ID_LINEA_DI_INTERVENTO = 22;
UPDATE PBANDI_D_LINEA_DI_INTERVENTO SET COD_IGRUE_T13_T14 = '2'  WHERE ID_LINEA_DI_INTERVENTO = 26;
UPDATE PBANDI_D_LINEA_DI_INTERVENTO SET COD_IGRUE_T13_T14 = '3'  WHERE ID_LINEA_DI_INTERVENTO = 29;
UPDATE PBANDI_D_LINEA_DI_INTERVENTO SET COD_IGRUE_T13_T14 = '6'  WHERE ID_LINEA_DI_INTERVENTO = 32;
UPDATE PBANDI_D_LINEA_DI_INTERVENTO SET COD_IGRUE_T13_T14 = '7'  WHERE ID_LINEA_DI_INTERVENTO = 35;
UPDATE PBANDI_D_LINEA_DI_INTERVENTO SET COD_IGRUE_T13_T14 = '8'  WHERE ID_LINEA_DI_INTERVENTO = 38;
UPDATE PBANDI_D_LINEA_DI_INTERVENTO SET COD_IGRUE_T13_T14 = '4'  WHERE ID_LINEA_DI_INTERVENTO = 45;

insert into PBANDI_R_LINEA_INTERV_MOD_AGEV
(ID_LINEA_DI_INTERVENTO,ID_MODALITA_AGEVOLAZIONE,ID_UTENTE_INS)
(select ID_LINEA_DI_INTERVENTO,ID_MODALITA_AGEVOLAZIONE,1
 from PBANDI_D_LINEA_DI_INTERVENTO,PBANDI_D_MODALITA_AGEVOLAZIONE 
  where COD_IGRUE_T13_T14 = '2007IT162PO011'
 and COD_IGRUE_T8 != '04');

update PBANDI_D_TIPO_ENTE_COMPETENZA
set DESC_TIPO_ENTE_COMPETENZA = 'Regione',
    COD_IGRUE_T51 = 1
where ID_TIPO_ENTE_COMPETENZA = 1;	

update PBANDI_D_TIPO_ENTE_COMPETENZA
set DESC_TIPO_ENTE_COMPETENZA = 'Organismo Intermedio',
    COD_IGRUE_T51 = 5,
	DESC_BREVE_TIPO_ENTE_COMPETENZ = 'OI'
where ID_TIPO_ENTE_COMPETENZA = 2;	

INSERT INTO PBANDI_D_TIPO_ENTE_COMPETENZA 
(ID_TIPO_ENTE_COMPETENZA, DESC_BREVE_TIPO_ENTE_COMPETENZ, DESC_TIPO_ENTE_COMPETENZA, 
 DT_INIZIO_VALIDITA, COD_IGRUE_T51) 
VALUES 
(3,'AC','Amministrazione Centrale',TO_DATE('01/01/2009', 'MM/DD/YYYY'),2);

INSERT INTO PBANDI_D_TIPO_ENTE_COMPETENZA 
(ID_TIPO_ENTE_COMPETENZA, DESC_BREVE_TIPO_ENTE_COMPETENZ, DESC_TIPO_ENTE_COMPETENZA, 
 DT_INIZIO_VALIDITA, COD_IGRUE_T51) 
VALUES 
(4,'PR','Provincia',TO_DATE('01/01/2009', 'MM/DD/YYYY'),3);

INSERT INTO PBANDI_D_TIPO_ENTE_COMPETENZA 
(ID_TIPO_ENTE_COMPETENZA, DESC_BREVE_TIPO_ENTE_COMPETENZ, DESC_TIPO_ENTE_COMPETENZA, 
 DT_INIZIO_VALIDITA, COD_IGRUE_T51) 
VALUES 
(5,'AL','Amministrazione locale',TO_DATE('01/01/2009', 'MM/DD/YYYY'),4);

INSERT INTO PBANDI_D_TIPO_ENTE_COMPETENZA 
(ID_TIPO_ENTE_COMPETENZA, DESC_BREVE_TIPO_ENTE_COMPETENZ, DESC_TIPO_ENTE_COMPETENZA, 
 DT_INIZIO_VALIDITA, COD_IGRUE_T51) 
VALUES 
(6,'TSG','Titolare Sovvenzione Globale',TO_DATE('01/01/2009', 'MM/DD/YYYY'),6);

INSERT INTO PBANDI_D_TIPO_ENTE_COMPETENZA 
(ID_TIPO_ENTE_COMPETENZA, DESC_BREVE_TIPO_ENTE_COMPETENZ, DESC_TIPO_ENTE_COMPETENZA, 
 DT_INIZIO_VALIDITA, COD_IGRUE_T51) 
VALUES 
(7,'AA','Altro',TO_DATE('01/01/2009', 'MM/DD/YYYY'),99);

UPDATE PBANDI_D_RUOLO_ENTE_COMPETENZA
SET  COD_IGRUE = 1
WHERE ID_RUOLO_ENTE_COMPETENZA = 2;

UPDATE PBANDI_D_RUOLO_ENTE_COMPETENZA
SET  COD_IGRUE = 2
WHERE ID_RUOLO_ENTE_COMPETENZA = 3;

UPDATE PBANDI_D_RUOLO_ENTE_COMPETENZA
SET  COD_IGRUE = 3
WHERE ID_RUOLO_ENTE_COMPETENZA = 4;

UPDATE PBANDI_D_RUOLO_ENTE_COMPETENZA
SET  COD_IGRUE = 4
WHERE ID_RUOLO_ENTE_COMPETENZA = 5;

update pbandi_t_ente_competenza	
set desc_breve_ente = 'REG',
	cod_cipe = '8937',
	ID_ATTIVITA_ATECO = 2747,
    ID_FORMA_GIURIDICA = 42
where id_ente_competenza = 1;

update pbandi_t_ente_competenza	
set desc_breve_ente = 'FIN',
    ID_ATTIVITA_ATECO = 2486,
    ID_FORMA_GIURIDICA = 10
where id_ente_competenza = 2;

INSERT INTO PBANDI_T_INDIRIZZO 
(ID_INDIRIZZO, DESC_INDIRIZZO, CAP, ID_NAZIONE, ID_COMUNE, ID_PROVINCIA, CIVICO, DT_INIZIO_VALIDITA, ID_UTENTE_INS)
VALUES 
(SEQ_PBANDI_T_INDIRIZZO.NEXTVAL,'P.zza Liberta''','15100',118,2733,2,'17',sysdate,0);

INSERT INTO PBANDI_T_ENTE_COMPETENZA 
(ID_ENTE_COMPETENZA, COD_CIPE,DESC_BREVE_ENTE,DESC_ENTE, ID_TIPO_ENTE_COMPETENZA,ID_ATTIVITA_ATECO, 
 ID_FORMA_GIURIDICA,DT_INIZIO_VALIDITA, ID_UTENTE_INS,ID_INDIRIZZO) 
VALUES 
(seq_pbandi_t_ente_competenza.nextval,'6043' ,'APAL',	'AMMINISTRAZIONE PROVINCIALE DI ALESSANDRIA',5,
 2749,43,to_date('01/01/2009','dd/mm/yyyy'),0,SEQ_PBANDI_T_INDIRIZZO.CURRVAL);		          

INSERT INTO PBANDI_T_INDIRIZZO 
(ID_INDIRIZZO, DESC_INDIRIZZO, CAP, ID_NAZIONE, ID_COMUNE, ID_PROVINCIA, CIVICO, DT_INIZIO_VALIDITA, ID_UTENTE_INS)
VALUES 
(SEQ_PBANDI_T_INDIRIZZO.NEXTVAL,'Piazza Alfieri','14100',118,506,6,'33',sysdate,0);
 
INSERT INTO PBANDI_T_ENTE_COMPETENZA (ID_ENTE_COMPETENZA, COD_CIPE,DESC_BREVE_ENTE,DESC_ENTE, ID_TIPO_ENTE_COMPETENZA,ID_ATTIVITA_ATECO, ID_FORMA_GIURIDICA,DT_INIZIO_VALIDITA, ID_UTENTE_INS,ID_INDIRIZZO) VALUES (seq_pbandi_t_ente_competenza.nextval,'540'	 ,'APAS',	'AMMINISTRAZIONE PROVINCIALE DI ASTI'									,5,2749,43,to_date('01/01/2009','dd/mm/yyyy'),0,SEQ_PBANDI_T_INDIRIZZO.CURRVAL);		                    

INSERT INTO PBANDI_T_INDIRIZZO 
(ID_INDIRIZZO, DESC_INDIRIZZO, CAP, ID_NAZIONE, ID_COMUNE, ID_PROVINCIA, CIVICO, DT_INIZIO_VALIDITA, ID_UTENTE_INS)
VALUES 
(SEQ_PBANDI_T_INDIRIZZO.NEXTVAL,'Via Quintino Sella',null,118,649,12,'12',sysdate,0);

INSERT INTO PBANDI_T_ENTE_COMPETENZA (ID_ENTE_COMPETENZA, COD_CIPE,DESC_BREVE_ENTE,DESC_ENTE, ID_TIPO_ENTE_COMPETENZA,ID_ATTIVITA_ATECO, ID_FORMA_GIURIDICA,DT_INIZIO_VALIDITA, ID_UTENTE_INS,ID_INDIRIZZO) VALUES (seq_pbandi_t_ente_competenza.nextval,'545'	 ,'APBI',	'AMMINISTRAZIONE PROVINCIALE DI BIELLA'								,5,2749,43,to_date('01/01/2009','dd/mm/yyyy'),0,SEQ_PBANDI_T_INDIRIZZO.CURRVAL);		                  

INSERT INTO PBANDI_T_INDIRIZZO 
(ID_INDIRIZZO, DESC_INDIRIZZO, CAP, ID_NAZIONE, ID_COMUNE, ID_PROVINCIA, CIVICO, DT_INIZIO_VALIDITA, ID_UTENTE_INS)
VALUES 
(SEQ_PBANDI_T_INDIRIZZO.NEXTVAL,'Corso Nizza','12100',118,365,28,'21',sysdate,0);

INSERT INTO PBANDI_T_ENTE_COMPETENZA (ID_ENTE_COMPETENZA, COD_CIPE,DESC_BREVE_ENTE,DESC_ENTE, ID_TIPO_ENTE_COMPETENZA,ID_ATTIVITA_ATECO, ID_FORMA_GIURIDICA,DT_INIZIO_VALIDITA, ID_UTENTE_INS,ID_INDIRIZZO) VALUES (seq_pbandi_t_ente_competenza.nextval,'557'	 ,'APCU',	'AMMINISTRAZIONE PROVINCIALE DI CUNEO'								,5,2749,43,to_date('01/01/2009','dd/mm/yyyy'),0,SEQ_PBANDI_T_INDIRIZZO.CURRVAL);		                  

INSERT INTO PBANDI_T_INDIRIZZO 
(ID_INDIRIZZO, DESC_INDIRIZZO, CAP, ID_NAZIONE, ID_COMUNE, ID_PROVINCIA, CIVICO, DT_INIZIO_VALIDITA, ID_UTENTE_INS)
VALUES 
(SEQ_PBANDI_T_INDIRIZZO.NEXTVAL,'Piazza Giacomo Matteotti','28100',118,6665,57,'1',sysdate,0);

INSERT INTO PBANDI_T_ENTE_COMPETENZA (ID_ENTE_COMPETENZA, COD_CIPE,DESC_BREVE_ENTE,DESC_ENTE, ID_TIPO_ENTE_COMPETENZA,ID_ATTIVITA_ATECO, ID_FORMA_GIURIDICA,DT_INIZIO_VALIDITA, ID_UTENTE_INS,ID_INDIRIZZO) VALUES (seq_pbandi_t_ente_competenza.nextval,'579'	 ,'APNO',	'AMMINISTRAZIONE PROVINCIALE DI NOVARA'								,5,2749,43,to_date('01/01/2009','dd/mm/yyyy'),0,SEQ_PBANDI_T_INDIRIZZO.CURRVAL);		                  

INSERT INTO PBANDI_T_INDIRIZZO 
(ID_INDIRIZZO, DESC_INDIRIZZO, CAP, ID_NAZIONE, ID_COMUNE, ID_PROVINCIA, CIVICO, DT_INIZIO_VALIDITA, ID_UTENTE_INS)
VALUES 
(SEQ_PBANDI_T_INDIRIZZO.NEXTVAL,'Via Maria Vittoria','10123',118,2559,91,'12',sysdate,0);

INSERT INTO PBANDI_T_ENTE_COMPETENZA (ID_ENTE_COMPETENZA, COD_CIPE,DESC_BREVE_ENTE,DESC_ENTE, ID_TIPO_ENTE_COMPETENZA,ID_ATTIVITA_ATECO, ID_FORMA_GIURIDICA,DT_INIZIO_VALIDITA, ID_UTENTE_INS,ID_INDIRIZZO) VALUES (seq_pbandi_t_ente_competenza.nextval,'15633','APTO',	'AMMINISTRAZIONE PROVINCIALE DI TORINO'								,5,2749,43,to_date('01/01/2009','dd/mm/yyyy'),0,SEQ_PBANDI_T_INDIRIZZO.CURRVAL);		                

INSERT INTO PBANDI_T_INDIRIZZO 
(ID_INDIRIZZO, DESC_INDIRIZZO, CAP, ID_NAZIONE, ID_COMUNE, ID_PROVINCIA, CIVICO, DT_INIZIO_VALIDITA, ID_UTENTE_INS)
VALUES 
(SEQ_PBANDI_T_INDIRIZZO.NEXTVAL,'via San Cristoforo',null,118,2657,101,'7',sysdate,0);

INSERT INTO PBANDI_T_ENTE_COMPETENZA (ID_ENTE_COMPETENZA, COD_CIPE,DESC_BREVE_ENTE,DESC_ENTE, ID_TIPO_ENTE_COMPETENZA,ID_ATTIVITA_ATECO, ID_FORMA_GIURIDICA,DT_INIZIO_VALIDITA, ID_UTENTE_INS,ID_INDIRIZZO) VALUES (seq_pbandi_t_ente_competenza.nextval,'15636','APVE',	'AMMINISTRAZIONE PROVINCIALE DI VERCELLI'							,5,2749,43,to_date('01/01/2009','dd/mm/yyyy'),0,SEQ_PBANDI_T_INDIRIZZO.CURRVAL);		              

INSERT INTO PBANDI_T_INDIRIZZO 
(ID_INDIRIZZO, DESC_INDIRIZZO, CAP, ID_NAZIONE, ID_COMUNE, ID_PROVINCIA, CIVICO, DT_INIZIO_VALIDITA, ID_UTENTE_INS)
VALUES 
(SEQ_PBANDI_T_INDIRIZZO.NEXTVAL,'via Industria','28924',118,2880,100,'25',sysdate,0);

INSERT INTO PBANDI_T_ENTE_COMPETENZA (ID_ENTE_COMPETENZA, COD_CIPE,DESC_BREVE_ENTE,DESC_ENTE, ID_TIPO_ENTE_COMPETENZA,ID_ATTIVITA_ATECO, ID_FORMA_GIURIDICA,DT_INIZIO_VALIDITA, ID_UTENTE_INS,ID_INDIRIZZO) VALUES (seq_pbandi_t_ente_competenza.nextval,'16790','APVCO','AMMINISTRAZIONE PROVINCIALE DEL VERBANO CUSIO OSSOLA',5,2749,43,to_date('01/01/2009','dd/mm/yyyy'),0,SEQ_PBANDI_T_INDIRIZZO.CURRVAL);		


insert into PBANDI_T_ENTE_COMPETENZA
(ID_ENTE_COMPETENZA, DESC_ENTE, DT_INIZIO_VALIDITA, DT_FINE_VALIDITA, ID_TIPO_ENTE_COMPETENZA, 
 ID_DIREZIONE_REGIONALE, ID_SETTORE, ID_INDIRIZZO, ID_UTENTE_INS, ID_UTENTE_AGG, COD_CIPE, USER_CIPE, PASS_CIPE, 
 ID_ATTIVITA_ATECO, ID_FORMA_GIURIDICA, DESC_BREVE_ENTE)
(select SEQ_PBANDI_T_ENTE_COMPETENZA.nextval,DESC_ENTE||' DIREZIONE '||SUBSTR(DESC_BREVE_DIREZIONE_REGIONALE,3,2), ec.DT_INIZIO_VALIDITA, ec.DT_FINE_VALIDITA, ID_TIPO_ENTE_COMPETENZA, 
 dr.ID_DIREZIONE_REGIONALE, ID_SETTORE, ID_INDIRIZZO, ID_UTENTE_INS, ID_UTENTE_AGG, COD_CIPE, USER_CIPE, PASS_CIPE, 
 ID_ATTIVITA_ATECO, ID_FORMA_GIURIDICA, 'REG'||SUBSTR(DESC_BREVE_DIREZIONE_REGIONALE,3,2)
 from  PBANDI_T_ENTE_COMPETENZA ec,PBANDI_D_DIREZIONE_REGIONALE dr
 where ID_ENTE_COMPETENZA = 1
 and dr.ID_DIREZIONE_REGIONALE != 1);
 
 insert into PBANDI_T_ENTE_COMPETENZA
(ID_ENTE_COMPETENZA, DESC_ENTE, DT_INIZIO_VALIDITA, DT_FINE_VALIDITA, ID_TIPO_ENTE_COMPETENZA, 
 ID_DIREZIONE_REGIONALE, ID_SETTORE, ID_INDIRIZZO, ID_UTENTE_INS, ID_UTENTE_AGG, COD_CIPE, USER_CIPE, PASS_CIPE, 
 ID_ATTIVITA_ATECO, ID_FORMA_GIURIDICA, DESC_BREVE_ENTE)
(select SEQ_PBANDI_T_ENTE_COMPETENZA.nextval, DESC_ENTE, ec.DT_INIZIO_VALIDITA, ec.DT_FINE_VALIDITA, ID_TIPO_ENTE_COMPETENZA, 
 null, ID_SETTORE, ID_INDIRIZZO, ID_UTENTE_INS, ID_UTENTE_AGG, COD_CIPE, USER_CIPE, PASS_CIPE, 
 ID_ATTIVITA_ATECO, ID_FORMA_GIURIDICA, DESC_BREVE_ENTE
 from  PBANDI_T_ENTE_COMPETENZA ec
 where ID_ENTE_COMPETENZA = 1);
 
 UPDATE PBANDI_T_ENTE_COMPETENZA
 SET DESC_ENTE = 'REGIONE PIEMONTE DIREZIONE 16',
     DESC_BREVE_ENTE = 'REG16'
 WHERE ID_ENTE_COMPETENZA = 1;	 
 
 commit;


insert into PBANDI_D_UNITA_ORGANIZZATIVA(ID_UNITA_ORGANIZZATIVA, ID_ENTE_COMPETENZA,COD_CIPE_UO,DESC_ENTE, DT_INIZIO_VALIDITA) values(1,(select id_ente_competenza from pbandi_t_ente_competenza where 	ID_DIREZIONE_REGIONALE is null and cod_cipe = '8937')	,'2893' ,'NUVAL REGIONE PIEMONTE',TO_DATE('01/01/2009', 'MM/DD/YYYY'));                                                             
insert into PBANDI_D_UNITA_ORGANIZZATIVA(ID_UNITA_ORGANIZZATIVA, ID_ENTE_COMPETENZA,COD_CIPE_UO,DESC_ENTE, DT_INIZIO_VALIDITA) values(2,(select id_ente_competenza from pbandi_t_ente_competenza where 	ID_DIREZIONE_REGIONALE is null and cod_cipe = '8937')	,'43192','SETTORE NAVIGAZIONE INTERNA E MERCI',TO_DATE('01/01/2009', 'MM/DD/YYYY'));                                                
insert into PBANDI_D_UNITA_ORGANIZZATIVA(ID_UNITA_ORGANIZZATIVA, ID_ENTE_COMPETENZA,COD_CIPE_UO,DESC_ENTE, DT_INIZIO_VALIDITA) values(3,(select id_ente_competenza from pbandi_t_ente_competenza where 	ID_DIREZIONE_REGIONALE is null and cod_cipe = '8937')	,'58471','DIREZIONE PROGRAMMAZIONE E STATISTICA',TO_DATE('01/01/2009', 'MM/DD/YYYY'));                                              
insert into PBANDI_D_UNITA_ORGANIZZATIVA(ID_UNITA_ORGANIZZATIVA, ID_ENTE_COMPETENZA,COD_CIPE_UO,DESC_ENTE, DT_INIZIO_VALIDITA) values(4,(select id_ente_competenza from pbandi_t_ente_competenza where 	ID_DIREZIONE_REGIONALE is null and cod_cipe = '15633')	,'34988','A01000002 - CONTROLLO DI GESTIONE',TO_DATE('01/01/2009', 'MM/DD/YYYY'));                                                  
insert into PBANDI_D_UNITA_ORGANIZZATIVA(ID_UNITA_ORGANIZZATIVA, ID_ENTE_COMPETENZA,COD_CIPE_UO,DESC_ENTE, DT_INIZIO_VALIDITA) values(5,(select id_ente_competenza from pbandi_t_ente_competenza where 	ID_DIREZIONE_REGIONALE is null and cod_cipe = '15633')	,'35205','AREA EDILIZIA',TO_DATE('01/01/2009', 'MM/DD/YYYY'));                                                                      
insert into PBANDI_D_UNITA_ORGANIZZATIVA(ID_UNITA_ORGANIZZATIVA, ID_ENTE_COMPETENZA,COD_CIPE_UO,DESC_ENTE, DT_INIZIO_VALIDITA) values(6,(select id_ente_competenza from pbandi_t_ente_competenza where 	ID_DIREZIONE_REGIONALE is null and cod_cipe = '15633')	,'35324','EA1 BILANCIO E REPORTING ECONOMICO E FINANZIARIO',TO_DATE('01/01/2009', 'MM/DD/YYYY'));                                   
insert into PBANDI_D_UNITA_ORGANIZZATIVA(ID_UNITA_ORGANIZZATIVA, ID_ENTE_COMPETENZA,COD_CIPE_UO,DESC_ENTE, DT_INIZIO_VALIDITA) values(7,(select id_ente_competenza from pbandi_t_ente_competenza where 	ID_DIREZIONE_REGIONALE is null and cod_cipe = '15633')	,'35403','AREA TERRITORIO, TRASPORTI, PROTEZIONE CIVILE - SERVIZIO AMMINSTRAZIONE E CONTROLLO',TO_DATE('01/01/2009', 'MM/DD/YYYY'));
insert into PBANDI_D_UNITA_ORGANIZZATIVA(ID_UNITA_ORGANIZZATIVA, ID_ENTE_COMPETENZA,COD_CIPE_UO,DESC_ENTE, DT_INIZIO_VALIDITA) values(8,(select id_ente_competenza from pbandi_t_ente_competenza where 	ID_DIREZIONE_REGIONALE is null and cod_cipe = '15633')	,'37785','AREA VIABILITA'' - SERVIZIO AMMINISTRAZIONE E CONTROLLO (HD1)',TO_DATE('01/01/2009', 'MM/DD/YYYY'));                        
insert into PBANDI_D_UNITA_ORGANIZZATIVA(ID_UNITA_ORGANIZZATIVA, ID_ENTE_COMPETENZA,COD_CIPE_UO,DESC_ENTE, DT_INIZIO_VALIDITA) values(9,(select id_ente_competenza from pbandi_t_ente_competenza where 	ID_DIREZIONE_REGIONALE is null and cod_cipe = '15633')	,'38584','SERVIZIO PARTECIPAZIONI',TO_DATE('01/01/2009', 'MM/DD/YYYY'));                                                            
insert into PBANDI_D_UNITA_ORGANIZZATIVA(ID_UNITA_ORGANIZZATIVA, ID_ENTE_COMPETENZA,COD_CIPE_UO,DESC_ENTE, DT_INIZIO_VALIDITA) values(10,(select id_ente_competenza from pbandi_t_ente_competenza where ID_DIREZIONE_REGIONALE is null and cod_cipe = '15633')	,'39528','AREA VIABILITA'' - SERVIZIO GRANDI INFRASTRUTTURE (HD6)',TO_DATE('01/01/2009', 'MM/DD/YYYY'));                             
insert into PBANDI_D_UNITA_ORGANIZZATIVA(ID_UNITA_ORGANIZZATIVA, ID_ENTE_COMPETENZA,COD_CIPE_UO,DESC_ENTE, DT_INIZIO_VALIDITA) values(11,(select id_ente_competenza from pbandi_t_ente_competenza where ID_DIREZIONE_REGIONALE is null and cod_cipe = '15633')	,'39738','AREA VIABILITA'' - SERVIZIO GESTIONE VIABILITA''',TO_DATE('01/01/2009', 'MM/DD/YYYY'));                                     
insert into PBANDI_D_UNITA_ORGANIZZATIVA(ID_UNITA_ORGANIZZATIVA, ID_ENTE_COMPETENZA,COD_CIPE_UO,DESC_ENTE, DT_INIZIO_VALIDITA) values(12,(select id_ente_competenza from pbandi_t_ente_competenza where ID_DIREZIONE_REGIONALE is null and cod_cipe = '15633')	,'40493','SERVIZIO LOGISTICA',TO_DATE('01/01/2009', 'MM/DD/YYYY'));                                                                 
insert into PBANDI_D_UNITA_ORGANIZZATIVA(ID_UNITA_ORGANIZZATIVA, ID_ENTE_COMPETENZA,COD_CIPE_UO,DESC_ENTE, DT_INIZIO_VALIDITA) values(13,(select id_ente_competenza from pbandi_t_ente_competenza where ID_DIREZIONE_REGIONALE is null and cod_cipe = '15633')	,'42696','SERVIZIO PROVVEDITORATO',TO_DATE('01/01/2009', 'MM/DD/YYYY'));                                                            
insert into PBANDI_D_UNITA_ORGANIZZATIVA(ID_UNITA_ORGANIZZATIVA, ID_ENTE_COMPETENZA,COD_CIPE_UO,DESC_ENTE, DT_INIZIO_VALIDITA) values(14,(select id_ente_competenza from pbandi_t_ente_competenza where ID_DIREZIONE_REGIONALE is null and cod_cipe = '15633')	,'47014','SERVIZIO AMMINISTRAZIONE E CONTROLLO DELL''AREA ISTRUZ. E FORMAZ. PROF.LE',TO_DATE('01/01/2009', 'MM/DD/YYYY'));           
insert into PBANDI_D_UNITA_ORGANIZZATIVA(ID_UNITA_ORGANIZZATIVA, ID_ENTE_COMPETENZA,COD_CIPE_UO,DESC_ENTE, DT_INIZIO_VALIDITA) values(15,(select id_ente_competenza from pbandi_t_ente_competenza where ID_DIREZIONE_REGIONALE is null and cod_cipe = '15633')	,'47094','SERVIZIO FORMAZIONE PROFESSIONALE',TO_DATE('01/01/2009', 'MM/DD/YYYY'));                                                  
insert into PBANDI_D_UNITA_ORGANIZZATIVA(ID_UNITA_ORGANIZZATIVA, ID_ENTE_COMPETENZA,COD_CIPE_UO,DESC_ENTE, DT_INIZIO_VALIDITA) values(16,(select id_ente_competenza from pbandi_t_ente_competenza where ID_DIREZIONE_REGIONALE is null and cod_cipe = '15633')	,'57539','SERVIZIO GESTIONE SISTEMA INFORMATIVO E TELECOMUNICAZIONI',TO_DATE('01/01/2009', 'MM/DD/YYYY'));                          
insert into PBANDI_D_UNITA_ORGANIZZATIVA(ID_UNITA_ORGANIZZATIVA, ID_ENTE_COMPETENZA,COD_CIPE_UO,DESC_ENTE, DT_INIZIO_VALIDITA) values(17,(select id_ente_competenza from pbandi_t_ente_competenza where ID_DIREZIONE_REGIONALE is null and cod_cipe = '15633')	,'58494','SERVIZIO PIANIFICAZIONE TRASPORTI (IA7)',TO_DATE('01/01/2009', 'MM/DD/YYYY'));                                            
insert into PBANDI_D_UNITA_ORGANIZZATIVA(ID_UNITA_ORGANIZZATIVA, ID_ENTE_COMPETENZA,COD_CIPE_UO,DESC_ENTE, DT_INIZIO_VALIDITA) values(18,(select id_ente_competenza from pbandi_t_ente_competenza where ID_DIREZIONE_REGIONALE is null and cod_cipe = '15633')	,'62193','PROGETTO GESTIONE LOGISTICA ORDINARIA',TO_DATE('01/01/2009', 'MM/DD/YYYY'));                                              
insert into PBANDI_D_UNITA_ORGANIZZATIVA(ID_UNITA_ORGANIZZATIVA, ID_ENTE_COMPETENZA,COD_CIPE_UO,DESC_ENTE, DT_INIZIO_VALIDITA) values(19,(select id_ente_competenza from pbandi_t_ente_competenza where ID_DIREZIONE_REGIONALE is null and cod_cipe = '15633')	,'66817','SERVIZIO ASSISTENZA TECNICA AI COMUNI',TO_DATE('01/01/2009', 'MM/DD/YYYY'));                                              



INSERT INTO PBANDI_D_TIPO_AIUTO (ID_TIPO_AIUTO, DESC_TIPO_AIUTO,DESC_BREVE_TIPO_AIUTO, COD_IGRUE_T1, DT_INIZIO_VALIDITA)  VALUES (1,'Reg. (CE) n1998/2006 (De Minimis)',																											  'De Minimis',					'B',TO_DATE('01/01/2009', 'MM/DD/YYYY'));                                                          
INSERT INTO PBANDI_D_TIPO_AIUTO (ID_TIPO_AIUTO, DESC_TIPO_AIUTO,DESC_BREVE_TIPO_AIUTO, COD_IGRUE_T1, DT_INIZIO_VALIDITA)  VALUES (2,'Regime di esenzione',																																		  'Regime di esenzione','C',TO_DATE('01/01/2009', 'MM/DD/YYYY'));                                                                
INSERT INTO PBANDI_D_TIPO_AIUTO (ID_TIPO_AIUTO, DESC_TIPO_AIUTO,DESC_BREVE_TIPO_AIUTO, COD_IGRUE_T1, DT_INIZIO_VALIDITA)  VALUES (3,'Aiuto di stato notificato',																																'Aiuto di stato',			'D',TO_DATE('01/01/2009', 'MM/DD/YYYY'));                                                              
INSERT INTO PBANDI_D_TIPO_AIUTO (ID_TIPO_AIUTO, DESC_TIPO_AIUTO,DESC_BREVE_TIPO_AIUTO, COD_IGRUE_T1, DT_INIZIO_VALIDITA)  VALUES (4,'Aiuto esistente (ai sensi dell''articolo 1, lettera b, del regolamento (CE) n. 659/1999)',	'Aiuto esistente',		'E',TO_DATE('01/01/2009', 'MM/DD/YYYY'));
INSERT INTO PBANDI_D_TIPO_AIUTO (ID_TIPO_AIUTO, DESC_TIPO_AIUTO,DESC_BREVE_TIPO_AIUTO, COD_IGRUE_T1, DT_INIZIO_VALIDITA)  VALUES (5,'Nessun regime di aiuto',																																	  'Nessun',							'F',TO_DATE('01/01/2009', 'MM/DD/YYYY'));                                                                        
INSERT INTO PBANDI_D_TIPO_AIUTO (ID_TIPO_AIUTO, DESC_TIPO_AIUTO,DESC_BREVE_TIPO_AIUTO, COD_IGRUE_T1, DT_INIZIO_VALIDITA)  VALUES (6,'Altro tipo di aiuto',																																			'Altro',							'G',TO_DATE('01/01/2009', 'MM/DD/YYYY'));                                                                              
INSERT INTO PBANDI_D_TIPO_AIUTO (ID_TIPO_AIUTO, DESC_TIPO_AIUTO,DESC_BREVE_TIPO_AIUTO, COD_IGRUE_T1, DT_INIZIO_VALIDITA)  VALUES (7,'Regime di aiuto approvato con Programma',																									'Aiuto con Programma','A',TO_DATE('01/01/2009', 'MM/DD/YYYY'));                                            



INSERT INTO PBANDI_D_SETTORE_CPT (ID_SETTORE_CPT, DESC_SETTORE_CPT,COD_IGRUE_T3, DT_INIZIO_VALIDITA) VALUES (1,'Ambiente',                                         '01',to_date('01/01/2009','dd/mm/yyyy'));
INSERT INTO PBANDI_D_SETTORE_CPT (ID_SETTORE_CPT, DESC_SETTORE_CPT,COD_IGRUE_T3, DT_INIZIO_VALIDITA) VALUES (2,'Smaltimento rifiuti',                              '02',to_date('01/01/2009','dd/mm/yyyy'));
INSERT INTO PBANDI_D_SETTORE_CPT (ID_SETTORE_CPT, DESC_SETTORE_CPT,COD_IGRUE_T3, DT_INIZIO_VALIDITA) VALUES (3,'Acqua',                                            '03',to_date('01/01/2009','dd/mm/yyyy'));
INSERT INTO PBANDI_D_SETTORE_CPT (ID_SETTORE_CPT, DESC_SETTORE_CPT,COD_IGRUE_T3, DT_INIZIO_VALIDITA) VALUES (4,'Fognature e depurazione delle acque',              '04',to_date('01/01/2009','dd/mm/yyyy'));
INSERT INTO PBANDI_D_SETTORE_CPT (ID_SETTORE_CPT, DESC_SETTORE_CPT,COD_IGRUE_T3, DT_INIZIO_VALIDITA) VALUES (5,'Energia',                                          '05',to_date('01/01/2009','dd/mm/yyyy'));
INSERT INTO PBANDI_D_SETTORE_CPT (ID_SETTORE_CPT, DESC_SETTORE_CPT,COD_IGRUE_T3, DT_INIZIO_VALIDITA) VALUES (6,'Cultura e servizi ricreativi',                     '06',to_date('01/01/2009','dd/mm/yyyy'));
INSERT INTO PBANDI_D_SETTORE_CPT (ID_SETTORE_CPT, DESC_SETTORE_CPT,COD_IGRUE_T3, DT_INIZIO_VALIDITA) VALUES (7,'Istruzione',                                       '07',to_date('01/01/2009','dd/mm/yyyy'));
INSERT INTO PBANDI_D_SETTORE_CPT (ID_SETTORE_CPT, DESC_SETTORE_CPT,COD_IGRUE_T3, DT_INIZIO_VALIDITA) VALUES (8,'Formazione',                                       '08',to_date('01/01/2009','dd/mm/yyyy'));
INSERT INTO PBANDI_D_SETTORE_CPT (ID_SETTORE_CPT, DESC_SETTORE_CPT,COD_IGRUE_T3, DT_INIZIO_VALIDITA) VALUES (9,'Ricerca e sviluppo',                               '09',to_date('01/01/2009','dd/mm/yyyy'));
INSERT INTO PBANDI_D_SETTORE_CPT (ID_SETTORE_CPT, DESC_SETTORE_CPT,COD_IGRUE_T3, DT_INIZIO_VALIDITA) VALUES (10,'Pensioni e integrazioni salariali',                '10',to_date('01/01/2009','dd/mm/yyyy'));
INSERT INTO PBANDI_D_SETTORE_CPT (ID_SETTORE_CPT, DESC_SETTORE_CPT,COD_IGRUE_T3, DT_INIZIO_VALIDITA) VALUES (11,'Lavoro',                                           '11',to_date('01/01/2009','dd/mm/yyyy'));
INSERT INTO PBANDI_D_SETTORE_CPT (ID_SETTORE_CPT, DESC_SETTORE_CPT,COD_IGRUE_T3, DT_INIZIO_VALIDITA) VALUES (12,'Agricoltura',                                      '12',to_date('01/01/2009','dd/mm/yyyy'));
INSERT INTO PBANDI_D_SETTORE_CPT (ID_SETTORE_CPT, DESC_SETTORE_CPT,COD_IGRUE_T3, DT_INIZIO_VALIDITA) VALUES (13,'Pesca marittima e acquicoltura',                   '13',to_date('01/01/2009','dd/mm/yyyy'));
INSERT INTO PBANDI_D_SETTORE_CPT (ID_SETTORE_CPT, DESC_SETTORE_CPT,COD_IGRUE_T3, DT_INIZIO_VALIDITA) VALUES (14,'Industria e artigianato',                          '14',to_date('01/01/2009','dd/mm/yyyy'));
INSERT INTO PBANDI_D_SETTORE_CPT (ID_SETTORE_CPT, DESC_SETTORE_CPT,COD_IGRUE_T3, DT_INIZIO_VALIDITA) VALUES (15,'Commercio',                                        '15',to_date('01/01/2009','dd/mm/yyyy'));
INSERT INTO PBANDI_D_SETTORE_CPT (ID_SETTORE_CPT, DESC_SETTORE_CPT,COD_IGRUE_T3, DT_INIZIO_VALIDITA) VALUES (16,'Altre in campo economico',                         '16',to_date('01/01/2009','dd/mm/yyyy'));
INSERT INTO PBANDI_D_SETTORE_CPT (ID_SETTORE_CPT, DESC_SETTORE_CPT,COD_IGRUE_T3, DT_INIZIO_VALIDITA) VALUES (17,'Turismo',                                          '17',to_date('01/01/2009','dd/mm/yyyy'));
INSERT INTO PBANDI_D_SETTORE_CPT (ID_SETTORE_CPT, DESC_SETTORE_CPT,COD_IGRUE_T3, DT_INIZIO_VALIDITA) VALUES (18,'Edilizia abitativa e urbanistica',                 '18',to_date('01/01/2009','dd/mm/yyyy'));
INSERT INTO PBANDI_D_SETTORE_CPT (ID_SETTORE_CPT, DESC_SETTORE_CPT,COD_IGRUE_T3, DT_INIZIO_VALIDITA) VALUES (19,'Sanita''',                                         '19',to_date('01/01/2009','dd/mm/yyyy'));  
INSERT INTO PBANDI_D_SETTORE_CPT (ID_SETTORE_CPT, DESC_SETTORE_CPT,COD_IGRUE_T3, DT_INIZIO_VALIDITA) VALUES (20,'Altri interventi igienico sanitari',               '20',to_date('01/01/2009','dd/mm/yyyy'));      
INSERT INTO PBANDI_D_SETTORE_CPT (ID_SETTORE_CPT, DESC_SETTORE_CPT,COD_IGRUE_T3, DT_INIZIO_VALIDITA) VALUES (21,'Altre in campo sociale (assistenza e beneficenza)','21',to_date('01/01/2009','dd/mm/yyyy'));
INSERT INTO PBANDI_D_SETTORE_CPT (ID_SETTORE_CPT, DESC_SETTORE_CPT,COD_IGRUE_T3, DT_INIZIO_VALIDITA) VALUES (22,'Viabilita''',                                      '22',to_date('01/01/2009','dd/mm/yyyy'));  
INSERT INTO PBANDI_D_SETTORE_CPT (ID_SETTORE_CPT, DESC_SETTORE_CPT,COD_IGRUE_T3, DT_INIZIO_VALIDITA) VALUES (23,'Altri trasporti',                                  '23',to_date('01/01/2009','dd/mm/yyyy'));
INSERT INTO PBANDI_D_SETTORE_CPT (ID_SETTORE_CPT, DESC_SETTORE_CPT,COD_IGRUE_T3, DT_INIZIO_VALIDITA) VALUES (24,'Telecomunicazioni',                                '24',to_date('01/01/2009','dd/mm/yyyy'));
INSERT INTO PBANDI_D_SETTORE_CPT (ID_SETTORE_CPT, DESC_SETTORE_CPT,COD_IGRUE_T3, DT_INIZIO_VALIDITA) VALUES (25,'Difesa',                                           '25',to_date('01/01/2009','dd/mm/yyyy'));
INSERT INTO PBANDI_D_SETTORE_CPT (ID_SETTORE_CPT, DESC_SETTORE_CPT,COD_IGRUE_T3, DT_INIZIO_VALIDITA) VALUES (26,'Sicurezza pubblica',                               '26',to_date('01/01/2009','dd/mm/yyyy'));
INSERT INTO PBANDI_D_SETTORE_CPT (ID_SETTORE_CPT, DESC_SETTORE_CPT,COD_IGRUE_T3, DT_INIZIO_VALIDITA) VALUES (27,'Giustizia',                                        '27',to_date('01/01/2009','dd/mm/yyyy'));
INSERT INTO PBANDI_D_SETTORE_CPT (ID_SETTORE_CPT, DESC_SETTORE_CPT,COD_IGRUE_T3, DT_INIZIO_VALIDITA) VALUES (28,'Amministrazione generale',                         '28',to_date('01/01/2009','dd/mm/yyyy'));
INSERT INTO PBANDI_D_SETTORE_CPT (ID_SETTORE_CPT, DESC_SETTORE_CPT,COD_IGRUE_T3, DT_INIZIO_VALIDITA) VALUES (29,'Altre opere pubbliche',                            '29',to_date('01/01/2009','dd/mm/yyyy'));
INSERT INTO PBANDI_D_SETTORE_CPT (ID_SETTORE_CPT, DESC_SETTORE_CPT,COD_IGRUE_T3, DT_INIZIO_VALIDITA) VALUES (30,'Oneri non ripartibili',                            '30',to_date('01/01/2009','dd/mm/yyyy'));

INSERT INTO PBANDI_D_ATTIVITA_ECONOMICA (ID_ATTIVITA_ECONOMICA, DESC_ATTIVITA_ECONOMICA,COD_IGRUE_T6,DT_INIZIO_VALIDITA) VALUES (1,'Non pertinente',                                                              '00',to_date('01/01/2009','dd/mm/yyyy'));
INSERT INTO PBANDI_D_ATTIVITA_ECONOMICA (ID_ATTIVITA_ECONOMICA, DESC_ATTIVITA_ECONOMICA,COD_IGRUE_T6,DT_INIZIO_VALIDITA) VALUES (2,'Agricoltura, caccia e silvicoltura',                                          '01',to_date('01/01/2009','dd/mm/yyyy'));
INSERT INTO PBANDI_D_ATTIVITA_ECONOMICA (ID_ATTIVITA_ECONOMICA, DESC_ATTIVITA_ECONOMICA,COD_IGRUE_T6,DT_INIZIO_VALIDITA) VALUES (3,'Pesca',                                                                       '02',to_date('01/01/2009','dd/mm/yyyy'));
INSERT INTO PBANDI_D_ATTIVITA_ECONOMICA (ID_ATTIVITA_ECONOMICA, DESC_ATTIVITA_ECONOMICA,COD_IGRUE_T6,DT_INIZIO_VALIDITA) VALUES (4,'Industrie alimentari e delle bevande',                                        '03',to_date('01/01/2009','dd/mm/yyyy'));
INSERT INTO PBANDI_D_ATTIVITA_ECONOMICA (ID_ATTIVITA_ECONOMICA, DESC_ATTIVITA_ECONOMICA,COD_IGRUE_T6,DT_INIZIO_VALIDITA) VALUES (5,'Industrie tessili e dell''abbigliamento',                                     '04',to_date('01/01/2009','dd/mm/yyyy'));
INSERT INTO PBANDI_D_ATTIVITA_ECONOMICA (ID_ATTIVITA_ECONOMICA, DESC_ATTIVITA_ECONOMICA,COD_IGRUE_T6,DT_INIZIO_VALIDITA) VALUES (6,'Fabbricazione di mezzi di trasporto',                                         '05',to_date('01/01/2009','dd/mm/yyyy'));
INSERT INTO PBANDI_D_ATTIVITA_ECONOMICA (ID_ATTIVITA_ECONOMICA, DESC_ATTIVITA_ECONOMICA,COD_IGRUE_T6,DT_INIZIO_VALIDITA) VALUES (7,'Industrie manifatturiere non specificate',                                    '06',to_date('01/01/2009','dd/mm/yyyy'));
INSERT INTO PBANDI_D_ATTIVITA_ECONOMICA (ID_ATTIVITA_ECONOMICA, DESC_ATTIVITA_ECONOMICA,COD_IGRUE_T6,DT_INIZIO_VALIDITA) VALUES (8,'Estrazione di minerali energetici',                                           '07',to_date('01/01/2009','dd/mm/yyyy'));
INSERT INTO PBANDI_D_ATTIVITA_ECONOMICA (ID_ATTIVITA_ECONOMICA, DESC_ATTIVITA_ECONOMICA,COD_IGRUE_T6,DT_INIZIO_VALIDITA) VALUES (9,'Produzione e distribuzione di energia elettrica, gas, vapore e acqua calda',  '08',to_date('01/01/2009','dd/mm/yyyy'));
INSERT INTO PBANDI_D_ATTIVITA_ECONOMICA (ID_ATTIVITA_ECONOMICA, DESC_ATTIVITA_ECONOMICA,COD_IGRUE_T6,DT_INIZIO_VALIDITA) VALUES (10,'Raccolta, depurazione e distribuzione d''acqua',                              '09',to_date('01/01/2009','dd/mm/yyyy'));
INSERT INTO PBANDI_D_ATTIVITA_ECONOMICA (ID_ATTIVITA_ECONOMICA, DESC_ATTIVITA_ECONOMICA,COD_IGRUE_T6,DT_INIZIO_VALIDITA) VALUES (11,'Poste e telecomunicazioni',                                                   '10',to_date('01/01/2009','dd/mm/yyyy'));
INSERT INTO PBANDI_D_ATTIVITA_ECONOMICA (ID_ATTIVITA_ECONOMICA, DESC_ATTIVITA_ECONOMICA,COD_IGRUE_T6,DT_INIZIO_VALIDITA) VALUES (12,'Trasporti',                                                                   '11',to_date('01/01/2009','dd/mm/yyyy'));
INSERT INTO PBANDI_D_ATTIVITA_ECONOMICA (ID_ATTIVITA_ECONOMICA, DESC_ATTIVITA_ECONOMICA,COD_IGRUE_T6,DT_INIZIO_VALIDITA) VALUES (13,'Costruzioni',                                                                 '12',to_date('01/01/2009','dd/mm/yyyy'));
INSERT INTO PBANDI_D_ATTIVITA_ECONOMICA (ID_ATTIVITA_ECONOMICA, DESC_ATTIVITA_ECONOMICA,COD_IGRUE_T6,DT_INIZIO_VALIDITA) VALUES (14,'Commercio all''ingrosso e al dettaglio',                                      '13',to_date('01/01/2009','dd/mm/yyyy'));
INSERT INTO PBANDI_D_ATTIVITA_ECONOMICA (ID_ATTIVITA_ECONOMICA, DESC_ATTIVITA_ECONOMICA,COD_IGRUE_T6,DT_INIZIO_VALIDITA) VALUES (15,'Alberghi e ristoranti',                                                       '14',to_date('01/01/2009','dd/mm/yyyy'));
INSERT INTO PBANDI_D_ATTIVITA_ECONOMICA (ID_ATTIVITA_ECONOMICA, DESC_ATTIVITA_ECONOMICA,COD_IGRUE_T6,DT_INIZIO_VALIDITA) VALUES (16,'Intermediazione finanziaria',                                                 '15',to_date('01/01/2009','dd/mm/yyyy'));
INSERT INTO PBANDI_D_ATTIVITA_ECONOMICA (ID_ATTIVITA_ECONOMICA, DESC_ATTIVITA_ECONOMICA,COD_IGRUE_T6,DT_INIZIO_VALIDITA) VALUES (17,'Attivita'' immobiliari, noleggio e altre attivita'' di servizio alle imprese','16',to_date('01/01/2009','dd/mm/yyyy'));  
INSERT INTO PBANDI_D_ATTIVITA_ECONOMICA (ID_ATTIVITA_ECONOMICA, DESC_ATTIVITA_ECONOMICA,COD_IGRUE_T6,DT_INIZIO_VALIDITA) VALUES (18,'Amministrazioni pubbliche',                                                   '17',to_date('01/01/2009','dd/mm/yyyy'));
INSERT INTO PBANDI_D_ATTIVITA_ECONOMICA (ID_ATTIVITA_ECONOMICA, DESC_ATTIVITA_ECONOMICA,COD_IGRUE_T6,DT_INIZIO_VALIDITA) VALUES (19,'Istruzione',                                                                  '18',to_date('01/01/2009','dd/mm/yyyy'));
INSERT INTO PBANDI_D_ATTIVITA_ECONOMICA (ID_ATTIVITA_ECONOMICA, DESC_ATTIVITA_ECONOMICA,COD_IGRUE_T6,DT_INIZIO_VALIDITA) VALUES (20,'Attivita'' dei servizi sanitari',                                             '19',to_date('01/01/2009','dd/mm/yyyy'));
INSERT INTO PBANDI_D_ATTIVITA_ECONOMICA (ID_ATTIVITA_ECONOMICA, DESC_ATTIVITA_ECONOMICA,COD_IGRUE_T6,DT_INIZIO_VALIDITA) VALUES (21,'Assistenza sociale, servizi pubblici, sociali e personali',                   '20',to_date('01/01/2009','dd/mm/yyyy'));
INSERT INTO PBANDI_D_ATTIVITA_ECONOMICA (ID_ATTIVITA_ECONOMICA, DESC_ATTIVITA_ECONOMICA,COD_IGRUE_T6,DT_INIZIO_VALIDITA) VALUES (22,'Attivita'' connesse all''ambiente',                                           '21',to_date('01/01/2009','dd/mm/yyyy')); 
INSERT INTO PBANDI_D_ATTIVITA_ECONOMICA (ID_ATTIVITA_ECONOMICA, DESC_ATTIVITA_ECONOMICA,COD_IGRUE_T6,DT_INIZIO_VALIDITA) VALUES (23,'Altri servizi non specificati',                                               '22',to_date('01/01/2009','dd/mm/yyyy'));

INSERT INTO PBANDI_D_TEMA_PRIORITARIO (ID_TEMA_PRIORITARIO, DESC_TEMA_PRIORITARIO, COD_IGRUE_T4, DT_INIZIO_VALIDITA) VALUES (1,'Attivita'' di RST nei centri di ricerca',                                                                                     '01',to_date('01/01/2009','dd/mm/yyyy'));
INSERT INTO PBANDI_D_TEMA_PRIORITARIO (ID_TEMA_PRIORITARIO, DESC_TEMA_PRIORITARIO, COD_IGRUE_T4, DT_INIZIO_VALIDITA) VALUES (2,'Infrastrutture di RST e centri di competenza in una tecnologia specifica',                                                   '02',to_date('01/01/2009','dd/mm/yyyy'));
INSERT INTO PBANDI_D_TEMA_PRIORITARIO (ID_TEMA_PRIORITARIO, DESC_TEMA_PRIORITARIO, COD_IGRUE_T4, DT_INIZIO_VALIDITA) VALUES (3,'Trasferimento di tecnologie e miglioramento delle reti di cooperazione ...',                                                 '03',to_date('01/01/2009','dd/mm/yyyy'));
INSERT INTO PBANDI_D_TEMA_PRIORITARIO (ID_TEMA_PRIORITARIO, DESC_TEMA_PRIORITARIO, COD_IGRUE_T4, DT_INIZIO_VALIDITA) VALUES (4,'Assistenza alla RST, in particolare nelle PMI (incluso l''accesso ai servizi di RST nei centri di ricerca)',                 '04',to_date('01/01/2009','dd/mm/yyyy'));
INSERT INTO PBANDI_D_TEMA_PRIORITARIO (ID_TEMA_PRIORITARIO, DESC_TEMA_PRIORITARIO, COD_IGRUE_T4, DT_INIZIO_VALIDITA) VALUES (5,'Servizi di sostegno avanzato per imprese e gruppi di imprese',                                                               '05',to_date('01/01/2009','dd/mm/yyyy'));
INSERT INTO PBANDI_D_TEMA_PRIORITARIO (ID_TEMA_PRIORITARIO, DESC_TEMA_PRIORITARIO, COD_IGRUE_T4, DT_INIZIO_VALIDITA) VALUES (6,'Assistenza alle PMI nella promozione di prodotti e processi di produzione ecologici (...)',                                  '06',to_date('01/01/2009','dd/mm/yyyy'));
INSERT INTO PBANDI_D_TEMA_PRIORITARIO (ID_TEMA_PRIORITARIO, DESC_TEMA_PRIORITARIO, COD_IGRUE_T4, DT_INIZIO_VALIDITA) VALUES (7,'Investimenti nelle imprese direttamente connesse alla ricerca e all''innovazione (...)',                                     '07',to_date('01/01/2009','dd/mm/yyyy'));
INSERT INTO PBANDI_D_TEMA_PRIORITARIO (ID_TEMA_PRIORITARIO, DESC_TEMA_PRIORITARIO, COD_IGRUE_T4, DT_INIZIO_VALIDITA) VALUES (8,'Altre investimenti nelle imprese',                                                                                           '08',to_date('01/01/2009','dd/mm/yyyy'));
INSERT INTO PBANDI_D_TEMA_PRIORITARIO (ID_TEMA_PRIORITARIO, DESC_TEMA_PRIORITARIO, COD_IGRUE_T4, DT_INIZIO_VALIDITA) VALUES (9,'Altre misure per stimolare la ricerca, l''innovazione e l''imprenditorialità nelle PMI',                                     '09',to_date('01/01/2009','dd/mm/yyyy')); 
INSERT INTO PBANDI_D_TEMA_PRIORITARIO (ID_TEMA_PRIORITARIO, DESC_TEMA_PRIORITARIO, COD_IGRUE_T4, DT_INIZIO_VALIDITA) VALUES (10,'Infrastrutture telefoniche (incluse le reti a banda larga)',                                                                 '10',to_date('01/01/2009','dd/mm/yyyy'));
INSERT INTO PBANDI_D_TEMA_PRIORITARIO (ID_TEMA_PRIORITARIO, DESC_TEMA_PRIORITARIO, COD_IGRUE_T4, DT_INIZIO_VALIDITA) VALUES (11,'Tecnologie dell''informazione e della comunicazione (...)',                                                                  '11',to_date('01/01/2009','dd/mm/yyyy'));
INSERT INTO PBANDI_D_TEMA_PRIORITARIO (ID_TEMA_PRIORITARIO, DESC_TEMA_PRIORITARIO, COD_IGRUE_T4, DT_INIZIO_VALIDITA) VALUES (12,'Tecnologie dell''informazione e della comunicazione (TEN-ICT)',                                                              '12',to_date('01/01/2009','dd/mm/yyyy'));
INSERT INTO PBANDI_D_TEMA_PRIORITARIO (ID_TEMA_PRIORITARIO, DESC_TEMA_PRIORITARIO, COD_IGRUE_T4, DT_INIZIO_VALIDITA) VALUES (13,'Servizi e applicazioni  per i cittadini (sanita'' on-line, e-Governo, e-Learning, e-Inclusione, ecc.)',                      '13',to_date('01/01/2009','dd/mm/yyyy')); 
INSERT INTO PBANDI_D_TEMA_PRIORITARIO (ID_TEMA_PRIORITARIO, DESC_TEMA_PRIORITARIO, COD_IGRUE_T4, DT_INIZIO_VALIDITA) VALUES (14,'Servizi e applicazioni  per le PMI  (e-Commercio, istruzione e formazione, reti, ecc.)',                                     '14',to_date('01/01/2009','dd/mm/yyyy'));
INSERT INTO PBANDI_D_TEMA_PRIORITARIO (ID_TEMA_PRIORITARIO, DESC_TEMA_PRIORITARIO, COD_IGRUE_T4, DT_INIZIO_VALIDITA) VALUES (15,'Altre misure per migliorare l''accesso a e l''impiego efficiente delle TIC da parte della PMI',                              '15',to_date('01/01/2009','dd/mm/yyyy')); 
INSERT INTO PBANDI_D_TEMA_PRIORITARIO (ID_TEMA_PRIORITARIO, DESC_TEMA_PRIORITARIO, COD_IGRUE_T4, DT_INIZIO_VALIDITA) VALUES (16,'Ferrovie',                                                                                                                   '16',to_date('01/01/2009','dd/mm/yyyy'));
INSERT INTO PBANDI_D_TEMA_PRIORITARIO (ID_TEMA_PRIORITARIO, DESC_TEMA_PRIORITARIO, COD_IGRUE_T4, DT_INIZIO_VALIDITA) VALUES (17,'Ferrovie (TEN-T)',                                                                                                           '17',to_date('01/01/2009','dd/mm/yyyy'));
INSERT INTO PBANDI_D_TEMA_PRIORITARIO (ID_TEMA_PRIORITARIO, DESC_TEMA_PRIORITARIO, COD_IGRUE_T4, DT_INIZIO_VALIDITA) VALUES (18,'Beni mobili delle ferrovie',                                                                                                 '18',to_date('01/01/2009','dd/mm/yyyy'));
INSERT INTO PBANDI_D_TEMA_PRIORITARIO (ID_TEMA_PRIORITARIO, DESC_TEMA_PRIORITARIO, COD_IGRUE_T4, DT_INIZIO_VALIDITA) VALUES (19,'Beni mobili delle ferrovie (TEN-T)',                                                                                         '19',to_date('01/01/2009','dd/mm/yyyy'));
INSERT INTO PBANDI_D_TEMA_PRIORITARIO (ID_TEMA_PRIORITARIO, DESC_TEMA_PRIORITARIO, COD_IGRUE_T4, DT_INIZIO_VALIDITA) VALUES (20,'Autostrade',                                                                                                                 '20',to_date('01/01/2009','dd/mm/yyyy'));
INSERT INTO PBANDI_D_TEMA_PRIORITARIO (ID_TEMA_PRIORITARIO, DESC_TEMA_PRIORITARIO, COD_IGRUE_T4, DT_INIZIO_VALIDITA) VALUES (21,'Autostrade (TEN-T)',                                                                                                         '21',to_date('01/01/2009','dd/mm/yyyy'));
INSERT INTO PBANDI_D_TEMA_PRIORITARIO (ID_TEMA_PRIORITARIO, DESC_TEMA_PRIORITARIO, COD_IGRUE_T4, DT_INIZIO_VALIDITA) VALUES (22,'Strade nazionali',                                                                                                           '22',to_date('01/01/2009','dd/mm/yyyy'));
INSERT INTO PBANDI_D_TEMA_PRIORITARIO (ID_TEMA_PRIORITARIO, DESC_TEMA_PRIORITARIO, COD_IGRUE_T4, DT_INIZIO_VALIDITA) VALUES (23,'Strade regionali/locali',                                                                                                    '23',to_date('01/01/2009','dd/mm/yyyy'));
INSERT INTO PBANDI_D_TEMA_PRIORITARIO (ID_TEMA_PRIORITARIO, DESC_TEMA_PRIORITARIO, COD_IGRUE_T4, DT_INIZIO_VALIDITA) VALUES (24,'Piste ciclabili',                                                                                                            '24',to_date('01/01/2009','dd/mm/yyyy'));
INSERT INTO PBANDI_D_TEMA_PRIORITARIO (ID_TEMA_PRIORITARIO, DESC_TEMA_PRIORITARIO, COD_IGRUE_T4, DT_INIZIO_VALIDITA) VALUES (25,'Trasporti urbani',                                                                                                           '25',to_date('01/01/2009','dd/mm/yyyy'));
INSERT INTO PBANDI_D_TEMA_PRIORITARIO (ID_TEMA_PRIORITARIO, DESC_TEMA_PRIORITARIO, COD_IGRUE_T4, DT_INIZIO_VALIDITA) VALUES (26,'Trasporti multimodali',                                                                                                      '26',to_date('01/01/2009','dd/mm/yyyy'));
INSERT INTO PBANDI_D_TEMA_PRIORITARIO (ID_TEMA_PRIORITARIO, DESC_TEMA_PRIORITARIO, COD_IGRUE_T4, DT_INIZIO_VALIDITA) VALUES (27,'Trasporti multimodali (TEN-T)',                                                                                              '27',to_date('01/01/2009','dd/mm/yyyy'));
INSERT INTO PBANDI_D_TEMA_PRIORITARIO (ID_TEMA_PRIORITARIO, DESC_TEMA_PRIORITARIO, COD_IGRUE_T4, DT_INIZIO_VALIDITA) VALUES (28,'Sistemi di trasporto intelligenti',                                                                                          '28',to_date('01/01/2009','dd/mm/yyyy'));
INSERT INTO PBANDI_D_TEMA_PRIORITARIO (ID_TEMA_PRIORITARIO, DESC_TEMA_PRIORITARIO, COD_IGRUE_T4, DT_INIZIO_VALIDITA) VALUES (29,'Aeroporti',                                                                                                                  '29',to_date('01/01/2009','dd/mm/yyyy'));
INSERT INTO PBANDI_D_TEMA_PRIORITARIO (ID_TEMA_PRIORITARIO, DESC_TEMA_PRIORITARIO, COD_IGRUE_T4, DT_INIZIO_VALIDITA) VALUES (30,'Porti',                                                                                                                      '30',to_date('01/01/2009','dd/mm/yyyy'));
INSERT INTO PBANDI_D_TEMA_PRIORITARIO (ID_TEMA_PRIORITARIO, DESC_TEMA_PRIORITARIO, COD_IGRUE_T4, DT_INIZIO_VALIDITA) VALUES (31,'Vie d''acqua interne (regionali e locali)',                                                                                  '31',to_date('01/01/2009','dd/mm/yyyy'));
INSERT INTO PBANDI_D_TEMA_PRIORITARIO (ID_TEMA_PRIORITARIO, DESC_TEMA_PRIORITARIO, COD_IGRUE_T4, DT_INIZIO_VALIDITA) VALUES (32,'Vie d''acqua interne (TEN-T)',                                                                                               '32',to_date('01/01/2009','dd/mm/yyyy'));
INSERT INTO PBANDI_D_TEMA_PRIORITARIO (ID_TEMA_PRIORITARIO, DESC_TEMA_PRIORITARIO, COD_IGRUE_T4, DT_INIZIO_VALIDITA) VALUES (33,'Elettricita''',                                                                                                              '33',to_date('01/01/2009','dd/mm/yyyy')); 
INSERT INTO PBANDI_D_TEMA_PRIORITARIO (ID_TEMA_PRIORITARIO, DESC_TEMA_PRIORITARIO, COD_IGRUE_T4, DT_INIZIO_VALIDITA) VALUES (34,'Elettricita'' (TEN-E)',                                                                                                      '34',to_date('01/01/2009','dd/mm/yyyy')); 
INSERT INTO PBANDI_D_TEMA_PRIORITARIO (ID_TEMA_PRIORITARIO, DESC_TEMA_PRIORITARIO, COD_IGRUE_T4, DT_INIZIO_VALIDITA) VALUES (35,'Gas naturale',                                                                                                               '35',to_date('01/01/2009','dd/mm/yyyy'));
INSERT INTO PBANDI_D_TEMA_PRIORITARIO (ID_TEMA_PRIORITARIO, DESC_TEMA_PRIORITARIO, COD_IGRUE_T4, DT_INIZIO_VALIDITA) VALUES (36,'Gas naturale (TEN-E)',                                                                                                       '36',to_date('01/01/2009','dd/mm/yyyy'));
INSERT INTO PBANDI_D_TEMA_PRIORITARIO (ID_TEMA_PRIORITARIO, DESC_TEMA_PRIORITARIO, COD_IGRUE_T4, DT_INIZIO_VALIDITA) VALUES (37,'Prodotti a base di petrolio',                                                                                                '37',to_date('01/01/2009','dd/mm/yyyy'));
INSERT INTO PBANDI_D_TEMA_PRIORITARIO (ID_TEMA_PRIORITARIO, DESC_TEMA_PRIORITARIO, COD_IGRUE_T4, DT_INIZIO_VALIDITA) VALUES (38,'Prodotti a base di petrolio (TEN-E)',                                                                                        '38',to_date('01/01/2009','dd/mm/yyyy'));
INSERT INTO PBANDI_D_TEMA_PRIORITARIO (ID_TEMA_PRIORITARIO, DESC_TEMA_PRIORITARIO, COD_IGRUE_T4, DT_INIZIO_VALIDITA) VALUES (39,'Energia rinnovabile: eolica',                                                                                                '39',to_date('01/01/2009','dd/mm/yyyy'));
INSERT INTO PBANDI_D_TEMA_PRIORITARIO (ID_TEMA_PRIORITARIO, DESC_TEMA_PRIORITARIO, COD_IGRUE_T4, DT_INIZIO_VALIDITA) VALUES (40,'Energia rinnovabile: solare',                                                                                                '40',to_date('01/01/2009','dd/mm/yyyy'));
INSERT INTO PBANDI_D_TEMA_PRIORITARIO (ID_TEMA_PRIORITARIO, DESC_TEMA_PRIORITARIO, COD_IGRUE_T4, DT_INIZIO_VALIDITA) VALUES (41,'Energia rinnovabile: biomassa',                                                                                              '41',to_date('01/01/2009','dd/mm/yyyy'));
INSERT INTO PBANDI_D_TEMA_PRIORITARIO (ID_TEMA_PRIORITARIO, DESC_TEMA_PRIORITARIO, COD_IGRUE_T4, DT_INIZIO_VALIDITA) VALUES (42,'Energia rinnovabile: idroelettrica, geotermale e altra',                                                                     '42',to_date('01/01/2009','dd/mm/yyyy'));
INSERT INTO PBANDI_D_TEMA_PRIORITARIO (ID_TEMA_PRIORITARIO, DESC_TEMA_PRIORITARIO, COD_IGRUE_T4, DT_INIZIO_VALIDITA) VALUES (43,'Efficienza dell''energia, cogenerazione, gestione dell''energia',                                                            '43',to_date('01/01/2009','dd/mm/yyyy')); 
INSERT INTO PBANDI_D_TEMA_PRIORITARIO (ID_TEMA_PRIORITARIO, DESC_TEMA_PRIORITARIO, COD_IGRUE_T4, DT_INIZIO_VALIDITA) VALUES (44,'Gestione dei rifiuti domestici e industriali',                                                                               '44',to_date('01/01/2009','dd/mm/yyyy'));
INSERT INTO PBANDI_D_TEMA_PRIORITARIO (ID_TEMA_PRIORITARIO, DESC_TEMA_PRIORITARIO, COD_IGRUE_T4, DT_INIZIO_VALIDITA) VALUES (45,'Gestione e distribuzione d''acqua (potabile)',                                                                               '45',to_date('01/01/2009','dd/mm/yyyy'));
INSERT INTO PBANDI_D_TEMA_PRIORITARIO (ID_TEMA_PRIORITARIO, DESC_TEMA_PRIORITARIO, COD_IGRUE_T4, DT_INIZIO_VALIDITA) VALUES (46,'Trattamento delle acque (potabili)',                                                                                         '46',to_date('01/01/2009','dd/mm/yyyy'));
INSERT INTO PBANDI_D_TEMA_PRIORITARIO (ID_TEMA_PRIORITARIO, DESC_TEMA_PRIORITARIO, COD_IGRUE_T4, DT_INIZIO_VALIDITA) VALUES (47,'Qualita'' dell''aria',                                                                                                       '47',to_date('01/01/2009','dd/mm/yyyy'));  
INSERT INTO PBANDI_D_TEMA_PRIORITARIO (ID_TEMA_PRIORITARIO, DESC_TEMA_PRIORITARIO, COD_IGRUE_T4, DT_INIZIO_VALIDITA) VALUES (48,'Prevenzione e controllo integrati dell''inquinamento',                                                                       '48',to_date('01/01/2009','dd/mm/yyyy'));
INSERT INTO PBANDI_D_TEMA_PRIORITARIO (ID_TEMA_PRIORITARIO, DESC_TEMA_PRIORITARIO, COD_IGRUE_T4, DT_INIZIO_VALIDITA) VALUES (49,'Mitigazione e adattamento al cambiamento climatico',                                                                         '49',to_date('01/01/2009','dd/mm/yyyy'));
INSERT INTO PBANDI_D_TEMA_PRIORITARIO (ID_TEMA_PRIORITARIO, DESC_TEMA_PRIORITARIO, COD_IGRUE_T4, DT_INIZIO_VALIDITA) VALUES (50,'Bonifica di siti industriali e di terreni contaminati',                                                                      '50',to_date('01/01/2009','dd/mm/yyyy'));
INSERT INTO PBANDI_D_TEMA_PRIORITARIO (ID_TEMA_PRIORITARIO, DESC_TEMA_PRIORITARIO, COD_IGRUE_T4, DT_INIZIO_VALIDITA) VALUES (51,'Promozione della biodiversita'' e della tutela della natura (inclusa Natura 2000)',                                          '51',to_date('01/01/2009','dd/mm/yyyy')); 
INSERT INTO PBANDI_D_TEMA_PRIORITARIO (ID_TEMA_PRIORITARIO, DESC_TEMA_PRIORITARIO, COD_IGRUE_T4, DT_INIZIO_VALIDITA) VALUES (52,'Promozione di trasporti urbani non inquinanti',                                                                              '52',to_date('01/01/2009','dd/mm/yyyy'));
INSERT INTO PBANDI_D_TEMA_PRIORITARIO (ID_TEMA_PRIORITARIO, DESC_TEMA_PRIORITARIO, COD_IGRUE_T4, DT_INIZIO_VALIDITA) VALUES (53,'Prevenzione dei rischi',                                                                                                     '53',to_date('01/01/2009','dd/mm/yyyy'));
INSERT INTO PBANDI_D_TEMA_PRIORITARIO (ID_TEMA_PRIORITARIO, DESC_TEMA_PRIORITARIO, COD_IGRUE_T4, DT_INIZIO_VALIDITA) VALUES (54,'Altre misure per tutelare l''ambiente e prevenire i rischi',                                                                 '54',to_date('01/01/2009','dd/mm/yyyy'));
INSERT INTO PBANDI_D_TEMA_PRIORITARIO (ID_TEMA_PRIORITARIO, DESC_TEMA_PRIORITARIO, COD_IGRUE_T4, DT_INIZIO_VALIDITA) VALUES (55,'Promozione dei beni naturali',                                                                                               '55',to_date('01/01/2009','dd/mm/yyyy'));
INSERT INTO PBANDI_D_TEMA_PRIORITARIO (ID_TEMA_PRIORITARIO, DESC_TEMA_PRIORITARIO, COD_IGRUE_T4, DT_INIZIO_VALIDITA) VALUES (56,'Tutela e sviluppo del patrimonio naturale',                                                                                  '56',to_date('01/01/2009','dd/mm/yyyy'));
INSERT INTO PBANDI_D_TEMA_PRIORITARIO (ID_TEMA_PRIORITARIO, DESC_TEMA_PRIORITARIO, COD_IGRUE_T4, DT_INIZIO_VALIDITA) VALUES (57,'Altra assistenza per migliorare i servizi turistici',                                                                        '57',to_date('01/01/2009','dd/mm/yyyy'));
INSERT INTO PBANDI_D_TEMA_PRIORITARIO (ID_TEMA_PRIORITARIO, DESC_TEMA_PRIORITARIO, COD_IGRUE_T4, DT_INIZIO_VALIDITA) VALUES (58,'Tutela e conservazione del patrimonio culturale',                                                                            '58',to_date('01/01/2009','dd/mm/yyyy'));
INSERT INTO PBANDI_D_TEMA_PRIORITARIO (ID_TEMA_PRIORITARIO, DESC_TEMA_PRIORITARIO, COD_IGRUE_T4, DT_INIZIO_VALIDITA) VALUES (59,'Sviluppo delle infrastrutture culturali',                                                                                    '59',to_date('01/01/2009','dd/mm/yyyy'));
INSERT INTO PBANDI_D_TEMA_PRIORITARIO (ID_TEMA_PRIORITARIO, DESC_TEMA_PRIORITARIO, COD_IGRUE_T4, DT_INIZIO_VALIDITA) VALUES (60,'Altra assistenza per migliorare i servizi culturali',                                                                        '60',to_date('01/01/2009','dd/mm/yyyy'));
INSERT INTO PBANDI_D_TEMA_PRIORITARIO (ID_TEMA_PRIORITARIO, DESC_TEMA_PRIORITARIO, COD_IGRUE_T4, DT_INIZIO_VALIDITA) VALUES (61,'Progetti integrati per la rigenerazione urbana e rurale',                                                                    '61',to_date('01/01/2009','dd/mm/yyyy'));
INSERT INTO PBANDI_D_TEMA_PRIORITARIO (ID_TEMA_PRIORITARIO, DESC_TEMA_PRIORITARIO, COD_IGRUE_T4, DT_INIZIO_VALIDITA) VALUES (62,'Sviluppo di sistemi e strategie di apprendimento permanente nelle imprese; formazione e servizi per i dipendenti',           '62',to_date('01/01/2009','dd/mm/yyyy'));
INSERT INTO PBANDI_D_TEMA_PRIORITARIO (ID_TEMA_PRIORITARIO, DESC_TEMA_PRIORITARIO, COD_IGRUE_T4, DT_INIZIO_VALIDITA) VALUES (63,'Progettazione e disseminazione di modi piu'' produttivi per organizzare il lavoro',                                          '63',to_date('01/01/2009','dd/mm/yyyy')); 
INSERT INTO PBANDI_D_TEMA_PRIORITARIO (ID_TEMA_PRIORITARIO, DESC_TEMA_PRIORITARIO, COD_IGRUE_T4, DT_INIZIO_VALIDITA) VALUES (64,'Sviluppo di servizi speciali per l''occupazione, la formazione e il sostegno connessi alla ristrutturazione settoriale',     '64',to_date('01/01/2009','dd/mm/yyyy'));
INSERT INTO PBANDI_D_TEMA_PRIORITARIO (ID_TEMA_PRIORITARIO, DESC_TEMA_PRIORITARIO, COD_IGRUE_T4, DT_INIZIO_VALIDITA) VALUES (65,'Modernizzazione e rafforzamento delle istituzioni del mercato del lavoro',                                                   '65',to_date('01/01/2009','dd/mm/yyyy'));
INSERT INTO PBANDI_D_TEMA_PRIORITARIO (ID_TEMA_PRIORITARIO, DESC_TEMA_PRIORITARIO, COD_IGRUE_T4, DT_INIZIO_VALIDITA) VALUES (66,'Attuazione di misure attive e preventive sul mercato del lavoro',                                                            '66',to_date('01/01/2009','dd/mm/yyyy'));
INSERT INTO PBANDI_D_TEMA_PRIORITARIO (ID_TEMA_PRIORITARIO, DESC_TEMA_PRIORITARIO, COD_IGRUE_T4, DT_INIZIO_VALIDITA) VALUES (67,'Misure che incoraggiano un invecchiamento attivo e prolungano la vita di lavoro',                                            '67',to_date('01/01/2009','dd/mm/yyyy'));
INSERT INTO PBANDI_D_TEMA_PRIORITARIO (ID_TEMA_PRIORITARIO, DESC_TEMA_PRIORITARIO, COD_IGRUE_T4, DT_INIZIO_VALIDITA) VALUES (68,'Sostegno per l''occupazione indipendente e per l''avvio di imprese',                                                         '68',to_date('01/01/2009','dd/mm/yyyy')); 
INSERT INTO PBANDI_D_TEMA_PRIORITARIO (ID_TEMA_PRIORITARIO, DESC_TEMA_PRIORITARIO, COD_IGRUE_T4, DT_INIZIO_VALIDITA) VALUES (69,'Misure per migliorare l''accesso all''occupazione e aumentare la partecipazione sostenibile e il progresso delle donne',     '69',to_date('01/01/2009','dd/mm/yyyy'));
INSERT INTO PBANDI_D_TEMA_PRIORITARIO (ID_TEMA_PRIORITARIO, DESC_TEMA_PRIORITARIO, COD_IGRUE_T4, DT_INIZIO_VALIDITA) VALUES (70,'Azioni specifiche per aumentare la partecipazione dei migranti all''occupazione',                                            '70',to_date('01/01/2009','dd/mm/yyyy'));
INSERT INTO PBANDI_D_TEMA_PRIORITARIO (ID_TEMA_PRIORITARIO, DESC_TEMA_PRIORITARIO, COD_IGRUE_T4, DT_INIZIO_VALIDITA) VALUES (71,'Vie verso l''integrazione e il rientro nel mondo del lavoro per le persone svantaggiate',                                    '71',to_date('01/01/2009','dd/mm/yyyy'));
INSERT INTO PBANDI_D_TEMA_PRIORITARIO (ID_TEMA_PRIORITARIO, DESC_TEMA_PRIORITARIO, COD_IGRUE_T4, DT_INIZIO_VALIDITA) VALUES (72,'Progettazione, introduzione e attuazione di riforme dei sistemi dell''istruzione e della formazione',                        '72',to_date('01/01/2009','dd/mm/yyyy'));
INSERT INTO PBANDI_D_TEMA_PRIORITARIO (ID_TEMA_PRIORITARIO, DESC_TEMA_PRIORITARIO, COD_IGRUE_T4, DT_INIZIO_VALIDITA) VALUES (73,'Misure per aumentare la partecipazione all''istruzione e alla formazione in tutto il ciclo di vita.',                        '73',to_date('01/01/2009','dd/mm/yyyy'));
INSERT INTO PBANDI_D_TEMA_PRIORITARIO (ID_TEMA_PRIORITARIO, DESC_TEMA_PRIORITARIO, COD_IGRUE_T4, DT_INIZIO_VALIDITA) VALUES (74,'Sviluppo di potenziale umano nel settore della ricerca e dell''innovazione, in particolare mediante studi post-graduate ...','74',to_date('01/01/2009','dd/mm/yyyy'));
INSERT INTO PBANDI_D_TEMA_PRIORITARIO (ID_TEMA_PRIORITARIO, DESC_TEMA_PRIORITARIO, COD_IGRUE_T4, DT_INIZIO_VALIDITA) VALUES (75,'Infrastrutture per l''istruzione',                                                                                           '75',to_date('01/01/2009','dd/mm/yyyy'));
INSERT INTO PBANDI_D_TEMA_PRIORITARIO (ID_TEMA_PRIORITARIO, DESC_TEMA_PRIORITARIO, COD_IGRUE_T4, DT_INIZIO_VALIDITA) VALUES (76,'Infrastrutture per la sanita''',                                                                                             '76',to_date('01/01/2009','dd/mm/yyyy')); 
INSERT INTO PBANDI_D_TEMA_PRIORITARIO (ID_TEMA_PRIORITARIO, DESC_TEMA_PRIORITARIO, COD_IGRUE_T4, DT_INIZIO_VALIDITA) VALUES (77,'Infrastrutture per la custodia dei bambini',                                                                                 '77',to_date('01/01/2009','dd/mm/yyyy'));
INSERT INTO PBANDI_D_TEMA_PRIORITARIO (ID_TEMA_PRIORITARIO, DESC_TEMA_PRIORITARIO, COD_IGRUE_T4, DT_INIZIO_VALIDITA) VALUES (78,'Infrastrutture degli alloggi',                                                                                               '78',to_date('01/01/2009','dd/mm/yyyy'));
INSERT INTO PBANDI_D_TEMA_PRIORITARIO (ID_TEMA_PRIORITARIO, DESC_TEMA_PRIORITARIO, COD_IGRUE_T4, DT_INIZIO_VALIDITA) VALUES (79,'Altre infrastrutture sociali',                                                                                               '79',to_date('01/01/2009','dd/mm/yyyy'));
INSERT INTO PBANDI_D_TEMA_PRIORITARIO (ID_TEMA_PRIORITARIO, DESC_TEMA_PRIORITARIO, COD_IGRUE_T4, DT_INIZIO_VALIDITA) VALUES (80,'Promozione di partnership, accordi e iniziative mediante la creazione di reti di parti interessate',                         '80',to_date('01/01/2009','dd/mm/yyyy'));
INSERT INTO PBANDI_D_TEMA_PRIORITARIO (ID_TEMA_PRIORITARIO, DESC_TEMA_PRIORITARIO, COD_IGRUE_T4, DT_INIZIO_VALIDITA) VALUES (81,'Meccanismi per migliorare l''elaborazione di buone politiche e programmi, il monitoraggio e la valutazione ...',             '81',to_date('01/01/2009','dd/mm/yyyy'));
INSERT INTO PBANDI_D_TEMA_PRIORITARIO (ID_TEMA_PRIORITARIO, DESC_TEMA_PRIORITARIO, COD_IGRUE_T4, DT_INIZIO_VALIDITA) VALUES (82,'Compensazione di costi supplementari dovuti al deficit di accessibilita'' e alla frammentazione territoriale',               '82',to_date('01/01/2009','dd/mm/yyyy')); 
INSERT INTO PBANDI_D_TEMA_PRIORITARIO (ID_TEMA_PRIORITARIO, DESC_TEMA_PRIORITARIO, COD_IGRUE_T4, DT_INIZIO_VALIDITA) VALUES (83,'Azioni specifiche volte a compensare i costi supplementari dovuti a fattori di dimensione di mercato',                       '83',to_date('01/01/2009','dd/mm/yyyy'));
INSERT INTO PBANDI_D_TEMA_PRIORITARIO (ID_TEMA_PRIORITARIO, DESC_TEMA_PRIORITARIO, COD_IGRUE_T4, DT_INIZIO_VALIDITA) VALUES (84,'Sostegno per compensare i costi supplementari dovuti alle condizioni climatiche e ai rilievi',                               '84',to_date('01/01/2009','dd/mm/yyyy'));
INSERT INTO PBANDI_D_TEMA_PRIORITARIO (ID_TEMA_PRIORITARIO, DESC_TEMA_PRIORITARIO, COD_IGRUE_T4, DT_INIZIO_VALIDITA) VALUES (85,'Preparazione, attuazione, monitoraggio e ispezione',                                                                         '85',to_date('01/01/2009','dd/mm/yyyy'));
INSERT INTO PBANDI_D_TEMA_PRIORITARIO (ID_TEMA_PRIORITARIO, DESC_TEMA_PRIORITARIO, COD_IGRUE_T4, DT_INIZIO_VALIDITA) VALUES (86,'Valutazioni e studi; informazioni e comunicazione',                                                                          '86',to_date('01/01/2009','dd/mm/yyyy'));

 
INSERT INTO PBANDI_D_DIMENSIONE_TERRITOR (ID_DIMENSIONE_TERRITOR, DESC_DIMENSIONE_TERRITORIALE,COD_IGRUE_T7,  DT_INIZIO_VALIDITA) VALUES (1,'Non applicabile',                                '00',to_date('01/01/2009','dd/mm/yyyy'));
INSERT INTO PBANDI_D_DIMENSIONE_TERRITOR (ID_DIMENSIONE_TERRITOR, DESC_DIMENSIONE_TERRITORIALE,COD_IGRUE_T7,  DT_INIZIO_VALIDITA) VALUES (2,'Urbano',                                         '01',to_date('01/01/2009','dd/mm/yyyy'));
INSERT INTO PBANDI_D_DIMENSIONE_TERRITOR (ID_DIMENSIONE_TERRITOR, DESC_DIMENSIONE_TERRITORIALE,COD_IGRUE_T7,  DT_INIZIO_VALIDITA) VALUES (3,'Montagne',                                       '02',to_date('01/01/2009','dd/mm/yyyy'));
INSERT INTO PBANDI_D_DIMENSIONE_TERRITOR (ID_DIMENSIONE_TERRITOR, DESC_DIMENSIONE_TERRITORIALE,COD_IGRUE_T7,  DT_INIZIO_VALIDITA) VALUES (4,'Isole',                                          '03',to_date('01/01/2009','dd/mm/yyyy'));
INSERT INTO PBANDI_D_DIMENSIONE_TERRITOR (ID_DIMENSIONE_TERRITOR, DESC_DIMENSIONE_TERRITORIALE,COD_IGRUE_T7,  DT_INIZIO_VALIDITA) VALUES (5,'Zone a bassa e bassissima densita'' demografica','04',to_date('01/01/2009','dd/mm/yyyy'));
INSERT INTO PBANDI_D_DIMENSIONE_TERRITOR (ID_DIMENSIONE_TERRITOR, DESC_DIMENSIONE_TERRITORIALE,COD_IGRUE_T7,  DT_INIZIO_VALIDITA) VALUES (6,'Aree rurali',                                    '05',to_date('01/01/2009','dd/mm/yyyy'));
INSERT INTO PBANDI_D_DIMENSIONE_TERRITOR (ID_DIMENSIONE_TERRITOR, DESC_DIMENSIONE_TERRITORIALE,COD_IGRUE_T7,  DT_INIZIO_VALIDITA) VALUES (7,'ex-Confini esterni dell''UE',                    '06',to_date('01/01/2009','dd/mm/yyyy'));
INSERT INTO PBANDI_D_DIMENSIONE_TERRITOR (ID_DIMENSIONE_TERRITOR, DESC_DIMENSIONE_TERRITORIALE,COD_IGRUE_T7,  DT_INIZIO_VALIDITA) VALUES (8,'Regione ultraperiferica',                        '07',to_date('01/01/2009','dd/mm/yyyy'));
INSERT INTO PBANDI_D_DIMENSIONE_TERRITOR (ID_DIMENSIONE_TERRITOR, DESC_DIMENSIONE_TERRITORIALE,COD_IGRUE_T7,  DT_INIZIO_VALIDITA) VALUES (9,'Area di cooperazione transfrontaliera',          '08',to_date('01/01/2009','dd/mm/yyyy'));
INSERT INTO PBANDI_D_DIMENSIONE_TERRITOR (ID_DIMENSIONE_TERRITOR, DESC_DIMENSIONE_TERRITORIALE,COD_IGRUE_T7,  DT_INIZIO_VALIDITA) VALUES (10,'Area di cooperazione transnazionale',            '09',to_date('01/01/2009','dd/mm/yyyy'));
INSERT INTO PBANDI_D_DIMENSIONE_TERRITOR (ID_DIMENSIONE_TERRITOR, DESC_DIMENSIONE_TERRITORIALE,COD_IGRUE_T7,  DT_INIZIO_VALIDITA) VALUES (11,'Area di cooperazione interregionale',            '10',to_date('01/01/2009','dd/mm/yyyy'));                                                                                                                                                                                                                                                                                                                                                                                                                                                                                                                             

INSERT INTO PBANDI_D_INTESA (ID_INTESA, DESC_INTESA,COD_IGRUE_T11,  DT_INIZIO_VALIDITA) VALUES (1,'Piemonte',               21,to_date('01/01/2009','dd/mm/yyyy'));
INSERT INTO PBANDI_D_INTESA (ID_INTESA, DESC_INTESA,COD_IGRUE_T11,  DT_INIZIO_VALIDITA) VALUES (2,'Intesa non formalizzata',42,to_date('01/01/2009','dd/mm/yyyy'));

INSERT INTO PBANDI_D_PRIORITA_QSN (ID_PRIORITA_QSN, DESC_PRIORITA_QSN,COD_IGRUE_T12, DT_INIZIO_VALIDITA) VALUES (1,'Miglioramento e valorizzazione delle risorse umane',                                              1 ,to_date('01/01/2009','dd/mm/yyyy'));
INSERT INTO PBANDI_D_PRIORITA_QSN (ID_PRIORITA_QSN, DESC_PRIORITA_QSN,COD_IGRUE_T12, DT_INIZIO_VALIDITA) VALUES (2,'Promozione, valorizzazione e diffusione della ricerca e dell''innovazione per la competitivita''',2 ,to_date('01/01/2009','dd/mm/yyyy'));
INSERT INTO PBANDI_D_PRIORITA_QSN (ID_PRIORITA_QSN, DESC_PRIORITA_QSN,COD_IGRUE_T12, DT_INIZIO_VALIDITA) VALUES (3,'Energia e ambiente: uso sostenibile e efficiente delle risorse per lo sviluppo',                  3 ,to_date('01/01/2009','dd/mm/yyyy'));
INSERT INTO PBANDI_D_PRIORITA_QSN (ID_PRIORITA_QSN, DESC_PRIORITA_QSN,COD_IGRUE_T12, DT_INIZIO_VALIDITA) VALUES (4,'Inclusione sociale e servizi per la qualita'' della vita e l''attrattivita'' territoriale',       4 ,to_date('01/01/2009','dd/mm/yyyy'));  
INSERT INTO PBANDI_D_PRIORITA_QSN (ID_PRIORITA_QSN, DESC_PRIORITA_QSN,COD_IGRUE_T12, DT_INIZIO_VALIDITA) VALUES (5,'Valorizzazione delle risorse naturali e culturali per l''attrattivita'' e lo sviluppo',           5 ,to_date('01/01/2009','dd/mm/yyyy'));
INSERT INTO PBANDI_D_PRIORITA_QSN (ID_PRIORITA_QSN, DESC_PRIORITA_QSN,COD_IGRUE_T12, DT_INIZIO_VALIDITA) VALUES (6,'Reti e collegamenti per la mobilita''',                                                           6 ,to_date('01/01/2009','dd/mm/yyyy'));
INSERT INTO PBANDI_D_PRIORITA_QSN (ID_PRIORITA_QSN, DESC_PRIORITA_QSN,COD_IGRUE_T12, DT_INIZIO_VALIDITA) VALUES (7,'Competitivita'' dei sistemi produttivi e occupazione',                                            7 ,to_date('01/01/2009','dd/mm/yyyy'));
INSERT INTO PBANDI_D_PRIORITA_QSN (ID_PRIORITA_QSN, DESC_PRIORITA_QSN,COD_IGRUE_T12, DT_INIZIO_VALIDITA) VALUES (8,'Competitivita'' e attrattivita'' delle citta'' e dei sistemi urbani',                             8 ,to_date('01/01/2009','dd/mm/yyyy'));   
INSERT INTO PBANDI_D_PRIORITA_QSN (ID_PRIORITA_QSN, DESC_PRIORITA_QSN,COD_IGRUE_T12, DT_INIZIO_VALIDITA) VALUES (9,'Apertura internazionale e attrazione di investimenti, consumi e risorse',                         9 ,to_date('01/01/2009','dd/mm/yyyy'));
INSERT INTO PBANDI_D_PRIORITA_QSN (ID_PRIORITA_QSN, DESC_PRIORITA_QSN,COD_IGRUE_T12, DT_INIZIO_VALIDITA) VALUES (10,'Governance, capacita'' istituzionali e mercati concorrenziali ed efficaci',                       10,to_date('01/01/2009','dd/mm/yyyy'));

insert into PBANDI_R_LINEA_PRIORITA_QSN
(ID_LINEA_DI_INTERVENTO,ID_PRIORITA_QSN,ID_UTENTE_INS)
(select ID_LINEA_DI_INTERVENTO,ID_PRIORITA_QSN,1
 from PBANDI_D_LINEA_DI_INTERVENTO,PBANDI_D_PRIORITA_QSN 
  where COD_IGRUE_T13_T14 = '01'
 and COD_IGRUE_T12 = 2);
 
insert into PBANDI_R_LINEA_PRIORITA_QSN
(ID_LINEA_DI_INTERVENTO,ID_PRIORITA_QSN,ID_UTENTE_INS)
(select ID_LINEA_DI_INTERVENTO,ID_PRIORITA_QSN,1
 from PBANDI_D_LINEA_DI_INTERVENTO,PBANDI_D_PRIORITA_QSN 
  where COD_IGRUE_T13_T14 = '02'
 and COD_IGRUE_T12 = 3); 
 
 insert into PBANDI_R_LINEA_PRIORITA_QSN
(ID_LINEA_DI_INTERVENTO,ID_PRIORITA_QSN,ID_UTENTE_INS)
(select ID_LINEA_DI_INTERVENTO,ID_PRIORITA_QSN,1
 from PBANDI_D_LINEA_DI_INTERVENTO,PBANDI_D_PRIORITA_QSN 
  where COD_IGRUE_T13_T14 = '03'
 and COD_IGRUE_T12 = 5);
 
insert into PBANDI_R_LINEA_PRIORITA_QSN
(ID_LINEA_DI_INTERVENTO,ID_PRIORITA_QSN,ID_UTENTE_INS)
(select ID_LINEA_DI_INTERVENTO,ID_PRIORITA_QSN,1
 from PBANDI_D_LINEA_DI_INTERVENTO,PBANDI_D_PRIORITA_QSN 
  where COD_IGRUE_T13_T14 = '03'
 and COD_IGRUE_T12 = 8); 
 
INSERT INTO PBANDI_D_INDICATORE_QSN (ID_INDICATORE_QSN, DESC_INDICATORE_QSN,COD_IGRUE_T12,ID_PRIORITA_QSN, DT_INIZIO_VALIDITA) VALUES (1,'Tasso abbandono nei primi 2 anni di scuole secondarie sup.',      9 ,1 ,to_date('01/01/2009','dd/mm/yyyy'));
INSERT INTO PBANDI_D_INDICATORE_QSN (ID_INDICATORE_QSN, DESC_INDICATORE_QSN,COD_IGRUE_T12,ID_PRIORITA_QSN, DT_INIZIO_VALIDITA) VALUES (2,'Scarse competenze in lettura',                                    2 ,1 ,to_date('01/01/2009','dd/mm/yyyy'));
INSERT INTO PBANDI_D_INDICATORE_QSN (ID_INDICATORE_QSN, DESC_INDICATORE_QSN,COD_IGRUE_T12,ID_PRIORITA_QSN, DT_INIZIO_VALIDITA) VALUES (3,'Scarse competenze in matematica',                                 3 ,1 ,to_date('01/01/2009','dd/mm/yyyy'));
INSERT INTO PBANDI_D_INDICATORE_QSN (ID_INDICATORE_QSN, DESC_INDICATORE_QSN,COD_IGRUE_T12,ID_PRIORITA_QSN, DT_INIZIO_VALIDITA) VALUES (4,'Elevate competenze in lettura',                                   4 ,1 ,to_date('01/01/2009','dd/mm/yyyy'));
INSERT INTO PBANDI_D_INDICATORE_QSN (ID_INDICATORE_QSN, DESC_INDICATORE_QSN,COD_IGRUE_T12,ID_PRIORITA_QSN, DT_INIZIO_VALIDITA) VALUES (5,'Elevate competenze in matematica',                                5 ,1 ,to_date('01/01/2009','dd/mm/yyyy'));
INSERT INTO PBANDI_D_INDICATORE_QSN (ID_INDICATORE_QSN, DESC_INDICATORE_QSN,COD_IGRUE_T12,ID_PRIORITA_QSN, DT_INIZIO_VALIDITA) VALUES (6,'Tasso di scolarizzazione superiore',                              6 ,1 ,to_date('01/01/2009','dd/mm/yyyy'));
INSERT INTO PBANDI_D_INDICATORE_QSN (ID_INDICATORE_QSN, DESC_INDICATORE_QSN,COD_IGRUE_T12,ID_PRIORITA_QSN, DT_INIZIO_VALIDITA) VALUES (7,'Laureati in matematica, scienze e tecnologia:',                   7 ,1 ,to_date('01/01/2009','dd/mm/yyyy'));
INSERT INTO PBANDI_D_INDICATORE_QSN (ID_INDICATORE_QSN, DESC_INDICATORE_QSN,COD_IGRUE_T12,ID_PRIORITA_QSN, DT_INIZIO_VALIDITA) VALUES (8,'Life-long learning',                                              8 ,1 ,to_date('01/01/2009','dd/mm/yyyy'));
INSERT INTO PBANDI_D_INDICATORE_QSN (ID_INDICATORE_QSN, DESC_INDICATORE_QSN,COD_IGRUE_T12,ID_PRIORITA_QSN, DT_INIZIO_VALIDITA) VALUES (9,'Giovani che lasciano prematuramente la scuola',                   1 ,1 ,to_date('01/01/2009','dd/mm/yyyy'));
INSERT INTO PBANDI_D_INDICATORE_QSN (ID_INDICATORE_QSN, DESC_INDICATORE_QSN,COD_IGRUE_T12,ID_PRIORITA_QSN, DT_INIZIO_VALIDITA) VALUES (10,'Famiglie con accesso ad Internet',                                16,2 ,to_date('01/01/2009','dd/mm/yyyy'));
INSERT INTO PBANDI_D_INDICATORE_QSN (ID_INDICATORE_QSN, DESC_INDICATORE_QSN,COD_IGRUE_T12,ID_PRIORITA_QSN, DT_INIZIO_VALIDITA) VALUES (11,'% imprese industria e servizi con collegamenti banda larga',      15,2 ,to_date('01/01/2009','dd/mm/yyyy'));
INSERT INTO PBANDI_D_INDICATORE_QSN (ID_INDICATORE_QSN, DESC_INDICATORE_QSN,COD_IGRUE_T12,ID_PRIORITA_QSN, DT_INIZIO_VALIDITA) VALUES (12,'Indice di diffusione dell''informatizzazione nei comuni',         17,2 ,to_date('01/01/2009','dd/mm/yyyy'));
INSERT INTO PBANDI_D_INDICATORE_QSN (ID_INDICATORE_QSN, DESC_INDICATORE_QSN,COD_IGRUE_T12,ID_PRIORITA_QSN, DT_INIZIO_VALIDITA) VALUES (13,'Grado di utilizzo di internet nelle imprese',                     14,2 ,to_date('01/01/2009','dd/mm/yyyy'));
INSERT INTO PBANDI_D_INDICATORE_QSN (ID_INDICATORE_QSN, DESC_INDICATORE_QSN,COD_IGRUE_T12,ID_PRIORITA_QSN, DT_INIZIO_VALIDITA) VALUES (14,'Spesa pubblica e privata per R&S sul PIL (%)',                    10,2 ,to_date('01/01/2009','dd/mm/yyyy'));
INSERT INTO PBANDI_D_INDICATORE_QSN (ID_INDICATORE_QSN, DESC_INDICATORE_QSN,COD_IGRUE_T12,ID_PRIORITA_QSN, DT_INIZIO_VALIDITA) VALUES (15,'Addetti alla ricerca e sviluppo per 1.000 abitanti',              12,2 ,to_date('01/01/2009','dd/mm/yyyy'));
INSERT INTO PBANDI_D_INDICATORE_QSN (ID_INDICATORE_QSN, DESC_INDICATORE_QSN,COD_IGRUE_T12,ID_PRIORITA_QSN, DT_INIZIO_VALIDITA) VALUES (16,'Percentuale della spesa privata in R&S sul PIL (%) ',             11,2 ,to_date('01/01/2009','dd/mm/yyyy'));
INSERT INTO PBANDI_D_INDICATORE_QSN (ID_INDICATORE_QSN, DESC_INDICATORE_QSN,COD_IGRUE_T12,ID_PRIORITA_QSN, DT_INIZIO_VALIDITA) VALUES (17,'ICT nelle amministrazioni locali',                                18,2 ,to_date('01/01/2009','dd/mm/yyyy'));
INSERT INTO PBANDI_D_INDICATORE_QSN (ID_INDICATORE_QSN, DESC_INDICATORE_QSN,COD_IGRUE_T12,ID_PRIORITA_QSN, DT_INIZIO_VALIDITA) VALUES (18,'Domande di brevetto all''EPO per milione di abitanti',            13,2 ,to_date('01/01/2009','dd/mm/yyyy'));
INSERT INTO PBANDI_D_INDICATORE_QSN (ID_INDICATORE_QSN, DESC_INDICATORE_QSN,COD_IGRUE_T12,ID_PRIORITA_QSN, DT_INIZIO_VALIDITA) VALUES (19,'Emissioni di CO2 da trasporto stradale',                          34,3 ,to_date('01/01/2009','dd/mm/yyyy'));
INSERT INTO PBANDI_D_INDICATORE_QSN (ID_INDICATORE_QSN, DESC_INDICATORE_QSN,COD_IGRUE_T12,ID_PRIORITA_QSN, DT_INIZIO_VALIDITA) VALUES (20,'Popolazione servita da impianti di depurazione acque reflue',     32,3 ,to_date('01/01/2009','dd/mm/yyyy'));
INSERT INTO PBANDI_D_INDICATORE_QSN (ID_INDICATORE_QSN, DESC_INDICATORE_QSN,COD_IGRUE_T12,ID_PRIORITA_QSN, DT_INIZIO_VALIDITA) VALUES (21,'Utilizzo delle risorse idriche per il consumo umano',             31,3 ,to_date('01/01/2009','dd/mm/yyyy'));
INSERT INTO PBANDI_D_INDICATORE_QSN (ID_INDICATORE_QSN, DESC_INDICATORE_QSN,COD_IGRUE_T12,ID_PRIORITA_QSN, DT_INIZIO_VALIDITA) VALUES (22,'% Km coste non balneabili (inquinate) su km coste totali',        29,3 ,to_date('01/01/2009','dd/mm/yyyy'));
INSERT INTO PBANDI_D_INDICATORE_QSN (ID_INDICATORE_QSN, DESC_INDICATORE_QSN,COD_IGRUE_T12,ID_PRIORITA_QSN, DT_INIZIO_VALIDITA) VALUES (23,'Quantita'' frazione umida trattata per prod.compost di qualita''',28,3 ,to_date('01/01/2009','dd/mm/yyyy'));
INSERT INTO PBANDI_D_INDICATORE_QSN (ID_INDICATORE_QSN, DESC_INDICATORE_QSN,COD_IGRUE_T12,ID_PRIORITA_QSN, DT_INIZIO_VALIDITA) VALUES (24,'Rifiuti solidi urbani smaltiti in discarica',                     27,3 ,to_date('01/01/2009','dd/mm/yyyy'));
INSERT INTO PBANDI_D_INDICATORE_QSN (ID_INDICATORE_QSN, DESC_INDICATORE_QSN,COD_IGRUE_T12,ID_PRIORITA_QSN, DT_INIZIO_VALIDITA) VALUES (25,'Popolazione regionale servita da gas metano',                     24,3 ,to_date('01/01/2009','dd/mm/yyyy'));
INSERT INTO PBANDI_D_INDICATORE_QSN (ID_INDICATORE_QSN, DESC_INDICATORE_QSN,COD_IGRUE_T12,ID_PRIORITA_QSN, DT_INIZIO_VALIDITA) VALUES (26,'Interruzioni del servizio elettrico',                             23,3 ,to_date('01/01/2009','dd/mm/yyyy'));
INSERT INTO PBANDI_D_INDICATORE_QSN (ID_INDICATORE_QSN, DESC_INDICATORE_QSN,COD_IGRUE_T12,ID_PRIORITA_QSN, DT_INIZIO_VALIDITA) VALUES (27,'Consumi en.elettr. coperti da fonti rinnov.(escl.idroelettr)',    22,3 ,to_date('01/01/2009','dd/mm/yyyy'));
INSERT INTO PBANDI_D_INDICATORE_QSN (ID_INDICATORE_QSN, DESC_INDICATORE_QSN,COD_IGRUE_T12,ID_PRIORITA_QSN, DT_INIZIO_VALIDITA) VALUES (28,'Energia elettrica prodotta da fonti rinnovabili',                 20,3 ,to_date('01/01/2009','dd/mm/yyyy'));
INSERT INTO PBANDI_D_INDICATORE_QSN (ID_INDICATORE_QSN, DESC_INDICATORE_QSN,COD_IGRUE_T12,ID_PRIORITA_QSN, DT_INIZIO_VALIDITA) VALUES (29,'Rifiuti solidi urbani raccolti',                                  25,3 ,to_date('01/01/2009','dd/mm/yyyy'));
INSERT INTO PBANDI_D_INDICATORE_QSN (ID_INDICATORE_QSN, DESC_INDICATORE_QSN,COD_IGRUE_T12,ID_PRIORITA_QSN, DT_INIZIO_VALIDITA) VALUES (30,'% Famiglie che denunciano irregol.nell''erogazione dell''acqua',  33,3 ,to_date('01/01/2009','dd/mm/yyyy'));
INSERT INTO PBANDI_D_INDICATORE_QSN (ID_INDICATORE_QSN, DESC_INDICATORE_QSN,COD_IGRUE_T12,ID_PRIORITA_QSN, DT_INIZIO_VALIDITA) VALUES (31,'Disponibilita'' di risorse idropotabili',                         30,3 ,to_date('01/01/2009','dd/mm/yyyy'));
INSERT INTO PBANDI_D_INDICATORE_QSN (ID_INDICATORE_QSN, DESC_INDICATORE_QSN,COD_IGRUE_T12,ID_PRIORITA_QSN, DT_INIZIO_VALIDITA) VALUES (32,'Raccolta differenziata dei rifiuti urbani',                       26,3 ,to_date('01/01/2009','dd/mm/yyyy'));
INSERT INTO PBANDI_D_INDICATORE_QSN (ID_INDICATORE_QSN, DESC_INDICATORE_QSN,COD_IGRUE_T12,ID_PRIORITA_QSN, DT_INIZIO_VALIDITA) VALUES (33,'Consumi en.elettr. coperti da fonti rinnov.(incl.idroelettr)',    21,3 ,to_date('01/01/2009','dd/mm/yyyy'));
INSERT INTO PBANDI_D_INDICATORE_QSN (ID_INDICATORE_QSN, DESC_INDICATORE_QSN,COD_IGRUE_T12,ID_PRIORITA_QSN, DT_INIZIO_VALIDITA) VALUES (34,'Intensita'' del consumo energetico',                              19,3 ,to_date('01/01/2009','dd/mm/yyyy'));
INSERT INTO PBANDI_D_INDICATORE_QSN (ID_INDICATORE_QSN, DESC_INDICATORE_QSN,COD_IGRUE_T12,ID_PRIORITA_QSN, DT_INIZIO_VALIDITA) VALUES (35,'Tasso di disoccupazione di lunga durata:',                        43,4 ,to_date('01/01/2009','dd/mm/yyyy'));
INSERT INTO PBANDI_D_INDICATORE_QSN (ID_INDICATORE_QSN, DESC_INDICATORE_QSN,COD_IGRUE_T12,ID_PRIORITA_QSN, DT_INIZIO_VALIDITA) VALUES (36,'Famiglie che vivono al di sotto della soglia di poverta''',       38,4 ,to_date('01/01/2009','dd/mm/yyyy'));
INSERT INTO PBANDI_D_INDICATORE_QSN (ID_INDICATORE_QSN, DESC_INDICATORE_QSN,COD_IGRUE_T12,ID_PRIORITA_QSN, DT_INIZIO_VALIDITA) VALUES (37,'Incidenza costo dell''ADI sul totale della spesa sanitaria',      42,4 ,to_date('01/01/2009','dd/mm/yyyy'));
INSERT INTO PBANDI_D_INDICATORE_QSN (ID_INDICATORE_QSN, DESC_INDICATORE_QSN,COD_IGRUE_T12,ID_PRIORITA_QSN, DT_INIZIO_VALIDITA) VALUES (38,'Presa in carico anziani x servizio assist.domicil.integrata',     41,4 ,to_date('01/01/2009','dd/mm/yyyy'));
INSERT INTO PBANDI_D_INDICATORE_QSN (ID_INDICATORE_QSN, DESC_INDICATORE_QSN,COD_IGRUE_T12,ID_PRIORITA_QSN, DT_INIZIO_VALIDITA) VALUES (39,'Indice di criminalita'' organizzata',                             35,4 ,to_date('01/01/2009','dd/mm/yyyy'));
INSERT INTO PBANDI_D_INDICATORE_QSN (ID_INDICATORE_QSN, DESC_INDICATORE_QSN,COD_IGRUE_T12,ID_PRIORITA_QSN, DT_INIZIO_VALIDITA) VALUES (40,'Diffusione dei servizi per l''infanzia:',                         39,4 ,to_date('01/01/2009','dd/mm/yyyy'));
INSERT INTO PBANDI_D_INDICATORE_QSN (ID_INDICATORE_QSN, DESC_INDICATORE_QSN,COD_IGRUE_T12,ID_PRIORITA_QSN, DT_INIZIO_VALIDITA) VALUES (41,'Popolaz. che vive in famiglie sotto della soglia di poverta''',   37,4 ,to_date('01/01/2009','dd/mm/yyyy'));
INSERT INTO PBANDI_D_INDICATORE_QSN (ID_INDICATORE_QSN, DESC_INDICATORE_QSN,COD_IGRUE_T12,ID_PRIORITA_QSN, DT_INIZIO_VALIDITA) VALUES (42,'Percezione del rischio di criminalita''',                         36,4 ,to_date('01/01/2009','dd/mm/yyyy'));
INSERT INTO PBANDI_D_INDICATORE_QSN (ID_INDICATORE_QSN, DESC_INDICATORE_QSN,COD_IGRUE_T12,ID_PRIORITA_QSN, DT_INIZIO_VALIDITA) VALUES (43,'Presa in carico dell''utenza per i servizi per l''infanzia:',     40,4 ,to_date('01/01/2009','dd/mm/yyyy'));
INSERT INTO PBANDI_D_INDICATORE_QSN (ID_INDICATORE_QSN, DESC_INDICATORE_QSN,COD_IGRUE_T12,ID_PRIORITA_QSN, DT_INIZIO_VALIDITA) VALUES (44,'Incidenza dei biglietti venduti nei circuiti museali',            48,5 ,to_date('01/01/2009','dd/mm/yyyy'));
INSERT INTO PBANDI_D_INDICATORE_QSN (ID_INDICATORE_QSN, DESC_INDICATORE_QSN,COD_IGRUE_T12,ID_PRIORITA_QSN, DT_INIZIO_VALIDITA) VALUES (45,'Biglietti venduti x attivita'' teatrali/musicali per 100 abit.',  49,5 ,to_date('01/01/2009','dd/mm/yyyy'));
INSERT INTO PBANDI_D_INDICATORE_QSN (ID_INDICATORE_QSN, DESC_INDICATORE_QSN,COD_IGRUE_T12,ID_PRIORITA_QSN, DT_INIZIO_VALIDITA) VALUES (46,'Attrazione turistica',                                            50,5 ,to_date('01/01/2009','dd/mm/yyyy'));
INSERT INTO PBANDI_D_INDICATORE_QSN (ID_INDICATORE_QSN, DESC_INDICATORE_QSN,COD_IGRUE_T12,ID_PRIORITA_QSN, DT_INIZIO_VALIDITA) VALUES (47,'N° visitatori di istituti statali di antichita'' e arte',         45,5 ,to_date('01/01/2009','dd/mm/yyyy'));
INSERT INTO PBANDI_D_INDICATORE_QSN (ID_INDICATORE_QSN, DESC_INDICATORE_QSN,COD_IGRUE_T12,ID_PRIORITA_QSN, DT_INIZIO_VALIDITA) VALUES (48,'Grado di promozione dell''offerta culturale',                     46,5 ,to_date('01/01/2009','dd/mm/yyyy'));
INSERT INTO PBANDI_D_INDICATORE_QSN (ID_INDICATORE_QSN, DESC_INDICATORE_QSN,COD_IGRUE_T12,ID_PRIORITA_QSN, DT_INIZIO_VALIDITA) VALUES (49,'Produttivita'' del lavoro nel settore del turismo',               52,5 ,to_date('01/01/2009','dd/mm/yyyy'));
INSERT INTO PBANDI_D_INDICATORE_QSN (ID_INDICATORE_QSN, DESC_INDICATORE_QSN,COD_IGRUE_T12,ID_PRIORITA_QSN, DT_INIZIO_VALIDITA) VALUES (50,'Turismo nei mesi non estivi',                                     51,5 ,to_date('01/01/2009','dd/mm/yyyy'));
INSERT INTO PBANDI_D_INDICATORE_QSN (ID_INDICATORE_QSN, DESC_INDICATORE_QSN,COD_IGRUE_T12,ID_PRIORITA_QSN, DT_INIZIO_VALIDITA) VALUES (51,'% Quota superficie interessata da regimi di protez.ambient.',     44,5 ,to_date('01/01/2009','dd/mm/yyyy'));
INSERT INTO PBANDI_D_INDICATORE_QSN (ID_INDICATORE_QSN, DESC_INDICATORE_QSN,COD_IGRUE_T12,ID_PRIORITA_QSN, DT_INIZIO_VALIDITA) VALUES (52,'Indice di domanda culturale nei circuiti museali',                47,5 ,to_date('01/01/2009','dd/mm/yyyy'));
INSERT INTO PBANDI_D_INDICATORE_QSN (ID_INDICATORE_QSN, DESC_INDICATORE_QSN,COD_IGRUE_T12,ID_PRIORITA_QSN, DT_INIZIO_VALIDITA) VALUES (53,'Utilizzo di mezzi pubblici di trasporto',                         55,6 ,to_date('01/01/2009','dd/mm/yyyy'));
INSERT INTO PBANDI_D_INDICATORE_QSN (ID_INDICATORE_QSN, DESC_INDICATORE_QSN,COD_IGRUE_T12,ID_PRIORITA_QSN, DT_INIZIO_VALIDITA) VALUES (54,'Scarsa accessibilita''',                                          54,6 ,to_date('01/01/2009','dd/mm/yyyy'));
INSERT INTO PBANDI_D_INDICATORE_QSN (ID_INDICATORE_QSN, DESC_INDICATORE_QSN,COD_IGRUE_T12,ID_PRIORITA_QSN, DT_INIZIO_VALIDITA) VALUES (55,'Accesssibilita'' media',                                          53,6 ,to_date('01/01/2009','dd/mm/yyyy'));
INSERT INTO PBANDI_D_INDICATORE_QSN (ID_INDICATORE_QSN, DESC_INDICATORE_QSN,COD_IGRUE_T12,ID_PRIORITA_QSN, DT_INIZIO_VALIDITA) VALUES (56,'Tonn.merci ingresso/uscita per ferrovia su totale modalita''',    57,6 ,to_date('01/01/2009','dd/mm/yyyy'));
INSERT INTO PBANDI_D_INDICATORE_QSN (ID_INDICATORE_QSN, DESC_INDICATORE_QSN,COD_IGRUE_T12,ID_PRIORITA_QSN, DT_INIZIO_VALIDITA) VALUES (57,'Tonn.merci ingresso/uscita in navigaz.cabot.su tot.modalit',      56,6 ,to_date('01/01/2009','dd/mm/yyyy'));
INSERT INTO PBANDI_D_INDICATORE_QSN (ID_INDICATORE_QSN, DESC_INDICATORE_QSN,COD_IGRUE_T12,ID_PRIORITA_QSN, DT_INIZIO_VALIDITA) VALUES (58,'Indice di intensita'' creditizia',                                63,7 ,to_date('01/01/2009','dd/mm/yyyy'));
INSERT INTO PBANDI_D_INDICATORE_QSN (ID_INDICATORE_QSN, DESC_INDICATORE_QSN,COD_IGRUE_T12,ID_PRIORITA_QSN, DT_INIZIO_VALIDITA) VALUES (59,'Investimenti in capitale di rischio - early stage',               64,7 ,to_date('01/01/2009','dd/mm/yyyy'));
INSERT INTO PBANDI_D_INDICATORE_QSN (ID_INDICATORE_QSN, DESC_INDICATORE_QSN,COD_IGRUE_T12,ID_PRIORITA_QSN, DT_INIZIO_VALIDITA) VALUES (60,'Investimenti in capitale di rischio- expansion e replacement',    65,7 ,to_date('01/01/2009','dd/mm/yyyy'));
INSERT INTO PBANDI_D_INDICATORE_QSN (ID_INDICATORE_QSN, DESC_INDICATORE_QSN,COD_IGRUE_T12,ID_PRIORITA_QSN, DT_INIZIO_VALIDITA) VALUES (61,'Imprese che hanno introdotto innovazioni di prod./processo',      62,7 ,to_date('01/01/2009','dd/mm/yyyy'));
INSERT INTO PBANDI_D_INDICATORE_QSN (ID_INDICATORE_QSN, DESC_INDICATORE_QSN,COD_IGRUE_T12,ID_PRIORITA_QSN, DT_INIZIO_VALIDITA) VALUES (62,'Tasso netto di turnover delle imprese',                           61,7 ,to_date('01/01/2009','dd/mm/yyyy'));
INSERT INTO PBANDI_D_INDICATORE_QSN (ID_INDICATORE_QSN, DESC_INDICATORE_QSN,COD_IGRUE_T12,ID_PRIORITA_QSN, DT_INIZIO_VALIDITA) VALUES (63,'Tasso di iscrizione netto nel registro delle imprese',            60,7 ,to_date('01/01/2009','dd/mm/yyyy'));
INSERT INTO PBANDI_D_INDICATORE_QSN (ID_INDICATORE_QSN, DESC_INDICATORE_QSN,COD_IGRUE_T12,ID_PRIORITA_QSN, DT_INIZIO_VALIDITA) VALUES (64,'Tasso di natalità delle imprese',                                 59,7 ,to_date('01/01/2009','dd/mm/yyyy'));
INSERT INTO PBANDI_D_INDICATORE_QSN (ID_INDICATORE_QSN, DESC_INDICATORE_QSN,COD_IGRUE_T12,ID_PRIORITA_QSN, DT_INIZIO_VALIDITA) VALUES (65,'Tasso di iscrizione lordo nel registro delle imprese',            58,7 ,to_date('01/01/2009','dd/mm/yyyy'));
INSERT INTO PBANDI_D_INDICATORE_QSN (ID_INDICATORE_QSN, DESC_INDICATORE_QSN,COD_IGRUE_T12,ID_PRIORITA_QSN, DT_INIZIO_VALIDITA) VALUES (66,'Capacita'' di offrire lavoro regolare',                           66,7 ,to_date('01/01/2009','dd/mm/yyyy'));
INSERT INTO PBANDI_D_INDICATORE_QSN (ID_INDICATORE_QSN, DESC_INDICATORE_QSN,COD_IGRUE_T12,ID_PRIORITA_QSN, DT_INIZIO_VALIDITA) VALUES (67,'Tasso di occupazione lavoratori anziani',                         71,7 ,to_date('01/01/2009','dd/mm/yyyy'));
INSERT INTO PBANDI_D_INDICATORE_QSN (ID_INDICATORE_QSN, DESC_INDICATORE_QSN,COD_IGRUE_T12,ID_PRIORITA_QSN, DT_INIZIO_VALIDITA) VALUES (68,'Tasso di occupazione femminile',                                  70,7 ,to_date('01/01/2009','dd/mm/yyyy'));
INSERT INTO PBANDI_D_INDICATORE_QSN (ID_INDICATORE_QSN, DESC_INDICATORE_QSN,COD_IGRUE_T12,ID_PRIORITA_QSN, DT_INIZIO_VALIDITA) VALUES (69,'Tasso di occupazione',                                            69,7 ,to_date('01/01/2009','dd/mm/yyyy'));
INSERT INTO PBANDI_D_INDICATORE_QSN (ID_INDICATORE_QSN, DESC_INDICATORE_QSN,COD_IGRUE_T12,ID_PRIORITA_QSN, DT_INIZIO_VALIDITA) VALUES (70,'Tasso di disoccupazione giovanile',                               68,7 ,to_date('01/01/2009','dd/mm/yyyy'));
INSERT INTO PBANDI_D_INDICATORE_QSN (ID_INDICATORE_QSN, DESC_INDICATORE_QSN,COD_IGRUE_T12,ID_PRIORITA_QSN, DT_INIZIO_VALIDITA) VALUES (71,'Tasso di disoccupazione',                                         67,7 ,to_date('01/01/2009','dd/mm/yyyy'));
INSERT INTO PBANDI_D_INDICATORE_QSN (ID_INDICATORE_QSN, DESC_INDICATORE_QSN,COD_IGRUE_T12,ID_PRIORITA_QSN, DT_INIZIO_VALIDITA) VALUES (72,'Indice di attrattivita'' delle universita''',                     72,8 ,to_date('01/01/2009','dd/mm/yyyy'));
INSERT INTO PBANDI_D_INDICATORE_QSN (ID_INDICATORE_QSN, DESC_INDICATORE_QSN,COD_IGRUE_T12,ID_PRIORITA_QSN, DT_INIZIO_VALIDITA) VALUES (73,'Trasporto pubblico locale nelle citta''',                         73,8 ,to_date('01/01/2009','dd/mm/yyyy'));
INSERT INTO PBANDI_D_INDICATORE_QSN (ID_INDICATORE_QSN, DESC_INDICATORE_QSN,COD_IGRUE_T12,ID_PRIORITA_QSN, DT_INIZIO_VALIDITA) VALUES (74,'Indice di attrattivita'' dei servizi ospedalieri',                75,8 ,to_date('01/01/2009','dd/mm/yyyy'));
INSERT INTO PBANDI_D_INDICATORE_QSN (ID_INDICATORE_QSN, DESC_INDICATORE_QSN,COD_IGRUE_T12,ID_PRIORITA_QSN, DT_INIZIO_VALIDITA) VALUES (75,'Monitoraggio della qualita'' dell''aria',                         74,8 ,to_date('01/01/2009','dd/mm/yyyy'));
INSERT INTO PBANDI_D_INDICATORE_QSN (ID_INDICATORE_QSN, DESC_INDICATORE_QSN,COD_IGRUE_T12,ID_PRIORITA_QSN, DT_INIZIO_VALIDITA) VALUES (76,'Investimenti diretti netti dall''estero in Italia sul Pil',       78,9 ,to_date('01/01/2009','dd/mm/yyyy'));
INSERT INTO PBANDI_D_INDICATORE_QSN (ID_INDICATORE_QSN, DESC_INDICATORE_QSN,COD_IGRUE_T12,ID_PRIORITA_QSN, DT_INIZIO_VALIDITA) VALUES (77,'Esportazioni di prodotti a elevata o crescente produttivita''',   77,9 ,to_date('01/01/2009','dd/mm/yyyy'));
INSERT INTO PBANDI_D_INDICATORE_QSN (ID_INDICATORE_QSN, DESC_INDICATORE_QSN,COD_IGRUE_T12,ID_PRIORITA_QSN, DT_INIZIO_VALIDITA) VALUES (78,'Valore delle esportazioni di merci in % del PIL',                 76,9 ,to_date('01/01/2009','dd/mm/yyyy'));
INSERT INTO PBANDI_D_INDICATORE_QSN (ID_INDICATORE_QSN, DESC_INDICATORE_QSN,COD_IGRUE_T12,ID_PRIORITA_QSN, DT_INIZIO_VALIDITA) VALUES (79,'Nessun indicatore',                                               79,10,to_date('01/01/2009','dd/mm/yyyy'));

INSERT INTO PBANDI_D_OBIETTIVO_GEN_QSN (ID_OBIETTIVO_GEN_QSN, DESC_OBIETTIVO_GENERALE_QSN, COD_IGRUE_T2,ID_PRIORITA_QSN, DT_INIZIO_VALIDITA) VALUES (1,'Rafforzare, integrare e migliorare la qualita'' dei sistemi di istruzione, formazione e lavoro e il loro collegamento con il territorio',                                                                                                                                                                                                                                                               '1',1 ,to_date('01/01/2009','dd/mm/yyyy'));
INSERT INTO PBANDI_D_OBIETTIVO_GEN_QSN (ID_OBIETTIVO_GEN_QSN, DESC_OBIETTIVO_GENERALE_QSN, COD_IGRUE_T2,ID_PRIORITA_QSN, DT_INIZIO_VALIDITA) VALUES (2,'Innalzare i livelli di apprendimento e di competenze chiave, l''effettiva equita'' di accesso ai percorsi migliori, aumentare la copertura dei percorsi di istruzione e formazione iniziale',                                                                                                                                                                                                           '2',1 ,to_date('01/01/2009','dd/mm/yyyy'));
INSERT INTO PBANDI_D_OBIETTIVO_GEN_QSN (ID_OBIETTIVO_GEN_QSN, DESC_OBIETTIVO_GENERALE_QSN, COD_IGRUE_T2,ID_PRIORITA_QSN, DT_INIZIO_VALIDITA) VALUES (3,'Aumentare la partecipazione a opportunita'' formative di base e avanzate lungo tutto l''arco della vita',                                                                                                                                                                                                                                                                                               '3',1 ,to_date('01/01/2009','dd/mm/yyyy'));
INSERT INTO PBANDI_D_OBIETTIVO_GEN_QSN (ID_OBIETTIVO_GEN_QSN, DESC_OBIETTIVO_GENERALE_QSN, COD_IGRUE_T2,ID_PRIORITA_QSN, DT_INIZIO_VALIDITA) VALUES (4,'Migliorare la capacita'' di adattamento, innovazione e competitivita'' delle persone e degli attori economici del sistema',                                                                                                                                                                                                                                                                             '4',1 ,to_date('01/01/2009','dd/mm/yyyy'));
INSERT INTO PBANDI_D_OBIETTIVO_GEN_QSN (ID_OBIETTIVO_GEN_QSN, DESC_OBIETTIVO_GENERALE_QSN, COD_IGRUE_T2,ID_PRIORITA_QSN, DT_INIZIO_VALIDITA) VALUES (5,'Rafforzare e valorizzare l''intera filiera della ricerca e le reti di cooperazione tra il sistema della ricerca e le imprese, per contribuire alla competitivita'' e alla crescita economica;sostenere la massima diffusione e utilizzo di nuove tecnologie e servizi avanzati; innalzare il livello delle competenze e conoscenze scientifiche e tecniche nel sistema produttivo e nelle Istituzioni', '1',2 ,to_date('01/01/2009','dd/mm/yyyy'));
INSERT INTO PBANDI_D_OBIETTIVO_GEN_QSN (ID_OBIETTIVO_GEN_QSN, DESC_OBIETTIVO_GENERALE_QSN, COD_IGRUE_T2,ID_PRIORITA_QSN, DT_INIZIO_VALIDITA) VALUES (6,'Promuovere le opportunita'' di sviluppo locale attraverso l''attivazione di filiere produttive collegate all''aumento della quota di energia prodotta da fonti rinnovabili e al risparmio energetico',                                                                                                                                                                                                  '1',3 ,to_date('01/01/2009','dd/mm/yyyy'));
INSERT INTO PBANDI_D_OBIETTIVO_GEN_QSN (ID_OBIETTIVO_GEN_QSN, DESC_OBIETTIVO_GENERALE_QSN, COD_IGRUE_T2,ID_PRIORITA_QSN, DT_INIZIO_VALIDITA) VALUES (7,'Garantire le condizioni di sostenibilita'' ambientale dello sviluppo e livelli adeguati di servizi ambientali per la popolazione e le imprese',                                                                                                                                                                                                                                                         '2',3 ,to_date('01/01/2009','dd/mm/yyyy'));
INSERT INTO PBANDI_D_OBIETTIVO_GEN_QSN (ID_OBIETTIVO_GEN_QSN, DESC_OBIETTIVO_GENERALE_QSN, COD_IGRUE_T2,ID_PRIORITA_QSN, DT_INIZIO_VALIDITA) VALUES (8,'Promuovere una societa'' inclusiva e garantire condizioni di sicurezza al fine di migliorare, in modo permanente, le condizioni di contesto che più direttamente favoriscono lo sviluppo',                                                                                                                                                                                                              '1',4 ,to_date('01/01/2009','dd/mm/yyyy'));
INSERT INTO PBANDI_D_OBIETTIVO_GEN_QSN (ID_OBIETTIVO_GEN_QSN, DESC_OBIETTIVO_GENERALE_QSN, COD_IGRUE_T2,ID_PRIORITA_QSN, DT_INIZIO_VALIDITA) VALUES (9,'Valorizzare le risorse naturali, culturali e paesaggistiche locali, trasformandole in vantaggio competitivo per aumentare l''attrattivita'', anche turistica, del territorio, migliorare la qualita'' della vita dei residenti e promuovere nuove forme di sviluppo economico sostenibile',                                                                                                             '1',5 ,to_date('01/01/2009','dd/mm/yyyy')); 
INSERT INTO PBANDI_D_OBIETTIVO_GEN_QSN (ID_OBIETTIVO_GEN_QSN, DESC_OBIETTIVO_GENERALE_QSN, COD_IGRUE_T2,ID_PRIORITA_QSN, DT_INIZIO_VALIDITA) VALUES (10,'Accelerare la realizzazione di un sistema di trasporto efficiente, integrato, flessibile,sicuro e sostenibile per assicurare servizi logistici e di trasporto funzionali allo sviluppo',                                                                                                                                                                                                                '1',6 ,to_date('01/01/2009','dd/mm/yyyy'));
INSERT INTO PBANDI_D_OBIETTIVO_GEN_QSN (ID_OBIETTIVO_GEN_QSN, DESC_OBIETTIVO_GENERALE_QSN, COD_IGRUE_T2,ID_PRIORITA_QSN, DT_INIZIO_VALIDITA) VALUES (11,'Promuovere processi sostenibili e inclusivi di innovazione e sviluppo imprenditoriale',                                                                                                                                                                                                                                                                                                                 '2',7 ,to_date('01/01/2009','dd/mm/yyyy'));
INSERT INTO PBANDI_D_OBIETTIVO_GEN_QSN (ID_OBIETTIVO_GEN_QSN, DESC_OBIETTIVO_GENERALE_QSN, COD_IGRUE_T2,ID_PRIORITA_QSN, DT_INIZIO_VALIDITA) VALUES (12,'Qualificare e finalizzare in termini di occupabilita'' e adattabilita'' gli interventi e i servizi di politica attiva del lavoro, collegandoli alle prospettive di sviluppo del territorio',                                                                                                                                                                                                            '3',7 ,to_date('01/01/2009','dd/mm/yyyy'));
INSERT INTO PBANDI_D_OBIETTIVO_GEN_QSN (ID_OBIETTIVO_GEN_QSN, DESC_OBIETTIVO_GENERALE_QSN, COD_IGRUE_T2,ID_PRIORITA_QSN, DT_INIZIO_VALIDITA) VALUES (13,'Accrescere l''efficacia degli interventi per i sistemi locali, migliorando la governance e la capacita'' di integrazione fra politiche',                                                                                                                                                                                                                                                                '1',7 ,to_date('01/01/2009','dd/mm/yyyy'));
INSERT INTO PBANDI_D_OBIETTIVO_GEN_QSN (ID_OBIETTIVO_GEN_QSN, DESC_OBIETTIVO_GENERALE_QSN, COD_IGRUE_T2,ID_PRIORITA_QSN, DT_INIZIO_VALIDITA) VALUES (14,'Promuovere la competitivita'', l''innovazione e l''attrattivita'' delle citta'' e delle reti urbane attraverso la diffusione di servizi avanzati di qualita'', il miglioramento della qualita'' della vita, e il collegamento con le reti materiali e immateriali',                                                                                                                                     '1',8 ,to_date('01/01/2009','dd/mm/yyyy'));        
INSERT INTO PBANDI_D_OBIETTIVO_GEN_QSN (ID_OBIETTIVO_GEN_QSN, DESC_OBIETTIVO_GENERALE_QSN, COD_IGRUE_T2,ID_PRIORITA_QSN, DT_INIZIO_VALIDITA) VALUES (15,'Sviluppare la capacita'' di apertura del sistema economico nazionale e di attuare politiche di rapporti stabili e di radicamento sui mercati internazionali e favorire la localizzazione nel nostro Paese di capitali, investimenti, competenze e flussi di consumo provenienti dall''esterno, di qualita'' elevata, in grado di dare un contributo allo sviluppo nazionale',                           '1',9 ,to_date('01/01/2009','dd/mm/yyyy')); 
INSERT INTO PBANDI_D_OBIETTIVO_GEN_QSN (ID_OBIETTIVO_GEN_QSN, DESC_OBIETTIVO_GENERALE_QSN, COD_IGRUE_T2,ID_PRIORITA_QSN, DT_INIZIO_VALIDITA) VALUES (16,'Elevare le capacita'' delle amministrazioni, accrescere i livelli di legalita'', rafforzare il coinvolgimento del partenariato e contribuire all''apertura dei mercati dei servizi per una programmazione e gestione piu'' efficace ed efficiente della politica regionale aggiuntiva',                                                                                                                 '1',10,to_date('01/01/2009','dd/mm/yyyy'));   

INSERT INTO PBANDI_D_OBIETTIVO_SPECIF_QSN (ID_OBIETTIVO_SPECIF_QSN, DESC_OBIETTIVO_SPECIFICO_QSN, COD_IGRUE_T2, ID_OBIETTIVO_GEN_QSN,DT_INIZIO_VALIDITA) VALUES (1,'Migliorare la qualita'' e l''equita'' della partecipazione sociale e lavorativa, attraverso maggiore integrazione e accessibilita'' dei servizi di protezione sociale, di cura e conciliazione e dei sistemi di formazione, apprendimento e lavoro, con particolare attenzione alle pari opportunita'' e alle azioni di antidiscriminazione','1',8  ,to_date('01/01/2009','dd/mm/yyyy')); 
INSERT INTO PBANDI_D_OBIETTIVO_SPECIF_QSN (ID_OBIETTIVO_SPECIF_QSN, DESC_OBIETTIVO_SPECIFICO_QSN, COD_IGRUE_T2, ID_OBIETTIVO_GEN_QSN,DT_INIZIO_VALIDITA) VALUES (2,'Aumentare in maniera sostenibile la competitivita'' internazionale delle destinazioni turistiche delle Regioni italiane, migliorando la qualita'' dell''offerta e l''orientamento al mercato dei pacchetti turistici territoriali e valorizzando gli specifici vantaggi competitivi locali, in primo luogo le risorse naturali e culturali', '3',9  ,to_date('01/01/2009','dd/mm/yyyy'));
INSERT INTO PBANDI_D_OBIETTIVO_SPECIF_QSN (ID_OBIETTIVO_SPECIF_QSN, DESC_OBIETTIVO_SPECIFICO_QSN, COD_IGRUE_T2, ID_OBIETTIVO_GEN_QSN,DT_INIZIO_VALIDITA) VALUES (3,'Favorire la connessione delle aree produttive e dei sistemi urbani alle reti principali, le sinergie tra i territori e i nodi logistici e l''accessibilita'' delle aree periferiche: migliorare i servizi di trasporto a livello regionale e promuovere modalità sostenibili',                                                               '3',10 ,to_date('01/01/2009','dd/mm/yyyy'));
INSERT INTO PBANDI_D_OBIETTIVO_SPECIF_QSN (ID_OBIETTIVO_SPECIF_QSN, DESC_OBIETTIVO_SPECIFICO_QSN, COD_IGRUE_T2, ID_OBIETTIVO_GEN_QSN,DT_INIZIO_VALIDITA) VALUES (4,'Sostenere la competitivita'' dei sistemi produttivi locali favorendo anche la loro Internazionalizzazione',                                                                                                                                                                                                                                  '2',11 ,to_date('01/01/2009','dd/mm/yyyy'));
INSERT INTO PBANDI_D_OBIETTIVO_SPECIF_QSN (ID_OBIETTIVO_SPECIF_QSN, DESC_OBIETTIVO_SPECIFICO_QSN, COD_IGRUE_T2, ID_OBIETTIVO_GEN_QSN,DT_INIZIO_VALIDITA) VALUES (5,'Migliorare la qualita'' del lavoro e sostenere la mobilita'' geografica e professionale.',                                                                                                                                                                                                                                                   '3',12 ,to_date('01/01/2009','dd/mm/yyyy'));
INSERT INTO PBANDI_D_OBIETTIVO_SPECIF_QSN (ID_OBIETTIVO_SPECIF_QSN, DESC_OBIETTIVO_SPECIFICO_QSN, COD_IGRUE_T2, ID_OBIETTIVO_GEN_QSN,DT_INIZIO_VALIDITA) VALUES (6,'Migliorare la qualita'' dell''offerta di istruzione-formazione, i risultati dell''apprendimento e agevolare la riconoscibilita'' delle competenze acquisite',                                                                                                                                                                                '1',1  ,to_date('01/01/2009','dd/mm/yyyy'));
INSERT INTO PBANDI_D_OBIETTIVO_SPECIF_QSN (ID_OBIETTIVO_SPECIF_QSN, DESC_OBIETTIVO_SPECIFICO_QSN, COD_IGRUE_T2, ID_OBIETTIVO_GEN_QSN,DT_INIZIO_VALIDITA) VALUES (7,'Migliorare il governo dell''attuazione, l''integrazione tra i sistemi dell''istruzione,formazione e lavoro e il rapporto con il territorio',                                                                                                                                                                                                 '2',1  ,to_date('01/01/2009','dd/mm/yyyy'));
INSERT INTO PBANDI_D_OBIETTIVO_SPECIF_QSN (ID_OBIETTIVO_SPECIF_QSN, DESC_OBIETTIVO_SPECIFICO_QSN, COD_IGRUE_T2, ID_OBIETTIVO_GEN_QSN,DT_INIZIO_VALIDITA) VALUES (8,'Accrescere il tasso di partecipazione all''istruzione e formazione iniziale',                                                                                                                                                                                                                                                                '1',2  ,to_date('01/01/2009','dd/mm/yyyy'));
INSERT INTO PBANDI_D_OBIETTIVO_SPECIF_QSN (ID_OBIETTIVO_SPECIF_QSN, DESC_OBIETTIVO_SPECIFICO_QSN, COD_IGRUE_T2, ID_OBIETTIVO_GEN_QSN,DT_INIZIO_VALIDITA) VALUES (9,'Innalzare i livelli medi dell''apprendimento, promuovere le eccellenze e garantire un livello minimo di competenze per tutti',                                                                                                                                                                                                               '2',2  ,to_date('01/01/2009','dd/mm/yyyy'));
INSERT INTO PBANDI_D_OBIETTIVO_SPECIF_QSN (ID_OBIETTIVO_SPECIF_QSN, DESC_OBIETTIVO_SPECIFICO_QSN, COD_IGRUE_T2, ID_OBIETTIVO_GEN_QSN,DT_INIZIO_VALIDITA) VALUES (10,'Garantire l''accessibilita'' a opportunita'' formative, certificate, per le competenze chiave e la cittadinanza attiva',                                                                                                                                                                                                                     '1',3  ,to_date('01/01/2009','dd/mm/yyyy'));
INSERT INTO PBANDI_D_OBIETTIVO_SPECIF_QSN (ID_OBIETTIVO_SPECIF_QSN, DESC_OBIETTIVO_SPECIFICO_QSN, COD_IGRUE_T2, ID_OBIETTIVO_GEN_QSN,DT_INIZIO_VALIDITA) VALUES (11,'Accrescere l''utilizzo di percorsi integrati per l''inserimento e il reinserimento lavorativo',                                                                                                                                                                                                                                              '3',3  ,to_date('01/01/2009','dd/mm/yyyy'));
INSERT INTO PBANDI_D_OBIETTIVO_SPECIF_QSN (ID_OBIETTIVO_SPECIF_QSN, DESC_OBIETTIVO_SPECIFICO_QSN, COD_IGRUE_T2, ID_OBIETTIVO_GEN_QSN,DT_INIZIO_VALIDITA) VALUES (12,'Sostenere politiche di formazione e politiche di anticipazione indirizzate alla competitivita'' delle imprese',                                                                                                                                                                                                                              '1',4  ,to_date('01/01/2009','dd/mm/yyyy'));
INSERT INTO PBANDI_D_OBIETTIVO_SPECIF_QSN (ID_OBIETTIVO_SPECIF_QSN, DESC_OBIETTIVO_SPECIFICO_QSN, COD_IGRUE_T2, ID_OBIETTIVO_GEN_QSN,DT_INIZIO_VALIDITA) VALUES (13,'Valorizzare competenze e funzioni di mediazione per superare i limiti di tipo relazionale e organizzativo tra gli attori del sistema della ricerca e dell''innovazione',                                                                                                                                                                     '2',5  ,to_date('01/01/2009','dd/mm/yyyy'));
INSERT INTO PBANDI_D_OBIETTIVO_SPECIF_QSN (ID_OBIETTIVO_SPECIF_QSN, DESC_OBIETTIVO_SPECIFICO_QSN, COD_IGRUE_T2, ID_OBIETTIVO_GEN_QSN,DT_INIZIO_VALIDITA) VALUES (14,'Aumentare la propensione delle imprese a investire in ricerca e innovazione',                                                                                                                                                                                                                                                                '3',5  ,to_date('01/01/2009','dd/mm/yyyy'));
INSERT INTO PBANDI_D_OBIETTIVO_SPECIF_QSN (ID_OBIETTIVO_SPECIF_QSN, DESC_OBIETTIVO_SPECIFICO_QSN, COD_IGRUE_T2, ID_OBIETTIVO_GEN_QSN,DT_INIZIO_VALIDITA) VALUES (15,'Valorizzare la capacita'' di ricerca, trasferimento e assorbimento dell''innovazione da parte delle Regioni tramite la cooperazione territoriale',                                                                                                                                                                                           '5',5  ,to_date('01/01/2009','dd/mm/yyyy'));
INSERT INTO PBANDI_D_OBIETTIVO_SPECIF_QSN (ID_OBIETTIVO_SPECIF_QSN, DESC_OBIETTIVO_SPECIFICO_QSN, COD_IGRUE_T2, ID_OBIETTIVO_GEN_QSN,DT_INIZIO_VALIDITA) VALUES (16,'Sviluppare contenuti, applicazioni e servizi digitali avanzati e accrescerne la capacita'' di utilizzo, l''accessibilita'' e fruibilita'' anche attraverso adeguata promozione dell''offerta',                                                                                                                                               '6',5  ,to_date('01/01/2009','dd/mm/yyyy'));
INSERT INTO PBANDI_D_OBIETTIVO_SPECIF_QSN (ID_OBIETTIVO_SPECIF_QSN, DESC_OBIETTIVO_SPECIFICO_QSN, COD_IGRUE_T2, ID_OBIETTIVO_GEN_QSN,DT_INIZIO_VALIDITA) VALUES (17,'Sostenere la promozione di servizi pubblici moderni e rafforzare i processi di innovazione della Pubblica Amministrazione attorno alle nuove Tecnologie dell''Informazione e Comunicazione',                                                                                                                                                 '7',5  ,to_date('01/01/2009','dd/mm/yyyy'));
INSERT INTO PBANDI_D_OBIETTIVO_SPECIF_QSN (ID_OBIETTIVO_SPECIF_QSN, DESC_OBIETTIVO_SPECIFICO_QSN, COD_IGRUE_T2, ID_OBIETTIVO_GEN_QSN,DT_INIZIO_VALIDITA) VALUES (18,'Diversificazione delle fonti energetiche e aumento dell''energia prodotta da fonti rinnovabili',                                                                                                                                                                                                                                             '1',6  ,to_date('01/01/2009','dd/mm/yyyy'));
INSERT INTO PBANDI_D_OBIETTIVO_SPECIF_QSN (ID_OBIETTIVO_SPECIF_QSN, DESC_OBIETTIVO_SPECIFICO_QSN, COD_IGRUE_T2, ID_OBIETTIVO_GEN_QSN,DT_INIZIO_VALIDITA) VALUES (19,'Promozione dell''efficienza energetica e del risparmio dell''energia',                                                                                                                                                                                                                                                                       '2',7  ,to_date('01/01/2009','dd/mm/yyyy'));
INSERT INTO PBANDI_D_OBIETTIVO_SPECIF_QSN (ID_OBIETTIVO_SPECIF_QSN, DESC_OBIETTIVO_SPECIFICO_QSN, COD_IGRUE_T2, ID_OBIETTIVO_GEN_QSN,DT_INIZIO_VALIDITA) VALUES (20,'Accrescere la capacita'' di offerta, la qualita'' e l''efficienza del servizio idrico, e rafforzare la difesa del suolo e la prevenzione dei rischi naturali',                                                                                                                                                                               '1',8  ,to_date('01/01/2009','dd/mm/yyyy'));
INSERT INTO PBANDI_D_OBIETTIVO_SPECIF_QSN (ID_OBIETTIVO_SPECIF_QSN, DESC_OBIETTIVO_SPECIFICO_QSN, COD_IGRUE_T2, ID_OBIETTIVO_GEN_QSN,DT_INIZIO_VALIDITA) VALUES (21,'Garantire migliori condizioni di sicurezza a cittadini e imprese contribuendo alla riqualificazione dei contesti caratterizzati da maggiore pervasivita'' e rilevanza dei fenomeni criminali',                                                                                                                                               '2',9  ,to_date('01/01/2009','dd/mm/yyyy'));
INSERT INTO PBANDI_D_OBIETTIVO_SPECIF_QSN (ID_OBIETTIVO_SPECIF_QSN, DESC_OBIETTIVO_SPECIFICO_QSN, COD_IGRUE_T2, ID_OBIETTIVO_GEN_QSN,DT_INIZIO_VALIDITA) VALUES (22,'Valorizzare la rete ecologica e tutelare la biodiversita'' per migliorare la qualita'' dell''ambiente e promuovere opportunita'' di sviluppo economico sostenibile',                                                                                                                                                                         '1',9  ,to_date('01/01/2009','dd/mm/yyyy'));
INSERT INTO PBANDI_D_OBIETTIVO_SPECIF_QSN (ID_OBIETTIVO_SPECIF_QSN, DESC_OBIETTIVO_SPECIFICO_QSN, COD_IGRUE_T2, ID_OBIETTIVO_GEN_QSN,DT_INIZIO_VALIDITA) VALUES (23,'Valorizzare i beni e le attivita'' culturali quale vantaggio comparato delle Regioni italiane per aumentarne l''attrattivita'' territoriale, per rafforzare la coesione sociale e migliorare la qualita'' della vita dei residenti',                                                                                                         '2',9  ,to_date('01/01/2009','dd/mm/yyyy'));
INSERT INTO PBANDI_D_OBIETTIVO_SPECIF_QSN (ID_OBIETTIVO_SPECIF_QSN, DESC_OBIETTIVO_SPECIFICO_QSN, COD_IGRUE_T2, ID_OBIETTIVO_GEN_QSN,DT_INIZIO_VALIDITA) VALUES (24,'Rafforzare la capacita'' di conservazione e gestione delle risorse naturali e culturali mediante la cooperazione territoriale',                                                                                                                                                                                                              '4',10 ,to_date('01/01/2009','dd/mm/yyyy'));
INSERT INTO PBANDI_D_OBIETTIVO_SPECIF_QSN (ID_OBIETTIVO_SPECIF_QSN, DESC_OBIETTIVO_SPECIFICO_QSN, COD_IGRUE_T2, ID_OBIETTIVO_GEN_QSN,DT_INIZIO_VALIDITA) VALUES (25,'Contribuire alla realizzazione di un sistema logistico nazionale, supportando la costruzione di una rete nazionale di terminali di trasporto e di logistica, integrata, sicura, interconnessa ed omogenea',                                                                                                                                  '1',10 ,to_date('01/01/2009','dd/mm/yyyy'));
INSERT INTO PBANDI_D_OBIETTIVO_SPECIF_QSN (ID_OBIETTIVO_SPECIF_QSN, DESC_OBIETTIVO_SPECIFICO_QSN, COD_IGRUE_T2, ID_OBIETTIVO_GEN_QSN,DT_INIZIO_VALIDITA) VALUES (26,'Promuovere la mobilita'' urbana sostenibile e la logistica urbana',                                                                                                                                                                                                                                                                          '2',13 ,to_date('01/01/2009','dd/mm/yyyy'));
INSERT INTO PBANDI_D_OBIETTIVO_SPECIF_QSN (ID_OBIETTIVO_SPECIF_QSN, DESC_OBIETTIVO_SPECIFICO_QSN, COD_IGRUE_T2, ID_OBIETTIVO_GEN_QSN,DT_INIZIO_VALIDITA) VALUES (27,'Aumentare la capacita'' delle Istituzioni locali quale condizione per l''efficacia di progetti locali e di area vasta e della governance del territorio',                                                                                                                                                                                    '1',11 ,to_date('01/01/2009','dd/mm/yyyy'));
INSERT INTO PBANDI_D_OBIETTIVO_SPECIF_QSN (ID_OBIETTIVO_SPECIF_QSN, DESC_OBIETTIVO_SPECIFICO_QSN, COD_IGRUE_T2, ID_OBIETTIVO_GEN_QSN,DT_INIZIO_VALIDITA) VALUES (28,'Qualificare il partenariato socio-economico e rafforzarne il ruolo nello sviluppo locale',                                                                                                                                                                                                                                                   '2',11 ,to_date('01/01/2009','dd/mm/yyyy'));
INSERT INTO PBANDI_D_OBIETTIVO_SPECIF_QSN (ID_OBIETTIVO_SPECIF_QSN, DESC_OBIETTIVO_SPECIFICO_QSN, COD_IGRUE_T2, ID_OBIETTIVO_GEN_QSN,DT_INIZIO_VALIDITA) VALUES (29,'Migliorare l''efficacia dei servizi alle imprese',                                                                                                                                                                                                                                                                                           '1',11 ,to_date('01/01/2009','dd/mm/yyyy'));
INSERT INTO PBANDI_D_OBIETTIVO_SPECIF_QSN (ID_OBIETTIVO_SPECIF_QSN, DESC_OBIETTIVO_SPECIFICO_QSN, COD_IGRUE_T2, ID_OBIETTIVO_GEN_QSN,DT_INIZIO_VALIDITA) VALUES (30,'Contribuire al miglioramento dell''efficienza del mercato dei capitali',                                                                                                                                                                                                                                                                     '3',12 ,to_date('01/01/2009','dd/mm/yyyy'));
INSERT INTO PBANDI_D_OBIETTIVO_SPECIF_QSN (ID_OBIETTIVO_SPECIF_QSN, DESC_OBIETTIVO_SPECIFICO_QSN, COD_IGRUE_T2, ID_OBIETTIVO_GEN_QSN,DT_INIZIO_VALIDITA) VALUES (31,'Favorire l''emersione e contrastare l''irregolarita''',                                                                                                                                                                                                                                                                                      '4',12 ,to_date('01/01/2009','dd/mm/yyyy'));
INSERT INTO PBANDI_D_OBIETTIVO_SPECIF_QSN (ID_OBIETTIVO_SPECIF_QSN, DESC_OBIETTIVO_SPECIFICO_QSN, COD_IGRUE_T2, ID_OBIETTIVO_GEN_QSN,DT_INIZIO_VALIDITA) VALUES (32,'Migliorare l''efficacia dei servizi di intermediazione tra domanda e offerta di lavoro e i raccordi con i sistemi delle imprese, dell''istruzione, della formazione e con le politiche sociali',                                                                                                                                             '1',14 ,to_date('01/01/2009','dd/mm/yyyy'));
INSERT INTO PBANDI_D_OBIETTIVO_SPECIF_QSN (ID_OBIETTIVO_SPECIF_QSN, DESC_OBIETTIVO_SPECIFICO_QSN, COD_IGRUE_T2, ID_OBIETTIVO_GEN_QSN,DT_INIZIO_VALIDITA) VALUES (33,'Migliorare la qualita'' del lavoro e sostenere la mobilita'' geografica e professionale',                                                                                                                                                                                                                                                    '2',14 ,to_date('01/01/2009','dd/mm/yyyy'));
INSERT INTO PBANDI_D_OBIETTIVO_SPECIF_QSN (ID_OBIETTIVO_SPECIF_QSN, DESC_OBIETTIVO_SPECIFICO_QSN, COD_IGRUE_T2, ID_OBIETTIVO_GEN_QSN,DT_INIZIO_VALIDITA) VALUES (34,'Sostenere la crescita e la diffusione delle funzioni urbane superiori per aumentare la competitivita'' e per migliorare la fornitura di servizi di qualita'' nelle citta'' e nei bacini territoriali sovracomunali e regionali di riferimento',                                                                                              '1',14 ,to_date('01/01/2009','dd/mm/yyyy'));
INSERT INTO PBANDI_D_OBIETTIVO_SPECIF_QSN (ID_OBIETTIVO_SPECIF_QSN, DESC_OBIETTIVO_SPECIFICO_QSN, COD_IGRUE_T2, ID_OBIETTIVO_GEN_QSN,DT_INIZIO_VALIDITA) VALUES (35,'Elevare la qualita'' della vita, attraverso il miglioramento delle condizioni ambientali e la lotta ai disagi derivanti dalla congestione e dalle situazioni di marginalita'' urbana, al contempo valorizzando il patrimonio di identità e rafforzando la relazione della cittadinanza con i luoghi',                                        '2',15 ,to_date('01/01/2009','dd/mm/yyyy'));
INSERT INTO PBANDI_D_OBIETTIVO_SPECIF_QSN (ID_OBIETTIVO_SPECIF_QSN, DESC_OBIETTIVO_SPECIFICO_QSN, COD_IGRUE_T2, ID_OBIETTIVO_GEN_QSN,DT_INIZIO_VALIDITA) VALUES (36,'Favorire il collegamento delle citta'' e dei sistemi territoriali con le reti materiali e immateriali dell''accessibilita'' e della conoscenza',                                                                                                                                                                                             '3',15 ,to_date('01/01/2009','dd/mm/yyyy'));
INSERT INTO PBANDI_D_OBIETTIVO_SPECIF_QSN (ID_OBIETTIVO_SPECIF_QSN, DESC_OBIETTIVO_SPECIFICO_QSN, COD_IGRUE_T2, ID_OBIETTIVO_GEN_QSN,DT_INIZIO_VALIDITA) VALUES (37,'Sviluppare le capacita'' di internazionalizzazione',                                                                                                                                                                                                                                                                                         '1',16 ,to_date('01/01/2009','dd/mm/yyyy'));
INSERT INTO PBANDI_D_OBIETTIVO_SPECIF_QSN (ID_OBIETTIVO_SPECIF_QSN, DESC_OBIETTIVO_SPECIFICO_QSN, COD_IGRUE_T2, ID_OBIETTIVO_GEN_QSN,DT_INIZIO_VALIDITA) VALUES (38,'Favorire l''attrazione di investimenti, di consumi e di risorse di qualita''',                                                                                                                                                                                                                                                               '2',16 ,to_date('01/01/2009','dd/mm/yyyy'));
INSERT INTO PBANDI_D_OBIETTIVO_SPECIF_QSN (ID_OBIETTIVO_SPECIF_QSN, DESC_OBIETTIVO_SPECIFICO_QSN, COD_IGRUE_T2, ID_OBIETTIVO_GEN_QSN,DT_INIZIO_VALIDITA) VALUES (39,'Rafforzare le competenze tecniche e di governo delle amministrazioni e degli enti attuatori, per migliorare l''efficacia della programmazione e la qualita'' degli interventi per offrire servizi migliori alla cittadinanza',                                                                                                               '1',16 ,to_date('01/01/2009','dd/mm/yyyy'));
INSERT INTO PBANDI_D_OBIETTIVO_SPECIF_QSN (ID_OBIETTIVO_SPECIF_QSN, DESC_OBIETTIVO_SPECIFICO_QSN, COD_IGRUE_T2, ID_OBIETTIVO_GEN_QSN,DT_INIZIO_VALIDITA) VALUES (40,'Favorire un innalzamento dei livelli di legalita''',                                                                                                                                                                                                                                                                                         '2',2  ,to_date('01/01/2009','dd/mm/yyyy'));
INSERT INTO PBANDI_D_OBIETTIVO_SPECIF_QSN (ID_OBIETTIVO_SPECIF_QSN, DESC_OBIETTIVO_SPECIFICO_QSN, COD_IGRUE_T2, ID_OBIETTIVO_GEN_QSN,DT_INIZIO_VALIDITA) VALUES (41,'Favorire l''apertura dei mercati dei servizi, migliorare e adeguare la regolazione per conseguire condizioni piu'' concorrenziali',                                                                                                                                                                                                          '3',3  ,to_date('01/01/2009','dd/mm/yyyy'));
INSERT INTO PBANDI_D_OBIETTIVO_SPECIF_QSN (ID_OBIETTIVO_SPECIF_QSN, DESC_OBIETTIVO_SPECIFICO_QSN, COD_IGRUE_T2, ID_OBIETTIVO_GEN_QSN,DT_INIZIO_VALIDITA) VALUES (42,'Accrescere la diffusione, l''accesso e l''uso della societa'' dell''informazione nella scuola e nel sistema formativo',                                                                                                                                                                                                                      '3',4  ,to_date('01/01/2009','dd/mm/yyyy'));
INSERT INTO PBANDI_D_OBIETTIVO_SPECIF_QSN (ID_OBIETTIVO_SPECIF_QSN, DESC_OBIETTIVO_SPECIFICO_QSN, COD_IGRUE_T2, ID_OBIETTIVO_GEN_QSN,DT_INIZIO_VALIDITA) VALUES (43,'Sostenere la costruzione di un sistema nazionale di formazione superiore per aumentare la competitivita''',                                                                                                                                                                                                                                  '2',5  ,to_date('01/01/2009','dd/mm/yyyy'));
INSERT INTO PBANDI_D_OBIETTIVO_SPECIF_QSN (ID_OBIETTIVO_SPECIF_QSN, DESC_OBIETTIVO_SPECIFICO_QSN, COD_IGRUE_T2, ID_OBIETTIVO_GEN_QSN,DT_INIZIO_VALIDITA) VALUES (44,'Indirizzare il sistema di formazione continua a sostegno della capacita'' di adattamento dei lavoratori',                                                                                                                                                                                                                                    '2',5  ,to_date('01/01/2009','dd/mm/yyyy'));
INSERT INTO PBANDI_D_OBIETTIVO_SPECIF_QSN (ID_OBIETTIVO_SPECIF_QSN, DESC_OBIETTIVO_SPECIFICO_QSN, COD_IGRUE_T2, ID_OBIETTIVO_GEN_QSN,DT_INIZIO_VALIDITA) VALUES (45,'Qualificare in senso innovativo l''offerta di ricerca, favorendo la creazione di reti fra Universita'', centri di ricerca e tecnologia e il mondo della produzione sviluppando meccanismi a un tempo concorrenziali e cooperativi, in grado di assicurare fondi ai ricercatori piu'' promettenti',                                           '1',5  ,to_date('01/01/2009','dd/mm/yyyy'));
INSERT INTO PBANDI_D_OBIETTIVO_SPECIF_QSN (ID_OBIETTIVO_SPECIF_QSN, DESC_OBIETTIVO_SPECIFICO_QSN, COD_IGRUE_T2, ID_OBIETTIVO_GEN_QSN,DT_INIZIO_VALIDITA) VALUES (46,'Valorizzare il capitale umano per favorire processi di ricerca e innovazione, promuovendo l''attrazione di investimenti e talenti e l''assorbimento di risorse umane da parte del sistema delle imprese e favorendo una migliore e piu'' intensa interazione fra queste ultime e le Universita'' e i centri di ricerca e tecnologia',        '4',6  ,to_date('01/01/2009','dd/mm/yyyy'));
INSERT INTO PBANDI_D_OBIETTIVO_SPECIF_QSN (ID_OBIETTIVO_SPECIF_QSN, DESC_OBIETTIVO_SPECIFICO_QSN, COD_IGRUE_T2, ID_OBIETTIVO_GEN_QSN,DT_INIZIO_VALIDITA) VALUES (47,'Garantire a cittadini, imprese e Pubblica Amministrazione l''accesso alle reti, riducendo il divario infrastrutturale riguardante la banda larga nelle aree remote e rurali (aree deboli/marginali)',                                                                                                                                        '8',13 ,to_date('01/01/2009','dd/mm/yyyy'));
INSERT INTO PBANDI_D_OBIETTIVO_SPECIF_QSN (ID_OBIETTIVO_SPECIF_QSN, DESC_OBIETTIVO_SPECIFICO_QSN, COD_IGRUE_T2, ID_OBIETTIVO_GEN_QSN,DT_INIZIO_VALIDITA) VALUES (48,'Accrescere la capacita'' di offerta, qualita'' e efficienza del servizio di gestione dei rifiuti, rafforzando le filiere produttive a esso collegate e recuperare alle opportunita'' di sviluppo sostenibile i siti contaminati, anche a tutela della salute pubblica',                                                                      '2',7  ,to_date('01/01/2009','dd/mm/yyyy'));

update PBANDI_D_OBIETTIVO_SPECIF_QSN set ID_OBIETTIVO_GEN_QSN = 8 where ID_OBIETTIVO_SPECIF_QSN = 1;
update PBANDI_D_OBIETTIVO_SPECIF_QSN set ID_OBIETTIVO_GEN_QSN = 9 where ID_OBIETTIVO_SPECIF_QSN = 2;
update PBANDI_D_OBIETTIVO_SPECIF_QSN set ID_OBIETTIVO_GEN_QSN = 10 where ID_OBIETTIVO_SPECIF_QSN = 3;
update PBANDI_D_OBIETTIVO_SPECIF_QSN set ID_OBIETTIVO_GEN_QSN = 11 where ID_OBIETTIVO_SPECIF_QSN = 4;
update PBANDI_D_OBIETTIVO_SPECIF_QSN set ID_OBIETTIVO_GEN_QSN = 12 where ID_OBIETTIVO_SPECIF_QSN = 5;
update PBANDI_D_OBIETTIVO_SPECIF_QSN set ID_OBIETTIVO_GEN_QSN = 1 where ID_OBIETTIVO_SPECIF_QSN = 6;
update PBANDI_D_OBIETTIVO_SPECIF_QSN set ID_OBIETTIVO_GEN_QSN = 1 where ID_OBIETTIVO_SPECIF_QSN = 7;
update PBANDI_D_OBIETTIVO_SPECIF_QSN set ID_OBIETTIVO_GEN_QSN = 2 where ID_OBIETTIVO_SPECIF_QSN = 8;
update PBANDI_D_OBIETTIVO_SPECIF_QSN set ID_OBIETTIVO_GEN_QSN = 2 where ID_OBIETTIVO_SPECIF_QSN = 9;
update PBANDI_D_OBIETTIVO_SPECIF_QSN set ID_OBIETTIVO_GEN_QSN = 3 where ID_OBIETTIVO_SPECIF_QSN = 10;
update PBANDI_D_OBIETTIVO_SPECIF_QSN set ID_OBIETTIVO_GEN_QSN = 3 where ID_OBIETTIVO_SPECIF_QSN = 11;
update PBANDI_D_OBIETTIVO_SPECIF_QSN set ID_OBIETTIVO_GEN_QSN = 4 where ID_OBIETTIVO_SPECIF_QSN = 12;
update PBANDI_D_OBIETTIVO_SPECIF_QSN set ID_OBIETTIVO_GEN_QSN = 5 where ID_OBIETTIVO_SPECIF_QSN = 13;
update PBANDI_D_OBIETTIVO_SPECIF_QSN set ID_OBIETTIVO_GEN_QSN = 5 where ID_OBIETTIVO_SPECIF_QSN = 14;
update PBANDI_D_OBIETTIVO_SPECIF_QSN set ID_OBIETTIVO_GEN_QSN = 5 where ID_OBIETTIVO_SPECIF_QSN = 15;
update PBANDI_D_OBIETTIVO_SPECIF_QSN set ID_OBIETTIVO_GEN_QSN = 5 where ID_OBIETTIVO_SPECIF_QSN = 16;
update PBANDI_D_OBIETTIVO_SPECIF_QSN set ID_OBIETTIVO_GEN_QSN = 5 where ID_OBIETTIVO_SPECIF_QSN = 17;
update PBANDI_D_OBIETTIVO_SPECIF_QSN set ID_OBIETTIVO_GEN_QSN = 6 where ID_OBIETTIVO_SPECIF_QSN = 18;
update PBANDI_D_OBIETTIVO_SPECIF_QSN set ID_OBIETTIVO_GEN_QSN = 6 where ID_OBIETTIVO_SPECIF_QSN = 19;
update PBANDI_D_OBIETTIVO_SPECIF_QSN set ID_OBIETTIVO_GEN_QSN = 7 where ID_OBIETTIVO_SPECIF_QSN = 20;
update PBANDI_D_OBIETTIVO_SPECIF_QSN set ID_OBIETTIVO_GEN_QSN = 8 where ID_OBIETTIVO_SPECIF_QSN = 21;
update PBANDI_D_OBIETTIVO_SPECIF_QSN set ID_OBIETTIVO_GEN_QSN = 9 where ID_OBIETTIVO_SPECIF_QSN = 22;
update PBANDI_D_OBIETTIVO_SPECIF_QSN set ID_OBIETTIVO_GEN_QSN = 9 where ID_OBIETTIVO_SPECIF_QSN = 23;
update PBANDI_D_OBIETTIVO_SPECIF_QSN set ID_OBIETTIVO_GEN_QSN = 9 where ID_OBIETTIVO_SPECIF_QSN = 24;
update PBANDI_D_OBIETTIVO_SPECIF_QSN set ID_OBIETTIVO_GEN_QSN = 10 where ID_OBIETTIVO_SPECIF_QSN = 25;
update PBANDI_D_OBIETTIVO_SPECIF_QSN set ID_OBIETTIVO_GEN_QSN = 10 where ID_OBIETTIVO_SPECIF_QSN = 26;
update PBANDI_D_OBIETTIVO_SPECIF_QSN set ID_OBIETTIVO_GEN_QSN = 13 where ID_OBIETTIVO_SPECIF_QSN = 27;
update PBANDI_D_OBIETTIVO_SPECIF_QSN set ID_OBIETTIVO_GEN_QSN = 13 where ID_OBIETTIVO_SPECIF_QSN = 28;
update PBANDI_D_OBIETTIVO_SPECIF_QSN set ID_OBIETTIVO_GEN_QSN = 11 where ID_OBIETTIVO_SPECIF_QSN = 29;
update PBANDI_D_OBIETTIVO_SPECIF_QSN set ID_OBIETTIVO_GEN_QSN = 11 where ID_OBIETTIVO_SPECIF_QSN = 30;
update PBANDI_D_OBIETTIVO_SPECIF_QSN set ID_OBIETTIVO_GEN_QSN = 11 where ID_OBIETTIVO_SPECIF_QSN = 31;
update PBANDI_D_OBIETTIVO_SPECIF_QSN set ID_OBIETTIVO_GEN_QSN = 12 where ID_OBIETTIVO_SPECIF_QSN = 32;
update PBANDI_D_OBIETTIVO_SPECIF_QSN set ID_OBIETTIVO_GEN_QSN = 12 where ID_OBIETTIVO_SPECIF_QSN = 33;
update PBANDI_D_OBIETTIVO_SPECIF_QSN set ID_OBIETTIVO_GEN_QSN = 14 where ID_OBIETTIVO_SPECIF_QSN = 34;
update PBANDI_D_OBIETTIVO_SPECIF_QSN set ID_OBIETTIVO_GEN_QSN = 14 where ID_OBIETTIVO_SPECIF_QSN = 35;
update PBANDI_D_OBIETTIVO_SPECIF_QSN set ID_OBIETTIVO_GEN_QSN = 14 where ID_OBIETTIVO_SPECIF_QSN = 36;
update PBANDI_D_OBIETTIVO_SPECIF_QSN set ID_OBIETTIVO_GEN_QSN = 15 where ID_OBIETTIVO_SPECIF_QSN = 37;
update PBANDI_D_OBIETTIVO_SPECIF_QSN set ID_OBIETTIVO_GEN_QSN = 15 where ID_OBIETTIVO_SPECIF_QSN = 38;
update PBANDI_D_OBIETTIVO_SPECIF_QSN set ID_OBIETTIVO_GEN_QSN = 16 where ID_OBIETTIVO_SPECIF_QSN = 39;
update PBANDI_D_OBIETTIVO_SPECIF_QSN set ID_OBIETTIVO_GEN_QSN = 16 where ID_OBIETTIVO_SPECIF_QSN = 40;
update PBANDI_D_OBIETTIVO_SPECIF_QSN set ID_OBIETTIVO_GEN_QSN = 16 where ID_OBIETTIVO_SPECIF_QSN = 41;
update PBANDI_D_OBIETTIVO_SPECIF_QSN set ID_OBIETTIVO_GEN_QSN = 2 where ID_OBIETTIVO_SPECIF_QSN = 42;
update PBANDI_D_OBIETTIVO_SPECIF_QSN set ID_OBIETTIVO_GEN_QSN = 3 where ID_OBIETTIVO_SPECIF_QSN = 43;
update PBANDI_D_OBIETTIVO_SPECIF_QSN set ID_OBIETTIVO_GEN_QSN = 4 where ID_OBIETTIVO_SPECIF_QSN = 44;
update PBANDI_D_OBIETTIVO_SPECIF_QSN set ID_OBIETTIVO_GEN_QSN = 5 where ID_OBIETTIVO_SPECIF_QSN = 45;
update PBANDI_D_OBIETTIVO_SPECIF_QSN set ID_OBIETTIVO_GEN_QSN = 5 where ID_OBIETTIVO_SPECIF_QSN = 46;
update PBANDI_D_OBIETTIVO_SPECIF_QSN set ID_OBIETTIVO_GEN_QSN = 5 where ID_OBIETTIVO_SPECIF_QSN = 47;
update PBANDI_D_OBIETTIVO_SPECIF_QSN set ID_OBIETTIVO_GEN_QSN = 7 where ID_OBIETTIVO_SPECIF_QSN = 48;

commit;

INSERT INTO PBANDI_D_ITER (ID_ITER, DESC_ITER, COD_IGRUE_T35, ID_TIPO_OPERAZIONE,DT_INIZIO_VALIDITA) VALUES (1,'Realizzazione OOPP',                                             'It01',1,to_date('01/01/2009','dd/mm/yyyy'));
INSERT INTO PBANDI_D_ITER (ID_ITER, DESC_ITER, COD_IGRUE_T35, ID_TIPO_OPERAZIONE,DT_INIZIO_VALIDITA) VALUES (2,'Acquisizione Beni',                                              'It02',2,to_date('01/01/2009','dd/mm/yyyy'));
INSERT INTO PBANDI_D_ITER (ID_ITER, DESC_ITER, COD_IGRUE_T35, ID_TIPO_OPERAZIONE,DT_INIZIO_VALIDITA) VALUES (3,'Acquisizione Servizi',                                           'It03',2,to_date('01/01/2009','dd/mm/yyyy'));
INSERT INTO PBANDI_D_ITER (ID_ITER, DESC_ITER, COD_IGRUE_T35, ID_TIPO_OPERAZIONE,DT_INIZIO_VALIDITA) VALUES (4,'Formazione',                                                     'It04',2,to_date('01/01/2009','dd/mm/yyyy'));
INSERT INTO PBANDI_D_ITER (ID_ITER, DESC_ITER, COD_IGRUE_T35, ID_TIPO_OPERAZIONE,DT_INIZIO_VALIDITA) VALUES (5,'Aiuti alle Imprese',                                             'It05',3,to_date('01/01/2009','dd/mm/yyyy'));
INSERT INTO PBANDI_D_ITER (ID_ITER, DESC_ITER, COD_IGRUE_T35, ID_TIPO_OPERAZIONE,DT_INIZIO_VALIDITA) VALUES (6,'Aiuti a Individui',                                              'It06',3,to_date('01/01/2009','dd/mm/yyyy'));
INSERT INTO PBANDI_D_ITER (ID_ITER, DESC_ITER, COD_IGRUE_T35, ID_TIPO_OPERAZIONE,DT_INIZIO_VALIDITA) VALUES (7,'Acquisto di partecipazioni azionarie e conferimenti di capitale','It07',3,to_date('01/01/2009','dd/mm/yyyy'));

INSERT INTO PBANDI_D_FASE_MONIT (ID_FASE_MONIT, DESC_FASE_MONIT,COD_IGRUE_T35, ID_ITER,DT_INIZIO_VALIDITA) VALUES (1 ,'Studio di fattibilita''',                  'A00',1,to_date('01/01/2009','dd/mm/yyyy')); 
INSERT INTO PBANDI_D_FASE_MONIT (ID_FASE_MONIT, DESC_FASE_MONIT,COD_IGRUE_T35, ID_ITER,DT_INIZIO_VALIDITA) VALUES (2 ,'Progettazione Preliminare',                'A01',1,to_date('01/01/2009','dd/mm/yyyy'));
INSERT INTO PBANDI_D_FASE_MONIT (ID_FASE_MONIT, DESC_FASE_MONIT,COD_IGRUE_T35, ID_ITER,DT_INIZIO_VALIDITA) VALUES (3 ,'Progettazione Definitiva',                 'A02',1,to_date('01/01/2009','dd/mm/yyyy'));
INSERT INTO PBANDI_D_FASE_MONIT (ID_FASE_MONIT, DESC_FASE_MONIT,COD_IGRUE_T35, ID_ITER,DT_INIZIO_VALIDITA) VALUES (4 ,'Progettazione Esecutiva',                  'A03',1,to_date('01/01/2009','dd/mm/yyyy'));
INSERT INTO PBANDI_D_FASE_MONIT (ID_FASE_MONIT, DESC_FASE_MONIT,COD_IGRUE_T35, ID_ITER,DT_INIZIO_VALIDITA) VALUES (5 ,'Esecuzione  Lavori',                       'A04',1,to_date('01/01/2009','dd/mm/yyyy'));
INSERT INTO PBANDI_D_FASE_MONIT (ID_FASE_MONIT, DESC_FASE_MONIT,COD_IGRUE_T35, ID_ITER,DT_INIZIO_VALIDITA) VALUES (6 ,'Collaudo',                                 'A05',1,to_date('01/01/2009','dd/mm/yyyy'));
INSERT INTO PBANDI_D_FASE_MONIT (ID_FASE_MONIT, DESC_FASE_MONIT,COD_IGRUE_T35, ID_ITER,DT_INIZIO_VALIDITA) VALUES (7 ,'Chiusura intervento',                      'A06',1,to_date('01/01/2009','dd/mm/yyyy'));
INSERT INTO PBANDI_D_FASE_MONIT (ID_FASE_MONIT, DESC_FASE_MONIT,COD_IGRUE_T35, ID_ITER,DT_INIZIO_VALIDITA) VALUES (8 ,'Funzionalita''',                           'A07',1,to_date('01/01/2009','dd/mm/yyyy')); 
INSERT INTO PBANDI_D_FASE_MONIT (ID_FASE_MONIT, DESC_FASE_MONIT,COD_IGRUE_T35, ID_ITER,DT_INIZIO_VALIDITA) VALUES (9 ,'Definizione e stipula contratto',          'B01',2,to_date('01/01/2009','dd/mm/yyyy'));
INSERT INTO PBANDI_D_FASE_MONIT (ID_FASE_MONIT, DESC_FASE_MONIT,COD_IGRUE_T35, ID_ITER,DT_INIZIO_VALIDITA) VALUES (10,'Esecuzione Fornitura',                     'B02',2,to_date('01/01/2009','dd/mm/yyyy'));
INSERT INTO PBANDI_D_FASE_MONIT (ID_FASE_MONIT, DESC_FASE_MONIT,COD_IGRUE_T35, ID_ITER,DT_INIZIO_VALIDITA) VALUES (11,'Verifiche e controlli',                    'B03',2,to_date('01/01/2009','dd/mm/yyyy'));
INSERT INTO PBANDI_D_FASE_MONIT (ID_FASE_MONIT, DESC_FASE_MONIT,COD_IGRUE_T35, ID_ITER,DT_INIZIO_VALIDITA) VALUES (12,'Definizione e stipula contratto',          'C01',3,to_date('01/01/2009','dd/mm/yyyy'));
INSERT INTO PBANDI_D_FASE_MONIT (ID_FASE_MONIT, DESC_FASE_MONIT,COD_IGRUE_T35, ID_ITER,DT_INIZIO_VALIDITA) VALUES (13,'Esecuzione Fornitura',                     'C02',3,to_date('01/01/2009','dd/mm/yyyy'));
INSERT INTO PBANDI_D_FASE_MONIT (ID_FASE_MONIT, DESC_FASE_MONIT,COD_IGRUE_T35, ID_ITER,DT_INIZIO_VALIDITA) VALUES (14,'Verifiche e controlli',                    'C03',3,to_date('01/01/2009','dd/mm/yyyy'));
INSERT INTO PBANDI_D_FASE_MONIT (ID_FASE_MONIT, DESC_FASE_MONIT,COD_IGRUE_T35, ID_ITER,DT_INIZIO_VALIDITA) VALUES (15,'Definizione e regolamentazione attivita''','D01',4,to_date('01/01/2009','dd/mm/yyyy')); 
INSERT INTO PBANDI_D_FASE_MONIT (ID_FASE_MONIT, DESC_FASE_MONIT,COD_IGRUE_T35, ID_ITER,DT_INIZIO_VALIDITA) VALUES (16,'Esecuzione attivita''',                    'D02',4,to_date('01/01/2009','dd/mm/yyyy')); 
INSERT INTO PBANDI_D_FASE_MONIT (ID_FASE_MONIT, DESC_FASE_MONIT,COD_IGRUE_T35, ID_ITER,DT_INIZIO_VALIDITA) VALUES (17,'Controllo chiusura finanziaria',           'D03',4,to_date('01/01/2009','dd/mm/yyyy'));
INSERT INTO PBANDI_D_FASE_MONIT (ID_FASE_MONIT, DESC_FASE_MONIT,COD_IGRUE_T35, ID_ITER,DT_INIZIO_VALIDITA) VALUES (18,'Concessione finanziamento',                'E01',5,to_date('01/01/2009','dd/mm/yyyy'));
INSERT INTO PBANDI_D_FASE_MONIT (ID_FASE_MONIT, DESC_FASE_MONIT,COD_IGRUE_T35, ID_ITER,DT_INIZIO_VALIDITA) VALUES (19,'Esecuzione  investimenti',                 'E02',5,to_date('01/01/2009','dd/mm/yyyy'));
INSERT INTO PBANDI_D_FASE_MONIT (ID_FASE_MONIT, DESC_FASE_MONIT,COD_IGRUE_T35, ID_ITER,DT_INIZIO_VALIDITA) VALUES (20,'Chiusura Intervento',                      'E03',5,to_date('01/01/2009','dd/mm/yyyy'));
INSERT INTO PBANDI_D_FASE_MONIT (ID_FASE_MONIT, DESC_FASE_MONIT,COD_IGRUE_T35, ID_ITER,DT_INIZIO_VALIDITA) VALUES (21,'Concessione finanziamento',                'F01',6,to_date('01/01/2009','dd/mm/yyyy'));
INSERT INTO PBANDI_D_FASE_MONIT (ID_FASE_MONIT, DESC_FASE_MONIT,COD_IGRUE_T35, ID_ITER,DT_INIZIO_VALIDITA) VALUES (22,'Esecuzione interventi',                    'F02',6,to_date('01/01/2009','dd/mm/yyyy'));
INSERT INTO PBANDI_D_FASE_MONIT (ID_FASE_MONIT, DESC_FASE_MONIT,COD_IGRUE_T35, ID_ITER,DT_INIZIO_VALIDITA) VALUES (23,'Chiusura Intervento',                      'F03',6,to_date('01/01/2009','dd/mm/yyyy'));
INSERT INTO PBANDI_D_FASE_MONIT (ID_FASE_MONIT, DESC_FASE_MONIT,COD_IGRUE_T35, ID_ITER,DT_INIZIO_VALIDITA) VALUES (24,'Autorizzazione acquisizione/conferimento', 'G01',7,to_date('01/01/2009','dd/mm/yyyy'));
INSERT INTO PBANDI_D_FASE_MONIT (ID_FASE_MONIT, DESC_FASE_MONIT,COD_IGRUE_T35, ID_ITER,DT_INIZIO_VALIDITA) VALUES (25,'Esecuzione acquisizione/conferimento',     'G02',7,to_date('01/01/2009','dd/mm/yyyy'));

INSERT INTO PBANDI_D_MOTIVO_REVOCA (ID_MOTIVO_REVOCA, DESC_MOTIVO_REVOCA, COD_IGRUE_T36, DT_INIZIO_VALIDITA) VALUES (1 ,'Indisponibilita'' del sito o degli immobili',                                                    '1' ,to_date('01/01/2009','dd/mm/yyyy')); 
INSERT INTO PBANDI_D_MOTIVO_REVOCA (ID_MOTIVO_REVOCA, DESC_MOTIVO_REVOCA, COD_IGRUE_T36, DT_INIZIO_VALIDITA) VALUES (2 ,'Insufficienza delle risorse finanziarie disponibili',                                            '2' ,to_date('01/01/2009','dd/mm/yyyy')); 
INSERT INTO PBANDI_D_MOTIVO_REVOCA (ID_MOTIVO_REVOCA, DESC_MOTIVO_REVOCA, COD_IGRUE_T36, DT_INIZIO_VALIDITA) VALUES (3 ,'Mancato o ritardato rilascio delle prescritte autorizzazioni',                                   '3' ,to_date('01/01/2009','dd/mm/yyyy')); 
INSERT INTO PBANDI_D_MOTIVO_REVOCA (ID_MOTIVO_REVOCA, DESC_MOTIVO_REVOCA, COD_IGRUE_T36, DT_INIZIO_VALIDITA) VALUES (4 ,'Mutate condizioni di mercato',                                                                   '4' ,to_date('01/01/2009','dd/mm/yyyy')); 
INSERT INTO PBANDI_D_MOTIVO_REVOCA (ID_MOTIVO_REVOCA, DESC_MOTIVO_REVOCA, COD_IGRUE_T36, DT_INIZIO_VALIDITA) VALUES (5 ,'Ritardata approvazione del progetto/erogazione dell''agevolazione',                              '5' ,to_date('01/01/2009','dd/mm/yyyy')); 
INSERT INTO PBANDI_D_MOTIVO_REVOCA (ID_MOTIVO_REVOCA, DESC_MOTIVO_REVOCA, COD_IGRUE_T36, DT_INIZIO_VALIDITA) VALUES (6 ,'Cumulo con altre agevolazioni concesse sullo stesso programma di investimenti',                  '6' ,to_date('01/01/2009','dd/mm/yyyy')); 
INSERT INTO PBANDI_D_MOTIVO_REVOCA (ID_MOTIVO_REVOCA, DESC_MOTIVO_REVOCA, COD_IGRUE_T36, DT_INIZIO_VALIDITA) VALUES (7 ,'Distrazione dall''uso delle immobilizzazioni agevolate',                                         '7' ,to_date('01/01/2009','dd/mm/yyyy')); 
INSERT INTO PBANDI_D_MOTIVO_REVOCA (ID_MOTIVO_REVOCA, DESC_MOTIVO_REVOCA, COD_IGRUE_T36, DT_INIZIO_VALIDITA) VALUES (8 ,'Inosservanza delle norme sul lavoro',                                                            '8' ,to_date('01/01/2009','dd/mm/yyyy')); 
INSERT INTO PBANDI_D_MOTIVO_REVOCA (ID_MOTIVO_REVOCA, DESC_MOTIVO_REVOCA, COD_IGRUE_T36, DT_INIZIO_VALIDITA) VALUES (9 ,'Mancato avvio dei programmi agevolati',                                                          '9' ,to_date('01/01/2009','dd/mm/yyyy')); 
INSERT INTO PBANDI_D_MOTIVO_REVOCA (ID_MOTIVO_REVOCA, DESC_MOTIVO_REVOCA, COD_IGRUE_T36, DT_INIZIO_VALIDITA) VALUES (10,'Mancata ultimazione entro il termine massimo previsto',                                          '10',to_date('01/01/2009','dd/mm/yyyy'));
INSERT INTO PBANDI_D_MOTIVO_REVOCA (ID_MOTIVO_REVOCA, DESC_MOTIVO_REVOCA, COD_IGRUE_T36, DT_INIZIO_VALIDITA) VALUES (11,'Modifica all''indirizzo produttivo dell''impianto agevolato oltre i limiti previsti dalla norma','11',to_date('01/01/2009','dd/mm/yyyy'));
INSERT INTO PBANDI_D_MOTIVO_REVOCA (ID_MOTIVO_REVOCA, DESC_MOTIVO_REVOCA, COD_IGRUE_T36, DT_INIZIO_VALIDITA) VALUES (12,'Scostamento dell''indicatore oltre i limiti previsti dalla norma',                               '12',to_date('01/01/2009','dd/mm/yyyy'));
INSERT INTO PBANDI_D_MOTIVO_REVOCA (ID_MOTIVO_REVOCA, DESC_MOTIVO_REVOCA, COD_IGRUE_T36, DT_INIZIO_VALIDITA) VALUES (13,'Variazioni progettuali sostanziali',                                                             '13',to_date('01/01/2009','dd/mm/yyyy'));
INSERT INTO PBANDI_D_MOTIVO_REVOCA (ID_MOTIVO_REVOCA, DESC_MOTIVO_REVOCA, COD_IGRUE_T36, DT_INIZIO_VALIDITA) VALUES (14,'Violazione delle specifiche norme settoriali',                                                   '14',to_date('01/01/2009','dd/mm/yyyy'));
INSERT INTO PBANDI_D_MOTIVO_REVOCA (ID_MOTIVO_REVOCA, DESC_MOTIVO_REVOCA, COD_IGRUE_T36, DT_INIZIO_VALIDITA) VALUES (15,'Altro','99',to_date('01/01/2009','dd/mm/yyyy'));

INSERT INTO PBANDI_D_TIPOLOGIA_AGGIUDICAZ (ID_TIPOLOGIA_AGGIUDICAZ, COD_IGRUE_T47, DESC_TIPOLOGIA_AGGIUDICAZIONE, DT_INIZIO_VALIDITA) VALUES (1,1,'Procedura Aperta',                               to_date('01/01/2009','dd/mm/yyyy'));
INSERT INTO PBANDI_D_TIPOLOGIA_AGGIUDICAZ (ID_TIPOLOGIA_AGGIUDICAZ, COD_IGRUE_T47, DESC_TIPOLOGIA_AGGIUDICAZIONE, DT_INIZIO_VALIDITA) VALUES (2,2,'Procedura Ristretta',                            to_date('01/01/2009','dd/mm/yyyy'));
INSERT INTO PBANDI_D_TIPOLOGIA_AGGIUDICAZ (ID_TIPOLOGIA_AGGIUDICAZ, COD_IGRUE_T47, DESC_TIPOLOGIA_AGGIUDICAZIONE, DT_INIZIO_VALIDITA) VALUES (3,3,'Procedura Negoziata con Bando',                  to_date('01/01/2009','dd/mm/yyyy'));
INSERT INTO PBANDI_D_TIPOLOGIA_AGGIUDICAZ (ID_TIPOLOGIA_AGGIUDICAZ, COD_IGRUE_T47, DESC_TIPOLOGIA_AGGIUDICAZIONE, DT_INIZIO_VALIDITA) VALUES (4,4,'Procedura Negoziata senza Bando',                to_date('01/01/2009','dd/mm/yyyy'));
INSERT INTO PBANDI_D_TIPOLOGIA_AGGIUDICAZ (ID_TIPOLOGIA_AGGIUDICAZ, COD_IGRUE_T47, DESC_TIPOLOGIA_AGGIUDICAZIONE, DT_INIZIO_VALIDITA) VALUES (5,5,'Procedura in Economia - Amministrazione diretta',to_date('01/01/2009','dd/mm/yyyy'));
INSERT INTO PBANDI_D_TIPOLOGIA_AGGIUDICAZ (ID_TIPOLOGIA_AGGIUDICAZ, COD_IGRUE_T47, DESC_TIPOLOGIA_AGGIUDICAZIONE, DT_INIZIO_VALIDITA) VALUES (6,6,'Procedura in Economia - Cottimo fiduciario',     to_date('01/01/2009','dd/mm/yyyy'));
INSERT INTO PBANDI_D_TIPOLOGIA_AGGIUDICAZ (ID_TIPOLOGIA_AGGIUDICAZ, COD_IGRUE_T47, DESC_TIPOLOGIA_AGGIUDICAZIONE, DT_INIZIO_VALIDITA) VALUES (7,7,'Procedura per Project Financing',                to_date('01/01/2009','dd/mm/yyyy'));

INSERT INTO PBANDI_D_STEP_AGGIUDICAZIONE (ID_STEP_AGGIUDICAZIONE, COD_IGRUE_T48, DESC_STEP, ID_TIPOLOGIA_AGGIUDICAZ,DT_INIZIO_VALIDITA) VALUES (1	,101,'Pubblicazione Bando',                                 1,to_date('01/01/2009','dd/mm/yyyy'));												
INSERT INTO PBANDI_D_STEP_AGGIUDICAZIONE (ID_STEP_AGGIUDICAZIONE, COD_IGRUE_T48, DESC_STEP, ID_TIPOLOGIA_AGGIUDICAZ,DT_INIZIO_VALIDITA) VALUES (2	,102,'Acquisizione Offerte',                                1,to_date('01/01/2009','dd/mm/yyyy'));												
INSERT INTO PBANDI_D_STEP_AGGIUDICAZIONE (ID_STEP_AGGIUDICAZIONE, COD_IGRUE_T48, DESC_STEP, ID_TIPOLOGIA_AGGIUDICAZ,DT_INIZIO_VALIDITA) VALUES (3	,103,'Aggiudicazione Provvisoria',                          1,to_date('01/01/2009','dd/mm/yyyy'));												
INSERT INTO PBANDI_D_STEP_AGGIUDICAZIONE (ID_STEP_AGGIUDICAZIONE, COD_IGRUE_T48, DESC_STEP, ID_TIPOLOGIA_AGGIUDICAZ,DT_INIZIO_VALIDITA) VALUES (4	,104,'Aggiudicazione Definitiva',                           1,to_date('01/01/2009','dd/mm/yyyy'));												
INSERT INTO PBANDI_D_STEP_AGGIUDICAZIONE (ID_STEP_AGGIUDICAZIONE, COD_IGRUE_T48, DESC_STEP, ID_TIPOLOGIA_AGGIUDICAZ,DT_INIZIO_VALIDITA) VALUES (5	,105,'Stipula Contratto',                                   1,to_date('01/01/2009','dd/mm/yyyy'));												
INSERT INTO PBANDI_D_STEP_AGGIUDICAZIONE (ID_STEP_AGGIUDICAZIONE, COD_IGRUE_T48, DESC_STEP, ID_TIPOLOGIA_AGGIUDICAZ,DT_INIZIO_VALIDITA) VALUES (6	,201,'Pubblicazione Bando',                                 2,to_date('01/01/2009','dd/mm/yyyy'));												
INSERT INTO PBANDI_D_STEP_AGGIUDICAZIONE (ID_STEP_AGGIUDICAZIONE, COD_IGRUE_T48, DESC_STEP, ID_TIPOLOGIA_AGGIUDICAZ,DT_INIZIO_VALIDITA) VALUES (7	,202,'Selezione Offerenti',                                 2,to_date('01/01/2009','dd/mm/yyyy'));												
INSERT INTO PBANDI_D_STEP_AGGIUDICAZIONE (ID_STEP_AGGIUDICAZIONE, COD_IGRUE_T48, DESC_STEP, ID_TIPOLOGIA_AGGIUDICAZ,DT_INIZIO_VALIDITA) VALUES (8	,203,'Acquisizione Offerte',                                2,to_date('01/01/2009','dd/mm/yyyy'));												
INSERT INTO PBANDI_D_STEP_AGGIUDICAZIONE (ID_STEP_AGGIUDICAZIONE, COD_IGRUE_T48, DESC_STEP, ID_TIPOLOGIA_AGGIUDICAZ,DT_INIZIO_VALIDITA) VALUES (9	,204,'Aggiudicazione Provvisoria',                          2,to_date('01/01/2009','dd/mm/yyyy'));												
INSERT INTO PBANDI_D_STEP_AGGIUDICAZIONE (ID_STEP_AGGIUDICAZIONE, COD_IGRUE_T48, DESC_STEP, ID_TIPOLOGIA_AGGIUDICAZ,DT_INIZIO_VALIDITA) VALUES (10,205,'Aggiudicazione Definitiva',                           2,to_date('01/01/2009','dd/mm/yyyy'));													
INSERT INTO PBANDI_D_STEP_AGGIUDICAZIONE (ID_STEP_AGGIUDICAZIONE, COD_IGRUE_T48, DESC_STEP, ID_TIPOLOGIA_AGGIUDICAZ,DT_INIZIO_VALIDITA) VALUES (11,206,'Stipula Contratto',                                   2,to_date('01/01/2009','dd/mm/yyyy'));													
INSERT INTO PBANDI_D_STEP_AGGIUDICAZIONE (ID_STEP_AGGIUDICAZIONE, COD_IGRUE_T48, DESC_STEP, ID_TIPOLOGIA_AGGIUDICAZ,DT_INIZIO_VALIDITA) VALUES (12,301,'Pubblicazione Bando',                                 3,to_date('01/01/2009','dd/mm/yyyy'));													
INSERT INTO PBANDI_D_STEP_AGGIUDICAZIONE (ID_STEP_AGGIUDICAZIONE, COD_IGRUE_T48, DESC_STEP, ID_TIPOLOGIA_AGGIUDICAZ,DT_INIZIO_VALIDITA) VALUES (13,302,'Selezione Offerenti',                                 3,to_date('01/01/2009','dd/mm/yyyy'));													
INSERT INTO PBANDI_D_STEP_AGGIUDICAZIONE (ID_STEP_AGGIUDICAZIONE, COD_IGRUE_T48, DESC_STEP, ID_TIPOLOGIA_AGGIUDICAZ,DT_INIZIO_VALIDITA) VALUES (14,303,'Acquisizione Offerte',                                3,to_date('01/01/2009','dd/mm/yyyy'));													
INSERT INTO PBANDI_D_STEP_AGGIUDICAZIONE (ID_STEP_AGGIUDICAZIONE, COD_IGRUE_T48, DESC_STEP, ID_TIPOLOGIA_AGGIUDICAZ,DT_INIZIO_VALIDITA) VALUES (15,304,'Negoziazione delle Offerte',                          3,to_date('01/01/2009','dd/mm/yyyy'));													
INSERT INTO PBANDI_D_STEP_AGGIUDICAZIONE (ID_STEP_AGGIUDICAZIONE, COD_IGRUE_T48, DESC_STEP, ID_TIPOLOGIA_AGGIUDICAZ,DT_INIZIO_VALIDITA) VALUES (16,305,'Aggiudicazione Provvisoria',                          3,to_date('01/01/2009','dd/mm/yyyy'));													
INSERT INTO PBANDI_D_STEP_AGGIUDICAZIONE (ID_STEP_AGGIUDICAZIONE, COD_IGRUE_T48, DESC_STEP, ID_TIPOLOGIA_AGGIUDICAZ,DT_INIZIO_VALIDITA) VALUES (17,306,'Aggiudicazione Definitiva',                           3,to_date('01/01/2009','dd/mm/yyyy'));
INSERT INTO PBANDI_D_STEP_AGGIUDICAZIONE (ID_STEP_AGGIUDICAZIONE, COD_IGRUE_T48, DESC_STEP, ID_TIPOLOGIA_AGGIUDICAZ,DT_INIZIO_VALIDITA) VALUES (18,307,'Stipula Contratto',                                   3,to_date('01/01/2009','dd/mm/yyyy'));
INSERT INTO PBANDI_D_STEP_AGGIUDICAZIONE (ID_STEP_AGGIUDICAZIONE, COD_IGRUE_T48, DESC_STEP, ID_TIPOLOGIA_AGGIUDICAZ,DT_INIZIO_VALIDITA) VALUES (19,401,'Individuazione degli Offerenti (Operatori economici)',4,to_date('01/01/2009','dd/mm/yyyy'));
INSERT INTO PBANDI_D_STEP_AGGIUDICAZIONE (ID_STEP_AGGIUDICAZIONE, COD_IGRUE_T48, DESC_STEP, ID_TIPOLOGIA_AGGIUDICAZ,DT_INIZIO_VALIDITA) VALUES (20,402,'Invito a presentare le Offerte',                      4,to_date('01/01/2009','dd/mm/yyyy'));
INSERT INTO PBANDI_D_STEP_AGGIUDICAZIONE (ID_STEP_AGGIUDICAZIONE, COD_IGRUE_T48, DESC_STEP, ID_TIPOLOGIA_AGGIUDICAZ,DT_INIZIO_VALIDITA) VALUES (21,403,'Acquisizione Offerte',                                4,to_date('01/01/2009','dd/mm/yyyy'));
INSERT INTO PBANDI_D_STEP_AGGIUDICAZIONE (ID_STEP_AGGIUDICAZIONE, COD_IGRUE_T48, DESC_STEP, ID_TIPOLOGIA_AGGIUDICAZ,DT_INIZIO_VALIDITA) VALUES (22,404,'Aggiudicazione Provvisoria',                          4,to_date('01/01/2009','dd/mm/yyyy'));
INSERT INTO PBANDI_D_STEP_AGGIUDICAZIONE (ID_STEP_AGGIUDICAZIONE, COD_IGRUE_T48, DESC_STEP, ID_TIPOLOGIA_AGGIUDICAZ,DT_INIZIO_VALIDITA) VALUES (23,405,'Aggiudicazione Definitiva',                           4,to_date('01/01/2009','dd/mm/yyyy'));
INSERT INTO PBANDI_D_STEP_AGGIUDICAZIONE (ID_STEP_AGGIUDICAZIONE, COD_IGRUE_T48, DESC_STEP, ID_TIPOLOGIA_AGGIUDICAZ,DT_INIZIO_VALIDITA) VALUES (24,406,'Stipula Contratto',                                   4,to_date('01/01/2009','dd/mm/yyyy'));
INSERT INTO PBANDI_D_STEP_AGGIUDICAZIONE (ID_STEP_AGGIUDICAZIONE, COD_IGRUE_T48, DESC_STEP, ID_TIPOLOGIA_AGGIUDICAZ,DT_INIZIO_VALIDITA) VALUES (25,501,'Individuazione Lavori in Economia',                   5,to_date('01/01/2009','dd/mm/yyyy'));
INSERT INTO PBANDI_D_STEP_AGGIUDICAZIONE (ID_STEP_AGGIUDICAZIONE, COD_IGRUE_T48, DESC_STEP, ID_TIPOLOGIA_AGGIUDICAZ,DT_INIZIO_VALIDITA) VALUES (26,601,'Individuazione Lavori in Economia',                   6,to_date('01/01/2009','dd/mm/yyyy'));
INSERT INTO PBANDI_D_STEP_AGGIUDICAZIONE (ID_STEP_AGGIUDICAZIONE, COD_IGRUE_T48, DESC_STEP, ID_TIPOLOGIA_AGGIUDICAZ,DT_INIZIO_VALIDITA) VALUES (27,602,'Individuazione degli Offerenti (Operatori economici)',6,to_date('01/01/2009','dd/mm/yyyy'));
INSERT INTO PBANDI_D_STEP_AGGIUDICAZIONE (ID_STEP_AGGIUDICAZIONE, COD_IGRUE_T48, DESC_STEP, ID_TIPOLOGIA_AGGIUDICAZ,DT_INIZIO_VALIDITA) VALUES (28,603,'Invito a presentare le Offerte',                      6,to_date('01/01/2009','dd/mm/yyyy'));
INSERT INTO PBANDI_D_STEP_AGGIUDICAZIONE (ID_STEP_AGGIUDICAZIONE, COD_IGRUE_T48, DESC_STEP, ID_TIPOLOGIA_AGGIUDICAZ,DT_INIZIO_VALIDITA) VALUES (29,604,'Acquisizione Offerte',                                6,to_date('01/01/2009','dd/mm/yyyy'));
INSERT INTO PBANDI_D_STEP_AGGIUDICAZIONE (ID_STEP_AGGIUDICAZIONE, COD_IGRUE_T48, DESC_STEP, ID_TIPOLOGIA_AGGIUDICAZ,DT_INIZIO_VALIDITA) VALUES (30,605,'Aggiudicazione (Pubblicazione nominativi affidatari)',6,to_date('01/01/2009','dd/mm/yyyy'));
INSERT INTO PBANDI_D_STEP_AGGIUDICAZIONE (ID_STEP_AGGIUDICAZIONE, COD_IGRUE_T48, DESC_STEP, ID_TIPOLOGIA_AGGIUDICAZ,DT_INIZIO_VALIDITA) VALUES (31,606,'Stipula Contratto',                                   6,to_date('01/01/2009','dd/mm/yyyy'));
INSERT INTO PBANDI_D_STEP_AGGIUDICAZIONE (ID_STEP_AGGIUDICAZIONE, COD_IGRUE_T48, DESC_STEP, ID_TIPOLOGIA_AGGIUDICAZ,DT_INIZIO_VALIDITA) VALUES (32,701,'Pubblicazione Bando',                                 7,to_date('01/01/2009','dd/mm/yyyy'));
INSERT INTO PBANDI_D_STEP_AGGIUDICAZIONE (ID_STEP_AGGIUDICAZIONE, COD_IGRUE_T48, DESC_STEP, ID_TIPOLOGIA_AGGIUDICAZ,DT_INIZIO_VALIDITA) VALUES (33,702,'Selezione Offerenti',                                 7,to_date('01/01/2009','dd/mm/yyyy'));
INSERT INTO PBANDI_D_STEP_AGGIUDICAZIONE (ID_STEP_AGGIUDICAZIONE, COD_IGRUE_T48, DESC_STEP, ID_TIPOLOGIA_AGGIUDICAZ,DT_INIZIO_VALIDITA) VALUES (34,703,'Acquisizione Offerte',                                7,to_date('01/01/2009','dd/mm/yyyy'));
INSERT INTO PBANDI_D_STEP_AGGIUDICAZIONE (ID_STEP_AGGIUDICAZIONE, COD_IGRUE_T48, DESC_STEP, ID_TIPOLOGIA_AGGIUDICAZ,DT_INIZIO_VALIDITA) VALUES (35,704,'Individuazione Offerte (le due migliori)',            7,to_date('01/01/2009','dd/mm/yyyy'));
INSERT INTO PBANDI_D_STEP_AGGIUDICAZIONE (ID_STEP_AGGIUDICAZIONE, COD_IGRUE_T48, DESC_STEP, ID_TIPOLOGIA_AGGIUDICAZ,DT_INIZIO_VALIDITA) VALUES (36,705,'Negoziazione delle Offerte',                          7,to_date('01/01/2009','dd/mm/yyyy'));
INSERT INTO PBANDI_D_STEP_AGGIUDICAZIONE (ID_STEP_AGGIUDICAZIONE, COD_IGRUE_T48, DESC_STEP, ID_TIPOLOGIA_AGGIUDICAZ,DT_INIZIO_VALIDITA) VALUES (37,706,'Aggiudicazione Provvisoria',                          7,to_date('01/01/2009','dd/mm/yyyy'));
INSERT INTO PBANDI_D_STEP_AGGIUDICAZIONE (ID_STEP_AGGIUDICAZIONE, COD_IGRUE_T48, DESC_STEP, ID_TIPOLOGIA_AGGIUDICAZ,DT_INIZIO_VALIDITA) VALUES (38,707,'Aggiudicazione Definitiva',                           7,to_date('01/01/2009','dd/mm/yyyy'));
INSERT INTO PBANDI_D_STEP_AGGIUDICAZIONE (ID_STEP_AGGIUDICAZIONE, COD_IGRUE_T48, DESC_STEP, ID_TIPOLOGIA_AGGIUDICAZ,DT_INIZIO_VALIDITA) VALUES (39,708,'Stipula Contratto',                                   7,to_date('01/01/2009','dd/mm/yyyy'));

INSERT INTO PBANDI_D_STEP_ATTIVAZIONE (ID_STEP_ATTIVAZIONE, COD_IGRUE_T52, DESC_STEP_ATTIVAZIONE, DT_INIZIO_VALIDITA)VALUES (1,1,'Definizione criteri di individuazione beneficiari e operazioni', to_date('01/01/2009','dd/mm/yyyy'));
INSERT INTO PBANDI_D_STEP_ATTIVAZIONE (ID_STEP_ATTIVAZIONE, COD_IGRUE_T52, DESC_STEP_ATTIVAZIONE, DT_INIZIO_VALIDITA)VALUES (2,2,'Evidenza pubblica (se pertinente) / Pubblicazione bando',        to_date('01/01/2009','dd/mm/yyyy'));
INSERT INTO PBANDI_D_STEP_ATTIVAZIONE (ID_STEP_ATTIVAZIONE, COD_IGRUE_T52, DESC_STEP_ATTIVAZIONE, DT_INIZIO_VALIDITA)VALUES (3,3,'Presentazione proposte / Ricezione progetti',                    to_date('01/01/2009','dd/mm/yyyy'));
INSERT INTO PBANDI_D_STEP_ATTIVAZIONE (ID_STEP_ATTIVAZIONE, COD_IGRUE_T52, DESC_STEP_ATTIVAZIONE, DT_INIZIO_VALIDITA)VALUES (4,4,'Individuazione beneficiari e operazioni / Approvazione progetti',to_date('01/01/2009','dd/mm/yyyy'));
INSERT INTO PBANDI_D_STEP_ATTIVAZIONE (ID_STEP_ATTIVAZIONE, COD_IGRUE_T52, DESC_STEP_ATTIVAZIONE, DT_INIZIO_VALIDITA)VALUES (5,5,'Conclusione Procedura',                                          to_date('01/01/2009','dd/mm/yyyy'));

INSERT INTO PBANDI_D_VOCE_DI_SPESA_MONIT (ID_VOCE_DI_SPESA_MONIT, COD_IGRUE_T28, DESC_VOCE_SPESA_MONIT, ID_TIPO_OPERAZIONE,DT_INIZIO_VALIDITA) VALUES (1 ,1 ,'Progettazione e studi',                                        3,to_date('01/01/2009','dd/mm/yyyy'));
INSERT INTO PBANDI_D_VOCE_DI_SPESA_MONIT (ID_VOCE_DI_SPESA_MONIT, COD_IGRUE_T28, DESC_VOCE_SPESA_MONIT, ID_TIPO_OPERAZIONE,DT_INIZIO_VALIDITA) VALUES (2 ,2 ,'Suolo aziendale',                                              3,to_date('01/01/2009','dd/mm/yyyy'));
INSERT INTO PBANDI_D_VOCE_DI_SPESA_MONIT (ID_VOCE_DI_SPESA_MONIT, COD_IGRUE_T28, DESC_VOCE_SPESA_MONIT, ID_TIPO_OPERAZIONE,DT_INIZIO_VALIDITA) VALUES (3 ,3 ,'Opere murarie',                                                3,to_date('01/01/2009','dd/mm/yyyy'));
INSERT INTO PBANDI_D_VOCE_DI_SPESA_MONIT (ID_VOCE_DI_SPESA_MONIT, COD_IGRUE_T28, DESC_VOCE_SPESA_MONIT, ID_TIPO_OPERAZIONE,DT_INIZIO_VALIDITA) VALUES (4 ,4 ,'Macchinari impianti, attrezzature e altre forniture',          3,to_date('01/01/2009','dd/mm/yyyy'));
INSERT INTO PBANDI_D_VOCE_DI_SPESA_MONIT (ID_VOCE_DI_SPESA_MONIT, COD_IGRUE_T28, DESC_VOCE_SPESA_MONIT, ID_TIPO_OPERAZIONE,DT_INIZIO_VALIDITA) VALUES (5 ,5 ,'Servizi di consulenza non imputabili  a progettazioni e studi',3,to_date('01/01/2009','dd/mm/yyyy'));
INSERT INTO PBANDI_D_VOCE_DI_SPESA_MONIT (ID_VOCE_DI_SPESA_MONIT, COD_IGRUE_T28, DESC_VOCE_SPESA_MONIT, ID_TIPO_OPERAZIONE,DT_INIZIO_VALIDITA) VALUES (6 ,6 ,'Formazione',                                                   3,to_date('01/01/2009','dd/mm/yyyy'));
INSERT INTO PBANDI_D_VOCE_DI_SPESA_MONIT (ID_VOCE_DI_SPESA_MONIT, COD_IGRUE_T28, DESC_VOCE_SPESA_MONIT, ID_TIPO_OPERAZIONE,DT_INIZIO_VALIDITA) VALUES (7 ,99,'Altro (compreso personale e spese generali)',                  3,to_date('01/01/2009','dd/mm/yyyy'));
INSERT INTO PBANDI_D_VOCE_DI_SPESA_MONIT (ID_VOCE_DI_SPESA_MONIT, COD_IGRUE_T28, DESC_VOCE_SPESA_MONIT, ID_TIPO_OPERAZIONE,DT_INIZIO_VALIDITA) VALUES (8 ,7 ,'Progettazione e studi (incluse spese tecniche)',               1,to_date('01/01/2009','dd/mm/yyyy'));
INSERT INTO PBANDI_D_VOCE_DI_SPESA_MONIT (ID_VOCE_DI_SPESA_MONIT, COD_IGRUE_T28, DESC_VOCE_SPESA_MONIT, ID_TIPO_OPERAZIONE,DT_INIZIO_VALIDITA) VALUES (9 ,8 ,'Acquisizione aree o immobili',                                 1,to_date('01/01/2009','dd/mm/yyyy'));
INSERT INTO PBANDI_D_VOCE_DI_SPESA_MONIT (ID_VOCE_DI_SPESA_MONIT, COD_IGRUE_T28, DESC_VOCE_SPESA_MONIT, ID_TIPO_OPERAZIONE,DT_INIZIO_VALIDITA) VALUES (10,9 ,'Lavori realizzati in affidamento',                             1,to_date('01/01/2009','dd/mm/yyyy'));
INSERT INTO PBANDI_D_VOCE_DI_SPESA_MONIT (ID_VOCE_DI_SPESA_MONIT, COD_IGRUE_T28, DESC_VOCE_SPESA_MONIT, ID_TIPO_OPERAZIONE,DT_INIZIO_VALIDITA) VALUES (11,10,'Lavori realizzati in economia',                                1,to_date('01/01/2009','dd/mm/yyyy'));
INSERT INTO PBANDI_D_VOCE_DI_SPESA_MONIT (ID_VOCE_DI_SPESA_MONIT, COD_IGRUE_T28, DESC_VOCE_SPESA_MONIT, ID_TIPO_OPERAZIONE,DT_INIZIO_VALIDITA) VALUES (12,11,'Servizi di consulenza non imputabili  a progettazioni e studi',1,to_date('01/01/2009','dd/mm/yyyy'));
INSERT INTO PBANDI_D_VOCE_DI_SPESA_MONIT (ID_VOCE_DI_SPESA_MONIT, COD_IGRUE_T28, DESC_VOCE_SPESA_MONIT, ID_TIPO_OPERAZIONE,DT_INIZIO_VALIDITA) VALUES (13,12,'Imprevisti',                                                   1,to_date('01/01/2009','dd/mm/yyyy'));
INSERT INTO PBANDI_D_VOCE_DI_SPESA_MONIT (ID_VOCE_DI_SPESA_MONIT, COD_IGRUE_T28, DESC_VOCE_SPESA_MONIT, ID_TIPO_OPERAZIONE,DT_INIZIO_VALIDITA) VALUES (14,13,'IVA',                                                          1,to_date('01/01/2009','dd/mm/yyyy'));
INSERT INTO PBANDI_D_VOCE_DI_SPESA_MONIT (ID_VOCE_DI_SPESA_MONIT, COD_IGRUE_T28, DESC_VOCE_SPESA_MONIT, ID_TIPO_OPERAZIONE,DT_INIZIO_VALIDITA) VALUES (15,98,'Altro',1,to_date('01/01/2009','dd/mm/yyyy'));
INSERT INTO PBANDI_D_VOCE_DI_SPESA_MONIT (ID_VOCE_DI_SPESA_MONIT, COD_IGRUE_T28, DESC_VOCE_SPESA_MONIT, ID_TIPO_OPERAZIONE,DT_INIZIO_VALIDITA) VALUES (16,14,'progettaione e consulenze',                           2,to_date('01/01/2009','dd/mm/yyyy'));
INSERT INTO PBANDI_D_VOCE_DI_SPESA_MONIT (ID_VOCE_DI_SPESA_MONIT, COD_IGRUE_T28, DESC_VOCE_SPESA_MONIT, ID_TIPO_OPERAZIONE,DT_INIZIO_VALIDITA) VALUES (17,15,'valore dei beni',                                     2,to_date('01/01/2009','dd/mm/yyyy'));
INSERT INTO PBANDI_D_VOCE_DI_SPESA_MONIT (ID_VOCE_DI_SPESA_MONIT, COD_IGRUE_T28, DESC_VOCE_SPESA_MONIT, ID_TIPO_OPERAZIONE,DT_INIZIO_VALIDITA) VALUES (18,16,'messa in opera beni',                                 2,to_date('01/01/2009','dd/mm/yyyy'));
INSERT INTO PBANDI_D_VOCE_DI_SPESA_MONIT (ID_VOCE_DI_SPESA_MONIT, COD_IGRUE_T28, DESC_VOCE_SPESA_MONIT, ID_TIPO_OPERAZIONE,DT_INIZIO_VALIDITA) VALUES (19,17,'valore del servizio',                                 2,to_date('01/01/2009','dd/mm/yyyy'));
INSERT INTO PBANDI_D_VOCE_DI_SPESA_MONIT (ID_VOCE_DI_SPESA_MONIT, COD_IGRUE_T28, DESC_VOCE_SPESA_MONIT, ID_TIPO_OPERAZIONE,DT_INIZIO_VALIDITA) VALUES (20,18,'spese generali e accessorie',                         2,to_date('01/01/2009','dd/mm/yyyy'));
INSERT INTO PBANDI_D_VOCE_DI_SPESA_MONIT (ID_VOCE_DI_SPESA_MONIT, COD_IGRUE_T28, DESC_VOCE_SPESA_MONIT, ID_TIPO_OPERAZIONE,DT_INIZIO_VALIDITA) VALUES (21,19,'Diffusione (trasferte, pubblicita'', seminari, ecc.)',2,to_date('01/01/2009','dd/mm/yyyy'));


INSERT INTO PBANDI_D_TIPO_INDICATORE (ID_TIPO_INDICATORE, DESC_BREVE_TIPO_INDICATORE, DESC_TIPO_INDICATORE, DT_INIZIO_VALIDITA) VALUES (1,'OC','Occupazionale',      to_date('01/01/2009','dd/mm/yyyy'));
INSERT INTO PBANDI_D_TIPO_INDICATORE (ID_TIPO_INDICATORE, DESC_BREVE_TIPO_INDICATORE, DESC_TIPO_INDICATORE, DT_INIZIO_VALIDITA) VALUES (2,'CO','CORE',               to_date('01/01/2009','dd/mm/yyyy'));
INSERT INTO PBANDI_D_TIPO_INDICATORE (ID_TIPO_INDICATORE, DESC_BREVE_TIPO_INDICATORE, DESC_TIPO_INDICATORE, DT_INIZIO_VALIDITA) VALUES (3,'FP','Fisico di Programma',to_date('01/01/2009','dd/mm/yyyy'));

INSERT INTO PBANDI_D_UNITA_MISURA (ID_UNITA_MISURA, DESC_BREVE_UNITA_MISURA, DESC_UNITA_MISURA, DT_INIZIO_VALIDITA) VALUES (1 ,'T/A', 'TONNELLATE ALL''ANNO',         to_date('01/01/2009','dd/mm/yyyy'));
INSERT INTO PBANDI_D_UNITA_MISURA (ID_UNITA_MISURA, DESC_BREVE_UNITA_MISURA, DESC_UNITA_MISURA, DT_INIZIO_VALIDITA) VALUES (2 ,'HA',  'ETTARI',                       to_date('01/01/2009','dd/mm/yyyy'));
INSERT INTO PBANDI_D_UNITA_MISURA (ID_UNITA_MISURA, DESC_BREVE_UNITA_MISURA, DESC_UNITA_MISURA, DT_INIZIO_VALIDITA) VALUES (3 ,'MCS', 'METRI CUBI AL SECONDO',        to_date('01/01/2009','dd/mm/yyyy'));
INSERT INTO PBANDI_D_UNITA_MISURA (ID_UNITA_MISURA, DESC_BREVE_UNITA_MISURA, DESC_UNITA_MISURA, DT_INIZIO_VALIDITA) VALUES (4 ,'ML',  'METRI LINEARI',                to_date('01/01/2009','dd/mm/yyyy'));
INSERT INTO PBANDI_D_UNITA_MISURA (ID_UNITA_MISURA, DESC_BREVE_UNITA_MISURA, DESC_UNITA_MISURA, DT_INIZIO_VALIDITA) VALUES (5 ,'N',   'NUMERO',                       to_date('01/01/2009','dd/mm/yyyy'));
INSERT INTO PBANDI_D_UNITA_MISURA (ID_UNITA_MISURA, DESC_BREVE_UNITA_MISURA, DESC_UNITA_MISURA, DT_INIZIO_VALIDITA) VALUES (6 ,'MC',  'METRI CUBI',                   to_date('01/01/2009','dd/mm/yyyy'));
INSERT INTO PBANDI_D_UNITA_MISURA (ID_UNITA_MISURA, DESC_BREVE_UNITA_MISURA, DESC_UNITA_MISURA, DT_INIZIO_VALIDITA) VALUES (7 ,'T',   'TONNELLATE',                   to_date('01/01/2009','dd/mm/yyyy'));
INSERT INTO PBANDI_D_UNITA_MISURA (ID_UNITA_MISURA, DESC_BREVE_UNITA_MISURA, DESC_UNITA_MISURA, DT_INIZIO_VALIDITA) VALUES (8 ,'T/A', 'TONNELLATE ALL''ANNO',         to_date('01/01/2009','dd/mm/yyyy'));
INSERT INTO PBANDI_D_UNITA_MISURA (ID_UNITA_MISURA, DESC_BREVE_UNITA_MISURA, DESC_UNITA_MISURA, DT_INIZIO_VALIDITA) VALUES (9 ,'KM',  'KILOMETRI',                    to_date('01/01/2009','dd/mm/yyyy'));
INSERT INTO PBANDI_D_UNITA_MISURA (ID_UNITA_MISURA, DESC_BREVE_UNITA_MISURA, DESC_UNITA_MISURA, DT_INIZIO_VALIDITA) VALUES (10,'KW',  'KILOWATTORA',                  to_date('01/01/2009','dd/mm/yyyy'));
INSERT INTO PBANDI_D_UNITA_MISURA (ID_UNITA_MISURA, DESC_BREVE_UNITA_MISURA, DESC_UNITA_MISURA, DT_INIZIO_VALIDITA) VALUES (11,'TOT%','% sul TOTALE DI RIFERIMENTO',  to_date('01/01/2009','dd/mm/yyyy'));
INSERT INTO PBANDI_D_UNITA_MISURA (ID_UNITA_MISURA, DESC_BREVE_UNITA_MISURA, DESC_UNITA_MISURA, DT_INIZIO_VALIDITA) VALUES (12,'MQ',  'METRI QUADRATI',               to_date('01/01/2009','dd/mm/yyyy'));
INSERT INTO PBANDI_D_UNITA_MISURA (ID_UNITA_MISURA, DESC_BREVE_UNITA_MISURA, DESC_UNITA_MISURA, DT_INIZIO_VALIDITA) VALUES (13,'TEP', 'TONNELLATE EQUIV. DI PETROLIO',to_date('01/01/2009','dd/mm/yyyy'));
INSERT INTO PBANDI_D_UNITA_MISURA (ID_UNITA_MISURA, DESC_BREVE_UNITA_MISURA, DESC_UNITA_MISURA, DT_INIZIO_VALIDITA) VALUES (14,'GT',  'GIGA TONNELLATE',              to_date('01/01/2009','dd/mm/yyyy'));
INSERT INTO PBANDI_D_UNITA_MISURA (ID_UNITA_MISURA, DESC_BREVE_UNITA_MISURA, DESC_UNITA_MISURA, DT_INIZIO_VALIDITA) VALUES (15,'CVV','CAVALLI VAPORE',      to_date('01/01/2009','dd/mm/yyyy'));
INSERT INTO PBANDI_D_UNITA_MISURA (ID_UNITA_MISURA, DESC_BREVE_UNITA_MISURA, DESC_UNITA_MISURA, DT_INIZIO_VALIDITA) VALUES (16,'EU' ,'EURO',                to_date('01/01/2009','dd/mm/yyyy'));
INSERT INTO PBANDI_D_UNITA_MISURA (ID_UNITA_MISURA, DESC_BREVE_UNITA_MISURA, DESC_UNITA_MISURA, DT_INIZIO_VALIDITA) VALUES (17,'GG' ,'GIORNI',              to_date('01/01/2009','dd/mm/yyyy'));
INSERT INTO PBANDI_D_UNITA_MISURA (ID_UNITA_MISURA, DESC_BREVE_UNITA_MISURA, DESC_UNITA_MISURA, DT_INIZIO_VALIDITA) VALUES (19,'KMQ','KILOMETRI QUADRATI',  to_date('01/01/2009','dd/mm/yyyy'));
INSERT INTO PBANDI_D_UNITA_MISURA (ID_UNITA_MISURA, DESC_BREVE_UNITA_MISURA, DESC_UNITA_MISURA, DT_INIZIO_VALIDITA) VALUES (20,'ORE','ORE',                 to_date('01/01/2009','dd/mm/yyyy'));
INSERT INTO PBANDI_D_UNITA_MISURA (ID_UNITA_MISURA, DESC_BREVE_UNITA_MISURA, DESC_UNITA_MISURA, DT_INIZIO_VALIDITA) VALUES (21,'MW' ,'MEGAWATT',            to_date('01/01/2009','dd/mm/yyyy'));
INSERT INTO PBANDI_D_UNITA_MISURA (ID_UNITA_MISURA, DESC_BREVE_UNITA_MISURA, DESC_UNITA_MISURA, DT_INIZIO_VALIDITA) VALUES (22,'POT','POTENZA',             to_date('01/01/2009','dd/mm/yyyy'));
INSERT INTO PBANDI_D_UNITA_MISURA (ID_UNITA_MISURA, DESC_BREVE_UNITA_MISURA, DESC_UNITA_MISURA, DT_INIZIO_VALIDITA) VALUES (23,'MCG','METRI CUBI AL GIORNO',to_date('01/01/2009','dd/mm/yyyy'));

commit;

INSERT INTO PBANDI_D_INDICATORI (ID_INDICATORI, COD_IGRUE, DESC_INDICATORE, ID_UNITA_MISURA,ID_TIPO_INDICATORE, DT_INIZIO_VALIDITA) VALUES (1 ,'801','Capacita'' impianti/sistemi di raccolta oggetto di intervento',1 ,2,to_date('01/01/2009','dd/mm/yyyy'));
INSERT INTO PBANDI_D_INDICATORI (ID_INDICATORI, COD_IGRUE, DESC_INDICATORE, ID_UNITA_MISURA,ID_TIPO_INDICATORE, DT_INIZIO_VALIDITA) VALUES (2 ,'802','SAU - Superficie Agricola Utilizzata',                         2 ,2,to_date('01/01/2009','dd/mm/yyyy'));
INSERT INTO PBANDI_D_INDICATORI (ID_INDICATORI, COD_IGRUE, DESC_INDICATORE, ID_UNITA_MISURA,ID_TIPO_INDICATORE, DT_INIZIO_VALIDITA) VALUES (3 ,'803','Superficie oggetto di intervento (Ha)',                        2 ,2,to_date('01/01/2009','dd/mm/yyyy'));
INSERT INTO PBANDI_D_INDICATORI (ID_INDICATORI, COD_IGRUE, DESC_INDICATORE, ID_UNITA_MISURA,ID_TIPO_INDICATORE, DT_INIZIO_VALIDITA) VALUES (4 ,'768','Capacita'' trattamento reflui oggetto di intervento',          3 ,2,to_date('01/01/2009','dd/mm/yyyy'));
INSERT INTO PBANDI_D_INDICATORI (ID_INDICATORI, COD_IGRUE, DESC_INDICATORE, ID_UNITA_MISURA,ID_TIPO_INDICATORE, DT_INIZIO_VALIDITA) VALUES (5 ,'769','Ampliamento di portata',                                       3 ,2,to_date('01/01/2009','dd/mm/yyyy'));
INSERT INTO PBANDI_D_INDICATORI (ID_INDICATORI, COD_IGRUE, DESC_INDICATORE, ID_UNITA_MISURA,ID_TIPO_INDICATORE, DT_INIZIO_VALIDITA) VALUES (6 ,'770','Ampliamento di portata media equivalente',                     3 ,2,to_date('01/01/2009','dd/mm/yyyy'));
INSERT INTO PBANDI_D_INDICATORI (ID_INDICATORI, COD_IGRUE, DESC_INDICATORE, ID_UNITA_MISURA,ID_TIPO_INDICATORE, DT_INIZIO_VALIDITA) VALUES (7 ,'772','Ampliamento lunghezza rete',                                   4 ,2,to_date('01/01/2009','dd/mm/yyyy'));
INSERT INTO PBANDI_D_INDICATORI (ID_INDICATORI, COD_IGRUE, DESC_INDICATORE, ID_UNITA_MISURA,ID_TIPO_INDICATORE, DT_INIZIO_VALIDITA) VALUES (8 ,'773','Antenne o trasmittenti',                                       5 ,2,to_date('01/01/2009','dd/mm/yyyy'));
INSERT INTO PBANDI_D_INDICATORI (ID_INDICATORI, COD_IGRUE, DESC_INDICATORE, ID_UNITA_MISURA,ID_TIPO_INDICATORE, DT_INIZIO_VALIDITA) VALUES (9 ,'774','Capacita'' dell''impianto oggetto di intervento',              6 ,2,to_date('01/01/2009','dd/mm/yyyy')); 
INSERT INTO PBANDI_D_INDICATORI (ID_INDICATORI, COD_IGRUE, DESC_INDICATORE, ID_UNITA_MISURA,ID_TIPO_INDICATORE, DT_INIZIO_VALIDITA) VALUES (10,'775','Capacita'' della rete idrica oggetto di intervento',           3 ,2,to_date('01/01/2009','dd/mm/yyyy'));
INSERT INTO PBANDI_D_INDICATORI (ID_INDICATORI, COD_IGRUE, DESC_INDICATORE, ID_UNITA_MISURA,ID_TIPO_INDICATORE, DT_INIZIO_VALIDITA) VALUES (11,'776','Capacita'' Produttiva',                                        7 ,2,to_date('01/01/2009','dd/mm/yyyy'));
INSERT INTO PBANDI_D_INDICATORI (ID_INDICATORI, COD_IGRUE, DESC_INDICATORE, ID_UNITA_MISURA,ID_TIPO_INDICATORE, DT_INIZIO_VALIDITA) VALUES (12,'777','Capacita'' smaltimento rifiuti oggetto di intervento',         1 ,2,to_date('01/01/2009','dd/mm/yyyy'));
INSERT INTO PBANDI_D_INDICATORI (ID_INDICATORI, COD_IGRUE, DESC_INDICATORE, ID_UNITA_MISURA,ID_TIPO_INDICATORE, DT_INIZIO_VALIDITA) VALUES (13,'778','Estensione dell''intervento in lunghezza (Km)',                9 ,2,to_date('01/01/2009','dd/mm/yyyy'));
INSERT INTO PBANDI_D_INDICATORI (ID_INDICATORI, COD_IGRUE, DESC_INDICATORE, ID_UNITA_MISURA,ID_TIPO_INDICATORE, DT_INIZIO_VALIDITA) VALUES (14,'779','Estensione dell''intervento in lunghezza (ml)',                4 ,2,to_date('01/01/2009','dd/mm/yyyy'));
INSERT INTO PBANDI_D_INDICATORI (ID_INDICATORI, COD_IGRUE, DESC_INDICATORE, ID_UNITA_MISURA,ID_TIPO_INDICATORE, DT_INIZIO_VALIDITA) VALUES (15,'780','Lunghezza dell''impianto',                                     4 ,2,to_date('01/01/2009','dd/mm/yyyy'));
INSERT INTO PBANDI_D_INDICATORI (ID_INDICATORI, COD_IGRUE, DESC_INDICATORE, ID_UNITA_MISURA,ID_TIPO_INDICATORE, DT_INIZIO_VALIDITA) VALUES (16,'781','Lunghezza rete',                                               4 ,2,to_date('01/01/2009','dd/mm/yyyy'));
INSERT INTO PBANDI_D_INDICATORI (ID_INDICATORI, COD_IGRUE, DESC_INDICATORE, ID_UNITA_MISURA,ID_TIPO_INDICATORE, DT_INIZIO_VALIDITA) VALUES (17,'782','Lunghezza rete oggetto di intervento ',                        9 ,2,to_date('01/01/2009','dd/mm/yyyy'));
INSERT INTO PBANDI_D_INDICATORI (ID_INDICATORI, COD_IGRUE, DESC_INDICATORE, ID_UNITA_MISURA,ID_TIPO_INDICATORE, DT_INIZIO_VALIDITA) VALUES (18,'783','Portata media equivalente',                                    3 ,2,to_date('01/01/2009','dd/mm/yyyy'));
INSERT INTO PBANDI_D_INDICATORI (ID_INDICATORI, COD_IGRUE, DESC_INDICATORE, ID_UNITA_MISURA,ID_TIPO_INDICATORE, DT_INIZIO_VALIDITA) VALUES (19,'784','Postazioni di lavoro collegate',                               5 ,2,to_date('01/01/2009','dd/mm/yyyy'));
INSERT INTO PBANDI_D_INDICATORI (ID_INDICATORI, COD_IGRUE, DESC_INDICATORE, ID_UNITA_MISURA,ID_TIPO_INDICATORE, DT_INIZIO_VALIDITA) VALUES (20,'785','Posti letto',                                                  5 ,2,to_date('01/01/2009','dd/mm/yyyy'));
INSERT INTO PBANDI_D_INDICATORI (ID_INDICATORI, COD_IGRUE, DESC_INDICATORE, ID_UNITA_MISURA,ID_TIPO_INDICATORE, DT_INIZIO_VALIDITA) VALUES (21,'786','Potenza installata oggetto di intervento',                     10,2,to_date('01/01/2009','dd/mm/yyyy'));
INSERT INTO PBANDI_D_INDICATORI (ID_INDICATORI, COD_IGRUE, DESC_INDICATORE, ID_UNITA_MISURA,ID_TIPO_INDICATORE, DT_INIZIO_VALIDITA) VALUES (22,'787','Punti di accesso alla rete',                                   5 ,2,to_date('01/01/2009','dd/mm/yyyy'));
INSERT INTO PBANDI_D_INDICATORI (ID_INDICATORI, COD_IGRUE, DESC_INDICATORE, ID_UNITA_MISURA,ID_TIPO_INDICATORE, DT_INIZIO_VALIDITA) VALUES (23,'788','Punti di telerilevazione',                                     5 ,2,to_date('01/01/2009','dd/mm/yyyy'));
INSERT INTO PBANDI_D_INDICATORI (ID_INDICATORI, COD_IGRUE, DESC_INDICATORE, ID_UNITA_MISURA,ID_TIPO_INDICATORE, DT_INIZIO_VALIDITA) VALUES (24,'789','Quota del capitale conferito',                                 11,2,to_date('01/01/2009','dd/mm/yyyy'));
INSERT INTO PBANDI_D_INDICATORI (ID_INDICATORI, COD_IGRUE, DESC_INDICATORE, ID_UNITA_MISURA,ID_TIPO_INDICATORE, DT_INIZIO_VALIDITA) VALUES (25,'790','Quota di partecipazione acquisita',                            11,2,to_date('01/01/2009','dd/mm/yyyy'));
INSERT INTO PBANDI_D_INDICATORI (ID_INDICATORI, COD_IGRUE, DESC_INDICATORE, ID_UNITA_MISURA,ID_TIPO_INDICATORE, DT_INIZIO_VALIDITA) VALUES (26,'791','Superficie oggetto di intervento (mq)',                        12,2,to_date('01/01/2009','dd/mm/yyyy'));
INSERT INTO PBANDI_D_INDICATORI (ID_INDICATORI, COD_IGRUE, DESC_INDICATORE, ID_UNITA_MISURA,ID_TIPO_INDICATORE, DT_INIZIO_VALIDITA) VALUES (27,'792','Superficie coperta dal segnale (mq)',                          12,2,to_date('01/01/2009','dd/mm/yyyy'));
INSERT INTO PBANDI_D_INDICATORI (ID_INDICATORI, COD_IGRUE, DESC_INDICATORE, ID_UNITA_MISURA,ID_TIPO_INDICATORE, DT_INIZIO_VALIDITA) VALUES (28,'793','Superficie opere e/o impianti realizzati',                     12,2,to_date('01/01/2009','dd/mm/yyyy'));
INSERT INTO PBANDI_D_INDICATORI (ID_INDICATORI, COD_IGRUE, DESC_INDICATORE, ID_UNITA_MISURA,ID_TIPO_INDICATORE, DT_INIZIO_VALIDITA) VALUES (29,'794','Unita'' di beni acquistati',                                   5 ,2,to_date('01/01/2009','dd/mm/yyyy'));
INSERT INTO PBANDI_D_INDICATORI (ID_INDICATORI, COD_IGRUE, DESC_INDICATORE, ID_UNITA_MISURA,ID_TIPO_INDICATORE, DT_INIZIO_VALIDITA) VALUES (30,'795','Volume oggetto di intervento',                                 6 ,2,to_date('01/01/2009','dd/mm/yyyy'));
INSERT INTO PBANDI_D_INDICATORI (ID_INDICATORI, COD_IGRUE, DESC_INDICATORE, ID_UNITA_MISURA,ID_TIPO_INDICATORE, DT_INIZIO_VALIDITA) VALUES (31,'797','Durata in ore',                                                5 ,2,to_date('01/01/2009','dd/mm/yyyy'));
INSERT INTO PBANDI_D_INDICATORI (ID_INDICATORI, COD_IGRUE, DESC_INDICATORE, ID_UNITA_MISURA,ID_TIPO_INDICATORE, DT_INIZIO_VALIDITA) VALUES (32,'798','Giornate/uomo prestate',                                       5 ,2,to_date('01/01/2009','dd/mm/yyyy'));
INSERT INTO PBANDI_D_INDICATORI (ID_INDICATORI, COD_IGRUE, DESC_INDICATORE, ID_UNITA_MISURA,ID_TIPO_INDICATORE, DT_INIZIO_VALIDITA) VALUES (33,'799','Imprese beneficiate',                                          5 ,2,to_date('01/01/2009','dd/mm/yyyy'));
INSERT INTO PBANDI_D_INDICATORI (ID_INDICATORI, COD_IGRUE, DESC_INDICATORE, ID_UNITA_MISURA,ID_TIPO_INDICATORE, DT_INIZIO_VALIDITA) VALUES (34,'800','Persone beneficiate',                                          5 ,2,to_date('01/01/2009','dd/mm/yyyy'));
INSERT INTO PBANDI_D_INDICATORI (ID_INDICATORI, COD_IGRUE, DESC_INDICATORE, ID_UNITA_MISURA,ID_TIPO_INDICATORE, DT_INIZIO_VALIDITA) VALUES (35,'804','Riduzione nei consumi energetici',                             13,2,to_date('01/01/2009','dd/mm/yyyy'));
INSERT INTO PBANDI_D_INDICATORI (ID_INDICATORI, COD_IGRUE, DESC_INDICATORE, ID_UNITA_MISURA,ID_TIPO_INDICATORE, DT_INIZIO_VALIDITA) VALUES (36,'805','Stazza lorda interessata dall''intervento',                    14,2,to_date('01/01/2009','dd/mm/yyyy'));
INSERT INTO PBANDI_D_INDICATORI (ID_INDICATORI, COD_IGRUE, DESC_INDICATORE, ID_UNITA_MISURA,ID_TIPO_INDICATORE, DT_INIZIO_VALIDITA) VALUES (37,'670','Studi o progettazioni',                                        5 ,2,to_date('01/01/2009','dd/mm/yyyy'));
INSERT INTO PBANDI_D_INDICATORI (ID_INDICATORI, COD_IGRUE, DESC_INDICATORE, ID_UNITA_MISURA,ID_TIPO_INDICATORE, DT_INIZIO_VALIDITA) VALUES (38,'672','Capacita'' di trattamento rifiuti oggetto di intervento',      1 ,2,to_date('01/01/2009','dd/mm/yyyy'));
INSERT INTO PBANDI_D_INDICATORI (ID_INDICATORI, COD_IGRUE, DESC_INDICATORE, ID_UNITA_MISURA,ID_TIPO_INDICATORE, DT_INIZIO_VALIDITA) VALUES (39,'676','Ampliamento di capacita''',                                    3 ,2,to_date('01/01/2009','dd/mm/yyyy'));
INSERT INTO PBANDI_D_INDICATORI (ID_INDICATORI, COD_IGRUE, DESC_INDICATORE, ID_UNITA_MISURA,ID_TIPO_INDICATORE, DT_INIZIO_VALIDITA) VALUES (40,'682','Giornate/uomo complessivamente attivate',                      5 ,1,to_date('01/01/2009','dd/mm/yyyy'));
INSERT INTO PBANDI_D_INDICATORI (ID_INDICATORI, COD_IGRUE, DESC_INDICATORE, ID_UNITA_MISURA,ID_TIPO_INDICATORE, DT_INIZIO_VALIDITA) VALUES (41,'689','Giornate/uomo attivate fase di cantiere',                      5 ,1,to_date('01/01/2009','dd/mm/yyyy'));
INSERT INTO PBANDI_D_INDICATORI (ID_INDICATORI, COD_IGRUE, DESC_INDICATORE, ID_UNITA_MISURA,ID_TIPO_INDICATORE, DT_INIZIO_VALIDITA) VALUES (42,'766','Giornate/uomo necessarie alla messa in opera',                 5 ,1,to_date('01/01/2009','dd/mm/yyyy'));
INSERT INTO PBANDI_D_INDICATORI (ID_INDICATORI, COD_IGRUE, DESC_INDICATORE, ID_UNITA_MISURA,ID_TIPO_INDICATORE, DT_INIZIO_VALIDITA) VALUES (43,'767','Occupazione creata',                                           5 ,1,to_date('01/01/2009','dd/mm/yyyy'));
INSERT INTO PBANDI_D_INDICATORI (ID_INDICATORI, COD_IGRUE, DESC_INDICATORE, ID_UNITA_MISURA,ID_TIPO_INDICATORE, DT_INIZIO_VALIDITA) VALUES (44,'771','Giornate/uomo per la realizzazione dello studio o progetto',   5 ,1,to_date('01/01/2009','dd/mm/yyyy'));
INSERT INTO PBANDI_D_INDICATORI (ID_INDICATORI, COD_IGRUE, DESC_INDICATORE, ID_UNITA_MISURA,ID_TIPO_INDICATORE, DT_INIZIO_VALIDITA) VALUES (45,'1777','Programmi di RST tra PMI/sogg imprenditoriali/istit. ricerca',    (select id_unita_misura from pbandi_d_unita_misura where desc_breve_unita_misura = 'N')   ,3,to_date('01/01/2009','dd/mm/yyyy'));
INSERT INTO PBANDI_D_INDICATORI (ID_INDICATORI, COD_IGRUE, DESC_INDICATORE, ID_UNITA_MISURA,ID_TIPO_INDICATORE, DT_INIZIO_VALIDITA) VALUES (46,'1778','Posti lavoro creati in Ricerca 5 anni dopo da avvio progetto',    (select id_unita_misura from pbandi_d_unita_misura where desc_breve_unita_misura = 'N')   ,3,to_date('01/01/2009','dd/mm/yyyy'));
INSERT INTO PBANDI_D_INDICATORI (ID_INDICATORI, COD_IGRUE, DESC_INDICATORE, ID_UNITA_MISURA,ID_TIPO_INDICATORE, DT_INIZIO_VALIDITA) VALUES (47,'1779','Interventi di sostegno ai poli di innovazione finanziati',        (select id_unita_misura from pbandi_d_unita_misura where desc_breve_unita_misura = 'N')   ,3,to_date('01/01/2009','dd/mm/yyyy'));
INSERT INTO PBANDI_D_INDICATORI (ID_INDICATORI, COD_IGRUE, DESC_INDICATORE, ID_UNITA_MISURA,ID_TIPO_INDICATORE, DT_INIZIO_VALIDITA) VALUES (48,'1780','Progetti Ricerca ind/sviluppo sperimentale presentati da PMI',    (select id_unita_misura from pbandi_d_unita_misura where desc_breve_unita_misura = 'N')   ,3,to_date('01/01/2009','dd/mm/yyyy'));
INSERT INTO PBANDI_D_INDICATORI (ID_INDICATORI, COD_IGRUE, DESC_INDICATORE, ID_UNITA_MISURA,ID_TIPO_INDICATORE, DT_INIZIO_VALIDITA) VALUES (49,'1781','Posti lavoro creati SvilInnov PMI 5 anni dopo avvio progetto',    (select id_unita_misura from pbandi_d_unita_misura where desc_breve_unita_misura = 'N')   ,3,to_date('01/01/2009','dd/mm/yyyy'));
INSERT INTO PBANDI_D_INDICATORI (ID_INDICATORI, COD_IGRUE, DESC_INDICATORE, ID_UNITA_MISURA,ID_TIPO_INDICATORE, DT_INIZIO_VALIDITA) VALUES (50,'1782','Prog ric. ind/sv.sperim di PMI per dispositivi ecoinnovativi',    (select id_unita_misura from pbandi_d_unita_misura where desc_breve_unita_misura = 'N')   ,3,to_date('01/01/2009','dd/mm/yyyy'));
INSERT INTO PBANDI_D_INDICATORI (ID_INDICATORI, COD_IGRUE, DESC_INDICATORE, ID_UNITA_MISURA,ID_TIPO_INDICATORE, DT_INIZIO_VALIDITA) VALUES (51,'1783','Nuovi brevetti richiesti dalle imprese coinvolte',                (select id_unita_misura from pbandi_d_unita_misura where desc_breve_unita_misura = 'N')   ,3,to_date('01/01/2009','dd/mm/yyyy'));
INSERT INTO PBANDI_D_INDICATORI (ID_INDICATORI, COD_IGRUE, DESC_INDICATORE, ID_UNITA_MISURA,ID_TIPO_INDICATORE, DT_INIZIO_VALIDITA) VALUES (52,'1784','Nuove imprese create da spin off di ricerca',                     (select id_unita_misura from pbandi_d_unita_misura where desc_breve_unita_misura = 'N')   ,3,to_date('01/01/2009','dd/mm/yyyy'));
INSERT INTO PBANDI_D_INDICATORI (ID_INDICATORI, COD_IGRUE, DESC_INDICATORE, ID_UNITA_MISURA,ID_TIPO_INDICATORE, DT_INIZIO_VALIDITA) VALUES (53,'1785','Nuovi brevetti per ecoinnovazioni',                               (select id_unita_misura from pbandi_d_unita_misura where desc_breve_unita_misura = 'N')   ,3,to_date('01/01/2009','dd/mm/yyyy'));
INSERT INTO PBANDI_D_INDICATORI (ID_INDICATORI, COD_IGRUE, DESC_INDICATORE, ID_UNITA_MISURA,ID_TIPO_INDICATORE, DT_INIZIO_VALIDITA) VALUES (54,'1786','Imprese benef. interventi dispositivi rispettosi ambiente',       (select id_unita_misura from pbandi_d_unita_misura where desc_breve_unita_misura = 'N')   ,3,to_date('01/01/2009','dd/mm/yyyy'));
INSERT INTO PBANDI_D_INDICATORI (ID_INDICATORI, COD_IGRUE, DESC_INDICATORE, ID_UNITA_MISURA,ID_TIPO_INDICATORE, DT_INIZIO_VALIDITA) VALUES (55,'1787','Progetti per erogazione di servizi informatici innovativi',       (select id_unita_misura from pbandi_d_unita_misura where desc_breve_unita_misura = 'N')   ,3,to_date('01/01/2009','dd/mm/yyyy'));
INSERT INTO PBANDI_D_INDICATORI (ID_INDICATORI, COD_IGRUE, DESC_INDICATORE, ID_UNITA_MISURA,ID_TIPO_INDICATORE, DT_INIZIO_VALIDITA) VALUES (56,'1788','Progetti per utilizzo servizi informatici innovativi',            (select id_unita_misura from pbandi_d_unita_misura where desc_breve_unita_misura = 'N')   ,3,to_date('01/01/2009','dd/mm/yyyy'));
INSERT INTO PBANDI_D_INDICATORI (ID_INDICATORI, COD_IGRUE, DESC_INDICATORE, ID_UNITA_MISURA,ID_TIPO_INDICATORE, DT_INIZIO_VALIDITA) VALUES (57,'1789','Progetti finanziati da misure per l''accesso al credito',         (select id_unita_misura from pbandi_d_unita_misura where desc_breve_unita_misura = 'N')   ,3,to_date('01/01/2009','dd/mm/yyyy'));
INSERT INTO PBANDI_D_INDICATORI (ID_INDICATORI, COD_IGRUE, DESC_INDICATORE, ID_UNITA_MISURA,ID_TIPO_INDICATORE, DT_INIZIO_VALIDITA) VALUES (58,'1790','Investimenti indotti da misure per l''accesso al credito',        (select id_unita_misura from pbandi_d_unita_misura where desc_breve_unita_misura = 'EU')  ,3,to_date('01/01/2009','dd/mm/yyyy'));
INSERT INTO PBANDI_D_INDICATORI (ID_INDICATORI, COD_IGRUE, DESC_INDICATORE, ID_UNITA_MISURA,ID_TIPO_INDICATORE, DT_INIZIO_VALIDITA) VALUES (59,'1791','Progetti finanziati per la produzione di energia rinnovabile',    (select id_unita_misura from pbandi_d_unita_misura where desc_breve_unita_misura = 'N')   ,3,to_date('01/01/2009','dd/mm/yyyy'));
INSERT INTO PBANDI_D_INDICATORI (ID_INDICATORI, COD_IGRUE, DESC_INDICATORE, ID_UNITA_MISURA,ID_TIPO_INDICATORE, DT_INIZIO_VALIDITA) VALUES (60,'1792','Progetti finanziati per il risparmio energetico',                 (select id_unita_misura from pbandi_d_unita_misura where desc_breve_unita_misura = 'N')   ,3,to_date('01/01/2009','dd/mm/yyyy'));
INSERT INTO PBANDI_D_INDICATORI (ID_INDICATORI, COD_IGRUE, DESC_INDICATORE, ID_UNITA_MISURA,ID_TIPO_INDICATORE, DT_INIZIO_VALIDITA) VALUES (61,'1793','Potenza installata in impianti di cogenerazione',                 (select id_unita_misura from pbandi_d_unita_misura where desc_breve_unita_misura = 'MW')  ,3,to_date('01/01/2009','dd/mm/yyyy'));
INSERT INTO PBANDI_D_INDICATORI (ID_INDICATORI, COD_IGRUE, DESC_INDICATORE, ID_UNITA_MISURA,ID_TIPO_INDICATORE, DT_INIZIO_VALIDITA) VALUES (62,'1794','Progetti integrati di valorizzazione delle valenze culturali',    (select id_unita_misura from pbandi_d_unita_misura where desc_breve_unita_misura = 'N')   ,3,to_date('01/01/2009','dd/mm/yyyy'));
INSERT INTO PBANDI_D_INDICATORI (ID_INDICATORI, COD_IGRUE, DESC_INDICATORE, ID_UNITA_MISURA,ID_TIPO_INDICATORE, DT_INIZIO_VALIDITA) VALUES (63,'1795','Nuove imprese nella valorizzazione siti naturali/culturali',      (select id_unita_misura from pbandi_d_unita_misura where desc_breve_unita_misura = 'N')   ,3,to_date('01/01/2009','dd/mm/yyyy'));
INSERT INTO PBANDI_D_INDICATORI (ID_INDICATORI, COD_IGRUE, DESC_INDICATORE, ID_UNITA_MISURA,ID_TIPO_INDICATORE, DT_INIZIO_VALIDITA) VALUES (64,'1796','Aree dismesse riqualificate',                                     (select id_unita_misura from pbandi_d_unita_misura where desc_breve_unita_misura = 'MQ')  ,3,to_date('01/01/2009','dd/mm/yyyy'));
INSERT INTO PBANDI_D_INDICATORI (ID_INDICATORI, COD_IGRUE, DESC_INDICATORE, ID_UNITA_MISURA,ID_TIPO_INDICATORE, DT_INIZIO_VALIDITA) VALUES (65,'1797','Progetti di sostenibilita''/miglioramento attrattivita'' citta''',(select id_unita_misura from pbandi_d_unita_misura where desc_breve_unita_misura = 'N')   ,3,to_date('01/01/2009','dd/mm/yyyy'));  
INSERT INTO PBANDI_D_INDICATORI (ID_INDICATORI, COD_IGRUE, DESC_INDICATORE, ID_UNITA_MISURA,ID_TIPO_INDICATORE, DT_INIZIO_VALIDITA) VALUES (66,'1798','Progetti per il recupero di aree degradate',                      (select id_unita_misura from pbandi_d_unita_misura where desc_breve_unita_misura = 'N')   ,3,to_date('01/01/2009','dd/mm/yyyy'));
INSERT INTO PBANDI_D_INDICATORI (ID_INDICATORI, COD_IGRUE, DESC_INDICATORE, ID_UNITA_MISURA,ID_TIPO_INDICATORE, DT_INIZIO_VALIDITA) VALUES (67,'1799','Contributi finanziari a progetti di recupero aree degradate',     (select id_unita_misura from pbandi_d_unita_misura where desc_breve_unita_misura = 'EU')  ,3,to_date('01/01/2009','dd/mm/yyyy'));
INSERT INTO PBANDI_D_INDICATORI (ID_INDICATORI, COD_IGRUE, DESC_INDICATORE, ID_UNITA_MISURA,ID_TIPO_INDICATORE, DT_INIZIO_VALIDITA) VALUES (68,'1800','Contratti/incarichi razionalizzazione sistema monitoraggio',      (select id_unita_misura from pbandi_d_unita_misura where desc_breve_unita_misura = 'N')   ,3,to_date('01/01/2009','dd/mm/yyyy'));
INSERT INTO PBANDI_D_INDICATORI (ID_INDICATORI, COD_IGRUE, DESC_INDICATORE, ID_UNITA_MISURA,ID_TIPO_INDICATORE, DT_INIZIO_VALIDITA) VALUES (69,'1801','Tavoli di coordinamento attivati',                                (select id_unita_misura from pbandi_d_unita_misura where desc_breve_unita_misura = 'N')   ,3,to_date('01/01/2009','dd/mm/yyyy'));
INSERT INTO PBANDI_D_INDICATORI (ID_INDICATORI, COD_IGRUE, DESC_INDICATORE, ID_UNITA_MISURA,ID_TIPO_INDICATORE, DT_INIZIO_VALIDITA) VALUES (70,'1802','Quota personale interno per procedure monitoraggio (su tot.)',    (select id_unita_misura from pbandi_d_unita_misura where desc_breve_unita_misura = 'TOT%'),3,to_date('01/01/2009','dd/mm/yyyy'));
INSERT INTO PBANDI_D_INDICATORI (ID_INDICATORI, COD_IGRUE, DESC_INDICATORE, ID_UNITA_MISURA,ID_TIPO_INDICATORE, DT_INIZIO_VALIDITA) VALUES (71,'1803','Rapporti di valutazione tematici consegnati',                     (select id_unita_misura from pbandi_d_unita_misura where desc_breve_unita_misura = 'N')   ,3,to_date('01/01/2009','dd/mm/yyyy'));
INSERT INTO PBANDI_D_INDICATORI (ID_INDICATORI, COD_IGRUE, DESC_INDICATORE, ID_UNITA_MISURA,ID_TIPO_INDICATORE, DT_INIZIO_VALIDITA) VALUES (72,'1804','Ricerche/studi realizzati su aree di intervento del POR',         (select id_unita_misura from pbandi_d_unita_misura where desc_breve_unita_misura = 'N')   ,3,to_date('01/01/2009','dd/mm/yyyy'));
INSERT INTO PBANDI_D_INDICATORI (ID_INDICATORI, COD_IGRUE, DESC_INDICATORE, ID_UNITA_MISURA,ID_TIPO_INDICATORE, DT_INIZIO_VALIDITA) VALUES (73,'1805','Personale dedicato a monitoraggio azioni Piano Comunicazione',    (select id_unita_misura from pbandi_d_unita_misura where desc_breve_unita_misura = 'TOT%'),3,to_date('01/01/2009','dd/mm/yyyy'));
INSERT INTO PBANDI_D_INDICATORI (ID_INDICATORI, COD_IGRUE, DESC_INDICATORE, ID_UNITA_MISURA,ID_TIPO_INDICATORE, DT_INIZIO_VALIDITA) VALUES (74,'1806','Contratti avviati con responsabili mezzi comunicazione massa',    (select id_unita_misura from pbandi_d_unita_misura where desc_breve_unita_misura = 'N')   ,3,to_date('01/01/2009','dd/mm/yyyy'));

INSERT INTO PBANDI_D_TIPO_REVOCA_RINUNCIA (ID_TIPO_REVOCA_RINUNCIA, COD_IGRUE, DESC_BREVE_TIPO_REVOC_RINUNCIA, DESC_TIPO_REVOCA_RINUNCIA, DT_INIZIO_VALIDITA) VALUES (1,1   ,'R' ,'Revoca',          to_date('01/01/2009','dd/mm/yyyy')); 
INSERT INTO PBANDI_D_TIPO_REVOCA_RINUNCIA (ID_TIPO_REVOCA_RINUNCIA, COD_IGRUE, DESC_BREVE_TIPO_REVOC_RINUNCIA, DESC_TIPO_REVOCA_RINUNCIA, DT_INIZIO_VALIDITA) VALUES (2,2   ,'RP','Revoca Parziale', to_date('01/01/2009','dd/mm/yyyy'));
INSERT INTO PBANDI_D_TIPO_REVOCA_RINUNCIA (ID_TIPO_REVOCA_RINUNCIA, COD_IGRUE, DESC_BREVE_TIPO_REVOC_RINUNCIA, DESC_TIPO_REVOCA_RINUNCIA, DT_INIZIO_VALIDITA) VALUES (3,3   ,'RI','Rinuncia',        to_date('01/01/2009','dd/mm/yyyy'));
INSERT INTO PBANDI_D_TIPO_REVOCA_RINUNCIA (ID_TIPO_REVOCA_RINUNCIA, COD_IGRUE, DESC_BREVE_TIPO_REVOC_RINUNCIA, DESC_TIPO_REVOCA_RINUNCIA, DT_INIZIO_VALIDITA) VALUES (4,null,'OR','Ordine di revoca',to_date('01/01/2009','dd/mm/yyyy')); 

INSERT INTO PBANDI_D_NATURA_CIPE (ID_NATURA_CIPE, COD_NATURA_CIPE, DESC_NATURA_CIPE, DT_INIZIO_VALIDITA) VALUES (1,'01','ACQUISTO DI BENI',                                               to_date('01/01/2009','dd/mm/yyyy'));
INSERT INTO PBANDI_D_NATURA_CIPE (ID_NATURA_CIPE, COD_NATURA_CIPE, DESC_NATURA_CIPE, DT_INIZIO_VALIDITA) VALUES (2,'02','REALIZZAZIONE E ACQUISTO DI SERVIZI',                            to_date('01/01/2009','dd/mm/yyyy'));
INSERT INTO PBANDI_D_NATURA_CIPE (ID_NATURA_CIPE, COD_NATURA_CIPE, DESC_NATURA_CIPE, DT_INIZIO_VALIDITA) VALUES (3,'03','REALIZZAZIONE DI LAVORI PUBBLICI (OPERE ED IMPIANTISTICA)',      to_date('01/01/2009','dd/mm/yyyy'));
INSERT INTO PBANDI_D_NATURA_CIPE (ID_NATURA_CIPE, COD_NATURA_CIPE, DESC_NATURA_CIPE, DT_INIZIO_VALIDITA) VALUES (4,'06','CONCESSIONE DI AIUTI A SOGGETTI DIVERSI DA UNITA'' PRODUTTIVE',  to_date('01/01/2009','dd/mm/yyyy')); 
INSERT INTO PBANDI_D_NATURA_CIPE (ID_NATURA_CIPE, COD_NATURA_CIPE, DESC_NATURA_CIPE, DT_INIZIO_VALIDITA) VALUES (5,'07','CONCESSIONE DI INCENTIVI AD UNITA'' PRODUTTIVE',                 to_date('01/01/2009','dd/mm/yyyy')); 
INSERT INTO PBANDI_D_NATURA_CIPE (ID_NATURA_CIPE, COD_NATURA_CIPE, DESC_NATURA_CIPE, DT_INIZIO_VALIDITA) VALUES (6,'08','ACQUISTO DI PARTECIPAZIONI AZIONARIE E CONFERIMENTI DI CAPITALE',to_date('01/01/2009','dd/mm/yyyy'));

INSERT INTO PBANDI_D_TIPOLOGIA_CIPE (ID_TIPOLOGIA_CIPE, COD_TIPOLOGIA_CIPE, DESC_TIPOLOGIA_CIPE, ID_NATURA_CIPE,DT_INIZIO_VALIDITA) VALUES (1 ,'00','NUOVA FORNITURA',                             1,to_date('01/01/2009','dd/mm/yyyy'));                 
INSERT INTO PBANDI_D_TIPOLOGIA_CIPE (ID_TIPOLOGIA_CIPE, COD_TIPOLOGIA_CIPE, DESC_TIPOLOGIA_CIPE, ID_NATURA_CIPE,DT_INIZIO_VALIDITA) VALUES (2 ,'08','MANUTENZIONE STRAORDINARIA',                  1,to_date('01/01/2009','dd/mm/yyyy'));                 
INSERT INTO PBANDI_D_TIPOLOGIA_CIPE (ID_TIPOLOGIA_CIPE, COD_TIPOLOGIA_CIPE, DESC_TIPOLOGIA_CIPE, ID_NATURA_CIPE,DT_INIZIO_VALIDITA) VALUES (3 ,'99','ALTRO',                                       1,to_date('01/01/2009','dd/mm/yyyy'));                 
INSERT INTO PBANDI_D_TIPOLOGIA_CIPE (ID_TIPOLOGIA_CIPE, COD_TIPOLOGIA_CIPE, DESC_TIPOLOGIA_CIPE, ID_NATURA_CIPE,DT_INIZIO_VALIDITA) VALUES (4 ,'10','ASSISTENZA',                                  2,to_date('01/01/2009','dd/mm/yyyy'));                 
INSERT INTO PBANDI_D_TIPOLOGIA_CIPE (ID_TIPOLOGIA_CIPE, COD_TIPOLOGIA_CIPE, DESC_TIPOLOGIA_CIPE, ID_NATURA_CIPE,DT_INIZIO_VALIDITA) VALUES (5 ,'11','STUDI E PROGETTAZIONI',                       2,to_date('01/01/2009','dd/mm/yyyy'));                 
INSERT INTO PBANDI_D_TIPOLOGIA_CIPE (ID_TIPOLOGIA_CIPE, COD_TIPOLOGIA_CIPE, DESC_TIPOLOGIA_CIPE, ID_NATURA_CIPE,DT_INIZIO_VALIDITA) VALUES (6 ,'12','CORSI DI FORMAZIONE',                         2,to_date('01/01/2009','dd/mm/yyyy'));                 
INSERT INTO PBANDI_D_TIPOLOGIA_CIPE (ID_TIPOLOGIA_CIPE, COD_TIPOLOGIA_CIPE, DESC_TIPOLOGIA_CIPE, ID_NATURA_CIPE,DT_INIZIO_VALIDITA) VALUES (7 ,'13','CONSULENZE',                                  2,to_date('01/01/2009','dd/mm/yyyy'));                 
INSERT INTO PBANDI_D_TIPOLOGIA_CIPE (ID_TIPOLOGIA_CIPE, COD_TIPOLOGIA_CIPE, DESC_TIPOLOGIA_CIPE, ID_NATURA_CIPE,DT_INIZIO_VALIDITA) VALUES (8 ,'14','PROGETTI DI RICERCA',                         2,to_date('01/01/2009','dd/mm/yyyy'));                 
INSERT INTO PBANDI_D_TIPOLOGIA_CIPE (ID_TIPOLOGIA_CIPE, COD_TIPOLOGIA_CIPE, DESC_TIPOLOGIA_CIPE, ID_NATURA_CIPE,DT_INIZIO_VALIDITA) VALUES (9 ,'99','ALTRO',                                       2,to_date('01/01/2009','dd/mm/yyyy'));                 
INSERT INTO PBANDI_D_TIPOLOGIA_CIPE (ID_TIPOLOGIA_CIPE, COD_TIPOLOGIA_CIPE, DESC_TIPOLOGIA_CIPE, ID_NATURA_CIPE,DT_INIZIO_VALIDITA) VALUES (10,'01','NUOVA REALIZZAZIONE',                         3,to_date('01/01/2009','dd/mm/yyyy'));                 
INSERT INTO PBANDI_D_TIPOLOGIA_CIPE (ID_TIPOLOGIA_CIPE, COD_TIPOLOGIA_CIPE, DESC_TIPOLOGIA_CIPE, ID_NATURA_CIPE,DT_INIZIO_VALIDITA) VALUES (11,'02','DEMOLIZIONE',                                 3,to_date('01/01/2009','dd/mm/yyyy'));                 
INSERT INTO PBANDI_D_TIPOLOGIA_CIPE (ID_TIPOLOGIA_CIPE, COD_TIPOLOGIA_CIPE, DESC_TIPOLOGIA_CIPE, ID_NATURA_CIPE,DT_INIZIO_VALIDITA) VALUES (12,'03','RECUPERO',                                    3,to_date('01/01/2009','dd/mm/yyyy'));                 
INSERT INTO PBANDI_D_TIPOLOGIA_CIPE (ID_TIPOLOGIA_CIPE, COD_TIPOLOGIA_CIPE, DESC_TIPOLOGIA_CIPE, ID_NATURA_CIPE,DT_INIZIO_VALIDITA) VALUES (13,'04','RISTRUTTURAZIONE',                            3,to_date('01/01/2009','dd/mm/yyyy'));                 
INSERT INTO PBANDI_D_TIPOLOGIA_CIPE (ID_TIPOLOGIA_CIPE, COD_TIPOLOGIA_CIPE, DESC_TIPOLOGIA_CIPE, ID_NATURA_CIPE,DT_INIZIO_VALIDITA) VALUES (14,'05','RESTAURO',                                    3,to_date('01/01/2009','dd/mm/yyyy'));                 
INSERT INTO PBANDI_D_TIPOLOGIA_CIPE (ID_TIPOLOGIA_CIPE, COD_TIPOLOGIA_CIPE, DESC_TIPOLOGIA_CIPE, ID_NATURA_CIPE,DT_INIZIO_VALIDITA) VALUES (15,'06','MANUTENZIONE ORDINARIA',                      3,to_date('01/01/2009','dd/mm/yyyy'));                 
INSERT INTO PBANDI_D_TIPOLOGIA_CIPE (ID_TIPOLOGIA_CIPE, COD_TIPOLOGIA_CIPE, DESC_TIPOLOGIA_CIPE, ID_NATURA_CIPE,DT_INIZIO_VALIDITA) VALUES (16,'07','MANUTENZIONE STRAORDINARIA',                  3,to_date('01/01/2009','dd/mm/yyyy'));                 
INSERT INTO PBANDI_D_TIPOLOGIA_CIPE (ID_TIPOLOGIA_CIPE, COD_TIPOLOGIA_CIPE, DESC_TIPOLOGIA_CIPE, ID_NATURA_CIPE,DT_INIZIO_VALIDITA) VALUES (17,'51','COMPLETAMENTO DI NUOVA REALIZZAZIONE',        3,to_date('01/01/2009','dd/mm/yyyy'));                 
INSERT INTO PBANDI_D_TIPOLOGIA_CIPE (ID_TIPOLOGIA_CIPE, COD_TIPOLOGIA_CIPE, DESC_TIPOLOGIA_CIPE, ID_NATURA_CIPE,DT_INIZIO_VALIDITA) VALUES (18,'52','COMPLETAMENTO DI DEMOLIZIONE',                3,to_date('01/01/2009','dd/mm/yyyy'));                 
INSERT INTO PBANDI_D_TIPOLOGIA_CIPE (ID_TIPOLOGIA_CIPE, COD_TIPOLOGIA_CIPE, DESC_TIPOLOGIA_CIPE, ID_NATURA_CIPE,DT_INIZIO_VALIDITA) VALUES (19,'53','COMPLETAMENTO DI RECUPERO',                   3,to_date('01/01/2009','dd/mm/yyyy'));                 
INSERT INTO PBANDI_D_TIPOLOGIA_CIPE (ID_TIPOLOGIA_CIPE, COD_TIPOLOGIA_CIPE, DESC_TIPOLOGIA_CIPE, ID_NATURA_CIPE,DT_INIZIO_VALIDITA) VALUES (20,'54','COMPLETAMENTO DI RISTRUTTURAZIONE',           3,to_date('01/01/2009','dd/mm/yyyy'));                 
INSERT INTO PBANDI_D_TIPOLOGIA_CIPE (ID_TIPOLOGIA_CIPE, COD_TIPOLOGIA_CIPE, DESC_TIPOLOGIA_CIPE, ID_NATURA_CIPE,DT_INIZIO_VALIDITA) VALUES (21,'55','COMPLETAMENTO DI RESTAURO',                   3,to_date('01/01/2009','dd/mm/yyyy'));                 
INSERT INTO PBANDI_D_TIPOLOGIA_CIPE (ID_TIPOLOGIA_CIPE, COD_TIPOLOGIA_CIPE, DESC_TIPOLOGIA_CIPE, ID_NATURA_CIPE,DT_INIZIO_VALIDITA) VALUES (22,'56','COMPLETAMENTO DI MANUTENZIONE ORDINARIA',     3,to_date('01/01/2009','dd/mm/yyyy'));                 
INSERT INTO PBANDI_D_TIPOLOGIA_CIPE (ID_TIPOLOGIA_CIPE, COD_TIPOLOGIA_CIPE, DESC_TIPOLOGIA_CIPE, ID_NATURA_CIPE,DT_INIZIO_VALIDITA) VALUES (23,'57','COMPLETAMENTO DI MANUTENZIONE STRAORDINARIA', 3,to_date('01/01/2009','dd/mm/yyyy'));                 
INSERT INTO PBANDI_D_TIPOLOGIA_CIPE (ID_TIPOLOGIA_CIPE, COD_TIPOLOGIA_CIPE, DESC_TIPOLOGIA_CIPE, ID_NATURA_CIPE,DT_INIZIO_VALIDITA) VALUES (24,'58','AMPLIAMENTO',                                 3,to_date('01/01/2009','dd/mm/yyyy'));                 
INSERT INTO PBANDI_D_TIPOLOGIA_CIPE (ID_TIPOLOGIA_CIPE, COD_TIPOLOGIA_CIPE, DESC_TIPOLOGIA_CIPE, ID_NATURA_CIPE,DT_INIZIO_VALIDITA) VALUES (25,'99','ALTRO',                                       3,to_date('01/01/2009','dd/mm/yyyy'));                 
INSERT INTO PBANDI_D_TIPOLOGIA_CIPE (ID_TIPOLOGIA_CIPE, COD_TIPOLOGIA_CIPE, DESC_TIPOLOGIA_CIPE, ID_NATURA_CIPE,DT_INIZIO_VALIDITA) VALUES (26,'01','ACQUISTO SERVIZI REALI (inclusa formazione)', 4,to_date('01/01/2009','dd/mm/yyyy'));                 
INSERT INTO PBANDI_D_TIPOLOGIA_CIPE (ID_TIPOLOGIA_CIPE, COD_TIPOLOGIA_CIPE, DESC_TIPOLOGIA_CIPE, ID_NATURA_CIPE,DT_INIZIO_VALIDITA) VALUES (27,'02','NUOVA REALIZZAZIONE',                         4,to_date('01/01/2009','dd/mm/yyyy'));                 
INSERT INTO PBANDI_D_TIPOLOGIA_CIPE (ID_TIPOLOGIA_CIPE, COD_TIPOLOGIA_CIPE, DESC_TIPOLOGIA_CIPE, ID_NATURA_CIPE,DT_INIZIO_VALIDITA) VALUES (28,'03','RESTAURO',                                    4,to_date('01/01/2009','dd/mm/yyyy'));                 
INSERT INTO PBANDI_D_TIPOLOGIA_CIPE (ID_TIPOLOGIA_CIPE, COD_TIPOLOGIA_CIPE, DESC_TIPOLOGIA_CIPE, ID_NATURA_CIPE,DT_INIZIO_VALIDITA) VALUES (29,'04','RISTRUTTURAZIONE',                            4,to_date('01/01/2009','dd/mm/yyyy'));                 
INSERT INTO PBANDI_D_TIPOLOGIA_CIPE (ID_TIPOLOGIA_CIPE, COD_TIPOLOGIA_CIPE, DESC_TIPOLOGIA_CIPE, ID_NATURA_CIPE,DT_INIZIO_VALIDITA) VALUES (30,'08','MANUTENZIONE STRAORDINARIA',                  4,to_date('01/01/2009','dd/mm/yyyy'));                 
INSERT INTO PBANDI_D_TIPOLOGIA_CIPE (ID_TIPOLOGIA_CIPE, COD_TIPOLOGIA_CIPE, DESC_TIPOLOGIA_CIPE, ID_NATURA_CIPE,DT_INIZIO_VALIDITA) VALUES (31,'99','ALTRO',                                       4,to_date('01/01/2009','dd/mm/yyyy'));                 
INSERT INTO PBANDI_D_TIPOLOGIA_CIPE (ID_TIPOLOGIA_CIPE, COD_TIPOLOGIA_CIPE, DESC_TIPOLOGIA_CIPE, ID_NATURA_CIPE,DT_INIZIO_VALIDITA) VALUES (32,'01','NUOVA REALIZZAZIONE',                         5,to_date('01/01/2009','dd/mm/yyyy'));                 
INSERT INTO PBANDI_D_TIPOLOGIA_CIPE (ID_TIPOLOGIA_CIPE, COD_TIPOLOGIA_CIPE, DESC_TIPOLOGIA_CIPE, ID_NATURA_CIPE,DT_INIZIO_VALIDITA) VALUES (33,'04','RISTRUTTURAZIONE',                            5,to_date('01/01/2009','dd/mm/yyyy'));                 
INSERT INTO PBANDI_D_TIPOLOGIA_CIPE (ID_TIPOLOGIA_CIPE, COD_TIPOLOGIA_CIPE, DESC_TIPOLOGIA_CIPE, ID_NATURA_CIPE,DT_INIZIO_VALIDITA) VALUES (34,'08','MANUTENZIONE STRAORDINARIA',                  5,to_date('01/01/2009','dd/mm/yyyy'));                 
INSERT INTO PBANDI_D_TIPOLOGIA_CIPE (ID_TIPOLOGIA_CIPE, COD_TIPOLOGIA_CIPE, DESC_TIPOLOGIA_CIPE, ID_NATURA_CIPE,DT_INIZIO_VALIDITA) VALUES (35,'09','AMPLIAMENTO',                                 5,to_date('01/01/2009','dd/mm/yyyy'));                 
INSERT INTO PBANDI_D_TIPOLOGIA_CIPE (ID_TIPOLOGIA_CIPE, COD_TIPOLOGIA_CIPE, DESC_TIPOLOGIA_CIPE, ID_NATURA_CIPE,DT_INIZIO_VALIDITA) VALUES (36,'11','STUDI E PROGETTAZIONI',                       5,to_date('01/01/2009','dd/mm/yyyy'));                 
INSERT INTO PBANDI_D_TIPOLOGIA_CIPE (ID_TIPOLOGIA_CIPE, COD_TIPOLOGIA_CIPE, DESC_TIPOLOGIA_CIPE, ID_NATURA_CIPE,DT_INIZIO_VALIDITA) VALUES (37,'15','AMMODERNAMENTO',                              5,to_date('01/01/2009','dd/mm/yyyy'));                 
INSERT INTO PBANDI_D_TIPOLOGIA_CIPE (ID_TIPOLOGIA_CIPE, COD_TIPOLOGIA_CIPE, DESC_TIPOLOGIA_CIPE, ID_NATURA_CIPE,DT_INIZIO_VALIDITA) VALUES (38,'16','RICONVERSIONE',                               5,to_date('01/01/2009','dd/mm/yyyy'));                 
INSERT INTO PBANDI_D_TIPOLOGIA_CIPE (ID_TIPOLOGIA_CIPE, COD_TIPOLOGIA_CIPE, DESC_TIPOLOGIA_CIPE, ID_NATURA_CIPE,DT_INIZIO_VALIDITA) VALUES (39,'17','RIATTIVAZIONE',                               5,to_date('01/01/2009','dd/mm/yyyy'));                 
INSERT INTO PBANDI_D_TIPOLOGIA_CIPE (ID_TIPOLOGIA_CIPE, COD_TIPOLOGIA_CIPE, DESC_TIPOLOGIA_CIPE, ID_NATURA_CIPE,DT_INIZIO_VALIDITA) VALUES (40,'18','TRASFERIMENTO',                               5,to_date('01/01/2009','dd/mm/yyyy'));                 
INSERT INTO PBANDI_D_TIPOLOGIA_CIPE (ID_TIPOLOGIA_CIPE, COD_TIPOLOGIA_CIPE, DESC_TIPOLOGIA_CIPE, ID_NATURA_CIPE,DT_INIZIO_VALIDITA) VALUES (41,'19','ACQUISTO SERVIZI REALI (include FORMAZIONE)', 5,to_date('01/01/2009','dd/mm/yyyy'));                 
INSERT INTO PBANDI_D_TIPOLOGIA_CIPE (ID_TIPOLOGIA_CIPE, COD_TIPOLOGIA_CIPE, DESC_TIPOLOGIA_CIPE, ID_NATURA_CIPE,DT_INIZIO_VALIDITA) VALUES (42,'20','ATTIVITA'' DI RICERCA',                       5,to_date('01/01/2009','dd/mm/yyyy'));                  
INSERT INTO PBANDI_D_TIPOLOGIA_CIPE (ID_TIPOLOGIA_CIPE, COD_TIPOLOGIA_CIPE, DESC_TIPOLOGIA_CIPE, ID_NATURA_CIPE,DT_INIZIO_VALIDITA) VALUES (43,'21','INCENTIVI AL LAVORO',                         5,to_date('01/01/2009','dd/mm/yyyy'));
INSERT INTO PBANDI_D_TIPOLOGIA_CIPE (ID_TIPOLOGIA_CIPE, COD_TIPOLOGIA_CIPE, DESC_TIPOLOGIA_CIPE, ID_NATURA_CIPE,DT_INIZIO_VALIDITA) VALUES (44,'99','ALTRO',5,to_date('01/01/2009','dd/mm/yyyy'));
INSERT INTO PBANDI_D_TIPOLOGIA_CIPE (ID_TIPOLOGIA_CIPE, COD_TIPOLOGIA_CIPE, DESC_TIPOLOGIA_CIPE, ID_NATURA_CIPE,DT_INIZIO_VALIDITA) VALUES (45,'01','PARTECIPAZIONI AZIONARIE',6,to_date('01/01/2009','dd/mm/yyyy'));
INSERT INTO PBANDI_D_TIPOLOGIA_CIPE (ID_TIPOLOGIA_CIPE, COD_TIPOLOGIA_CIPE, DESC_TIPOLOGIA_CIPE, ID_NATURA_CIPE,DT_INIZIO_VALIDITA) VALUES (46,'02','CONFERIMENTI DI CAPITALE',6,to_date('01/01/2009','dd/mm/yyyy'));
INSERT INTO PBANDI_D_TIPOLOGIA_CIPE (ID_TIPOLOGIA_CIPE, COD_TIPOLOGIA_CIPE, DESC_TIPOLOGIA_CIPE, ID_NATURA_CIPE,DT_INIZIO_VALIDITA) VALUES (47,'99','ALTRO',6,to_date('01/01/2009','dd/mm/yyyy'));

INSERT INTO PBANDI_D_SETTORE_CIPE (ID_SETTORE_CIPE, COD_SETTORE_CIPE, DESC_SETTORE_CIPE, DT_INIZIO_VALIDITA) VALUES (1 ,'01','INFRASTRUTTURE DI TRASPORTO',                                            to_date('01/01/2009','dd/mm/yyyy'));
INSERT INTO PBANDI_D_SETTORE_CIPE (ID_SETTORE_CIPE, COD_SETTORE_CIPE, DESC_SETTORE_CIPE, DT_INIZIO_VALIDITA) VALUES (2 ,'02','INFRASTRUTTURE AMBIENTALI E RISORSE IDRICHE',                            to_date('01/01/2009','dd/mm/yyyy'));
INSERT INTO PBANDI_D_SETTORE_CIPE (ID_SETTORE_CIPE, COD_SETTORE_CIPE, DESC_SETTORE_CIPE, DT_INIZIO_VALIDITA) VALUES (3 ,'03','INFRASTRUTTURE DEL SETTORE ENERGETICO',                                  to_date('01/01/2009','dd/mm/yyyy'));
INSERT INTO PBANDI_D_SETTORE_CIPE (ID_SETTORE_CIPE, COD_SETTORE_CIPE, DESC_SETTORE_CIPE, DT_INIZIO_VALIDITA) VALUES (4 ,'04','INFRASTRUTTURE PER L''ATTREZZATURA DI AREE PRODUTTIVE',                  to_date('01/01/2009','dd/mm/yyyy'));
INSERT INTO PBANDI_D_SETTORE_CIPE (ID_SETTORE_CIPE, COD_SETTORE_CIPE, DESC_SETTORE_CIPE, DT_INIZIO_VALIDITA) VALUES (5 ,'05','OPERE E INFRASTRUTTURE SOCIALI',                                         to_date('01/01/2009','dd/mm/yyyy'));
INSERT INTO PBANDI_D_SETTORE_CIPE (ID_SETTORE_CIPE, COD_SETTORE_CIPE, DESC_SETTORE_CIPE, DT_INIZIO_VALIDITA) VALUES (6 ,'06','OPERE, IMPIANTI ED ATTREZZATURE PER ATTIVITA'' PRODUTTIVE E LA RICERCA', to_date('01/01/2009','dd/mm/yyyy'));
INSERT INTO PBANDI_D_SETTORE_CIPE (ID_SETTORE_CIPE, COD_SETTORE_CIPE, DESC_SETTORE_CIPE, DT_INIZIO_VALIDITA) VALUES (7 ,'07','INFRASTRUTTURE PER TELECOMUNICAZIONI E TECNOLOGIE INFORMATICHE',         to_date('01/01/2009','dd/mm/yyyy'));
INSERT INTO PBANDI_D_SETTORE_CIPE (ID_SETTORE_CIPE, COD_SETTORE_CIPE, DESC_SETTORE_CIPE, DT_INIZIO_VALIDITA) VALUES (8 ,'08','RICERCA SVILUPPO TECNOLOGICO ED INNOVAZIONE',                            to_date('01/01/2009','dd/mm/yyyy'));
INSERT INTO PBANDI_D_SETTORE_CIPE (ID_SETTORE_CIPE, COD_SETTORE_CIPE, DESC_SETTORE_CIPE, DT_INIZIO_VALIDITA) VALUES (9 ,'09','SERVIZI ALLE IMPRESE',                                                   to_date('01/01/2009','dd/mm/yyyy'));
INSERT INTO PBANDI_D_SETTORE_CIPE (ID_SETTORE_CIPE, COD_SETTORE_CIPE, DESC_SETTORE_CIPE, DT_INIZIO_VALIDITA) VALUES (10,'10','SERVIZI PER LA P.A. E PER LA COLLETTIVITA''',                            to_date('01/01/2009','dd/mm/yyyy'));
INSERT INTO PBANDI_D_SETTORE_CIPE (ID_SETTORE_CIPE, COD_SETTORE_CIPE, DESC_SETTORE_CIPE, DT_INIZIO_VALIDITA) VALUES (11,'11','FORMAZIONE E SOSTEGNI PER IL MERCATO DEL LAVORO',                        to_date('01/01/2009','dd/mm/yyyy'));

INSERT INTO PBANDI_D_SOTTO_SETTORE_CIPE (ID_SOTTO_SETTORE_CIPE, ID_SETTORE_CIPE,COD_SOTTO_SETTORE_CIPE, DESC_SOTTO_SETTORE_CIPE, DT_INIZIO_VALIDITA) values(1 ,1 ,'01','STRADALI',                                                                                                          to_date('01/01/2009','dd/mm/yyyy'));         
INSERT INTO PBANDI_D_SOTTO_SETTORE_CIPE (ID_SOTTO_SETTORE_CIPE, ID_SETTORE_CIPE,COD_SOTTO_SETTORE_CIPE, DESC_SOTTO_SETTORE_CIPE, DT_INIZIO_VALIDITA) values(2 ,1 ,'02','AEROPORTUALI',                                                                                                      to_date('01/01/2009','dd/mm/yyyy'));         
INSERT INTO PBANDI_D_SOTTO_SETTORE_CIPE (ID_SOTTO_SETTORE_CIPE, ID_SETTORE_CIPE,COD_SOTTO_SETTORE_CIPE, DESC_SOTTO_SETTORE_CIPE, DT_INIZIO_VALIDITA) values(3 ,1 ,'03','FERROVIE',                                                                                                          to_date('01/01/2009','dd/mm/yyyy'));         
INSERT INTO PBANDI_D_SOTTO_SETTORE_CIPE (ID_SOTTO_SETTORE_CIPE, ID_SETTORE_CIPE,COD_SOTTO_SETTORE_CIPE, DESC_SOTTO_SETTORE_CIPE, DT_INIZIO_VALIDITA) values(4 ,1 ,'04','MARITTIME LACUALI E FLUVIALI',                                                                                      to_date('01/01/2009','dd/mm/yyyy'));         
INSERT INTO PBANDI_D_SOTTO_SETTORE_CIPE (ID_SOTTO_SETTORE_CIPE, ID_SETTORE_CIPE,COD_SOTTO_SETTORE_CIPE, DESC_SOTTO_SETTORE_CIPE, DT_INIZIO_VALIDITA) values(5 ,1 ,'05','TRASPORTO URBANO',                                                                                                  to_date('01/01/2009','dd/mm/yyyy'));         
INSERT INTO PBANDI_D_SOTTO_SETTORE_CIPE (ID_SOTTO_SETTORE_CIPE, ID_SETTORE_CIPE,COD_SOTTO_SETTORE_CIPE, DESC_SOTTO_SETTORE_CIPE, DT_INIZIO_VALIDITA) values(6 ,1 ,'06','TRASPORTI MULTIMODALI E ALTRE MODALITA'' DI TRASPORTO',                                                             to_date('01/01/2009','dd/mm/yyyy'));          
INSERT INTO PBANDI_D_SOTTO_SETTORE_CIPE (ID_SOTTO_SETTORE_CIPE, ID_SETTORE_CIPE,COD_SOTTO_SETTORE_CIPE, DESC_SOTTO_SETTORE_CIPE, DT_INIZIO_VALIDITA) values(7 ,2 ,'05','DIFESA DEL SUOLO',                                                                                                  to_date('01/01/2009','dd/mm/yyyy'));         
INSERT INTO PBANDI_D_SOTTO_SETTORE_CIPE (ID_SOTTO_SETTORE_CIPE, ID_SETTORE_CIPE,COD_SOTTO_SETTORE_CIPE, DESC_SOTTO_SETTORE_CIPE, DT_INIZIO_VALIDITA) values(8 ,2 ,'10','OPERE DI SMALTIMENTO REFLUI E RIFIUTI',                                                                             to_date('01/01/2009','dd/mm/yyyy'));         
INSERT INTO PBANDI_D_SOTTO_SETTORE_CIPE (ID_SOTTO_SETTORE_CIPE, ID_SETTORE_CIPE,COD_SOTTO_SETTORE_CIPE, DESC_SOTTO_SETTORE_CIPE, DT_INIZIO_VALIDITA) values(9 ,2 ,'11','OPERE DI PROTEZIONE, VALORIZZAZIONE E FRUIZIONE DELL''AMBIENTE',                                                    to_date('01/01/2009','dd/mm/yyyy'));          
INSERT INTO PBANDI_D_SOTTO_SETTORE_CIPE (ID_SOTTO_SETTORE_CIPE, ID_SETTORE_CIPE,COD_SOTTO_SETTORE_CIPE, DESC_SOTTO_SETTORE_CIPE, DT_INIZIO_VALIDITA) values(10,2 ,'12','RIASSETTO E RECUPERO DI SITI URBANI E PRODUTTIVI',                                                                  to_date('01/01/2009','dd/mm/yyyy'));         
INSERT INTO PBANDI_D_SOTTO_SETTORE_CIPE (ID_SOTTO_SETTORE_CIPE, ID_SETTORE_CIPE,COD_SOTTO_SETTORE_CIPE, DESC_SOTTO_SETTORE_CIPE, DT_INIZIO_VALIDITA) values(11,2 ,'15','RISORSE IDRICHE',                                                                                                   to_date('01/01/2009','dd/mm/yyyy'));         
INSERT INTO PBANDI_D_SOTTO_SETTORE_CIPE (ID_SOTTO_SETTORE_CIPE, ID_SETTORE_CIPE,COD_SOTTO_SETTORE_CIPE, DESC_SOTTO_SETTORE_CIPE, DT_INIZIO_VALIDITA) values(12,3 ,'06','PRODUZIONE DI ENERGIA',                                                                                             to_date('01/01/2009','dd/mm/yyyy'));         
INSERT INTO PBANDI_D_SOTTO_SETTORE_CIPE (ID_SOTTO_SETTORE_CIPE, ID_SETTORE_CIPE,COD_SOTTO_SETTORE_CIPE, DESC_SOTTO_SETTORE_CIPE, DT_INIZIO_VALIDITA) values(13,3 ,'16','DISTRIBUZIONE DI ENERGIA',                                                                                          to_date('01/01/2009','dd/mm/yyyy'));         
INSERT INTO PBANDI_D_SOTTO_SETTORE_CIPE (ID_SOTTO_SETTORE_CIPE, ID_SETTORE_CIPE,COD_SOTTO_SETTORE_CIPE, DESC_SOTTO_SETTORE_CIPE, DT_INIZIO_VALIDITA) values(14,4 ,'39','INFRASTRUTTURE PER L''ATTREZZATURA DI AREE PRODUTTIVE',                                                             to_date('01/01/2009','dd/mm/yyyy'));          
INSERT INTO PBANDI_D_SOTTO_SETTORE_CIPE (ID_SOTTO_SETTORE_CIPE, ID_SETTORE_CIPE,COD_SOTTO_SETTORE_CIPE, DESC_SOTTO_SETTORE_CIPE, DT_INIZIO_VALIDITA) values(15,5 ,'08','SOCIALI E SCOLASTICHE',                                                                                             to_date('01/01/2009','dd/mm/yyyy'));         
INSERT INTO PBANDI_D_SOTTO_SETTORE_CIPE (ID_SOTTO_SETTORE_CIPE, ID_SETTORE_CIPE,COD_SOTTO_SETTORE_CIPE, DESC_SOTTO_SETTORE_CIPE, DT_INIZIO_VALIDITA) values(16,5 ,'10','ABITATIVE',                                                                                                         to_date('01/01/2009','dd/mm/yyyy'));         
INSERT INTO PBANDI_D_SOTTO_SETTORE_CIPE (ID_SOTTO_SETTORE_CIPE, ID_SETTORE_CIPE,COD_SOTTO_SETTORE_CIPE, DESC_SOTTO_SETTORE_CIPE, DT_INIZIO_VALIDITA) values(17,5 ,'11','OPERE PER IL RECUPERO, VALORIZZAZIONE E FRUIZIONE DI BENI CULTURALI',                                               to_date('01/01/2009','dd/mm/yyyy'));         
INSERT INTO PBANDI_D_SOTTO_SETTORE_CIPE (ID_SOTTO_SETTORE_CIPE, ID_SETTORE_CIPE,COD_SOTTO_SETTORE_CIPE, DESC_SOTTO_SETTORE_CIPE, DT_INIZIO_VALIDITA) values(18,5 ,'12','SPORT, SPETTACOLO E TEMPO LIBERO',                                                                                  to_date('01/01/2009','dd/mm/yyyy'));         
INSERT INTO PBANDI_D_SOTTO_SETTORE_CIPE (ID_SOTTO_SETTORE_CIPE, ID_SETTORE_CIPE,COD_SOTTO_SETTORE_CIPE, DESC_SOTTO_SETTORE_CIPE, DT_INIZIO_VALIDITA) values(19,5 ,'30','SANITARIE',                                                                                                         to_date('01/01/2009','dd/mm/yyyy'));         
INSERT INTO PBANDI_D_SOTTO_SETTORE_CIPE (ID_SOTTO_SETTORE_CIPE, ID_SETTORE_CIPE,COD_SOTTO_SETTORE_CIPE, DESC_SOTTO_SETTORE_CIPE, DT_INIZIO_VALIDITA) values(20,5 ,'31','CULTO',                                                                                                             to_date('01/01/2009','dd/mm/yyyy'));         
INSERT INTO PBANDI_D_SOTTO_SETTORE_CIPE (ID_SOTTO_SETTORE_CIPE, ID_SETTORE_CIPE,COD_SOTTO_SETTORE_CIPE, DESC_SOTTO_SETTORE_CIPE, DT_INIZIO_VALIDITA) values(21,5 ,'32','DIFESA',                                                                                                            to_date('01/01/2009','dd/mm/yyyy'));         
INSERT INTO PBANDI_D_SOTTO_SETTORE_CIPE (ID_SOTTO_SETTORE_CIPE, ID_SETTORE_CIPE,COD_SOTTO_SETTORE_CIPE, DESC_SOTTO_SETTORE_CIPE, DT_INIZIO_VALIDITA) values(22,5 ,'33','DIREZIONALI E AMMINISTRATIVE',                                                                                      to_date('01/01/2009','dd/mm/yyyy'));         
INSERT INTO PBANDI_D_SOTTO_SETTORE_CIPE (ID_SOTTO_SETTORE_CIPE, ID_SETTORE_CIPE,COD_SOTTO_SETTORE_CIPE, DESC_SOTTO_SETTORE_CIPE, DT_INIZIO_VALIDITA) values(23,5 ,'34','GIUDIZIARIE E PENITENZIARIE',                                                                                       to_date('01/01/2009','dd/mm/yyyy'));         
INSERT INTO PBANDI_D_SOTTO_SETTORE_CIPE (ID_SOTTO_SETTORE_CIPE, ID_SETTORE_CIPE,COD_SOTTO_SETTORE_CIPE, DESC_SOTTO_SETTORE_CIPE, DT_INIZIO_VALIDITA) values(24,5 ,'36','PUBBLICA SICUREZZA',                                                                                                to_date('01/01/2009','dd/mm/yyyy'));         
INSERT INTO PBANDI_D_SOTTO_SETTORE_CIPE (ID_SOTTO_SETTORE_CIPE, ID_SETTORE_CIPE,COD_SOTTO_SETTORE_CIPE, DESC_SOTTO_SETTORE_CIPE, DT_INIZIO_VALIDITA) values(25,5 ,'99','ALTRE OPERE ED INFRASTRUTTURE SOCIALI',                                                                             to_date('01/01/2009','dd/mm/yyyy'));         
INSERT INTO PBANDI_D_SOTTO_SETTORE_CIPE (ID_SOTTO_SETTORE_CIPE, ID_SETTORE_CIPE,COD_SOTTO_SETTORE_CIPE, DESC_SOTTO_SETTORE_CIPE, DT_INIZIO_VALIDITA) values(26,6 ,'02','OPERE, IMPIANTI ED ATTREZZATURE PER IL SETTORE SILVO-FORESTALE',                                                    to_date('01/01/2009','dd/mm/yyyy'));         
INSERT INTO PBANDI_D_SOTTO_SETTORE_CIPE (ID_SOTTO_SETTORE_CIPE, ID_SETTORE_CIPE,COD_SOTTO_SETTORE_CIPE, DESC_SOTTO_SETTORE_CIPE, DT_INIZIO_VALIDITA) values(27,6 ,'13','OPERE, IMPIANTI ED ATTREZZATURE PER L''AGRICOLTURA E LA ZOOTECNIA',                                                 to_date('01/01/2009','dd/mm/yyyy'));          
INSERT INTO PBANDI_D_SOTTO_SETTORE_CIPE (ID_SOTTO_SETTORE_CIPE, ID_SETTORE_CIPE,COD_SOTTO_SETTORE_CIPE, DESC_SOTTO_SETTORE_CIPE, DT_INIZIO_VALIDITA) values(28,6 ,'14','IMPIANTI ED ATTREZZATURE PER LA PESCA',                                                                             to_date('01/01/2009','dd/mm/yyyy'));         
INSERT INTO PBANDI_D_SOTTO_SETTORE_CIPE (ID_SOTTO_SETTORE_CIPE, ID_SETTORE_CIPE,COD_SOTTO_SETTORE_CIPE, DESC_SOTTO_SETTORE_CIPE, DT_INIZIO_VALIDITA) values(29,6 ,'39','OPERE, IMPIANTI ED ATTREZZATURE PER ATTIVITA'' INDUSTRIALI E L''ARTIGIANATO',                                       to_date('01/01/2009','dd/mm/yyyy'));           
INSERT INTO PBANDI_D_SOTTO_SETTORE_CIPE (ID_SOTTO_SETTORE_CIPE, ID_SETTORE_CIPE,COD_SOTTO_SETTORE_CIPE, DESC_SOTTO_SETTORE_CIPE, DT_INIZIO_VALIDITA) values(30,6 ,'40','OPERE E INFRASTRUTTURE PER LA RICERCA',                                                                             to_date('01/01/2009','dd/mm/yyyy'));         
INSERT INTO PBANDI_D_SOTTO_SETTORE_CIPE (ID_SOTTO_SETTORE_CIPE, ID_SETTORE_CIPE,COD_SOTTO_SETTORE_CIPE, DESC_SOTTO_SETTORE_CIPE, DT_INIZIO_VALIDITA) values(31,6 ,'41','OPERE E STRUTTURE PER IL TURISMO',                                                                                  to_date('01/01/2009','dd/mm/yyyy'));         
INSERT INTO PBANDI_D_SOTTO_SETTORE_CIPE (ID_SOTTO_SETTORE_CIPE, ID_SETTORE_CIPE,COD_SOTTO_SETTORE_CIPE, DESC_SOTTO_SETTORE_CIPE, DT_INIZIO_VALIDITA) values(32,6 ,'42','STRUTTURE ED ATTREZZATURE PER IL COMMERCIO E I SERVIZI',                                                            to_date('01/01/2009','dd/mm/yyyy'));         
INSERT INTO PBANDI_D_SOTTO_SETTORE_CIPE (ID_SOTTO_SETTORE_CIPE, ID_SETTORE_CIPE,COD_SOTTO_SETTORE_CIPE, DESC_SOTTO_SETTORE_CIPE, DT_INIZIO_VALIDITA) values(33,7 ,'07','TELECOMUNICAZIONI E TECNOLOGIE INFORMATICHE',                                                                       to_date('01/01/2009','dd/mm/yyyy'));         
INSERT INTO PBANDI_D_SOTTO_SETTORE_CIPE (ID_SOTTO_SETTORE_CIPE, ID_SETTORE_CIPE,COD_SOTTO_SETTORE_CIPE, DESC_SOTTO_SETTORE_CIPE, DT_INIZIO_VALIDITA) values(34,8 ,'60','PROGETTI  DI DIFFUSIONE E COOPERAZIONE PUBBLICO-PRIVATA',                                                           to_date('01/01/2009','dd/mm/yyyy'));         
INSERT INTO PBANDI_D_SOTTO_SETTORE_CIPE (ID_SOTTO_SETTORE_CIPE, ID_SETTORE_CIPE,COD_SOTTO_SETTORE_CIPE, DESC_SOTTO_SETTORE_CIPE, DT_INIZIO_VALIDITA) values(35,8 ,'61','PROGETTI DI RICERCA PRESSO UNIVERSITA'' E ISTITUTI DI RICERCA',                                                     to_date('01/01/2009','dd/mm/yyyy'));          
INSERT INTO PBANDI_D_SOTTO_SETTORE_CIPE (ID_SOTTO_SETTORE_CIPE, ID_SETTORE_CIPE,COD_SOTTO_SETTORE_CIPE, DESC_SOTTO_SETTORE_CIPE, DT_INIZIO_VALIDITA) values(36,8 ,'62','PROGETTI DI RICERCA PRESSO IMPRESE',                                                                                to_date('01/01/2009','dd/mm/yyyy'));         
INSERT INTO PBANDI_D_SOTTO_SETTORE_CIPE (ID_SOTTO_SETTORE_CIPE, ID_SETTORE_CIPE,COD_SOTTO_SETTORE_CIPE, DESC_SOTTO_SETTORE_CIPE, DT_INIZIO_VALIDITA) values(37,9 ,'20','SERVIZI ALLE IMPRESE AGRICOLE, FORESTALI E DELLA PESCA',                                                            to_date('01/01/2009','dd/mm/yyyy'));         
INSERT INTO PBANDI_D_SOTTO_SETTORE_CIPE (ID_SOTTO_SETTORE_CIPE, ID_SETTORE_CIPE,COD_SOTTO_SETTORE_CIPE, DESC_SOTTO_SETTORE_CIPE, DT_INIZIO_VALIDITA) values(38,9 ,'21','SERVIZI ALLE IMPRESE INDUSTRIALI',                                                                                  to_date('01/01/2009','dd/mm/yyyy'));         
INSERT INTO PBANDI_D_SOTTO_SETTORE_CIPE (ID_SOTTO_SETTORE_CIPE, ID_SETTORE_CIPE,COD_SOTTO_SETTORE_CIPE, DESC_SOTTO_SETTORE_CIPE, DT_INIZIO_VALIDITA) values(39,9 ,'22','SERVIZI ALLE IMPRESE TURISTICHE',                                                                                   to_date('01/01/2009','dd/mm/yyyy'));         
INSERT INTO PBANDI_D_SOTTO_SETTORE_CIPE (ID_SOTTO_SETTORE_CIPE, ID_SETTORE_CIPE,COD_SOTTO_SETTORE_CIPE, DESC_SOTTO_SETTORE_CIPE, DT_INIZIO_VALIDITA) values(40,9 ,'23','SERVIZI DI INTERMEDIAZIONE FINANZIARIA',                                                                            to_date('01/01/2009','dd/mm/yyyy'));         
INSERT INTO PBANDI_D_SOTTO_SETTORE_CIPE (ID_SOTTO_SETTORE_CIPE, ID_SETTORE_CIPE,COD_SOTTO_SETTORE_CIPE, DESC_SOTTO_SETTORE_CIPE, DT_INIZIO_VALIDITA) values(41,9 ,'25','SERVIZI ALLE IMPRESE DEL COMMERCIO',                                                                                to_date('01/01/2009','dd/mm/yyyy'));         
INSERT INTO PBANDI_D_SOTTO_SETTORE_CIPE (ID_SOTTO_SETTORE_CIPE, ID_SETTORE_CIPE,COD_SOTTO_SETTORE_CIPE, DESC_SOTTO_SETTORE_CIPE, DT_INIZIO_VALIDITA) values(42,10,'01','SERVIZI E TECNOLOGIE PER L''INFORMAZIONE E LE COMUNICAZIONI',                                                       to_date('01/01/2009','dd/mm/yyyy'));          
INSERT INTO PBANDI_D_SOTTO_SETTORE_CIPE (ID_SOTTO_SETTORE_CIPE, ID_SETTORE_CIPE,COD_SOTTO_SETTORE_CIPE, DESC_SOTTO_SETTORE_CIPE, DT_INIZIO_VALIDITA) values(43,10,'02','SERVIZI E APPLICAZIONI INFORMATICHE PER I CITTADINI E LE IMPRESE',                                                  to_date('01/01/2009','dd/mm/yyyy'));         
INSERT INTO PBANDI_D_SOTTO_SETTORE_CIPE (ID_SOTTO_SETTORE_CIPE, ID_SETTORE_CIPE,COD_SOTTO_SETTORE_CIPE, DESC_SOTTO_SETTORE_CIPE, DT_INIZIO_VALIDITA) values(44,10,'03','AZIONI INNOVATRICI',                                                                                                to_date('01/01/2009','dd/mm/yyyy'));         
INSERT INTO PBANDI_D_SOTTO_SETTORE_CIPE (ID_SOTTO_SETTORE_CIPE, ID_SETTORE_CIPE,COD_SOTTO_SETTORE_CIPE, DESC_SOTTO_SETTORE_CIPE, DT_INIZIO_VALIDITA) values(45,10,'30','SERVIZI A SUPPORTO DELLO SVILUPPO E DELLA QUALIFICAZIONE DEL SISTEMA DEI SERVIZI ALL''IMPIEGO',                     to_date('01/01/2009','dd/mm/yyyy'));          
INSERT INTO PBANDI_D_SOTTO_SETTORE_CIPE (ID_SOTTO_SETTORE_CIPE, ID_SETTORE_CIPE,COD_SOTTO_SETTORE_CIPE, DESC_SOTTO_SETTORE_CIPE, DT_INIZIO_VALIDITA) values(46,10,'31','SERVIZI A SUPPORTO DELLO SVILUPPO E DELLA QUALIFICAZIONE DEL SISTEMA  DELL''OFFERTA DI FORMAZIONE E DI ISTRUZIONE', to_date('01/01/2009','dd/mm/yyyy'));          
INSERT INTO PBANDI_D_SOTTO_SETTORE_CIPE (ID_SOTTO_SETTORE_CIPE, ID_SETTORE_CIPE,COD_SOTTO_SETTORE_CIPE, DESC_SOTTO_SETTORE_CIPE, DT_INIZIO_VALIDITA) values(47,10,'41','SERVIZI DI ASSISTENZA TECNICA ALLA P.A.',                                                                           to_date('01/01/2009','dd/mm/yyyy'));         
INSERT INTO PBANDI_D_SOTTO_SETTORE_CIPE (ID_SOTTO_SETTORE_CIPE, ID_SETTORE_CIPE,COD_SOTTO_SETTORE_CIPE, DESC_SOTTO_SETTORE_CIPE, DT_INIZIO_VALIDITA) values(48,10,'92','SERVIZI AI DIPENDENTI DI IMPRESE PRODUTTIVE',                                                                       to_date('01/01/2009','dd/mm/yyyy'));         
INSERT INTO PBANDI_D_SOTTO_SETTORE_CIPE (ID_SOTTO_SETTORE_CIPE, ID_SETTORE_CIPE,COD_SOTTO_SETTORE_CIPE, DESC_SOTTO_SETTORE_CIPE, DT_INIZIO_VALIDITA) values(49,10,'93','SERVIZI ESSENZIALI PER LA POPOLAZIONE RURALE',                                                                      to_date('01/01/2009','dd/mm/yyyy'));         
INSERT INTO PBANDI_D_SOTTO_SETTORE_CIPE (ID_SOTTO_SETTORE_CIPE, ID_SETTORE_CIPE,COD_SOTTO_SETTORE_CIPE, DESC_SOTTO_SETTORE_CIPE, DT_INIZIO_VALIDITA) values(50,10,'99','ALTRI SERVIZI PER LA COLLETTIVITA''',                                                                               to_date('01/01/2009','dd/mm/yyyy'));          
INSERT INTO PBANDI_D_SOTTO_SETTORE_CIPE (ID_SOTTO_SETTORE_CIPE, ID_SETTORE_CIPE,COD_SOTTO_SETTORE_CIPE, DESC_SOTTO_SETTORE_CIPE, DT_INIZIO_VALIDITA) values(51,11,'71','FORMAZIONE PER IL LAVORO',                                                                                          to_date('01/01/2009','dd/mm/yyyy'));         
INSERT INTO PBANDI_D_SOTTO_SETTORE_CIPE (ID_SOTTO_SETTORE_CIPE, ID_SETTORE_CIPE,COD_SOTTO_SETTORE_CIPE, DESC_SOTTO_SETTORE_CIPE, DT_INIZIO_VALIDITA) values(52,11,'72','ALTRI STRUMENTI FORMATIVI E DI WORK-EXPERIENCE',                                                                    to_date('01/01/2009','dd/mm/yyyy'));         
INSERT INTO PBANDI_D_SOTTO_SETTORE_CIPE (ID_SOTTO_SETTORE_CIPE, ID_SETTORE_CIPE,COD_SOTTO_SETTORE_CIPE, DESC_SOTTO_SETTORE_CIPE, DT_INIZIO_VALIDITA) values(53,11,'75','CONTRIBUTI ED INCENTIVI AL LAVORO',                                                                                 to_date('01/01/2009','dd/mm/yyyy'));         
INSERT INTO PBANDI_D_SOTTO_SETTORE_CIPE (ID_SOTTO_SETTORE_CIPE, ID_SETTORE_CIPE,COD_SOTTO_SETTORE_CIPE, DESC_SOTTO_SETTORE_CIPE, DT_INIZIO_VALIDITA) values(54,11,'80','ALTRI SOSTEGNI PER IL MERCATO DEL LAVORO',                                                                          to_date('01/01/2009','dd/mm/yyyy'));         

INSERT INTO PBANDI_D_CATEGORIA_CIPE (ID_CATEGORIA_CIPE, ID_SOTTO_SETTORE_CIPE,COD_CATEGORIA_CIPE, DESC_CATEGORIA_CIPE, DT_INIZIO_VALIDITA) VALUES (1  ,1 ,'011','AUTOSTRADE',                                                                                              to_date('01/01/2009','dd/mm/yyyy'));          
INSERT INTO PBANDI_D_CATEGORIA_CIPE (ID_CATEGORIA_CIPE, ID_SOTTO_SETTORE_CIPE,COD_CATEGORIA_CIPE, DESC_CATEGORIA_CIPE, DT_INIZIO_VALIDITA) VALUES (2  ,1 ,'012','STRADE STATALI',                                                                                          to_date('01/01/2009','dd/mm/yyyy'));          
INSERT INTO PBANDI_D_CATEGORIA_CIPE (ID_CATEGORIA_CIPE, ID_SOTTO_SETTORE_CIPE,COD_CATEGORIA_CIPE, DESC_CATEGORIA_CIPE, DT_INIZIO_VALIDITA) VALUES (3  ,1 ,'013','STRADE REGIONALI, PROVINCIALI E COMUNALI',                                                                to_date('01/01/2009','dd/mm/yyyy'));          
INSERT INTO PBANDI_D_CATEGORIA_CIPE (ID_CATEGORIA_CIPE, ID_SOTTO_SETTORE_CIPE,COD_CATEGORIA_CIPE, DESC_CATEGORIA_CIPE, DT_INIZIO_VALIDITA) VALUES (4  ,1 ,'014','PISTE CICLABILI',                                                                                         to_date('01/01/2009','dd/mm/yyyy'));          
INSERT INTO PBANDI_D_CATEGORIA_CIPE (ID_CATEGORIA_CIPE, ID_SOTTO_SETTORE_CIPE,COD_CATEGORIA_CIPE, DESC_CATEGORIA_CIPE, DT_INIZIO_VALIDITA) VALUES (5  ,1 ,'015','STRADE RURALI',                                                                                           to_date('01/01/2009','dd/mm/yyyy'));          
INSERT INTO PBANDI_D_CATEGORIA_CIPE (ID_CATEGORIA_CIPE, ID_SOTTO_SETTORE_CIPE,COD_CATEGORIA_CIPE, DESC_CATEGORIA_CIPE, DT_INIZIO_VALIDITA) VALUES (6  ,1 ,'999','ALTRE OPERE STRADALI',                                                                                    to_date('01/01/2009','dd/mm/yyyy'));          
INSERT INTO PBANDI_D_CATEGORIA_CIPE (ID_CATEGORIA_CIPE, ID_SOTTO_SETTORE_CIPE,COD_CATEGORIA_CIPE, DESC_CATEGORIA_CIPE, DT_INIZIO_VALIDITA) VALUES (7  ,2 ,'021','PISTE',                                                                                                   to_date('01/01/2009','dd/mm/yyyy'));          
INSERT INTO PBANDI_D_CATEGORIA_CIPE (ID_CATEGORIA_CIPE, ID_SOTTO_SETTORE_CIPE,COD_CATEGORIA_CIPE, DESC_CATEGORIA_CIPE, DT_INIZIO_VALIDITA) VALUES (8  ,2 ,'022','AEROSTAZIONI',                                                                                            to_date('01/01/2009','dd/mm/yyyy'));          
INSERT INTO PBANDI_D_CATEGORIA_CIPE (ID_CATEGORIA_CIPE, ID_SOTTO_SETTORE_CIPE,COD_CATEGORIA_CIPE, DESC_CATEGORIA_CIPE, DT_INIZIO_VALIDITA) VALUES (9  ,2 ,'999','ALTRE OPERE AEROPORTUALI',                                                                                to_date('01/01/2009','dd/mm/yyyy'));          
INSERT INTO PBANDI_D_CATEGORIA_CIPE (ID_CATEGORIA_CIPE, ID_SOTTO_SETTORE_CIPE,COD_CATEGORIA_CIPE, DESC_CATEGORIA_CIPE, DT_INIZIO_VALIDITA) VALUES (10 ,3 ,'031','LINEE FERROVIARIE',                                                                                       to_date('01/01/2009','dd/mm/yyyy'));          
INSERT INTO PBANDI_D_CATEGORIA_CIPE (ID_CATEGORIA_CIPE, ID_SOTTO_SETTORE_CIPE,COD_CATEGORIA_CIPE, DESC_CATEGORIA_CIPE, DT_INIZIO_VALIDITA) VALUES (11 ,3 ,'036','OPERE DI STAZIONE E TERMINALI',                                                                           to_date('01/01/2009','dd/mm/yyyy'));          
INSERT INTO PBANDI_D_CATEGORIA_CIPE (ID_CATEGORIA_CIPE, ID_SOTTO_SETTORE_CIPE,COD_CATEGORIA_CIPE, DESC_CATEGORIA_CIPE, DT_INIZIO_VALIDITA) VALUES (12 ,3 ,'999','ALTRE OPERE FERROVIARIE',                                                                                 to_date('01/01/2009','dd/mm/yyyy'));          
INSERT INTO PBANDI_D_CATEGORIA_CIPE (ID_CATEGORIA_CIPE, ID_SOTTO_SETTORE_CIPE,COD_CATEGORIA_CIPE, DESC_CATEGORIA_CIPE, DT_INIZIO_VALIDITA) VALUES (13 ,4 ,'041','PORTI COMMERCIALI',                                                                                       to_date('01/01/2009','dd/mm/yyyy'));          
INSERT INTO PBANDI_D_CATEGORIA_CIPE (ID_CATEGORIA_CIPE, ID_SOTTO_SETTORE_CIPE,COD_CATEGORIA_CIPE, DESC_CATEGORIA_CIPE, DT_INIZIO_VALIDITA) VALUES (14 ,4 ,'042','IDROVIE E OPERE FLUVIALI',                                                                                to_date('01/01/2009','dd/mm/yyyy'));          
INSERT INTO PBANDI_D_CATEGORIA_CIPE (ID_CATEGORIA_CIPE, ID_SOTTO_SETTORE_CIPE,COD_CATEGORIA_CIPE, DESC_CATEGORIA_CIPE, DT_INIZIO_VALIDITA) VALUES (15 ,4 ,'043','PORTI PER LA PESCA',                                                                                      to_date('01/01/2009','dd/mm/yyyy'));          
INSERT INTO PBANDI_D_CATEGORIA_CIPE (ID_CATEGORIA_CIPE, ID_SOTTO_SETTORE_CIPE,COD_CATEGORIA_CIPE, DESC_CATEGORIA_CIPE, DT_INIZIO_VALIDITA) VALUES (16 ,4 ,'045','PORTI TURISTICI',                                                                                         to_date('01/01/2009','dd/mm/yyyy'));          
INSERT INTO PBANDI_D_CATEGORIA_CIPE (ID_CATEGORIA_CIPE, ID_SOTTO_SETTORE_CIPE,COD_CATEGORIA_CIPE, DESC_CATEGORIA_CIPE, DT_INIZIO_VALIDITA) VALUES (17 ,4 ,'999','ALTRE OPERE MARITTIME E FLUVIALI',                                                                        to_date('01/01/2009','dd/mm/yyyy'));          
INSERT INTO PBANDI_D_CATEGORIA_CIPE (ID_CATEGORIA_CIPE, ID_SOTTO_SETTORE_CIPE,COD_CATEGORIA_CIPE, DESC_CATEGORIA_CIPE, DT_INIZIO_VALIDITA) VALUES (18 ,5 ,'032','LINEE METROPOLITANE E TRAMVIARIE',                                                                        to_date('01/01/2009','dd/mm/yyyy'));          
INSERT INTO PBANDI_D_CATEGORIA_CIPE (ID_CATEGORIA_CIPE, ID_SOTTO_SETTORE_CIPE,COD_CATEGORIA_CIPE, DESC_CATEGORIA_CIPE, DT_INIZIO_VALIDITA) VALUES (19 ,5 ,'036','SISTEMI INTEGRATI E DI TRASPORTO INTELLIGENTI',                                                           to_date('01/01/2009','dd/mm/yyyy'));          
INSERT INTO PBANDI_D_CATEGORIA_CIPE (ID_CATEGORIA_CIPE, ID_SOTTO_SETTORE_CIPE,COD_CATEGORIA_CIPE, DESC_CATEGORIA_CIPE, DT_INIZIO_VALIDITA) VALUES (20 ,5 ,'157','SISTEMI DI PARCHEGGIO',                                                                                   to_date('01/01/2009','dd/mm/yyyy'));          
INSERT INTO PBANDI_D_CATEGORIA_CIPE (ID_CATEGORIA_CIPE, ID_SOTTO_SETTORE_CIPE,COD_CATEGORIA_CIPE, DESC_CATEGORIA_CIPE, DT_INIZIO_VALIDITA) VALUES (21 ,5 ,'999','ALTRI TRASPORTI URBANI',                                                                                  to_date('01/01/2009','dd/mm/yyyy'));          
INSERT INTO PBANDI_D_CATEGORIA_CIPE (ID_CATEGORIA_CIPE, ID_SOTTO_SETTORE_CIPE,COD_CATEGORIA_CIPE, DESC_CATEGORIA_CIPE, DT_INIZIO_VALIDITA) VALUES (22 ,6 ,'033','FUNIVIE, SEGGIOVIE, FUNICOLARI',                                                                          to_date('01/01/2009','dd/mm/yyyy'));          
INSERT INTO PBANDI_D_CATEGORIA_CIPE (ID_CATEGORIA_CIPE, ID_SOTTO_SETTORE_CIPE,COD_CATEGORIA_CIPE, DESC_CATEGORIA_CIPE, DT_INIZIO_VALIDITA) VALUES (23 ,6 ,'035','TRASPORTI MULTIMODALI ED INTERPORTI',                                                                     to_date('01/01/2009','dd/mm/yyyy'));          
INSERT INTO PBANDI_D_CATEGORIA_CIPE (ID_CATEGORIA_CIPE, ID_SOTTO_SETTORE_CIPE,COD_CATEGORIA_CIPE, DESC_CATEGORIA_CIPE, DT_INIZIO_VALIDITA) VALUES (24 ,6 ,'999','ALTRE MODALITA'' DI TRASPORTO',                                                                           to_date('01/01/2009','dd/mm/yyyy'));           
INSERT INTO PBANDI_D_CATEGORIA_CIPE (ID_CATEGORIA_CIPE, ID_SOTTO_SETTORE_CIPE,COD_CATEGORIA_CIPE, DESC_CATEGORIA_CIPE, DT_INIZIO_VALIDITA) VALUES (25 ,7 ,'044','OPERE DI DIFESA ABITATI E SPIAGGE',                                                                       to_date('01/01/2009','dd/mm/yyyy'));          
INSERT INTO PBANDI_D_CATEGORIA_CIPE (ID_CATEGORIA_CIPE, ID_SOTTO_SETTORE_CIPE,COD_CATEGORIA_CIPE, DESC_CATEGORIA_CIPE, DT_INIZIO_VALIDITA) VALUES (26 ,7 ,'051','SISTEMAZIONE CORSI D''ACQUA',                                                                             to_date('01/01/2009','dd/mm/yyyy'));           
INSERT INTO PBANDI_D_CATEGORIA_CIPE (ID_CATEGORIA_CIPE, ID_SOTTO_SETTORE_CIPE,COD_CATEGORIA_CIPE, DESC_CATEGORIA_CIPE, DT_INIZIO_VALIDITA) VALUES (27 ,7 ,'120','OPERE ED IMPIANTI DI BONIFICA',                                                                           to_date('01/01/2009','dd/mm/yyyy'));          
INSERT INTO PBANDI_D_CATEGORIA_CIPE (ID_CATEGORIA_CIPE, ID_SOTTO_SETTORE_CIPE,COD_CATEGORIA_CIPE, DESC_CATEGORIA_CIPE, DT_INIZIO_VALIDITA) VALUES (28 ,7 ,'121','DIFESA DEL SUOLO E REGIMAZIONE ACQUE',                                                                    to_date('01/01/2009','dd/mm/yyyy'));          
INSERT INTO PBANDI_D_CATEGORIA_CIPE (ID_CATEGORIA_CIPE, ID_SOTTO_SETTORE_CIPE,COD_CATEGORIA_CIPE, DESC_CATEGORIA_CIPE, DT_INIZIO_VALIDITA) VALUES (29 ,7 ,'122','FORESTAZIONE',                                                                                            to_date('01/01/2009','dd/mm/yyyy'));          
INSERT INTO PBANDI_D_CATEGORIA_CIPE (ID_CATEGORIA_CIPE, ID_SOTTO_SETTORE_CIPE,COD_CATEGORIA_CIPE, DESC_CATEGORIA_CIPE, DT_INIZIO_VALIDITA) VALUES (30 ,7 ,'141','CONSOLIDAMENTO ABITATI',                                                                                  to_date('01/01/2009','dd/mm/yyyy'));          
INSERT INTO PBANDI_D_CATEGORIA_CIPE (ID_CATEGORIA_CIPE, ID_SOTTO_SETTORE_CIPE,COD_CATEGORIA_CIPE, DESC_CATEGORIA_CIPE, DT_INIZIO_VALIDITA) VALUES (31 ,7 ,'142','MESSA IN SICUREZZA SITI A RISCHIO SISMICO',                                                               to_date('01/01/2009','dd/mm/yyyy'));          
INSERT INTO PBANDI_D_CATEGORIA_CIPE (ID_CATEGORIA_CIPE, ID_SOTTO_SETTORE_CIPE,COD_CATEGORIA_CIPE, DESC_CATEGORIA_CIPE, DT_INIZIO_VALIDITA) VALUES (32 ,7 ,'999','ALTRE OPERE DI DIFESA DEL SUOLO',                                                                         to_date('01/01/2009','dd/mm/yyyy'));          
INSERT INTO PBANDI_D_CATEGORIA_CIPE (ID_CATEGORIA_CIPE, ID_SOTTO_SETTORE_CIPE,COD_CATEGORIA_CIPE, DESC_CATEGORIA_CIPE, DT_INIZIO_VALIDITA) VALUES (33 ,8 ,'109','IMPIANTI DEPURAZIONE ACQUE',                                                                              to_date('01/01/2009','dd/mm/yyyy'));         
INSERT INTO PBANDI_D_CATEGORIA_CIPE (ID_CATEGORIA_CIPE, ID_SOTTO_SETTORE_CIPE,COD_CATEGORIA_CIPE, DESC_CATEGORIA_CIPE, DT_INIZIO_VALIDITA) VALUES (34 ,8 ,'112','IMPIANTI DI STOCCAGGIO E SOLLEVAMENTO ACQUE REFLUE',                                                      to_date('01/01/2009','dd/mm/yyyy'));          
INSERT INTO PBANDI_D_CATEGORIA_CIPE (ID_CATEGORIA_CIPE, ID_SOTTO_SETTORE_CIPE,COD_CATEGORIA_CIPE, DESC_CATEGORIA_CIPE, DT_INIZIO_VALIDITA) VALUES (35 ,8 ,'113','RETI FOGNARIE',                                                                                           to_date('01/01/2009','dd/mm/yyyy'));          
INSERT INTO PBANDI_D_CATEGORIA_CIPE (ID_CATEGORIA_CIPE, ID_SOTTO_SETTORE_CIPE,COD_CATEGORIA_CIPE, DESC_CATEGORIA_CIPE, DT_INIZIO_VALIDITA) VALUES (36 ,8 ,'115','IMPIANTI SMALTIMENTO RIFIUTI URBANI',                                                                     to_date('01/01/2009','dd/mm/yyyy'));          
INSERT INTO PBANDI_D_CATEGORIA_CIPE (ID_CATEGORIA_CIPE, ID_SOTTO_SETTORE_CIPE,COD_CATEGORIA_CIPE, DESC_CATEGORIA_CIPE, DT_INIZIO_VALIDITA) VALUES (37 ,8 ,'116','IMPIANTI DI TRATTAMENTO RIFIUTI SPECIALI',                                                                to_date('01/01/2009','dd/mm/yyyy'));          
INSERT INTO PBANDI_D_CATEGORIA_CIPE (ID_CATEGORIA_CIPE, ID_SOTTO_SETTORE_CIPE,COD_CATEGORIA_CIPE, DESC_CATEGORIA_CIPE, DT_INIZIO_VALIDITA) VALUES (38 ,8 ,'118','SISTEMI DI RACCOLTA DIFFERENZIATA DEI RIFIUTI',                                                           to_date('01/01/2009','dd/mm/yyyy'));          
INSERT INTO PBANDI_D_CATEGORIA_CIPE (ID_CATEGORIA_CIPE, ID_SOTTO_SETTORE_CIPE,COD_CATEGORIA_CIPE, DESC_CATEGORIA_CIPE, DT_INIZIO_VALIDITA) VALUES (39 ,8 ,'999','ALTRE OPERE DI SMALTIMENTO REFLUI E RIFIUTI',                                                             to_date('01/01/2009','dd/mm/yyyy'));          
INSERT INTO PBANDI_D_CATEGORIA_CIPE (ID_CATEGORIA_CIPE, ID_SOTTO_SETTORE_CIPE,COD_CATEGORIA_CIPE, DESC_CATEGORIA_CIPE, DT_INIZIO_VALIDITA) VALUES (40 ,9 ,'117','INTERVENTI PER LA QUALITA'' DELL''ARIA',                                                                  to_date('01/01/2009','dd/mm/yyyy'));            
INSERT INTO PBANDI_D_CATEGORIA_CIPE (ID_CATEGORIA_CIPE, ID_SOTTO_SETTORE_CIPE,COD_CATEGORIA_CIPE, DESC_CATEGORIA_CIPE, DT_INIZIO_VALIDITA) VALUES (41 ,9 ,'118','RECUPERO E PROTEZIONE DI SITI NATURALI E RURALI',                                                         to_date('01/01/2009','dd/mm/yyyy'));          
INSERT INTO PBANDI_D_CATEGORIA_CIPE (ID_CATEGORIA_CIPE, ID_SOTTO_SETTORE_CIPE,COD_CATEGORIA_CIPE, DESC_CATEGORIA_CIPE, DT_INIZIO_VALIDITA) VALUES (42 ,9 ,'120','INTERVENTI PER LA PROTEZIONE DAL RUMORE',                                                                 to_date('01/01/2009','dd/mm/yyyy'));          
INSERT INTO PBANDI_D_CATEGORIA_CIPE (ID_CATEGORIA_CIPE, ID_SOTTO_SETTORE_CIPE,COD_CATEGORIA_CIPE, DESC_CATEGORIA_CIPE, DT_INIZIO_VALIDITA) VALUES (43 ,9 ,'122','PARCHI E RISERVE PROTETTE',                                                                               to_date('01/01/2009','dd/mm/yyyy'));          
INSERT INTO PBANDI_D_CATEGORIA_CIPE (ID_CATEGORIA_CIPE, ID_SOTTO_SETTORE_CIPE,COD_CATEGORIA_CIPE, DESC_CATEGORIA_CIPE, DT_INIZIO_VALIDITA) VALUES (44 ,9 ,'123','SISTEMI DI MONITORAGGIO AMBIENTALE E TELECONTROLLO DELL''INQUINAMENTO',                                   to_date('01/01/2009','dd/mm/yyyy'));           
INSERT INTO PBANDI_D_CATEGORIA_CIPE (ID_CATEGORIA_CIPE, ID_SOTTO_SETTORE_CIPE,COD_CATEGORIA_CIPE, DESC_CATEGORIA_CIPE, DT_INIZIO_VALIDITA) VALUES (45 ,9 ,'124','STRUTTURE PER LA FRUIZIONE DEL PATRIMONIO AMBIENTALE',                                                    to_date('01/01/2009','dd/mm/yyyy'));          
INSERT INTO PBANDI_D_CATEGORIA_CIPE (ID_CATEGORIA_CIPE, ID_SOTTO_SETTORE_CIPE,COD_CATEGORIA_CIPE, DESC_CATEGORIA_CIPE, DT_INIZIO_VALIDITA) VALUES (46 ,9 ,'999','ALTRE OPERE DI PROTEZIONE, VALORIZZAZIONE E FRUIZIONE AMBIENTALE',                                        to_date('01/01/2009','dd/mm/yyyy'));          
INSERT INTO PBANDI_D_CATEGORIA_CIPE (ID_CATEGORIA_CIPE, ID_SOTTO_SETTORE_CIPE,COD_CATEGORIA_CIPE, DESC_CATEGORIA_CIPE, DT_INIZIO_VALIDITA) VALUES (47 ,10,'001','RIUTILIZZAZIONE E RECUPERO DI AREE DISMESSE',                                                             to_date('01/01/2009','dd/mm/yyyy'));          
INSERT INTO PBANDI_D_CATEGORIA_CIPE (ID_CATEGORIA_CIPE, ID_SOTTO_SETTORE_CIPE,COD_CATEGORIA_CIPE, DESC_CATEGORIA_CIPE, DT_INIZIO_VALIDITA) VALUES (48 ,10,'005','RECUPERO SITI CONTAMINATI E/O DEGRADATI',                                                                 to_date('01/01/2009','dd/mm/yyyy'));          
INSERT INTO PBANDI_D_CATEGORIA_CIPE (ID_CATEGORIA_CIPE, ID_SOTTO_SETTORE_CIPE,COD_CATEGORIA_CIPE, DESC_CATEGORIA_CIPE, DT_INIZIO_VALIDITA) VALUES (49 ,10,'999','ALTRE OPERE PER IL RIASSETTO E RECUPERO DI SITI PRODUTTIVI',                                              to_date('01/01/2009','dd/mm/yyyy'));          
INSERT INTO PBANDI_D_CATEGORIA_CIPE (ID_CATEGORIA_CIPE, ID_SOTTO_SETTORE_CIPE,COD_CATEGORIA_CIPE, DESC_CATEGORIA_CIPE, DT_INIZIO_VALIDITA) VALUES (50 ,11,'110','DIGHE',                                                                                                   to_date('01/01/2009','dd/mm/yyyy'));          
INSERT INTO PBANDI_D_CATEGORIA_CIPE (ID_CATEGORIA_CIPE, ID_SOTTO_SETTORE_CIPE,COD_CATEGORIA_CIPE, DESC_CATEGORIA_CIPE, DT_INIZIO_VALIDITA) VALUES (51 ,11,'111','BACINI IRRIGUI, TRAVERSE ED OPERE MINORI DI ACCUMULO',                                                    to_date('01/01/2009','dd/mm/yyyy'));          
INSERT INTO PBANDI_D_CATEGORIA_CIPE (ID_CATEGORIA_CIPE, ID_SOTTO_SETTORE_CIPE,COD_CATEGORIA_CIPE, DESC_CATEGORIA_CIPE, DT_INIZIO_VALIDITA) VALUES (52 ,11,'112','OPERE PER LA CAPTAZIONE E ADDUZIONE DELL''ACQUA PER USI NON AGRICOLI O AD USO PLURIMO',                   to_date('01/01/2009','dd/mm/yyyy'));           
INSERT INTO PBANDI_D_CATEGORIA_CIPE (ID_CATEGORIA_CIPE, ID_SOTTO_SETTORE_CIPE,COD_CATEGORIA_CIPE, DESC_CATEGORIA_CIPE, DT_INIZIO_VALIDITA) VALUES (53 ,11,'113','OPERE PER LA CAPTAZIONE E ADDUZIONE DELL''ACQUA PER ESCLUSIVO USO AGRICOLO',                              to_date('01/01/2009','dd/mm/yyyy'));           
INSERT INTO PBANDI_D_CATEGORIA_CIPE (ID_CATEGORIA_CIPE, ID_SOTTO_SETTORE_CIPE,COD_CATEGORIA_CIPE, DESC_CATEGORIA_CIPE, DT_INIZIO_VALIDITA) VALUES (54 ,11,'117','DISSALATORI ED OPERE DI POTABILIZZAZIONE',                                                                to_date('01/01/2009','dd/mm/yyyy'));          
INSERT INTO PBANDI_D_CATEGORIA_CIPE (ID_CATEGORIA_CIPE, ID_SOTTO_SETTORE_CIPE,COD_CATEGORIA_CIPE, DESC_CATEGORIA_CIPE, DT_INIZIO_VALIDITA) VALUES (55 ,11,'118','RETI IDRICHE URBANE',                                                                                     to_date('01/01/2009','dd/mm/yyyy'));          
INSERT INTO PBANDI_D_CATEGORIA_CIPE (ID_CATEGORIA_CIPE, ID_SOTTO_SETTORE_CIPE,COD_CATEGORIA_CIPE, DESC_CATEGORIA_CIPE, DT_INIZIO_VALIDITA) VALUES (56 ,11,'119','RETI IDRICHE RURALI',                                                                                     to_date('01/01/2009','dd/mm/yyyy'));          
INSERT INTO PBANDI_D_CATEGORIA_CIPE (ID_CATEGORIA_CIPE, ID_SOTTO_SETTORE_CIPE,COD_CATEGORIA_CIPE, DESC_CATEGORIA_CIPE, DT_INIZIO_VALIDITA) VALUES (57 ,11,'120','SERBATOI ED IMPIANTI DI SOLLEVAMENTO',                                                                    to_date('01/01/2009','dd/mm/yyyy'));          
INSERT INTO PBANDI_D_CATEGORIA_CIPE (ID_CATEGORIA_CIPE, ID_SOTTO_SETTORE_CIPE,COD_CATEGORIA_CIPE, DESC_CATEGORIA_CIPE, DT_INIZIO_VALIDITA) VALUES (58 ,11,'121','RETI IDRICHE INDUSTRIALI',                                                                                to_date('01/01/2009','dd/mm/yyyy'));          
INSERT INTO PBANDI_D_CATEGORIA_CIPE (ID_CATEGORIA_CIPE, ID_SOTTO_SETTORE_CIPE,COD_CATEGORIA_CIPE, DESC_CATEGORIA_CIPE, DT_INIZIO_VALIDITA) VALUES (59 ,11,'133','IMPIANTI E RETI IRRIGUE INTERAZIENDALI',                                                                  to_date('01/01/2009','dd/mm/yyyy'));          
INSERT INTO PBANDI_D_CATEGORIA_CIPE (ID_CATEGORIA_CIPE, ID_SOTTO_SETTORE_CIPE,COD_CATEGORIA_CIPE, DESC_CATEGORIA_CIPE, DT_INIZIO_VALIDITA) VALUES (60 ,11,'999','ALTRE OPERE PER L''UTILIZZO DELLE RISORSE IDRICHE',                                                       to_date('01/01/2009','dd/mm/yyyy'));           
INSERT INTO PBANDI_D_CATEGORIA_CIPE (ID_CATEGORIA_CIPE, ID_SOTTO_SETTORE_CIPE,COD_CATEGORIA_CIPE, DESC_CATEGORIA_CIPE, DT_INIZIO_VALIDITA) VALUES (61 ,12,'001','IMPIANTI DI COGENERAZIONE',                                                                               to_date('01/01/2009','dd/mm/yyyy'));          
INSERT INTO PBANDI_D_CATEGORIA_CIPE (ID_CATEGORIA_CIPE, ID_SOTTO_SETTORE_CIPE,COD_CATEGORIA_CIPE, DESC_CATEGORIA_CIPE, DT_INIZIO_VALIDITA) VALUES (62 ,12,'061','IMPIANTI PRODUZIONE IDROELETTRICA',                                                                       to_date('01/01/2009','dd/mm/yyyy'));          
INSERT INTO PBANDI_D_CATEGORIA_CIPE (ID_CATEGORIA_CIPE, ID_SOTTO_SETTORE_CIPE,COD_CATEGORIA_CIPE, DESC_CATEGORIA_CIPE, DT_INIZIO_VALIDITA) VALUES (63 ,12,'062','IMPIANTI PRODUZIONE TERMOELETTRICA',                                                                      to_date('01/01/2009','dd/mm/yyyy'));          
INSERT INTO PBANDI_D_CATEGORIA_CIPE (ID_CATEGORIA_CIPE, ID_SOTTO_SETTORE_CIPE,COD_CATEGORIA_CIPE, DESC_CATEGORIA_CIPE, DT_INIZIO_VALIDITA) VALUES (64 ,12,'069','IMPIANTI PRODUZIONE GAS',                                                                                 to_date('01/01/2009','dd/mm/yyyy'));          
INSERT INTO PBANDI_D_CATEGORIA_CIPE (ID_CATEGORIA_CIPE, ID_SOTTO_SETTORE_CIPE,COD_CATEGORIA_CIPE, DESC_CATEGORIA_CIPE, DT_INIZIO_VALIDITA) VALUES (65 ,12,'998','ALTRI IMPIANTI PRODUZIONE ENERGIE RINNOVABILI E ALTERNATIVE',                                             to_date('01/01/2009','dd/mm/yyyy'));          
INSERT INTO PBANDI_D_CATEGORIA_CIPE (ID_CATEGORIA_CIPE, ID_SOTTO_SETTORE_CIPE,COD_CATEGORIA_CIPE, DESC_CATEGORIA_CIPE, DT_INIZIO_VALIDITA) VALUES (66 ,12,'999','ALTRE OPERE PER LA PRODUZIONE E ESTRAZIONE DI ENERGIA',                                                   to_date('01/01/2009','dd/mm/yyyy'));          
INSERT INTO PBANDI_D_CATEGORIA_CIPE (ID_CATEGORIA_CIPE, ID_SOTTO_SETTORE_CIPE,COD_CATEGORIA_CIPE, DESC_CATEGORIA_CIPE, DT_INIZIO_VALIDITA) VALUES (67 ,13,'004','IMPIANTI PER L''EFFICIENZA DELLE RETI E RISPARMIO ENERGETICO',                                            to_date('01/01/2009','dd/mm/yyyy'));           
INSERT INTO PBANDI_D_CATEGORIA_CIPE (ID_CATEGORIA_CIPE, ID_SOTTO_SETTORE_CIPE,COD_CATEGORIA_CIPE, DESC_CATEGORIA_CIPE, DT_INIZIO_VALIDITA) VALUES (68 ,13,'060','RETI DISTRIBUZIONE GAS',                                                                                  to_date('01/01/2009','dd/mm/yyyy'));          
INSERT INTO PBANDI_D_CATEGORIA_CIPE (ID_CATEGORIA_CIPE, ID_SOTTO_SETTORE_CIPE,COD_CATEGORIA_CIPE, DESC_CATEGORIA_CIPE, DT_INIZIO_VALIDITA) VALUES (69 ,13,'065','IMPIANTI DI TRASPORTO E TRASFORMAZIONE ELETTRICA',                                                        to_date('01/01/2009','dd/mm/yyyy'));          
INSERT INTO PBANDI_D_CATEGORIA_CIPE (ID_CATEGORIA_CIPE, ID_SOTTO_SETTORE_CIPE,COD_CATEGORIA_CIPE, DESC_CATEGORIA_CIPE, DT_INIZIO_VALIDITA) VALUES (70 ,13,'066','IMPIANTI DI DISTRIBUZIONE ELETTRICA CIVILE E INDUSTRIALE',                                                to_date('01/01/2009','dd/mm/yyyy'));          
INSERT INTO PBANDI_D_CATEGORIA_CIPE (ID_CATEGORIA_CIPE, ID_SOTTO_SETTORE_CIPE,COD_CATEGORIA_CIPE, DESC_CATEGORIA_CIPE, DT_INIZIO_VALIDITA) VALUES (71 ,13,'068','ELETTRIFICAZIONI RURALI',                                                                                 to_date('01/01/2009','dd/mm/yyyy'));          
INSERT INTO PBANDI_D_CATEGORIA_CIPE (ID_CATEGORIA_CIPE, ID_SOTTO_SETTORE_CIPE,COD_CATEGORIA_CIPE, DESC_CATEGORIA_CIPE, DT_INIZIO_VALIDITA) VALUES (72 ,13,'142','METANODOTTI GASDOTTI E SIMILI',                                                                           to_date('01/01/2009','dd/mm/yyyy'));          
INSERT INTO PBANDI_D_CATEGORIA_CIPE (ID_CATEGORIA_CIPE, ID_SOTTO_SETTORE_CIPE,COD_CATEGORIA_CIPE, DESC_CATEGORIA_CIPE, DT_INIZIO_VALIDITA) VALUES (73 ,13,'999','ALTRE OPERE DI DISTRIBUZIONE ENERGIA',                                                                    to_date('01/01/2009','dd/mm/yyyy'));          
INSERT INTO PBANDI_D_CATEGORIA_CIPE (ID_CATEGORIA_CIPE, ID_SOTTO_SETTORE_CIPE,COD_CATEGORIA_CIPE, DESC_CATEGORIA_CIPE, DT_INIZIO_VALIDITA) VALUES (74 ,14,'144','INFRASTRUTTURE CIVILI PER AREE INDUSTRIALI',                                                              to_date('01/01/2009','dd/mm/yyyy'));          
INSERT INTO PBANDI_D_CATEGORIA_CIPE (ID_CATEGORIA_CIPE, ID_SOTTO_SETTORE_CIPE,COD_CATEGORIA_CIPE, DESC_CATEGORIA_CIPE, DT_INIZIO_VALIDITA) VALUES (75 ,14,'145','SISTEMAZIONE DEI TERRENI',                                                                                to_date('01/01/2009','dd/mm/yyyy'));          
INSERT INTO PBANDI_D_CATEGORIA_CIPE (ID_CATEGORIA_CIPE, ID_SOTTO_SETTORE_CIPE,COD_CATEGORIA_CIPE, DESC_CATEGORIA_CIPE, DT_INIZIO_VALIDITA) VALUES (76 ,14,'999','ALTRE INFRASTRUTTURE PER ATTREZZATURE DI AREE PRODUTTIVE',                                                to_date('01/01/2009','dd/mm/yyyy'));          
INSERT INTO PBANDI_D_CATEGORIA_CIPE (ID_CATEGORIA_CIPE, ID_SOTTO_SETTORE_CIPE,COD_CATEGORIA_CIPE, DESC_CATEGORIA_CIPE, DT_INIZIO_VALIDITA) VALUES (77 ,15,'081','EDILIZIA SOCIALE, CULTURALE E ASSISTENZIALE',                                                             to_date('01/01/2009','dd/mm/yyyy'));          
INSERT INTO PBANDI_D_CATEGORIA_CIPE (ID_CATEGORIA_CIPE, ID_SOTTO_SETTORE_CIPE,COD_CATEGORIA_CIPE, DESC_CATEGORIA_CIPE, DT_INIZIO_VALIDITA) VALUES (78 ,15,'082','ASILI NIDO',                                                                                              to_date('01/01/2009','dd/mm/yyyy'));          
INSERT INTO PBANDI_D_CATEGORIA_CIPE (ID_CATEGORIA_CIPE, ID_SOTTO_SETTORE_CIPE,COD_CATEGORIA_CIPE, DESC_CATEGORIA_CIPE, DT_INIZIO_VALIDITA) VALUES (79 ,15,'083','SCUOLE MATERNE',                                                                                          to_date('01/01/2009','dd/mm/yyyy'));          
INSERT INTO PBANDI_D_CATEGORIA_CIPE (ID_CATEGORIA_CIPE, ID_SOTTO_SETTORE_CIPE,COD_CATEGORIA_CIPE, DESC_CATEGORIA_CIPE, DT_INIZIO_VALIDITA) VALUES (80 ,15,'085','EDILIZIA UNIVERSITARIA',                                                                                  to_date('01/01/2009','dd/mm/yyyy'));          
INSERT INTO PBANDI_D_CATEGORIA_CIPE (ID_CATEGORIA_CIPE, ID_SOTTO_SETTORE_CIPE,COD_CATEGORIA_CIPE, DESC_CATEGORIA_CIPE, DT_INIZIO_VALIDITA) VALUES (81 ,15,'086','EDILIZIA SCOLASTICA',                                                                                     to_date('01/01/2009','dd/mm/yyyy'));          
INSERT INTO PBANDI_D_CATEGORIA_CIPE (ID_CATEGORIA_CIPE, ID_SOTTO_SETTORE_CIPE,COD_CATEGORIA_CIPE, DESC_CATEGORIA_CIPE, DT_INIZIO_VALIDITA) VALUES (82 ,15,'999','ALTRE OPERE DI EDILIZIA SOCIALE',                                                                         to_date('01/01/2009','dd/mm/yyyy'));          
INSERT INTO PBANDI_D_CATEGORIA_CIPE (ID_CATEGORIA_CIPE, ID_SOTTO_SETTORE_CIPE,COD_CATEGORIA_CIPE, DESC_CATEGORIA_CIPE, DT_INIZIO_VALIDITA) VALUES (83 ,16,'100','ABITAZIONI RURALI E BORGHI RURALI',                                                                       to_date('01/01/2009','dd/mm/yyyy'));          
INSERT INTO PBANDI_D_CATEGORIA_CIPE (ID_CATEGORIA_CIPE, ID_SOTTO_SETTORE_CIPE,COD_CATEGORIA_CIPE, DESC_CATEGORIA_CIPE, DT_INIZIO_VALIDITA) VALUES (84 ,16,'103','FABBRICATI RESIDENZIALI URBANI',                                                                          to_date('01/01/2009','dd/mm/yyyy'));          
INSERT INTO PBANDI_D_CATEGORIA_CIPE (ID_CATEGORIA_CIPE, ID_SOTTO_SETTORE_CIPE,COD_CATEGORIA_CIPE, DESC_CATEGORIA_CIPE, DT_INIZIO_VALIDITA) VALUES (85 ,16,'104','RICOSTRUZIONI PER CALAMITA'' NATURALI',                                                                   to_date('01/01/2009','dd/mm/yyyy'));           
INSERT INTO PBANDI_D_CATEGORIA_CIPE (ID_CATEGORIA_CIPE, ID_SOTTO_SETTORE_CIPE,COD_CATEGORIA_CIPE, DESC_CATEGORIA_CIPE, DT_INIZIO_VALIDITA) VALUES (86 ,16,'105','INFRASTRUTTURE CIVILI PER COMPLESSI RESIDENZIALI',                                                        to_date('01/01/2009','dd/mm/yyyy'));          
INSERT INTO PBANDI_D_CATEGORIA_CIPE (ID_CATEGORIA_CIPE, ID_SOTTO_SETTORE_CIPE,COD_CATEGORIA_CIPE, DESC_CATEGORIA_CIPE, DT_INIZIO_VALIDITA) VALUES (87 ,16,'106','RESIDENZE PER COMUNITA''',                                                                                to_date('01/01/2009','dd/mm/yyyy'));           
INSERT INTO PBANDI_D_CATEGORIA_CIPE (ID_CATEGORIA_CIPE, ID_SOTTO_SETTORE_CIPE,COD_CATEGORIA_CIPE, DESC_CATEGORIA_CIPE, DT_INIZIO_VALIDITA) VALUES (88 ,16,'999','ALTRE OPERE DI EDILIZIA ABITATIVA',                                                                       to_date('01/01/2009','dd/mm/yyyy'));          
INSERT INTO PBANDI_D_CATEGORIA_CIPE (ID_CATEGORIA_CIPE, ID_SOTTO_SETTORE_CIPE,COD_CATEGORIA_CIPE, DESC_CATEGORIA_CIPE, DT_INIZIO_VALIDITA) VALUES (89 ,17,'093','EDILIZIA MONUMENTALE',                                                                                    to_date('01/01/2009','dd/mm/yyyy'));          
INSERT INTO PBANDI_D_CATEGORIA_CIPE (ID_CATEGORIA_CIPE, ID_SOTTO_SETTORE_CIPE,COD_CATEGORIA_CIPE, DESC_CATEGORIA_CIPE, DT_INIZIO_VALIDITA) VALUES (90 ,17,'095','INTERVENTI IN AREE ARCHEOLOGICHE',                                                                        to_date('01/01/2009','dd/mm/yyyy'));          
INSERT INTO PBANDI_D_CATEGORIA_CIPE (ID_CATEGORIA_CIPE, ID_SOTTO_SETTORE_CIPE,COD_CATEGORIA_CIPE, DESC_CATEGORIA_CIPE, DT_INIZIO_VALIDITA) VALUES (91 ,17,'096','RESTAURO E RIQUALIFICAZIONE DI BENI CULTURALI',                                                           to_date('01/01/2009','dd/mm/yyyy'));          
INSERT INTO PBANDI_D_CATEGORIA_CIPE (ID_CATEGORIA_CIPE, ID_SOTTO_SETTORE_CIPE,COD_CATEGORIA_CIPE, DESC_CATEGORIA_CIPE, DT_INIZIO_VALIDITA) VALUES (92 ,17,'097','MUSEI ARCHIVI E BIBLIOTECHE',                                                                             to_date('01/01/2009','dd/mm/yyyy'));          
INSERT INTO PBANDI_D_CATEGORIA_CIPE (ID_CATEGORIA_CIPE, ID_SOTTO_SETTORE_CIPE,COD_CATEGORIA_CIPE, DESC_CATEGORIA_CIPE, DT_INIZIO_VALIDITA) VALUES (93 ,17,'098','OPERE PER IL RECUPERO, VALORIZZAZIONE E FRUIZIONE DEL PATRIMONIO RURALE',                                 to_date('01/01/2009','dd/mm/yyyy'));          
INSERT INTO PBANDI_D_CATEGORIA_CIPE (ID_CATEGORIA_CIPE, ID_SOTTO_SETTORE_CIPE,COD_CATEGORIA_CIPE, DESC_CATEGORIA_CIPE, DT_INIZIO_VALIDITA) VALUES (94 ,17,'999','ALTRE OPERE PER LA FRUIZIONE DI BENI CULTURALI',                                                          to_date('01/01/2009','dd/mm/yyyy'));          
INSERT INTO PBANDI_D_CATEGORIA_CIPE (ID_CATEGORIA_CIPE, ID_SOTTO_SETTORE_CIPE,COD_CATEGORIA_CIPE, DESC_CATEGORIA_CIPE, DT_INIZIO_VALIDITA) VALUES (95 ,18,'098','IMPIANTI SPORTIVI',                                                                                       to_date('01/01/2009','dd/mm/yyyy'));          
INSERT INTO PBANDI_D_CATEGORIA_CIPE (ID_CATEGORIA_CIPE, ID_SOTTO_SETTORE_CIPE,COD_CATEGORIA_CIPE, DESC_CATEGORIA_CIPE, DT_INIZIO_VALIDITA) VALUES (96 ,18,'100','TEATRI ED ALTRE STRUTTURE PER LO SPETTACOLO',                                                             to_date('01/01/2009','dd/mm/yyyy'));          
INSERT INTO PBANDI_D_CATEGORIA_CIPE (ID_CATEGORIA_CIPE, ID_SOTTO_SETTORE_CIPE,COD_CATEGORIA_CIPE, DESC_CATEGORIA_CIPE, DT_INIZIO_VALIDITA) VALUES (97 ,18,'101','STRUTTURE FIERISTICHE E CONGRESSUALI',                                                                    to_date('01/01/2009','dd/mm/yyyy'));         
INSERT INTO PBANDI_D_CATEGORIA_CIPE (ID_CATEGORIA_CIPE, ID_SOTTO_SETTORE_CIPE,COD_CATEGORIA_CIPE, DESC_CATEGORIA_CIPE, DT_INIZIO_VALIDITA) VALUES (98 ,18,'999','ALTRE STRUTTURE RICREATIVE',                                                                              to_date('01/01/2009','dd/mm/yyyy'));          
INSERT INTO PBANDI_D_CATEGORIA_CIPE (ID_CATEGORIA_CIPE, ID_SOTTO_SETTORE_CIPE,COD_CATEGORIA_CIPE, DESC_CATEGORIA_CIPE, DT_INIZIO_VALIDITA) VALUES (99 ,19,'111','STRUTTURE OSPEDALIERE',                                                                                   to_date('01/01/2009','dd/mm/yyyy'));          
INSERT INTO PBANDI_D_CATEGORIA_CIPE (ID_CATEGORIA_CIPE, ID_SOTTO_SETTORE_CIPE,COD_CATEGORIA_CIPE, DESC_CATEGORIA_CIPE, DT_INIZIO_VALIDITA) VALUES (100,19,'130','STRUTTURE PER L''IGIENE LA PROFILASSI E LA TUTELA DELLA SALUTE',                                          to_date('01/01/2009','dd/mm/yyyy'));           
INSERT INTO PBANDI_D_CATEGORIA_CIPE (ID_CATEGORIA_CIPE, ID_SOTTO_SETTORE_CIPE,COD_CATEGORIA_CIPE, DESC_CATEGORIA_CIPE, DT_INIZIO_VALIDITA) VALUES (101,19,'150','ALTRI PRESIDI SANITARI TERRITORIALI',                                                                     to_date('01/01/2009','dd/mm/yyyy'));          
INSERT INTO PBANDI_D_CATEGORIA_CIPE (ID_CATEGORIA_CIPE, ID_SOTTO_SETTORE_CIPE,COD_CATEGORIA_CIPE, DESC_CATEGORIA_CIPE, DT_INIZIO_VALIDITA) VALUES (102,19,'153','RESIDENZE SANITARIE ASSISTENZIALI',                                                                       to_date('01/01/2009','dd/mm/yyyy'));          
INSERT INTO PBANDI_D_CATEGORIA_CIPE (ID_CATEGORIA_CIPE, ID_SOTTO_SETTORE_CIPE,COD_CATEGORIA_CIPE, DESC_CATEGORIA_CIPE, DT_INIZIO_VALIDITA) VALUES (103,19,'999','ALTRE OPERE DI EDILIZIA SANITARIA',                                                                       to_date('01/01/2009','dd/mm/yyyy'));          
INSERT INTO PBANDI_D_CATEGORIA_CIPE (ID_CATEGORIA_CIPE, ID_SOTTO_SETTORE_CIPE,COD_CATEGORIA_CIPE, DESC_CATEGORIA_CIPE, DT_INIZIO_VALIDITA) VALUES (104,20,'001','CHIESE ED ALTRI LUOGHI DI CULTO',                                                                         to_date('01/01/2009','dd/mm/yyyy'));          
INSERT INTO PBANDI_D_CATEGORIA_CIPE (ID_CATEGORIA_CIPE, ID_SOTTO_SETTORE_CIPE,COD_CATEGORIA_CIPE, DESC_CATEGORIA_CIPE, DT_INIZIO_VALIDITA) VALUES (105,20,'002','EDIFICI PER SERVIZI RELIGIOSI',                                                                           to_date('01/01/2009','dd/mm/yyyy'));          
INSERT INTO PBANDI_D_CATEGORIA_CIPE (ID_CATEGORIA_CIPE, ID_SOTTO_SETTORE_CIPE,COD_CATEGORIA_CIPE, DESC_CATEGORIA_CIPE, DT_INIZIO_VALIDITA) VALUES (106,20,'003','CONVENTI',                                                                                                to_date('01/01/2009','dd/mm/yyyy'));          
INSERT INTO PBANDI_D_CATEGORIA_CIPE (ID_CATEGORIA_CIPE, ID_SOTTO_SETTORE_CIPE,COD_CATEGORIA_CIPE, DESC_CATEGORIA_CIPE, DT_INIZIO_VALIDITA) VALUES (107,20,'999','ALTRE OPERE PER IL CULTO',                                                                                to_date('01/01/2009','dd/mm/yyyy'));          
INSERT INTO PBANDI_D_CATEGORIA_CIPE (ID_CATEGORIA_CIPE, ID_SOTTO_SETTORE_CIPE,COD_CATEGORIA_CIPE, DESC_CATEGORIA_CIPE, DT_INIZIO_VALIDITA) VALUES (108,21,'090','CASERME',                                                                                                 to_date('01/01/2009','dd/mm/yyyy'));          
INSERT INTO PBANDI_D_CATEGORIA_CIPE (ID_CATEGORIA_CIPE, ID_SOTTO_SETTORE_CIPE,COD_CATEGORIA_CIPE, DESC_CATEGORIA_CIPE, DT_INIZIO_VALIDITA) VALUES (109,21,'999','ALTRA EDILIZIA MILITARE',                                                                                 to_date('01/01/2009','dd/mm/yyyy'));          
INSERT INTO PBANDI_D_CATEGORIA_CIPE (ID_CATEGORIA_CIPE, ID_SOTTO_SETTORE_CIPE,COD_CATEGORIA_CIPE, DESC_CATEGORIA_CIPE, DT_INIZIO_VALIDITA) VALUES (110,22,'001','OPERE E INFRASTRUTTURE PER SEDI DI ORGANI ISTITUZIONALI',                                                 to_date('01/01/2009','dd/mm/yyyy'));          
INSERT INTO PBANDI_D_CATEGORIA_CIPE (ID_CATEGORIA_CIPE, ID_SOTTO_SETTORE_CIPE,COD_CATEGORIA_CIPE, DESC_CATEGORIA_CIPE, DT_INIZIO_VALIDITA) VALUES (111,22,'003','OPERE E INFRASTRUTTURE PER SEDI DELLA PUBBLICA AMMINISTRAZIONE',                                          to_date('01/01/2009','dd/mm/yyyy'));          
INSERT INTO PBANDI_D_CATEGORIA_CIPE (ID_CATEGORIA_CIPE, ID_SOTTO_SETTORE_CIPE,COD_CATEGORIA_CIPE, DESC_CATEGORIA_CIPE, DT_INIZIO_VALIDITA) VALUES (112,22,'004','EDIFICI E INFRASTRUTTURE PER UFFICI',                                                                     to_date('01/01/2009','dd/mm/yyyy'));          
INSERT INTO PBANDI_D_CATEGORIA_CIPE (ID_CATEGORIA_CIPE, ID_SOTTO_SETTORE_CIPE,COD_CATEGORIA_CIPE, DESC_CATEGORIA_CIPE, DT_INIZIO_VALIDITA) VALUES (113,22,'999','ALTRE OPERE DIREZIONALI E AMMINISTRATIVE',                                                                to_date('01/01/2009','dd/mm/yyyy'));          
INSERT INTO PBANDI_D_CATEGORIA_CIPE (ID_CATEGORIA_CIPE, ID_SOTTO_SETTORE_CIPE,COD_CATEGORIA_CIPE, DESC_CATEGORIA_CIPE, DT_INIZIO_VALIDITA) VALUES (114,23,'092','EDILIZIA PENITENZIARIA',                                                                                  to_date('01/01/2009','dd/mm/yyyy'));          
INSERT INTO PBANDI_D_CATEGORIA_CIPE (ID_CATEGORIA_CIPE, ID_SOTTO_SETTORE_CIPE,COD_CATEGORIA_CIPE, DESC_CATEGORIA_CIPE, DT_INIZIO_VALIDITA) VALUES (115,23,'094','PRETURE E TRIBUNALI',                                                                                     to_date('01/01/2009','dd/mm/yyyy'));          
INSERT INTO PBANDI_D_CATEGORIA_CIPE (ID_CATEGORIA_CIPE, ID_SOTTO_SETTORE_CIPE,COD_CATEGORIA_CIPE, DESC_CATEGORIA_CIPE, DT_INIZIO_VALIDITA) VALUES (116,23,'999','ALTRE OPERE E INFRASTRUTTURE GIUDIZIARIE',                                                                to_date('01/01/2009','dd/mm/yyyy'));          
INSERT INTO PBANDI_D_CATEGORIA_CIPE (ID_CATEGORIA_CIPE, ID_SOTTO_SETTORE_CIPE,COD_CATEGORIA_CIPE, DESC_CATEGORIA_CIPE, DT_INIZIO_VALIDITA) VALUES (117,24,'001','COMMISSARIATI',                                                                                           to_date('01/01/2009','dd/mm/yyyy'));          
INSERT INTO PBANDI_D_CATEGORIA_CIPE (ID_CATEGORIA_CIPE, ID_SOTTO_SETTORE_CIPE,COD_CATEGORIA_CIPE, DESC_CATEGORIA_CIPE, DT_INIZIO_VALIDITA) VALUES (118,24,'002','EDIFICI ED INFRASTRUTTURE PER LA PROTEZIONE CIVILE',                                                      to_date('01/01/2009','dd/mm/yyyy'));          
INSERT INTO PBANDI_D_CATEGORIA_CIPE (ID_CATEGORIA_CIPE, ID_SOTTO_SETTORE_CIPE,COD_CATEGORIA_CIPE, DESC_CATEGORIA_CIPE, DT_INIZIO_VALIDITA) VALUES (119,24,'999','ALTRE OPERE PER LA PUBBLICA SICUREZZA',                                                                   to_date('01/01/2009','dd/mm/yyyy'));          
INSERT INTO PBANDI_D_CATEGORIA_CIPE (ID_CATEGORIA_CIPE, ID_SOTTO_SETTORE_CIPE,COD_CATEGORIA_CIPE, DESC_CATEGORIA_CIPE, DT_INIZIO_VALIDITA) VALUES (120,25,'096','CIMITERI',                                                                                                to_date('01/01/2009','dd/mm/yyyy'));          
INSERT INTO PBANDI_D_CATEGORIA_CIPE (ID_CATEGORIA_CIPE, ID_SOTTO_SETTORE_CIPE,COD_CATEGORIA_CIPE, DESC_CATEGORIA_CIPE, DT_INIZIO_VALIDITA) VALUES (121,25,'191','ARREDO URBANO',                                                                                           to_date('01/01/2009','dd/mm/yyyy'));          
INSERT INTO PBANDI_D_CATEGORIA_CIPE (ID_CATEGORIA_CIPE, ID_SOTTO_SETTORE_CIPE,COD_CATEGORIA_CIPE, DESC_CATEGORIA_CIPE, DT_INIZIO_VALIDITA) VALUES (122,25,'192','VERDE PUBBLICO',                                                                                          to_date('01/01/2009','dd/mm/yyyy'));          
INSERT INTO PBANDI_D_CATEGORIA_CIPE (ID_CATEGORIA_CIPE, ID_SOTTO_SETTORE_CIPE,COD_CATEGORIA_CIPE, DESC_CATEGORIA_CIPE, DT_INIZIO_VALIDITA) VALUES (123,25,'193','ILLUMINAZIONE PUBBLICA',                                                                                  to_date('01/01/2009','dd/mm/yyyy'));          
INSERT INTO PBANDI_D_CATEGORIA_CIPE (ID_CATEGORIA_CIPE, ID_SOTTO_SETTORE_CIPE,COD_CATEGORIA_CIPE, DESC_CATEGORIA_CIPE, DT_INIZIO_VALIDITA) VALUES (124,25,'998','ALTRE INFRASTRUTTURE',                                                                                    to_date('01/01/2009','dd/mm/yyyy'));          
INSERT INTO PBANDI_D_CATEGORIA_CIPE (ID_CATEGORIA_CIPE, ID_SOTTO_SETTORE_CIPE,COD_CATEGORIA_CIPE, DESC_CATEGORIA_CIPE, DT_INIZIO_VALIDITA) VALUES (125,25,'999','ALTRE OPERE DI EDILIZIA PUBBLICA',                                                                        to_date('01/01/2009','dd/mm/yyyy'));          
INSERT INTO PBANDI_D_CATEGORIA_CIPE (ID_CATEGORIA_CIPE, ID_SOTTO_SETTORE_CIPE,COD_CATEGORIA_CIPE, DESC_CATEGORIA_CIPE, DT_INIZIO_VALIDITA) VALUES (126,26,'001','FORESTAZIONE PRODUTTIVA',                                                                                 to_date('01/01/2009','dd/mm/yyyy'));          
INSERT INTO PBANDI_D_CATEGORIA_CIPE (ID_CATEGORIA_CIPE, ID_SOTTO_SETTORE_CIPE,COD_CATEGORIA_CIPE, DESC_CATEGORIA_CIPE, DT_INIZIO_VALIDITA) VALUES (127,26,'005','IMPIANTI PER LA RACCOLTA, TRASFORMAZIONE E COMMERCIALIZZAZIONE PRODOTTI',                                 to_date('01/01/2009','dd/mm/yyyy'));          
INSERT INTO PBANDI_D_CATEGORIA_CIPE (ID_CATEGORIA_CIPE, ID_SOTTO_SETTORE_CIPE,COD_CATEGORIA_CIPE, DESC_CATEGORIA_CIPE, DT_INIZIO_VALIDITA) VALUES (128,26,'006','MEZZI ED IMPIANTI DI PREVENZIONE DA CALAMITA'' NATURALI',                                                 to_date('01/01/2009','dd/mm/yyyy'));           
INSERT INTO PBANDI_D_CATEGORIA_CIPE (ID_CATEGORIA_CIPE, ID_SOTTO_SETTORE_CIPE,COD_CATEGORIA_CIPE, DESC_CATEGORIA_CIPE, DT_INIZIO_VALIDITA) VALUES (129,26,'007','IMPIANTI, MACCHINARI E MEZZI TECNICI',                                                                    to_date('01/01/2009','dd/mm/yyyy'));          
INSERT INTO PBANDI_D_CATEGORIA_CIPE (ID_CATEGORIA_CIPE, ID_SOTTO_SETTORE_CIPE,COD_CATEGORIA_CIPE, DESC_CATEGORIA_CIPE, DT_INIZIO_VALIDITA) VALUES (130,26,'129','STRUTTURE PER COLTIVAZIONI FORESTALI (VIVAI, ECC)',                                                       to_date('01/01/2009','dd/mm/yyyy'));          
INSERT INTO PBANDI_D_CATEGORIA_CIPE (ID_CATEGORIA_CIPE, ID_SOTTO_SETTORE_CIPE,COD_CATEGORIA_CIPE, DESC_CATEGORIA_CIPE, DT_INIZIO_VALIDITA) VALUES (131,26,'999','ALTRE OPERE PER IL SETTORE SILVO-PASTORALE',                                                              to_date('01/01/2009','dd/mm/yyyy'));          
INSERT INTO PBANDI_D_CATEGORIA_CIPE (ID_CATEGORIA_CIPE, ID_SOTTO_SETTORE_CIPE,COD_CATEGORIA_CIPE, DESC_CATEGORIA_CIPE, DT_INIZIO_VALIDITA) VALUES (132,27,'027','INTRODUZIONE DI SISTEMI PER IL CONTROLLO DELLA QUALITA'' DEI PRODOTTI',                                   to_date('01/01/2009','dd/mm/yyyy'));           
INSERT INTO PBANDI_D_CATEGORIA_CIPE (ID_CATEGORIA_CIPE, ID_SOTTO_SETTORE_CIPE,COD_CATEGORIA_CIPE, DESC_CATEGORIA_CIPE, DT_INIZIO_VALIDITA) VALUES (133,27,'030','IMPIANTI ED ATTREZZATURE PER LA DIVERSIFICAZIONE DELLE ATTIVITA'' O PLURIATTIVITA'' IN AZIENDE AGRICOLE', to_date('01/01/2009','dd/mm/yyyy'));            
INSERT INTO PBANDI_D_CATEGORIA_CIPE (ID_CATEGORIA_CIPE, ID_SOTTO_SETTORE_CIPE,COD_CATEGORIA_CIPE, DESC_CATEGORIA_CIPE, DT_INIZIO_VALIDITA) VALUES (134,27,'129','IMPIANTI E RETI IRRIGUE AZIENDALI',                                                                       to_date('01/01/2009','dd/mm/yyyy'));          
INSERT INTO PBANDI_D_CATEGORIA_CIPE (ID_CATEGORIA_CIPE, ID_SOTTO_SETTORE_CIPE,COD_CATEGORIA_CIPE, DESC_CATEGORIA_CIPE, DT_INIZIO_VALIDITA) VALUES (135,27,'130','STRUTTURE PER COLTIVAZIONI AGRICOLE PROTETTE (SERRE; ECC.)',                                              to_date('01/01/2009','dd/mm/yyyy'));          
INSERT INTO PBANDI_D_CATEGORIA_CIPE (ID_CATEGORIA_CIPE, ID_SOTTO_SETTORE_CIPE,COD_CATEGORIA_CIPE, DESC_CATEGORIA_CIPE, DT_INIZIO_VALIDITA) VALUES (136,27,'131','OPERE SU IMPIANTI PRODUTTIVI (COLTIVAZIONI) AGRICOLI',                                                    to_date('01/01/2009','dd/mm/yyyy'));          
INSERT INTO PBANDI_D_CATEGORIA_CIPE (ID_CATEGORIA_CIPE, ID_SOTTO_SETTORE_CIPE,COD_CATEGORIA_CIPE, DESC_CATEGORIA_CIPE, DT_INIZIO_VALIDITA) VALUES (137,27,'133','MIGLIORAMENTI FONDIARI AZIENDALI',                                                                        to_date('01/01/2009','dd/mm/yyyy'));          
INSERT INTO PBANDI_D_CATEGORIA_CIPE (ID_CATEGORIA_CIPE, ID_SOTTO_SETTORE_CIPE,COD_CATEGORIA_CIPE, DESC_CATEGORIA_CIPE, DT_INIZIO_VALIDITA) VALUES (138,27,'134','FABBRICATI RURALI',                                                                                       to_date('01/01/2009','dd/mm/yyyy'));          
INSERT INTO PBANDI_D_CATEGORIA_CIPE (ID_CATEGORIA_CIPE, ID_SOTTO_SETTORE_CIPE,COD_CATEGORIA_CIPE, DESC_CATEGORIA_CIPE, DT_INIZIO_VALIDITA) VALUES (139,27,'137','IMPIANTI, MACCHINARI E MEZZI TECNICI PER L''AGRICOLTURA E LA ZOOTECNIA',                                  to_date('01/01/2009','dd/mm/yyyy'));           
INSERT INTO PBANDI_D_CATEGORIA_CIPE (ID_CATEGORIA_CIPE, ID_SOTTO_SETTORE_CIPE,COD_CATEGORIA_CIPE, DESC_CATEGORIA_CIPE, DT_INIZIO_VALIDITA) VALUES (140,27,'138','STRUTTURE PER LA ZOOTECNIA',                                                                              to_date('01/01/2009','dd/mm/yyyy'));          
INSERT INTO PBANDI_D_CATEGORIA_CIPE (ID_CATEGORIA_CIPE, ID_SOTTO_SETTORE_CIPE,COD_CATEGORIA_CIPE, DESC_CATEGORIA_CIPE, DT_INIZIO_VALIDITA) VALUES (141,27,'145','RETI DI MONITORAGGIO AGROMETEREOLOGICO',                                                                  to_date('01/01/2009','dd/mm/yyyy'));          
INSERT INTO PBANDI_D_CATEGORIA_CIPE (ID_CATEGORIA_CIPE, ID_SOTTO_SETTORE_CIPE,COD_CATEGORIA_CIPE, DESC_CATEGORIA_CIPE, DT_INIZIO_VALIDITA) VALUES (142,27,'150','IMPIANTI COLLETTIVI PER LA TUTELA DELLA QUALITA'' E PER LO SVILUPPO DI FORME ASSOCIATIVE DEI PRODUTTORI', to_date('01/01/2009','dd/mm/yyyy'));           
INSERT INTO PBANDI_D_CATEGORIA_CIPE (ID_CATEGORIA_CIPE, ID_SOTTO_SETTORE_CIPE,COD_CATEGORIA_CIPE, DESC_CATEGORIA_CIPE, DT_INIZIO_VALIDITA) VALUES (143,27,'151','INTERVENTI PER LA RICOMPOSIZIONE FONDIARIA',                                                              to_date('01/01/2009','dd/mm/yyyy'));          
INSERT INTO PBANDI_D_CATEGORIA_CIPE (ID_CATEGORIA_CIPE, ID_SOTTO_SETTORE_CIPE,COD_CATEGORIA_CIPE, DESC_CATEGORIA_CIPE, DT_INIZIO_VALIDITA) VALUES (144,27,'999','ALTRE OPERE E STRUTTURE PER L''AGRICOLTURA',                                                              to_date('01/01/2009','dd/mm/yyyy'));           
INSERT INTO PBANDI_D_CATEGORIA_CIPE (ID_CATEGORIA_CIPE, ID_SOTTO_SETTORE_CIPE,COD_CATEGORIA_CIPE, DESC_CATEGORIA_CIPE, DT_INIZIO_VALIDITA) VALUES (145,28,'139','IMPIANTI DI ACQUACOLTURA',                                                                                to_date('01/01/2009','dd/mm/yyyy'));          
INSERT INTO PBANDI_D_CATEGORIA_CIPE (ID_CATEGORIA_CIPE, ID_SOTTO_SETTORE_CIPE,COD_CATEGORIA_CIPE, DESC_CATEGORIA_CIPE, DT_INIZIO_VALIDITA) VALUES (146,28,'143','STRUTTURE PER LA TRASFORMAZIONE E COMMERCIALIZZAZIONE DEI PRODOTTI DELLA PESCA',                          to_date('01/01/2009','dd/mm/yyyy'));          
INSERT INTO PBANDI_D_CATEGORIA_CIPE (ID_CATEGORIA_CIPE, ID_SOTTO_SETTORE_CIPE,COD_CATEGORIA_CIPE, DESC_CATEGORIA_CIPE, DT_INIZIO_VALIDITA) VALUES (147,28,'144','MEZZI DA PESCA',                                                                                          to_date('01/01/2009','dd/mm/yyyy'));          
INSERT INTO PBANDI_D_CATEGORIA_CIPE (ID_CATEGORIA_CIPE, ID_SOTTO_SETTORE_CIPE,COD_CATEGORIA_CIPE, DESC_CATEGORIA_CIPE, DT_INIZIO_VALIDITA) VALUES (148,28,'999','ALTRE ATTREZZATURE PER LA PESCA',                                                                         to_date('01/01/2009','dd/mm/yyyy'));          
INSERT INTO PBANDI_D_CATEGORIA_CIPE (ID_CATEGORIA_CIPE, ID_SOTTO_SETTORE_CIPE,COD_CATEGORIA_CIPE, DESC_CATEGORIA_CIPE, DT_INIZIO_VALIDITA) VALUES (149,29,'145','INTRODUZIONE TECNOLOGIE RISPETTOSE DELL''AMBIENTE',                                                       to_date('01/01/2009','dd/mm/yyyy'));           
INSERT INTO PBANDI_D_CATEGORIA_CIPE (ID_CATEGORIA_CIPE, ID_SOTTO_SETTORE_CIPE,COD_CATEGORIA_CIPE, DESC_CATEGORIA_CIPE, DT_INIZIO_VALIDITA) VALUES (150,29,'146','STRUTTURE INDUSTRIALI COMUNI ED ALTRI EDIFICI ATTREZZATI',                                                to_date('01/01/2009','dd/mm/yyyy'));          
INSERT INTO PBANDI_D_CATEGORIA_CIPE (ID_CATEGORIA_CIPE, ID_SOTTO_SETTORE_CIPE,COD_CATEGORIA_CIPE, DESC_CATEGORIA_CIPE, DT_INIZIO_VALIDITA) VALUES (151,29,'147','CENTRI E LABORATORI ARTIGIANI',                                                                           to_date('01/01/2009','dd/mm/yyyy'));          
INSERT INTO PBANDI_D_CATEGORIA_CIPE (ID_CATEGORIA_CIPE, ID_SOTTO_SETTORE_CIPE,COD_CATEGORIA_CIPE, DESC_CATEGORIA_CIPE, DT_INIZIO_VALIDITA) VALUES (152,29,'150','IMPIANTI, MACCHINARI ED ANNESSE OPERE MURARIE',                                                           to_date('01/01/2009','dd/mm/yyyy'));          
INSERT INTO PBANDI_D_CATEGORIA_CIPE (ID_CATEGORIA_CIPE, ID_SOTTO_SETTORE_CIPE,COD_CATEGORIA_CIPE, DESC_CATEGORIA_CIPE, DT_INIZIO_VALIDITA) VALUES (153,29,'999','ALTRE OPERE ED IMPIANTI PER ATTIVITA'' INDUSTRIALI',                                                      to_date('01/01/2009','dd/mm/yyyy'));           
INSERT INTO PBANDI_D_CATEGORIA_CIPE (ID_CATEGORIA_CIPE, ID_SOTTO_SETTORE_CIPE,COD_CATEGORIA_CIPE, DESC_CATEGORIA_CIPE, DT_INIZIO_VALIDITA) VALUES (154,30,'156','CENTRI DI RICERCA',                                                                                       to_date('01/01/2009','dd/mm/yyyy'));          
INSERT INTO PBANDI_D_CATEGORIA_CIPE (ID_CATEGORIA_CIPE, ID_SOTTO_SETTORE_CIPE,COD_CATEGORIA_CIPE, DESC_CATEGORIA_CIPE, DT_INIZIO_VALIDITA) VALUES (155,30,'157','LABORATORI ATTREZZATI PER LA RICERCA',                                                                    to_date('01/01/2009','dd/mm/yyyy'));          
INSERT INTO PBANDI_D_CATEGORIA_CIPE (ID_CATEGORIA_CIPE, ID_SOTTO_SETTORE_CIPE,COD_CATEGORIA_CIPE, DESC_CATEGORIA_CIPE, DT_INIZIO_VALIDITA) VALUES (156,30,'999','ALTRE OPERE ED INFRASTRUTTURE PER LA RICERCA',                                                            to_date('01/01/2009','dd/mm/yyyy'));          
INSERT INTO PBANDI_D_CATEGORIA_CIPE (ID_CATEGORIA_CIPE, ID_SOTTO_SETTORE_CIPE,COD_CATEGORIA_CIPE, DESC_CATEGORIA_CIPE, DT_INIZIO_VALIDITA) VALUES (157,31,'004','STRUTTURE RICETTIVE PER AGRITURISMO E TURISMO RURALE',                                                    to_date('01/01/2009','dd/mm/yyyy'));          
INSERT INTO PBANDI_D_CATEGORIA_CIPE (ID_CATEGORIA_CIPE, ID_SOTTO_SETTORE_CIPE,COD_CATEGORIA_CIPE, DESC_CATEGORIA_CIPE, DT_INIZIO_VALIDITA) VALUES (158,31,'155','ALBERGHI',                                                                                                to_date('01/01/2009','dd/mm/yyyy'));          
INSERT INTO PBANDI_D_CATEGORIA_CIPE (ID_CATEGORIA_CIPE, ID_SOTTO_SETTORE_CIPE,COD_CATEGORIA_CIPE, DESC_CATEGORIA_CIPE, DT_INIZIO_VALIDITA) VALUES (159,31,'156','CENTRI DI INFORMAZIONE / ACCOGLIENZA',                                                                    to_date('01/01/2009','dd/mm/yyyy'));          
INSERT INTO PBANDI_D_CATEGORIA_CIPE (ID_CATEGORIA_CIPE, ID_SOTTO_SETTORE_CIPE,COD_CATEGORIA_CIPE, DESC_CATEGORIA_CIPE, DT_INIZIO_VALIDITA) VALUES (160,31,'157','ALTRE STRUTTURE DI RICETTIVITA'' TURISTICA',                                                              to_date('01/01/2009','dd/mm/yyyy'));           
INSERT INTO PBANDI_D_CATEGORIA_CIPE (ID_CATEGORIA_CIPE, ID_SOTTO_SETTORE_CIPE,COD_CATEGORIA_CIPE, DESC_CATEGORIA_CIPE, DT_INIZIO_VALIDITA) VALUES (161,31,'999','ALTRE STRUTTURE E IMPIANTI PER IL TURISMO',                                                               to_date('01/01/2009','dd/mm/yyyy'));          
INSERT INTO PBANDI_D_CATEGORIA_CIPE (ID_CATEGORIA_CIPE, ID_SOTTO_SETTORE_CIPE,COD_CATEGORIA_CIPE, DESC_CATEGORIA_CIPE, DT_INIZIO_VALIDITA) VALUES (162,32,'149','CENTRI COMMERCIALI',                                                                                      to_date('01/01/2009','dd/mm/yyyy'));          
INSERT INTO PBANDI_D_CATEGORIA_CIPE (ID_CATEGORIA_CIPE, ID_SOTTO_SETTORE_CIPE,COD_CATEGORIA_CIPE, DESC_CATEGORIA_CIPE, DT_INIZIO_VALIDITA) VALUES (163,32,'158','MAGAZZINI',                                                                                               to_date('01/01/2009','dd/mm/yyyy'));          
INSERT INTO PBANDI_D_CATEGORIA_CIPE (ID_CATEGORIA_CIPE, ID_SOTTO_SETTORE_CIPE,COD_CATEGORIA_CIPE, DESC_CATEGORIA_CIPE, DT_INIZIO_VALIDITA) VALUES (164,32,'160','STRUTTURE PER SERVIZI DI ANNONA',                                                                         to_date('01/01/2009','dd/mm/yyyy'));          
INSERT INTO PBANDI_D_CATEGORIA_CIPE (ID_CATEGORIA_CIPE, ID_SOTTO_SETTORE_CIPE,COD_CATEGORIA_CIPE, DESC_CATEGORIA_CIPE, DT_INIZIO_VALIDITA) VALUES (165,32,'170','IMPIANTI E MACCHINARI PER IL COMMERCIO ED I SERVIZI',                                                     to_date('01/01/2009','dd/mm/yyyy'));          
INSERT INTO PBANDI_D_CATEGORIA_CIPE (ID_CATEGORIA_CIPE, ID_SOTTO_SETTORE_CIPE,COD_CATEGORIA_CIPE, DESC_CATEGORIA_CIPE, DT_INIZIO_VALIDITA) VALUES (166,32,'999','ALTRE STRUTTURE PER IL COMMERCIO ED I SERVIZI',                                                           to_date('01/01/2009','dd/mm/yyyy'));          
INSERT INTO PBANDI_D_CATEGORIA_CIPE (ID_CATEGORIA_CIPE, ID_SOTTO_SETTORE_CIPE,COD_CATEGORIA_CIPE, DESC_CATEGORIA_CIPE, DT_INIZIO_VALIDITA) VALUES (167,33,'071','INFRASTRUTTURE PER TELECOMUNICAZIONI',                                                                    to_date('01/01/2009','dd/mm/yyyy'));          
INSERT INTO PBANDI_D_CATEGORIA_CIPE (ID_CATEGORIA_CIPE, ID_SOTTO_SETTORE_CIPE,COD_CATEGORIA_CIPE, DESC_CATEGORIA_CIPE, DT_INIZIO_VALIDITA) VALUES (168,33,'073','CENTRI DI SERVIZIO PER TECNOLOGIE DELL''INFORMAZIONE',                                                    to_date('01/01/2009','dd/mm/yyyy'));           
INSERT INTO PBANDI_D_CATEGORIA_CIPE (ID_CATEGORIA_CIPE, ID_SOTTO_SETTORE_CIPE,COD_CATEGORIA_CIPE, DESC_CATEGORIA_CIPE, DT_INIZIO_VALIDITA) VALUES (169,33,'999','ALTRE OPERE ED IMPIANTI PER TELECOMUNICAZIONE',                                                           to_date('01/01/2009','dd/mm/yyyy'));          
INSERT INTO PBANDI_D_CATEGORIA_CIPE (ID_CATEGORIA_CIPE, ID_SOTTO_SETTORE_CIPE,COD_CATEGORIA_CIPE, DESC_CATEGORIA_CIPE, DT_INIZIO_VALIDITA) VALUES (170,34,'601','ESPLORAZIONE E UTILIZZAZIONE DELL''AMBIENTE TERRESTRE',                                                   to_date('01/01/2009','dd/mm/yyyy'));           
INSERT INTO PBANDI_D_CATEGORIA_CIPE (ID_CATEGORIA_CIPE, ID_SOTTO_SETTORE_CIPE,COD_CATEGORIA_CIPE, DESC_CATEGORIA_CIPE, DT_INIZIO_VALIDITA) VALUES (171,34,'602','INFRASTRUTTURE E PIANIFICAZIONE DEL TERRITORIO',                                                          to_date('01/01/2009','dd/mm/yyyy'));          
INSERT INTO PBANDI_D_CATEGORIA_CIPE (ID_CATEGORIA_CIPE, ID_SOTTO_SETTORE_CIPE,COD_CATEGORIA_CIPE, DESC_CATEGORIA_CIPE, DT_INIZIO_VALIDITA) VALUES (172,34,'603','CONTROLLO E TUTELA DELL''AMBIENTE TERRESTRE',                                                             to_date('01/01/2009','dd/mm/yyyy'));           
INSERT INTO PBANDI_D_CATEGORIA_CIPE (ID_CATEGORIA_CIPE, ID_SOTTO_SETTORE_CIPE,COD_CATEGORIA_CIPE, DESC_CATEGORIA_CIPE, DT_INIZIO_VALIDITA) VALUES (173,34,'604','PROTEZIONE E PROMOZIONE DELLA SALUTE UMANA',                                                              to_date('01/01/2009','dd/mm/yyyy'));          
INSERT INTO PBANDI_D_CATEGORIA_CIPE (ID_CATEGORIA_CIPE, ID_SOTTO_SETTORE_CIPE,COD_CATEGORIA_CIPE, DESC_CATEGORIA_CIPE, DT_INIZIO_VALIDITA) VALUES (174,34,'605','PRODUZIONE, DISTRIBUZIONE E USO RAZIONALE DELL''ENERGIA',                                                 to_date('01/01/2009','dd/mm/yyyy'));           
INSERT INTO PBANDI_D_CATEGORIA_CIPE (ID_CATEGORIA_CIPE, ID_SOTTO_SETTORE_CIPE,COD_CATEGORIA_CIPE, DESC_CATEGORIA_CIPE, DT_INIZIO_VALIDITA) VALUES (175,34,'606','PRODUZIONE E TECNOLOGIE AGRICOLE E DELLA PESCA',                                                          to_date('01/01/2009','dd/mm/yyyy'));          
INSERT INTO PBANDI_D_CATEGORIA_CIPE (ID_CATEGORIA_CIPE, ID_SOTTO_SETTORE_CIPE,COD_CATEGORIA_CIPE, DESC_CATEGORIA_CIPE, DT_INIZIO_VALIDITA) VALUES (176,34,'607','PRODUZIONE E TECNOLOGIE INDUSTRIALI',                                                                     to_date('01/01/2009','dd/mm/yyyy'));          
INSERT INTO PBANDI_D_CATEGORIA_CIPE (ID_CATEGORIA_CIPE, ID_SOTTO_SETTORE_CIPE,COD_CATEGORIA_CIPE, DESC_CATEGORIA_CIPE, DT_INIZIO_VALIDITA) VALUES (177,34,'608','STRUTTURE E RELAZIONI SOCIALI',                                                                           to_date('01/01/2009','dd/mm/yyyy'));          
INSERT INTO PBANDI_D_CATEGORIA_CIPE (ID_CATEGORIA_CIPE, ID_SOTTO_SETTORE_CIPE,COD_CATEGORIA_CIPE, DESC_CATEGORIA_CIPE, DT_INIZIO_VALIDITA) VALUES (178,34,'609','ESPLORAZIONE E UTILIZZAZIONE DELLO SPAZIO',                                                               to_date('01/01/2009','dd/mm/yyyy'));          
INSERT INTO PBANDI_D_CATEGORIA_CIPE (ID_CATEGORIA_CIPE, ID_SOTTO_SETTORE_CIPE,COD_CATEGORIA_CIPE, DESC_CATEGORIA_CIPE, DT_INIZIO_VALIDITA) VALUES (179,34,'610','ALTRE RICERCHE',                                                                                          to_date('01/01/2009','dd/mm/yyyy'));          
INSERT INTO PBANDI_D_CATEGORIA_CIPE (ID_CATEGORIA_CIPE, ID_SOTTO_SETTORE_CIPE,COD_CATEGORIA_CIPE, DESC_CATEGORIA_CIPE, DT_INIZIO_VALIDITA) VALUES (180,35,'611','ESPLORAZIONE E UTILIZZAZIONE DELL''AMBIENTE TERRESTRE',                                                   to_date('01/01/2009','dd/mm/yyyy'));           
INSERT INTO PBANDI_D_CATEGORIA_CIPE (ID_CATEGORIA_CIPE, ID_SOTTO_SETTORE_CIPE,COD_CATEGORIA_CIPE, DESC_CATEGORIA_CIPE, DT_INIZIO_VALIDITA) VALUES (181,35,'612','INFRASTRUTTURE E PIANIFICAZIONE DEL TERRITORIO ',                                                         to_date('01/01/2009','dd/mm/yyyy'));          
INSERT INTO PBANDI_D_CATEGORIA_CIPE (ID_CATEGORIA_CIPE, ID_SOTTO_SETTORE_CIPE,COD_CATEGORIA_CIPE, DESC_CATEGORIA_CIPE, DT_INIZIO_VALIDITA) VALUES (182,35,'613','CONTROLLO E TUTELA DELL''AMBIENTE TERRESTRE',                                                             to_date('01/01/2009','dd/mm/yyyy'));           
INSERT INTO PBANDI_D_CATEGORIA_CIPE (ID_CATEGORIA_CIPE, ID_SOTTO_SETTORE_CIPE,COD_CATEGORIA_CIPE, DESC_CATEGORIA_CIPE, DT_INIZIO_VALIDITA) VALUES (183,35,'614','PROTEZIONE E PROMOZIONE DELLA SALUTE UMANA',                                                              to_date('01/01/2009','dd/mm/yyyy'));          
INSERT INTO PBANDI_D_CATEGORIA_CIPE (ID_CATEGORIA_CIPE, ID_SOTTO_SETTORE_CIPE,COD_CATEGORIA_CIPE, DESC_CATEGORIA_CIPE, DT_INIZIO_VALIDITA) VALUES (184,35,'615','PRODUZIONE, DISTRIBUZIONE E USO RAZIONALE DELL''ENERGIA',                                                 to_date('01/01/2009','dd/mm/yyyy'));           
INSERT INTO PBANDI_D_CATEGORIA_CIPE (ID_CATEGORIA_CIPE, ID_SOTTO_SETTORE_CIPE,COD_CATEGORIA_CIPE, DESC_CATEGORIA_CIPE, DT_INIZIO_VALIDITA) VALUES (185,35,'616','PRODUZIONE E TECNOLOGIE AGRICOLE E DELLA PESCA',                                                          to_date('01/01/2009','dd/mm/yyyy'));          
INSERT INTO PBANDI_D_CATEGORIA_CIPE (ID_CATEGORIA_CIPE, ID_SOTTO_SETTORE_CIPE,COD_CATEGORIA_CIPE, DESC_CATEGORIA_CIPE, DT_INIZIO_VALIDITA) VALUES (186,35,'617','PRODUZIONE E TECNOLOGIE INDUSTRIALI',                                                                     to_date('01/01/2009','dd/mm/yyyy'));          
INSERT INTO PBANDI_D_CATEGORIA_CIPE (ID_CATEGORIA_CIPE, ID_SOTTO_SETTORE_CIPE,COD_CATEGORIA_CIPE, DESC_CATEGORIA_CIPE, DT_INIZIO_VALIDITA) VALUES (187,35,'618','STRUTTURE E RELAZIONI SOCIALI',                                                                           to_date('01/01/2009','dd/mm/yyyy'));          
INSERT INTO PBANDI_D_CATEGORIA_CIPE (ID_CATEGORIA_CIPE, ID_SOTTO_SETTORE_CIPE,COD_CATEGORIA_CIPE, DESC_CATEGORIA_CIPE, DT_INIZIO_VALIDITA) VALUES (188,35,'619','ESPLORAZIONE E UTILIZZAZIONE DELLO SPAZIO',                                                               to_date('01/01/2009','dd/mm/yyyy'));          
INSERT INTO PBANDI_D_CATEGORIA_CIPE (ID_CATEGORIA_CIPE, ID_SOTTO_SETTORE_CIPE,COD_CATEGORIA_CIPE, DESC_CATEGORIA_CIPE, DT_INIZIO_VALIDITA) VALUES (189,35,'620','ALTRE RICERCHE',                                                                                          to_date('01/01/2009','dd/mm/yyyy'));          
INSERT INTO PBANDI_D_CATEGORIA_CIPE (ID_CATEGORIA_CIPE, ID_SOTTO_SETTORE_CIPE,COD_CATEGORIA_CIPE, DESC_CATEGORIA_CIPE, DT_INIZIO_VALIDITA) VALUES (190,36,'621','BIOTECNOLOGIE E SALUTE IN GENERE',                                                                        to_date('01/01/2009','dd/mm/yyyy'));          
INSERT INTO PBANDI_D_CATEGORIA_CIPE (ID_CATEGORIA_CIPE, ID_SOTTO_SETTORE_CIPE,COD_CATEGORIA_CIPE, DESC_CATEGORIA_CIPE, DT_INIZIO_VALIDITA) VALUES (191,36,'622','TECNOLOGIE DEI NUOVI MATERIALI',                                                                          to_date('01/01/2009','dd/mm/yyyy'));          
INSERT INTO PBANDI_D_CATEGORIA_CIPE (ID_CATEGORIA_CIPE, ID_SOTTO_SETTORE_CIPE,COD_CATEGORIA_CIPE, DESC_CATEGORIA_CIPE, DT_INIZIO_VALIDITA) VALUES (192,36,'623','TECNOLOGIE DELL''INFORMAZIONE',                                                                           to_date('01/01/2009','dd/mm/yyyy'));           
INSERT INTO PBANDI_D_CATEGORIA_CIPE (ID_CATEGORIA_CIPE, ID_SOTTO_SETTORE_CIPE,COD_CATEGORIA_CIPE, DESC_CATEGORIA_CIPE, DT_INIZIO_VALIDITA) VALUES (193,36,'624','TECNOLOGIE DELLE TELECOMUNICAZIONI',                                                                      to_date('01/01/2009','dd/mm/yyyy'));          
INSERT INTO PBANDI_D_CATEGORIA_CIPE (ID_CATEGORIA_CIPE, ID_SOTTO_SETTORE_CIPE,COD_CATEGORIA_CIPE, DESC_CATEGORIA_CIPE, DT_INIZIO_VALIDITA) VALUES (194,36,'625','TECNOLOGIE PER LA SALVAGUARDIA DELL''AMBIENTE',                                                           to_date('01/01/2009','dd/mm/yyyy'));           
INSERT INTO PBANDI_D_CATEGORIA_CIPE (ID_CATEGORIA_CIPE, ID_SOTTO_SETTORE_CIPE,COD_CATEGORIA_CIPE, DESC_CATEGORIA_CIPE, DT_INIZIO_VALIDITA) VALUES (195,36,'626','TECNOLOGIE ENERGETICHE',                                                                                  to_date('01/01/2009','dd/mm/yyyy'));          
INSERT INTO PBANDI_D_CATEGORIA_CIPE (ID_CATEGORIA_CIPE, ID_SOTTO_SETTORE_CIPE,COD_CATEGORIA_CIPE, DESC_CATEGORIA_CIPE, DT_INIZIO_VALIDITA) VALUES (196,36,'627','TECNOLOGIE AEROSPAZIALI',                                                                                 to_date('01/01/2009','dd/mm/yyyy'));          
INSERT INTO PBANDI_D_CATEGORIA_CIPE (ID_CATEGORIA_CIPE, ID_SOTTO_SETTORE_CIPE,COD_CATEGORIA_CIPE, DESC_CATEGORIA_CIPE, DT_INIZIO_VALIDITA) VALUES (197,36,'628','ALTRE TECNOLOGIE MECCANICHE',                                                                             to_date('01/01/2009','dd/mm/yyyy'));          
INSERT INTO PBANDI_D_CATEGORIA_CIPE (ID_CATEGORIA_CIPE, ID_SOTTO_SETTORE_CIPE,COD_CATEGORIA_CIPE, DESC_CATEGORIA_CIPE, DT_INIZIO_VALIDITA) VALUES (198,36,'629','ALTRE TECNOLOGIE CHIMICHE',                                                                               to_date('01/01/2009','dd/mm/yyyy'));          
INSERT INTO PBANDI_D_CATEGORIA_CIPE (ID_CATEGORIA_CIPE, ID_SOTTO_SETTORE_CIPE,COD_CATEGORIA_CIPE, DESC_CATEGORIA_CIPE, DT_INIZIO_VALIDITA) VALUES (199,36,'999','ALTRE AREE TECNOLOGICHE',to_date('01/01/2009','dd/mm/yyyy'));
INSERT INTO PBANDI_D_CATEGORIA_CIPE (ID_CATEGORIA_CIPE, ID_SOTTO_SETTORE_CIPE,COD_CATEGORIA_CIPE, DESC_CATEGORIA_CIPE, DT_INIZIO_VALIDITA) VALUES (200,37,'201','ASSISTENZA ALLA GESTIONE DI IMPRESE AGRICOLE',                                                            to_date('01/01/2009','dd/mm/yyyy'));          
INSERT INTO PBANDI_D_CATEGORIA_CIPE (ID_CATEGORIA_CIPE, ID_SOTTO_SETTORE_CIPE,COD_CATEGORIA_CIPE, DESC_CATEGORIA_CIPE, DT_INIZIO_VALIDITA) VALUES (201,37,'202','INIZIATIVE PER ATTIVITA'' RICREATIVE E DIDATTICHE',                                                       to_date('01/01/2009','dd/mm/yyyy'));           
INSERT INTO PBANDI_D_CATEGORIA_CIPE (ID_CATEGORIA_CIPE, ID_SOTTO_SETTORE_CIPE,COD_CATEGORIA_CIPE, DESC_CATEGORIA_CIPE, DT_INIZIO_VALIDITA) VALUES (202,37,'203','SERVIZI ALL''ECONOMIA RURALE',                                                                            to_date('01/01/2009','dd/mm/yyyy'));           
INSERT INTO PBANDI_D_CATEGORIA_CIPE (ID_CATEGORIA_CIPE, ID_SOTTO_SETTORE_CIPE,COD_CATEGORIA_CIPE, DESC_CATEGORIA_CIPE, DT_INIZIO_VALIDITA) VALUES (203,37,'204','CENTRI DI INFORMAZIONE DEL PATRIMONIO RURALE',                                                            to_date('01/01/2009','dd/mm/yyyy'));          
INSERT INTO PBANDI_D_CATEGORIA_CIPE (ID_CATEGORIA_CIPE, ID_SOTTO_SETTORE_CIPE,COD_CATEGORIA_CIPE, DESC_CATEGORIA_CIPE, DT_INIZIO_VALIDITA) VALUES (204,37,'206','INTERVENTI DI PROFESSIONISTI NEL SETTORE DELLA PESCA',                                                    to_date('01/01/2009','dd/mm/yyyy'));          
INSERT INTO PBANDI_D_CATEGORIA_CIPE (ID_CATEGORIA_CIPE, ID_SOTTO_SETTORE_CIPE,COD_CATEGORIA_CIPE, DESC_CATEGORIA_CIPE, DT_INIZIO_VALIDITA) VALUES (205,37,'208','SERVIZI PER LA TRASFORMAZIONE, COMMERCIALIZZAZIONE E PROMOZIONE DEI PRODOTTI DELLA PESCA',                to_date('01/01/2009','dd/mm/yyyy'));          
INSERT INTO PBANDI_D_CATEGORIA_CIPE (ID_CATEGORIA_CIPE, ID_SOTTO_SETTORE_CIPE,COD_CATEGORIA_CIPE, DESC_CATEGORIA_CIPE, DT_INIZIO_VALIDITA) VALUES (206,37,'209','PROMOZIONE DEI PRODOTTI FORESTALI',                                                                       to_date('01/01/2009','dd/mm/yyyy'));          
INSERT INTO PBANDI_D_CATEGORIA_CIPE (ID_CATEGORIA_CIPE, ID_SOTTO_SETTORE_CIPE,COD_CATEGORIA_CIPE, DESC_CATEGORIA_CIPE, DT_INIZIO_VALIDITA) VALUES (207,37,'210','SERVIZI PER LA TRASFORMAZIONE E COMMERCIALIZZAZIONE DEI PRODOTTI AGRICOLI',                               to_date('01/01/2009','dd/mm/yyyy'));          
INSERT INTO PBANDI_D_CATEGORIA_CIPE (ID_CATEGORIA_CIPE, ID_SOTTO_SETTORE_CIPE,COD_CATEGORIA_CIPE, DESC_CATEGORIA_CIPE, DT_INIZIO_VALIDITA) VALUES (208,37,'211','RICOMPOSIZIONE FONDIARIA',                                                                                to_date('01/01/2009','dd/mm/yyyy'));          
INSERT INTO PBANDI_D_CATEGORIA_CIPE (ID_CATEGORIA_CIPE, ID_SOTTO_SETTORE_CIPE,COD_CATEGORIA_CIPE, DESC_CATEGORIA_CIPE, DT_INIZIO_VALIDITA) VALUES (209,37,'213','SERVIZI PER IL CONTROLLO DI QUALITA'' DEI PRODOTTI AGRICOLI',                                             to_date('01/01/2009','dd/mm/yyyy'));           
INSERT INTO PBANDI_D_CATEGORIA_CIPE (ID_CATEGORIA_CIPE, ID_SOTTO_SETTORE_CIPE,COD_CATEGORIA_CIPE, DESC_CATEGORIA_CIPE, DT_INIZIO_VALIDITA) VALUES (210,37,'214','SERVIZI TELEMATICI ED INFORMATICI',                                                                       to_date('01/01/2009','dd/mm/yyyy'));          
INSERT INTO PBANDI_D_CATEGORIA_CIPE (ID_CATEGORIA_CIPE, ID_SOTTO_SETTORE_CIPE,COD_CATEGORIA_CIPE, DESC_CATEGORIA_CIPE, DT_INIZIO_VALIDITA) VALUES (211,37,'215','PROMOZIONE DELL''OFFERTA AGRITURISTICA',                                                                  to_date('01/01/2009','dd/mm/yyyy'));           
INSERT INTO PBANDI_D_CATEGORIA_CIPE (ID_CATEGORIA_CIPE, ID_SOTTO_SETTORE_CIPE,COD_CATEGORIA_CIPE, DESC_CATEGORIA_CIPE, DT_INIZIO_VALIDITA) VALUES (212,37,'216','ALTRI SERVIZI ALLE IMPRESE AGRICOLE, FORESTALI E DELLA PESCA',                                            to_date('01/01/2009','dd/mm/yyyy'));          
INSERT INTO PBANDI_D_CATEGORIA_CIPE (ID_CATEGORIA_CIPE, ID_SOTTO_SETTORE_CIPE,COD_CATEGORIA_CIPE, DESC_CATEGORIA_CIPE, DT_INIZIO_VALIDITA) VALUES (213,38,'210','SERVIZI COMUNI INTERAZIENDALI',                                                                           to_date('01/01/2009','dd/mm/yyyy'));          
INSERT INTO PBANDI_D_CATEGORIA_CIPE (ID_CATEGORIA_CIPE, ID_SOTTO_SETTORE_CIPE,COD_CATEGORIA_CIPE, DESC_CATEGORIA_CIPE, DT_INIZIO_VALIDITA) VALUES (214,38,'211','SERVIZI DI CONSULENZA ALLE IMPRESE',                                                                      to_date('01/01/2009','dd/mm/yyyy'));          
INSERT INTO PBANDI_D_CATEGORIA_CIPE (ID_CATEGORIA_CIPE, ID_SOTTO_SETTORE_CIPE,COD_CATEGORIA_CIPE, DESC_CATEGORIA_CIPE, DT_INIZIO_VALIDITA) VALUES (215,38,'212','SERVIZI E APPLICAZIONI TELEMATICHE PER LE PMI',                                                           to_date('01/01/2009','dd/mm/yyyy'));          
INSERT INTO PBANDI_D_CATEGORIA_CIPE (ID_CATEGORIA_CIPE, ID_SOTTO_SETTORE_CIPE,COD_CATEGORIA_CIPE, DESC_CATEGORIA_CIPE, DT_INIZIO_VALIDITA) VALUES (216,38,'222','SERVIZI COMUNI DI PROMOZIONE DELL''OFFERTA DI PRODOTTI DELL''INDUSTRIA',                                  to_date('01/01/2009','dd/mm/yyyy'));            
INSERT INTO PBANDI_D_CATEGORIA_CIPE (ID_CATEGORIA_CIPE, ID_SOTTO_SETTORE_CIPE,COD_CATEGORIA_CIPE, DESC_CATEGORIA_CIPE, DT_INIZIO_VALIDITA) VALUES (217,38,'229','ALTRI SERVIZI ALLE IMPRESE INDUSTRIALI',                                                                  to_date('01/01/2009','dd/mm/yyyy'));          
INSERT INTO PBANDI_D_CATEGORIA_CIPE (ID_CATEGORIA_CIPE, ID_SOTTO_SETTORE_CIPE,COD_CATEGORIA_CIPE, DESC_CATEGORIA_CIPE, DT_INIZIO_VALIDITA) VALUES (218,39,'218','SERVIZI COMUNI DI PROMOZIONE DELL''OFFERTA TURISTICA',                                                    to_date('01/01/2009','dd/mm/yyyy'));           
INSERT INTO PBANDI_D_CATEGORIA_CIPE (ID_CATEGORIA_CIPE, ID_SOTTO_SETTORE_CIPE,COD_CATEGORIA_CIPE, DESC_CATEGORIA_CIPE, DT_INIZIO_VALIDITA) VALUES (219,39,'219','SERVIZI DI CONSULENZA PER LA VALORIZZAZIONE DELL''OFFERTA TURISTICA',                                     to_date('01/01/2009','dd/mm/yyyy'));           
INSERT INTO PBANDI_D_CATEGORIA_CIPE (ID_CATEGORIA_CIPE, ID_SOTTO_SETTORE_CIPE,COD_CATEGORIA_CIPE, DESC_CATEGORIA_CIPE, DT_INIZIO_VALIDITA) VALUES (220,39,'220','SERVIZI COMUNI PER LA FRUIZIONE DEI BENI CULTURALI',                                                      to_date('01/01/2009','dd/mm/yyyy'));          
INSERT INTO PBANDI_D_CATEGORIA_CIPE (ID_CATEGORIA_CIPE, ID_SOTTO_SETTORE_CIPE,COD_CATEGORIA_CIPE, DESC_CATEGORIA_CIPE, DT_INIZIO_VALIDITA) VALUES (221,39,'221','SERVIZI COMUNI PER LA FRUIZIONE DEI BENI AMBIENTALI',                                                     to_date('01/01/2009','dd/mm/yyyy'));          
INSERT INTO PBANDI_D_CATEGORIA_CIPE (ID_CATEGORIA_CIPE, ID_SOTTO_SETTORE_CIPE,COD_CATEGORIA_CIPE, DESC_CATEGORIA_CIPE, DT_INIZIO_VALIDITA) VALUES (222,39,'999','ALTRI SERVIZI ALLE IMPRESE TURISTICHE',                                                                   to_date('01/01/2009','dd/mm/yyyy'));          
INSERT INTO PBANDI_D_CATEGORIA_CIPE (ID_CATEGORIA_CIPE, ID_SOTTO_SETTORE_CIPE,COD_CATEGORIA_CIPE, DESC_CATEGORIA_CIPE, DT_INIZIO_VALIDITA) VALUES (223,40,'001','SERVIZI FINANZIARI PER LE IMPRESE INDUSTRIALI E COMMERCIALI',                                             to_date('01/01/2009','dd/mm/yyyy'));          
INSERT INTO PBANDI_D_CATEGORIA_CIPE (ID_CATEGORIA_CIPE, ID_SOTTO_SETTORE_CIPE,COD_CATEGORIA_CIPE, DESC_CATEGORIA_CIPE, DT_INIZIO_VALIDITA) VALUES (224,40,'205','SERVIZI FINANZIARI ALLE IMPRESE AGRICOLE',                                                                to_date('01/01/2009','dd/mm/yyyy'));          
INSERT INTO PBANDI_D_CATEGORIA_CIPE (ID_CATEGORIA_CIPE, ID_SOTTO_SETTORE_CIPE,COD_CATEGORIA_CIPE, DESC_CATEGORIA_CIPE, DT_INIZIO_VALIDITA) VALUES (225,41,'231','SERVIZI COMUNI DI PROMOZIONE DELL''OFFERTA COMMERCIALE',                                                  to_date('01/01/2009','dd/mm/yyyy'));           
INSERT INTO PBANDI_D_CATEGORIA_CIPE (ID_CATEGORIA_CIPE, ID_SOTTO_SETTORE_CIPE,COD_CATEGORIA_CIPE, DESC_CATEGORIA_CIPE, DT_INIZIO_VALIDITA) VALUES (226,41,'232','SERVIZI DI CONSULENZA ALLE IMPRESE DEL COMMERCIO',                                                        to_date('01/01/2009','dd/mm/yyyy'));          
INSERT INTO PBANDI_D_CATEGORIA_CIPE (ID_CATEGORIA_CIPE, ID_SOTTO_SETTORE_CIPE,COD_CATEGORIA_CIPE, DESC_CATEGORIA_CIPE, DT_INIZIO_VALIDITA) VALUES (227,41,'233','ALTRI SERVIZI ALLE IMPRESE COMMERCIALI',                                                                  to_date('01/01/2009','dd/mm/yyyy'));          
INSERT INTO PBANDI_D_CATEGORIA_CIPE (ID_CATEGORIA_CIPE, ID_SOTTO_SETTORE_CIPE,COD_CATEGORIA_CIPE, DESC_CATEGORIA_CIPE, DT_INIZIO_VALIDITA) VALUES (228,42,'001','INFORMAZIONI E COMUNICAZIONI PER ATTIVITA'' ISTITUZIONALI',                                               to_date('01/01/2009','dd/mm/yyyy'));           
INSERT INTO PBANDI_D_CATEGORIA_CIPE (ID_CATEGORIA_CIPE, ID_SOTTO_SETTORE_CIPE,COD_CATEGORIA_CIPE, DESC_CATEGORIA_CIPE, DT_INIZIO_VALIDITA) VALUES (229,42,'002','INFORMAZIONI IN CAMPO AMBIENTALE E DI PREVENZIONE DEI RISCHI',                                            to_date('01/01/2009','dd/mm/yyyy'));          
INSERT INTO PBANDI_D_CATEGORIA_CIPE (ID_CATEGORIA_CIPE, ID_SOTTO_SETTORE_CIPE,COD_CATEGORIA_CIPE, DESC_CATEGORIA_CIPE, DT_INIZIO_VALIDITA) VALUES (230,42,'003','MANIFESTAZIONI ED EVENTI INFORMATIVI',                                                                    to_date('01/01/2009','dd/mm/yyyy'));          
INSERT INTO PBANDI_D_CATEGORIA_CIPE (ID_CATEGORIA_CIPE, ID_SOTTO_SETTORE_CIPE,COD_CATEGORIA_CIPE, DESC_CATEGORIA_CIPE, DT_INIZIO_VALIDITA) VALUES (231,42,'004','DISTRIBUZIONE DI AUDIOVISIVI E MATERIALE INFORMATIVO',                                                    to_date('01/01/2009','dd/mm/yyyy'));          
INSERT INTO PBANDI_D_CATEGORIA_CIPE (ID_CATEGORIA_CIPE, ID_SOTTO_SETTORE_CIPE,COD_CATEGORIA_CIPE, DESC_CATEGORIA_CIPE, DT_INIZIO_VALIDITA) VALUES (232,42,'007','SISTEMI INFORMATIVI E TELEMATICI PER LA P.A.',                                                            to_date('01/01/2009','dd/mm/yyyy'));          
INSERT INTO PBANDI_D_CATEGORIA_CIPE (ID_CATEGORIA_CIPE, ID_SOTTO_SETTORE_CIPE,COD_CATEGORIA_CIPE, DESC_CATEGORIA_CIPE, DT_INIZIO_VALIDITA) VALUES (233,42,'999','ALTRE INFORMAZIONI E COMUNICAZIONI',                                                                      to_date('01/01/2009','dd/mm/yyyy'));          
INSERT INTO PBANDI_D_CATEGORIA_CIPE (ID_CATEGORIA_CIPE, ID_SOTTO_SETTORE_CIPE,COD_CATEGORIA_CIPE, DESC_CATEGORIA_CIPE, DT_INIZIO_VALIDITA) VALUES (234,43,'001','SERVIZI ED APPLICAZIONI PER IL PUBBLICO',                                                                 to_date('01/01/2009','dd/mm/yyyy'));          
INSERT INTO PBANDI_D_CATEGORIA_CIPE (ID_CATEGORIA_CIPE, ID_SOTTO_SETTORE_CIPE,COD_CATEGORIA_CIPE, DESC_CATEGORIA_CIPE, DT_INIZIO_VALIDITA) VALUES (235,43,'002','SERVIZI ED APPLICAZIONI PER LE PMI',                                                                      to_date('01/01/2009','dd/mm/yyyy'));          
INSERT INTO PBANDI_D_CATEGORIA_CIPE (ID_CATEGORIA_CIPE, ID_SOTTO_SETTORE_CIPE,COD_CATEGORIA_CIPE, DESC_CATEGORIA_CIPE, DT_INIZIO_VALIDITA) VALUES (236,44,'001','AZIONI PER L''INNALZAMENTO DELLA QUALITA'' DELLA VITA IN AREE URBANE',                                    to_date('01/01/2009','dd/mm/yyyy'));            
INSERT INTO PBANDI_D_CATEGORIA_CIPE (ID_CATEGORIA_CIPE, ID_SOTTO_SETTORE_CIPE,COD_CATEGORIA_CIPE, DESC_CATEGORIA_CIPE, DT_INIZIO_VALIDITA) VALUES (237,44,'002','AZIONI PER LA DIFFUSIONE DELLA CULTURA',                                                                  to_date('01/01/2009','dd/mm/yyyy'));          
INSERT INTO PBANDI_D_CATEGORIA_CIPE (ID_CATEGORIA_CIPE, ID_SOTTO_SETTORE_CIPE,COD_CATEGORIA_CIPE, DESC_CATEGORIA_CIPE, DT_INIZIO_VALIDITA) VALUES (238,45,'001','POTENZIAMENTO DEI SERVIZI ALL''IMPIEGO',                                                                  to_date('01/01/2009','dd/mm/yyyy'));           
INSERT INTO PBANDI_D_CATEGORIA_CIPE (ID_CATEGORIA_CIPE, ID_SOTTO_SETTORE_CIPE,COD_CATEGORIA_CIPE, DESC_CATEGORIA_CIPE, DT_INIZIO_VALIDITA) VALUES (239,45,'002','COSTRUZIONE E SPERIMENTAZIONE DI PROTOTIPI E MODELLI',                                                    to_date('01/01/2009','dd/mm/yyyy'));          
INSERT INTO PBANDI_D_CATEGORIA_CIPE (ID_CATEGORIA_CIPE, ID_SOTTO_SETTORE_CIPE,COD_CATEGORIA_CIPE, DESC_CATEGORIA_CIPE, DT_INIZIO_VALIDITA) VALUES (240,45,'003','ORIENTAMENTO, CONSULENZA E FORMAZIONE DEL PERSONALE',                                                     to_date('01/01/2009','dd/mm/yyyy'));          
INSERT INTO PBANDI_D_CATEGORIA_CIPE (ID_CATEGORIA_CIPE, ID_SOTTO_SETTORE_CIPE,COD_CATEGORIA_CIPE, DESC_CATEGORIA_CIPE, DT_INIZIO_VALIDITA) VALUES (241,45,'004','MESSA IN RETE DEGLI SPI',                                                                                 to_date('01/01/2009','dd/mm/yyyy'));          
INSERT INTO PBANDI_D_CATEGORIA_CIPE (ID_CATEGORIA_CIPE, ID_SOTTO_SETTORE_CIPE,COD_CATEGORIA_CIPE, DESC_CATEGORIA_CIPE, DT_INIZIO_VALIDITA) VALUES (242,45,'006','ATTIVITÀ PROMOZIONALE PER L''ATTRAZIONE DI PERSONE E IMPRESE',                                            to_date('01/01/2009','dd/mm/yyyy'));           
INSERT INTO PBANDI_D_CATEGORIA_CIPE (ID_CATEGORIA_CIPE, ID_SOTTO_SETTORE_CIPE,COD_CATEGORIA_CIPE, DESC_CATEGORIA_CIPE, DT_INIZIO_VALIDITA) VALUES (243,45,'007','CERTIFICAZIONE ED ACCREDITAMENTO OPERATORI',                                                              to_date('01/01/2009','dd/mm/yyyy'));          
INSERT INTO PBANDI_D_CATEGORIA_CIPE (ID_CATEGORIA_CIPE, ID_SOTTO_SETTORE_CIPE,COD_CATEGORIA_CIPE, DESC_CATEGORIA_CIPE, DT_INIZIO_VALIDITA) VALUES (244,46,'001','DISPOSITIVI E STRUMENTI A SUPPORTO DELLA QUALIFICAZIONE DEL SISTEMA DELL''OFFERTA DI FORMAZIONE',         to_date('01/01/2009','dd/mm/yyyy'));           
INSERT INTO PBANDI_D_CATEGORIA_CIPE (ID_CATEGORIA_CIPE, ID_SOTTO_SETTORE_CIPE,COD_CATEGORIA_CIPE, DESC_CATEGORIA_CIPE, DT_INIZIO_VALIDITA) VALUES (245,46,'002','DISPOSITIVI E STRUMENTI A SUPPORTO DELLA QUALIFICAZIONE DEL SISTEMA DELL''OFFERTA DI ISTRUZIONE',         to_date('01/01/2009','dd/mm/yyyy'));           
INSERT INTO PBANDI_D_CATEGORIA_CIPE (ID_CATEGORIA_CIPE, ID_SOTTO_SETTORE_CIPE,COD_CATEGORIA_CIPE, DESC_CATEGORIA_CIPE, DT_INIZIO_VALIDITA) VALUES (246,46,'003','DISPOSITIVI E STRUMENTI A SUPPORTO ALL''INTEGRAZIONE TRA SISTEMI',                                        to_date('01/01/2009','dd/mm/yyyy'));           
INSERT INTO PBANDI_D_CATEGORIA_CIPE (ID_CATEGORIA_CIPE, ID_SOTTO_SETTORE_CIPE,COD_CATEGORIA_CIPE, DESC_CATEGORIA_CIPE, DT_INIZIO_VALIDITA) VALUES (247,47,'403','ASSISTENZA TECNICA ALLA PREPARAZIONE, REALIZZAZIONE E SORVEGLIANZA',                                      to_date('01/01/2009','dd/mm/yyyy'));          
INSERT INTO PBANDI_D_CATEGORIA_CIPE (ID_CATEGORIA_CIPE, ID_SOTTO_SETTORE_CIPE,COD_CATEGORIA_CIPE, DESC_CATEGORIA_CIPE, DT_INIZIO_VALIDITA) VALUES (248,47,'410','SISTEMI DI MONITORAGGIO',                                                                                 to_date('01/01/2009','dd/mm/yyyy'));          
INSERT INTO PBANDI_D_CATEGORIA_CIPE (ID_CATEGORIA_CIPE, ID_SOTTO_SETTORE_CIPE,COD_CATEGORIA_CIPE, DESC_CATEGORIA_CIPE, DT_INIZIO_VALIDITA) VALUES (249,47,'411','ANALISI SOCIOECONOMICHE',                                                                                 to_date('01/01/2009','dd/mm/yyyy'));          
INSERT INTO PBANDI_D_CATEGORIA_CIPE (ID_CATEGORIA_CIPE, ID_SOTTO_SETTORE_CIPE,COD_CATEGORIA_CIPE, DESC_CATEGORIA_CIPE, DT_INIZIO_VALIDITA) VALUES (250,47,'412','ANALISI DI FATTIBILITA''',                                                                                to_date('01/01/2009','dd/mm/yyyy'));           
INSERT INTO PBANDI_D_CATEGORIA_CIPE (ID_CATEGORIA_CIPE, ID_SOTTO_SETTORE_CIPE,COD_CATEGORIA_CIPE, DESC_CATEGORIA_CIPE, DT_INIZIO_VALIDITA) VALUES (251,47,'417','ASSISTENZA ALLA REDAZIONE DI PIANI E PROGRAMMI',                                                          to_date('01/01/2009','dd/mm/yyyy'));          
INSERT INTO PBANDI_D_CATEGORIA_CIPE (ID_CATEGORIA_CIPE, ID_SOTTO_SETTORE_CIPE,COD_CATEGORIA_CIPE, DESC_CATEGORIA_CIPE, DT_INIZIO_VALIDITA) VALUES (252,47,'418','ASSISTENZA ALLA CREAZIONE DI RETI/PARTENARIATI',                                                          to_date('01/01/2009','dd/mm/yyyy'));          
INSERT INTO PBANDI_D_CATEGORIA_CIPE (ID_CATEGORIA_CIPE, ID_SOTTO_SETTORE_CIPE,COD_CATEGORIA_CIPE, DESC_CATEGORIA_CIPE, DT_INIZIO_VALIDITA) VALUES (253,47,'499','ALTRE ATTIVITA'' DI CONSULENZA E ASSISTENZA TECNICA',                                                     to_date('01/01/2009','dd/mm/yyyy'));           
INSERT INTO PBANDI_D_CATEGORIA_CIPE (ID_CATEGORIA_CIPE, ID_SOTTO_SETTORE_CIPE,COD_CATEGORIA_CIPE, DESC_CATEGORIA_CIPE, DT_INIZIO_VALIDITA) VALUES (254,48,'001','ASSISTENZA A PERSONE A CARICO (INCLUSO SERVIZI PER L''INFANZIA)',                                         to_date('01/01/2009','dd/mm/yyyy'));           
INSERT INTO PBANDI_D_CATEGORIA_CIPE (ID_CATEGORIA_CIPE, ID_SOTTO_SETTORE_CIPE,COD_CATEGORIA_CIPE, DESC_CATEGORIA_CIPE, DT_INIZIO_VALIDITA) VALUES (255,48,'002','SALUTE E SICUREZZA',                                                                                      to_date('01/01/2009','dd/mm/yyyy'));          
INSERT INTO PBANDI_D_CATEGORIA_CIPE (ID_CATEGORIA_CIPE, ID_SOTTO_SETTORE_CIPE,COD_CATEGORIA_CIPE, DESC_CATEGORIA_CIPE, DT_INIZIO_VALIDITA) VALUES (256,48,'003','SERVIZI DI TRASPORTO CASA-LAVORO',                                                                        to_date('01/01/2009','dd/mm/yyyy'));          
INSERT INTO PBANDI_D_CATEGORIA_CIPE (ID_CATEGORIA_CIPE, ID_SOTTO_SETTORE_CIPE,COD_CATEGORIA_CIPE, DESC_CATEGORIA_CIPE, DT_INIZIO_VALIDITA) VALUES (257,48,'004','SERVIZI DI MENSA',                                                                                        to_date('01/01/2009','dd/mm/yyyy'));          
INSERT INTO PBANDI_D_CATEGORIA_CIPE (ID_CATEGORIA_CIPE, ID_SOTTO_SETTORE_CIPE,COD_CATEGORIA_CIPE, DESC_CATEGORIA_CIPE, DT_INIZIO_VALIDITA) VALUES (258,48,'999','ALTRI SERVIZI AI DIPENDENTI DI IMPRESE PRODUTTIVE',                                                       to_date('01/01/2009','dd/mm/yyyy'));          
INSERT INTO PBANDI_D_CATEGORIA_CIPE (ID_CATEGORIA_CIPE, ID_SOTTO_SETTORE_CIPE,COD_CATEGORIA_CIPE, DESC_CATEGORIA_CIPE, DT_INIZIO_VALIDITA) VALUES (259,49,'001','SERVIZI DI TRASPORTO ALLE PERSONE',                                                                       to_date('01/01/2009','dd/mm/yyyy'));          
INSERT INTO PBANDI_D_CATEGORIA_CIPE (ID_CATEGORIA_CIPE, ID_SOTTO_SETTORE_CIPE,COD_CATEGORIA_CIPE, DESC_CATEGORIA_CIPE, DT_INIZIO_VALIDITA) VALUES (260,49,'002','SERVIZI ASSISTENZIALI AGLI ANZIANI E ALL''INFANZIA',                                                      to_date('01/01/2009','dd/mm/yyyy'));           
INSERT INTO PBANDI_D_CATEGORIA_CIPE (ID_CATEGORIA_CIPE, ID_SOTTO_SETTORE_CIPE,COD_CATEGORIA_CIPE, DESC_CATEGORIA_CIPE, DT_INIZIO_VALIDITA) VALUES (261,49,'003','ATTIVITA'' DI SOSTEGNO CULTURALE',                                                                        to_date('01/01/2009','dd/mm/yyyy'));           
INSERT INTO PBANDI_D_CATEGORIA_CIPE (ID_CATEGORIA_CIPE, ID_SOTTO_SETTORE_CIPE,COD_CATEGORIA_CIPE, DESC_CATEGORIA_CIPE, DT_INIZIO_VALIDITA) VALUES (262,49,'004','SERVIZI SANITARI',                                                                                        to_date('01/01/2009','dd/mm/yyyy'));          
INSERT INTO PBANDI_D_CATEGORIA_CIPE (ID_CATEGORIA_CIPE, ID_SOTTO_SETTORE_CIPE,COD_CATEGORIA_CIPE, DESC_CATEGORIA_CIPE, DT_INIZIO_VALIDITA) VALUES (263,49,'999','ALTRI SERVIZI',                                                                                           to_date('01/01/2009','dd/mm/yyyy'));          
INSERT INTO PBANDI_D_CATEGORIA_CIPE (ID_CATEGORIA_CIPE, ID_SOTTO_SETTORE_CIPE,COD_CATEGORIA_CIPE, DESC_CATEGORIA_CIPE, DT_INIZIO_VALIDITA) VALUES (264,50,'911','ASSISTENZA SOCIALE ED ALTRI SERVIZI ALLA PERSONA',                                                        to_date('01/01/2009','dd/mm/yyyy'));          
INSERT INTO PBANDI_D_CATEGORIA_CIPE (ID_CATEGORIA_CIPE, ID_SOTTO_SETTORE_CIPE,COD_CATEGORIA_CIPE, DESC_CATEGORIA_CIPE, DT_INIZIO_VALIDITA) VALUES (265,50,'999','ALTRI SERVIZI PER LA COLLETTIVITA''',                                                                     to_date('01/01/2009','dd/mm/yyyy'));           
INSERT INTO PBANDI_D_CATEGORIA_CIPE (ID_CATEGORIA_CIPE, ID_SOTTO_SETTORE_CIPE,COD_CATEGORIA_CIPE, DESC_CATEGORIA_CIPE, DT_INIZIO_VALIDITA) VALUES (266,51,'001','FORMAZIONE ALL''INTERNO DELL''OBBLIGO SCOLASTICO',                                                        to_date('01/01/2009','dd/mm/yyyy'));            
INSERT INTO PBANDI_D_CATEGORIA_CIPE (ID_CATEGORIA_CIPE, ID_SOTTO_SETTORE_CIPE,COD_CATEGORIA_CIPE, DESC_CATEGORIA_CIPE, DT_INIZIO_VALIDITA) VALUES (267,51,'003','FORMAZIONE POST OBBLIGO FORMATIVO E POST DIPLOMA',                                                        to_date('01/01/2009','dd/mm/yyyy'));          
INSERT INTO PBANDI_D_CATEGORIA_CIPE (ID_CATEGORIA_CIPE, ID_SOTTO_SETTORE_CIPE,COD_CATEGORIA_CIPE, DESC_CATEGORIA_CIPE, DT_INIZIO_VALIDITA) VALUES (268,51,'004','IFTS (ISTRUZIONE E FORMAZIONE TECNICA SUPERIORE)',                                                        to_date('01/01/2009','dd/mm/yyyy'));          
INSERT INTO PBANDI_D_CATEGORIA_CIPE (ID_CATEGORIA_CIPE, ID_SOTTO_SETTORE_CIPE,COD_CATEGORIA_CIPE, DESC_CATEGORIA_CIPE, DT_INIZIO_VALIDITA) VALUES (269,51,'005','FORMAZIONE NELL''AMBITO DEI CONTRATTI DI FORMAZIONE LAVORO',                                              to_date('01/01/2009','dd/mm/yyyy'));           
INSERT INTO PBANDI_D_CATEGORIA_CIPE (ID_CATEGORIA_CIPE, ID_SOTTO_SETTORE_CIPE,COD_CATEGORIA_CIPE, DESC_CATEGORIA_CIPE, DT_INIZIO_VALIDITA) VALUES (270,51,'006','FORMAZIONE NELL''AMBITO DELL''APPRENDISTATO POST OBBLIGO FORMATIVO',                                      to_date('01/01/2009','dd/mm/yyyy'));            
INSERT INTO PBANDI_D_CATEGORIA_CIPE (ID_CATEGORIA_CIPE, ID_SOTTO_SETTORE_CIPE,COD_CATEGORIA_CIPE, DESC_CATEGORIA_CIPE, DT_INIZIO_VALIDITA) VALUES (271,51,'007','ALTA FORMAZIONE',                                                                                         to_date('01/01/2009','dd/mm/yyyy'));          
INSERT INTO PBANDI_D_CATEGORIA_CIPE (ID_CATEGORIA_CIPE, ID_SOTTO_SETTORE_CIPE,COD_CATEGORIA_CIPE, DESC_CATEGORIA_CIPE, DT_INIZIO_VALIDITA) VALUES (272,51,'008','FORMAZIONE PERMANENTE',                                                                                   to_date('01/01/2009','dd/mm/yyyy'));          
INSERT INTO PBANDI_D_CATEGORIA_CIPE (ID_CATEGORIA_CIPE, ID_SOTTO_SETTORE_CIPE,COD_CATEGORIA_CIPE, DESC_CATEGORIA_CIPE, DT_INIZIO_VALIDITA) VALUES (273,51,'009','FORMAZIONE PER LA CREAZIONE D''IMPRESA',                                                                  to_date('01/01/2009','dd/mm/yyyy'));           
INSERT INTO PBANDI_D_CATEGORIA_CIPE (ID_CATEGORIA_CIPE, ID_SOTTO_SETTORE_CIPE,COD_CATEGORIA_CIPE, DESC_CATEGORIA_CIPE, DT_INIZIO_VALIDITA) VALUES (274,51,'010','FORMAZIONE PER OCCUPATI (O FORMAZIONE CONTINUA)',                                                         to_date('01/01/2009','dd/mm/yyyy'));          
INSERT INTO PBANDI_D_CATEGORIA_CIPE (ID_CATEGORIA_CIPE, ID_SOTTO_SETTORE_CIPE,COD_CATEGORIA_CIPE, DESC_CATEGORIA_CIPE, DT_INIZIO_VALIDITA) VALUES (275,51,'011','CORSI DI FORMAZIONE PER RICERCATORI',                                                                     to_date('01/01/2009','dd/mm/yyyy'));          
INSERT INTO PBANDI_D_CATEGORIA_CIPE (ID_CATEGORIA_CIPE, ID_SOTTO_SETTORE_CIPE,COD_CATEGORIA_CIPE, DESC_CATEGORIA_CIPE, DT_INIZIO_VALIDITA) VALUES (276,51,'013','FORMAZIONE NELL''AMBITO DELL''APPRENDISTATO ALL''INTERNO DELL''OBBLIGO FORMATIVO',                        to_date('01/01/2009','dd/mm/yyyy'));              
INSERT INTO PBANDI_D_CATEGORIA_CIPE (ID_CATEGORIA_CIPE, ID_SOTTO_SETTORE_CIPE,COD_CATEGORIA_CIPE, DESC_CATEGORIA_CIPE, DT_INIZIO_VALIDITA) VALUES (277,51,'014','PERCORSI SCOLASTICI FORMATIVI ALL''INTERNO DELL''OBBLIGO FORMATIVO',                                      to_date('01/01/2009','dd/mm/yyyy'));            
INSERT INTO PBANDI_D_CATEGORIA_CIPE (ID_CATEGORIA_CIPE, ID_SOTTO_SETTORE_CIPE,COD_CATEGORIA_CIPE, DESC_CATEGORIA_CIPE, DT_INIZIO_VALIDITA) VALUES (278,51,'015','ALTRA FORMAZIONE ALL''INTERNO DELL''OBBLIGO FORMATIVO',                                                   to_date('01/01/2009','dd/mm/yyyy'));            
INSERT INTO PBANDI_D_CATEGORIA_CIPE (ID_CATEGORIA_CIPE, ID_SOTTO_SETTORE_CIPE,COD_CATEGORIA_CIPE, DESC_CATEGORIA_CIPE, DT_INIZIO_VALIDITA) VALUES (279,51,'020','FORMAZIONE FINALIZZATA AL REINSERIMENTO LAVORATIVO',                                                      to_date('01/01/2009','dd/mm/yyyy'));          
INSERT INTO PBANDI_D_CATEGORIA_CIPE (ID_CATEGORIA_CIPE, ID_SOTTO_SETTORE_CIPE,COD_CATEGORIA_CIPE, DESC_CATEGORIA_CIPE, DT_INIZIO_VALIDITA) VALUES (280,51,'708','FORMAZIONE CONGIUNTA DI FORMATORI, DOCENTI, TUTOR AZIENDALI E PERSONALE UNIVERSITA''',                    to_date('01/01/2009','dd/mm/yyyy'));           
INSERT INTO PBANDI_D_CATEGORIA_CIPE (ID_CATEGORIA_CIPE, ID_SOTTO_SETTORE_CIPE,COD_CATEGORIA_CIPE, DESC_CATEGORIA_CIPE, DT_INIZIO_VALIDITA) VALUES (281,51,'709','FORMAZIONE PROFESSIONALE IN AGRICOLTURA E NEL SETTORE FORESTALE',                                         to_date('01/01/2009','dd/mm/yyyy'));          
INSERT INTO PBANDI_D_CATEGORIA_CIPE (ID_CATEGORIA_CIPE, ID_SOTTO_SETTORE_CIPE,COD_CATEGORIA_CIPE, DESC_CATEGORIA_CIPE, DT_INIZIO_VALIDITA) VALUES (282,51,'710','FORMAZIONE PROFESSIONALE NEL SETTORE DELLA PESCA',                                                        to_date('01/01/2009','dd/mm/yyyy'));          
INSERT INTO PBANDI_D_CATEGORIA_CIPE (ID_CATEGORIA_CIPE, ID_SOTTO_SETTORE_CIPE,COD_CATEGORIA_CIPE, DESC_CATEGORIA_CIPE, DT_INIZIO_VALIDITA) VALUES (283,51,'999','ALTRE ATTIVITA'' DI POTENZIAMENTO DELL''ISTRUZIONE E DELLA FORMAZIONE PROFESSIONALE',                     to_date('01/01/2009','dd/mm/yyyy'));            
INSERT INTO PBANDI_D_CATEGORIA_CIPE (ID_CATEGORIA_CIPE, ID_SOTTO_SETTORE_CIPE,COD_CATEGORIA_CIPE, DESC_CATEGORIA_CIPE, DT_INIZIO_VALIDITA) VALUES (284,52,'001','TIROCINI',                                                                                                to_date('01/01/2009','dd/mm/yyyy'));          
INSERT INTO PBANDI_D_CATEGORIA_CIPE (ID_CATEGORIA_CIPE, ID_SOTTO_SETTORE_CIPE,COD_CATEGORIA_CIPE, DESC_CATEGORIA_CIPE, DT_INIZIO_VALIDITA) VALUES (285,52,'002','PIANI D''INSERIMENTO PROFESSIONALE',                                                                      to_date('01/01/2009','dd/mm/yyyy'));           
INSERT INTO PBANDI_D_CATEGORIA_CIPE (ID_CATEGORIA_CIPE, ID_SOTTO_SETTORE_CIPE,COD_CATEGORIA_CIPE, DESC_CATEGORIA_CIPE, DT_INIZIO_VALIDITA) VALUES (286,52,'003','BORSE DI LAVORO',                                                                                         to_date('01/01/2009','dd/mm/yyyy'));          
INSERT INTO PBANDI_D_CATEGORIA_CIPE (ID_CATEGORIA_CIPE, ID_SOTTO_SETTORE_CIPE,COD_CATEGORIA_CIPE, DESC_CATEGORIA_CIPE, DT_INIZIO_VALIDITA) VALUES (287,52,'004','LPU/LSU',                                                                                                 to_date('01/01/2009','dd/mm/yyyy'));          
INSERT INTO PBANDI_D_CATEGORIA_CIPE (ID_CATEGORIA_CIPE, ID_SOTTO_SETTORE_CIPE,COD_CATEGORIA_CIPE, DESC_CATEGORIA_CIPE, DT_INIZIO_VALIDITA) VALUES (288,52,'005','ALTRE FORME',                                                                                             to_date('01/01/2009','dd/mm/yyyy'));          
INSERT INTO PBANDI_D_CATEGORIA_CIPE (ID_CATEGORIA_CIPE, ID_SOTTO_SETTORE_CIPE,COD_CATEGORIA_CIPE, DESC_CATEGORIA_CIPE, DT_INIZIO_VALIDITA) VALUES (289,52,'011','PERCORSI FORMATIVI INTEGRATI PER L''INSERIMENTO LAVORATIVO',                                              to_date('01/01/2009','dd/mm/yyyy'));           
INSERT INTO PBANDI_D_CATEGORIA_CIPE (ID_CATEGORIA_CIPE, ID_SOTTO_SETTORE_CIPE,COD_CATEGORIA_CIPE, DESC_CATEGORIA_CIPE, DT_INIZIO_VALIDITA) VALUES (290,52,'012','PERCORSI FORMATIVI INTEGRATI PER LA CREAZIONE DI IMPRESA',                                                to_date('01/01/2009','dd/mm/yyyy'));          
INSERT INTO PBANDI_D_CATEGORIA_CIPE (ID_CATEGORIA_CIPE, ID_SOTTO_SETTORE_CIPE,COD_CATEGORIA_CIPE, DESC_CATEGORIA_CIPE, DT_INIZIO_VALIDITA) VALUES (291,53,'802','SGRAVI CONTRIBUTIVI',                                                                                     to_date('01/01/2009','dd/mm/yyyy'));          
INSERT INTO PBANDI_D_CATEGORIA_CIPE (ID_CATEGORIA_CIPE, ID_SOTTO_SETTORE_CIPE,COD_CATEGORIA_CIPE, DESC_CATEGORIA_CIPE, DT_INIZIO_VALIDITA) VALUES (292,53,'805','INCENTIVI ALLE PERSONE PER LA MOBILITA'' GEOGRAFICA PER LA RICERCA DEL LAVORO',                           to_date('01/01/2009','dd/mm/yyyy'));           
INSERT INTO PBANDI_D_CATEGORIA_CIPE (ID_CATEGORIA_CIPE, ID_SOTTO_SETTORE_CIPE,COD_CATEGORIA_CIPE, DESC_CATEGORIA_CIPE, DT_INIZIO_VALIDITA) VALUES (293,53,'808','CONTRIBUTI E PREMI A GIOVANI AGRICOLTORI',                                                                to_date('01/01/2009','dd/mm/yyyy'));          
INSERT INTO PBANDI_D_CATEGORIA_CIPE (ID_CATEGORIA_CIPE, ID_SOTTO_SETTORE_CIPE,COD_CATEGORIA_CIPE, DESC_CATEGORIA_CIPE, DT_INIZIO_VALIDITA) VALUES (294,53,'809','AIUTI AI LAVORATORI DELLA PESCA',                                                                         to_date('01/01/2009','dd/mm/yyyy'));          
INSERT INTO PBANDI_D_CATEGORIA_CIPE (ID_CATEGORIA_CIPE, ID_SOTTO_SETTORE_CIPE,COD_CATEGORIA_CIPE, DESC_CATEGORIA_CIPE, DT_INIZIO_VALIDITA) VALUES (295,53,'810','SOSTEGNI ALLE IMPRESE PER L''INSEDIAMENTO DI GIOVANI AGRICOLTORI',                                        to_date('01/01/2009','dd/mm/yyyy'));           
INSERT INTO PBANDI_D_CATEGORIA_CIPE (ID_CATEGORIA_CIPE, ID_SOTTO_SETTORE_CIPE,COD_CATEGORIA_CIPE, DESC_CATEGORIA_CIPE, DT_INIZIO_VALIDITA) VALUES (296,53,'811','INCENTIVI ALLE PERSONE PER LA FORMAZIONE',                                                                to_date('01/01/2009','dd/mm/yyyy'));          
INSERT INTO PBANDI_D_CATEGORIA_CIPE (ID_CATEGORIA_CIPE, ID_SOTTO_SETTORE_CIPE,COD_CATEGORIA_CIPE, DESC_CATEGORIA_CIPE, DT_INIZIO_VALIDITA) VALUES (297,53,'812','INCENTIVI ALLE PERSONE PER IL LAVORO AUTONOMO',                                                           to_date('01/01/2009','dd/mm/yyyy'));          
INSERT INTO PBANDI_D_CATEGORIA_CIPE (ID_CATEGORIA_CIPE, ID_SOTTO_SETTORE_CIPE,COD_CATEGORIA_CIPE, DESC_CATEGORIA_CIPE, DT_INIZIO_VALIDITA) VALUES (298,53,'813','INCENTIVI ALLE PERSONE PER LA MOBILITA'' GEOGRAFICA PER IL LAVORO',                                       to_date('01/01/2009','dd/mm/yyyy'));           
INSERT INTO PBANDI_D_CATEGORIA_CIPE (ID_CATEGORIA_CIPE, ID_SOTTO_SETTORE_CIPE,COD_CATEGORIA_CIPE, DESC_CATEGORIA_CIPE, DT_INIZIO_VALIDITA) VALUES (299,53,'814','INCENTIVI ALLE IMPRESE PER JOB ROTATION',                                                                 to_date('01/01/2009','dd/mm/yyyy'));          
INSERT INTO PBANDI_D_CATEGORIA_CIPE (ID_CATEGORIA_CIPE, ID_SOTTO_SETTORE_CIPE,COD_CATEGORIA_CIPE, DESC_CATEGORIA_CIPE, DT_INIZIO_VALIDITA) VALUES (300,53,'816','INCENTIVI ALLE IMPRESE PER JOB SHARING',                                                                  to_date('01/01/2009','dd/mm/yyyy'));          
INSERT INTO PBANDI_D_CATEGORIA_CIPE (ID_CATEGORIA_CIPE, ID_SOTTO_SETTORE_CIPE,COD_CATEGORIA_CIPE, DESC_CATEGORIA_CIPE, DT_INIZIO_VALIDITA) VALUES (301,53,'817','PICCOLI INCENTIVI ALLE IMPRESE SOCIALI',                                                                  to_date('01/01/2009','dd/mm/yyyy'));          
INSERT INTO PBANDI_D_CATEGORIA_CIPE (ID_CATEGORIA_CIPE, ID_SOTTO_SETTORE_CIPE,COD_CATEGORIA_CIPE, DESC_CATEGORIA_CIPE, DT_INIZIO_VALIDITA) VALUES (302,53,'818','INCENTIVI ALLA TRASFORMAZIONE DI FORME DI LAVORO ATIPICO',                                                to_date('01/01/2009','dd/mm/yyyy'));          
INSERT INTO PBANDI_D_CATEGORIA_CIPE (ID_CATEGORIA_CIPE, ID_SOTTO_SETTORE_CIPE,COD_CATEGORIA_CIPE, DESC_CATEGORIA_CIPE, DT_INIZIO_VALIDITA) VALUES (303,53,'819','INCENTIVI AI CONTRATTI DI RIALLINEAMENTO RETRIBUTIVO',                                                    to_date('01/01/2009','dd/mm/yyyy'));          
INSERT INTO PBANDI_D_CATEGORIA_CIPE (ID_CATEGORIA_CIPE, ID_SOTTO_SETTORE_CIPE,COD_CATEGORIA_CIPE, DESC_CATEGORIA_CIPE, DT_INIZIO_VALIDITA) VALUES (304,53,'820','ALTRI INCENTIVI ALLE IMPRESE PER L''OCCUPAZIONE',                                                         to_date('01/01/2009','dd/mm/yyyy'));           
INSERT INTO PBANDI_D_CATEGORIA_CIPE (ID_CATEGORIA_CIPE, ID_SOTTO_SETTORE_CIPE,COD_CATEGORIA_CIPE, DESC_CATEGORIA_CIPE, DT_INIZIO_VALIDITA) VALUES (305,53,'999','ALTRI CONTRIBUTI ALL''OCCUPAZIONE',                                                                       to_date('01/01/2009','dd/mm/yyyy'));           
INSERT INTO PBANDI_D_CATEGORIA_CIPE (ID_CATEGORIA_CIPE, ID_SOTTO_SETTORE_CIPE,COD_CATEGORIA_CIPE, DESC_CATEGORIA_CIPE, DT_INIZIO_VALIDITA) VALUES (306,54,'800','ORIENTAMENTO E CONSULENZA E INFORMAZIONE',                                                                to_date('01/01/2009','dd/mm/yyyy'));          
INSERT INTO PBANDI_D_CATEGORIA_CIPE (ID_CATEGORIA_CIPE, ID_SOTTO_SETTORE_CIPE,COD_CATEGORIA_CIPE, DESC_CATEGORIA_CIPE, DT_INIZIO_VALIDITA) VALUES (307,54,'804','OSSERVATORI DEL MERCATO DEL LAVORO',                                                                      to_date('01/01/2009','dd/mm/yyyy'));          
INSERT INTO PBANDI_D_CATEGORIA_CIPE (ID_CATEGORIA_CIPE, ID_SOTTO_SETTORE_CIPE,COD_CATEGORIA_CIPE, DESC_CATEGORIA_CIPE, DT_INIZIO_VALIDITA) VALUES (308,54,'807','SOSTEGNI ALL''USCITA DAL MERCATO DEL LAVORO',                                                             to_date('01/01/2009','dd/mm/yyyy'));           
INSERT INTO PBANDI_D_CATEGORIA_CIPE (ID_CATEGORIA_CIPE, ID_SOTTO_SETTORE_CIPE,COD_CATEGORIA_CIPE, DESC_CATEGORIA_CIPE, DT_INIZIO_VALIDITA) VALUES (309,54,'813','CREAZIONE DI ASSOCIAZIONE DI OPERATORI FORESTALI',                                                        to_date('01/01/2009','dd/mm/yyyy'));          
INSERT INTO PBANDI_D_CATEGORIA_CIPE (ID_CATEGORIA_CIPE, ID_SOTTO_SETTORE_CIPE,COD_CATEGORIA_CIPE, DESC_CATEGORIA_CIPE, DT_INIZIO_VALIDITA) VALUES (310,54,'817','AZIONI DI TUTORAGGIO PER AZIENDE AGRICOLE E FORESTALI',                                                   to_date('01/01/2009','dd/mm/yyyy'));          
INSERT INTO PBANDI_D_CATEGORIA_CIPE (ID_CATEGORIA_CIPE, ID_SOTTO_SETTORE_CIPE,COD_CATEGORIA_CIPE, DESC_CATEGORIA_CIPE, DT_INIZIO_VALIDITA) VALUES (311,54,'899','ALTRI SOSTEGNI PER IL MERCATO DEL LAVORO',                                                                to_date('01/01/2009','dd/mm/yyyy'));          

INSERT INTO PBANDI_D_TIPO_STRUMENTO_PROGR (ID_TIPO_STRUMENTO_PROGR, COD_STRUMENTO, DESC_STRUMENTO, DT_INIZIO_VALIDITA) VALUES (1,'00','ASSENTE',                    to_date('01/01/2009','dd/mm/yyyy'));
INSERT INTO PBANDI_D_TIPO_STRUMENTO_PROGR (ID_TIPO_STRUMENTO_PROGR, COD_STRUMENTO, DESC_STRUMENTO, DT_INIZIO_VALIDITA) VALUES (2,'01','ACCORDO DI PROGRAMMA QUADRO',to_date('01/01/2009','dd/mm/yyyy'));
INSERT INTO PBANDI_D_TIPO_STRUMENTO_PROGR (ID_TIPO_STRUMENTO_PROGR, COD_STRUMENTO, DESC_STRUMENTO, DT_INIZIO_VALIDITA) VALUES (3,'02','CONTRATTO D''AREA',          to_date('01/01/2009','dd/mm/yyyy')); 
INSERT INTO PBANDI_D_TIPO_STRUMENTO_PROGR (ID_TIPO_STRUMENTO_PROGR, COD_STRUMENTO, DESC_STRUMENTO, DT_INIZIO_VALIDITA) VALUES (4,'03','CONTRATTO DI PROGRAMMA',     to_date('01/01/2009','dd/mm/yyyy'));
INSERT INTO PBANDI_D_TIPO_STRUMENTO_PROGR (ID_TIPO_STRUMENTO_PROGR, COD_STRUMENTO, DESC_STRUMENTO, DT_INIZIO_VALIDITA) VALUES (5,'04','PATTO TERRITORIALE',         to_date('01/01/2009','dd/mm/yyyy'));
INSERT INTO PBANDI_D_TIPO_STRUMENTO_PROGR (ID_TIPO_STRUMENTO_PROGR, COD_STRUMENTO, DESC_STRUMENTO, DT_INIZIO_VALIDITA) VALUES (6,'99','ALTRO',                      to_date('01/01/2009','dd/mm/yyyy'));

commit;

/*
*** dopo update bando
*/
update pbandi_t_bando
set id_intesa = 2,
	id_tipo_operazione = 3;

commit;

alter table pbandi_t_bando
modify id_intesa NOT NULL;

alter TABLE pbandi_t_bando
modify id_tipo_operazione NOT NULL;



/*
*** dopo update ente competenza
*/
alter table pbandi_t_ente_competenza
modify id_attivita_ateco not null;

alter table pbandi_t_ente_competenza
modify id_forma_giuridica not null; 

alter table pbandi_t_ente_competenza	
modify desc_breve_ente not null;

/*
*** dopo update voce di spesa
*/
update PBANDI_D_VOCE_DI_SPESA set ID_VOCE_DI_SPESA_MONIT = 1 where ID_VOCE_di_spesa = 70;
update PBANDI_D_VOCE_DI_SPESA set ID_VOCE_DI_SPESA_MONIT = 4 where ID_VOCE_di_spesa = 71;
update PBANDI_D_VOCE_DI_SPESA set ID_VOCE_DI_SPESA_MONIT = 4 where ID_VOCE_di_spesa = 72;
update PBANDI_D_VOCE_DI_SPESA set ID_VOCE_DI_SPESA_MONIT = 3 where ID_VOCE_di_spesa = 73;
update PBANDI_D_VOCE_DI_SPESA set ID_VOCE_DI_SPESA_MONIT = 1 where ID_VOCE_di_spesa = 74;
update PBANDI_D_VOCE_DI_SPESA set ID_VOCE_DI_SPESA_MONIT = 1 where ID_VOCE_di_spesa = 75;
update PBANDI_D_VOCE_DI_SPESA set ID_VOCE_DI_SPESA_MONIT = 4 where ID_VOCE_di_spesa = 76;
update PBANDI_D_VOCE_DI_SPESA set ID_VOCE_DI_SPESA_MONIT = 4 where ID_VOCE_di_spesa = 77;
update PBANDI_D_VOCE_DI_SPESA set ID_VOCE_DI_SPESA_MONIT = 3 where ID_VOCE_di_spesa = 78;
update PBANDI_D_VOCE_DI_SPESA set ID_VOCE_DI_SPESA_MONIT = 1 where ID_VOCE_di_spesa = 79;
update PBANDI_D_VOCE_DI_SPESA set ID_VOCE_DI_SPESA_MONIT = 1 where ID_VOCE_di_spesa = 80;
update PBANDI_D_VOCE_DI_SPESA set ID_VOCE_DI_SPESA_MONIT = 4 where ID_VOCE_di_spesa = 81;
update PBANDI_D_VOCE_DI_SPESA set ID_VOCE_DI_SPESA_MONIT = 4 where ID_VOCE_di_spesa = 82;
update PBANDI_D_VOCE_DI_SPESA set ID_VOCE_DI_SPESA_MONIT = 3 where ID_VOCE_di_spesa = 83;
update PBANDI_D_VOCE_DI_SPESA set ID_VOCE_DI_SPESA_MONIT = 1 where ID_VOCE_di_spesa = 84;
update PBANDI_D_VOCE_DI_SPESA set ID_VOCE_DI_SPESA_MONIT = 1 where ID_VOCE_di_spesa = 85;
update PBANDI_D_VOCE_DI_SPESA set ID_VOCE_DI_SPESA_MONIT = 4 where ID_VOCE_di_spesa = 86;
update PBANDI_D_VOCE_DI_SPESA set ID_VOCE_DI_SPESA_MONIT = 4 where ID_VOCE_di_spesa = 87;
update PBANDI_D_VOCE_DI_SPESA set ID_VOCE_DI_SPESA_MONIT = 3 where ID_VOCE_di_spesa = 88;
update PBANDI_D_VOCE_DI_SPESA set ID_VOCE_DI_SPESA_MONIT = 1 where ID_VOCE_di_spesa = 89;
update PBANDI_D_VOCE_DI_SPESA set ID_VOCE_DI_SPESA_MONIT = 1 where ID_VOCE_di_spesa = 90;
update PBANDI_D_VOCE_DI_SPESA set ID_VOCE_DI_SPESA_MONIT = 4 where ID_VOCE_di_spesa = 91;
update PBANDI_D_VOCE_DI_SPESA set ID_VOCE_DI_SPESA_MONIT = 4 where ID_VOCE_di_spesa = 92;
update PBANDI_D_VOCE_DI_SPESA set ID_VOCE_DI_SPESA_MONIT = 3 where ID_VOCE_di_spesa = 93;
update PBANDI_D_VOCE_DI_SPESA set ID_VOCE_DI_SPESA_MONIT = 1 where ID_VOCE_di_spesa = 94;
update PBANDI_D_VOCE_DI_SPESA set ID_VOCE_DI_SPESA_MONIT = 1 where ID_VOCE_di_spesa = 95;
update PBANDI_D_VOCE_DI_SPESA set ID_VOCE_DI_SPESA_MONIT = 4 where ID_VOCE_di_spesa = 96;
update PBANDI_D_VOCE_DI_SPESA set ID_VOCE_DI_SPESA_MONIT = 4 where ID_VOCE_di_spesa = 97;
update PBANDI_D_VOCE_DI_SPESA set ID_VOCE_DI_SPESA_MONIT = 3 where ID_VOCE_di_spesa = 98;
update PBANDI_D_VOCE_DI_SPESA set ID_VOCE_DI_SPESA_MONIT = 1 where ID_VOCE_di_spesa = 99;
update PBANDI_D_VOCE_DI_SPESA set ID_VOCE_DI_SPESA_MONIT = 4 where ID_VOCE_di_spesa = 100;
update PBANDI_D_VOCE_DI_SPESA set ID_VOCE_DI_SPESA_MONIT = 3 where ID_VOCE_di_spesa = 101;
update PBANDI_D_VOCE_DI_SPESA set ID_VOCE_DI_SPESA_MONIT = 4 where ID_VOCE_di_spesa = 102;
update PBANDI_D_VOCE_DI_SPESA set ID_VOCE_DI_SPESA_MONIT = 5 where ID_VOCE_di_spesa = 103;
update PBANDI_D_VOCE_DI_SPESA set ID_VOCE_DI_SPESA_MONIT = 4 where ID_VOCE_di_spesa = 104;
update PBANDI_D_VOCE_DI_SPESA set ID_VOCE_DI_SPESA_MONIT = 1 where ID_VOCE_di_spesa = 105;
update PBANDI_D_VOCE_DI_SPESA set ID_VOCE_DI_SPESA_MONIT = 4 where ID_VOCE_di_spesa = 106;
update PBANDI_D_VOCE_DI_SPESA set ID_VOCE_DI_SPESA_MONIT = 3 where ID_VOCE_di_spesa = 107;
update PBANDI_D_VOCE_DI_SPESA set ID_VOCE_DI_SPESA_MONIT = 4 where ID_VOCE_di_spesa = 108;
update PBANDI_D_VOCE_DI_SPESA set ID_VOCE_DI_SPESA_MONIT = 5 where ID_VOCE_di_spesa = 109;
update PBANDI_D_VOCE_DI_SPESA set ID_VOCE_DI_SPESA_MONIT = 4 where ID_VOCE_di_spesa = 110;
update PBANDI_D_VOCE_DI_SPESA set ID_VOCE_DI_SPESA_MONIT = 4 where ID_VOCE_di_spesa = 111;
update PBANDI_D_VOCE_DI_SPESA set ID_VOCE_DI_SPESA_MONIT = 5 where ID_VOCE_di_spesa = 112;
update PBANDI_D_VOCE_DI_SPESA set ID_VOCE_DI_SPESA_MONIT = 3 where ID_VOCE_di_spesa = 113;
update PBANDI_D_VOCE_DI_SPESA set ID_VOCE_DI_SPESA_MONIT = 4 where ID_VOCE_di_spesa = 114;
update PBANDI_D_VOCE_DI_SPESA set ID_VOCE_DI_SPESA_MONIT = 4 where ID_VOCE_di_spesa = 115;
update PBANDI_D_VOCE_DI_SPESA set ID_VOCE_DI_SPESA_MONIT = 5 where ID_VOCE_di_spesa = 116;
update PBANDI_D_VOCE_DI_SPESA set ID_VOCE_DI_SPESA_MONIT = 7 where ID_VOCE_di_spesa = 117;
update PBANDI_D_VOCE_DI_SPESA set ID_VOCE_DI_SPESA_MONIT = 7 where ID_VOCE_di_spesa = 6;
update PBANDI_D_VOCE_DI_SPESA set ID_VOCE_DI_SPESA_MONIT = 7 where ID_VOCE_di_spesa = 5;
update PBANDI_D_VOCE_DI_SPESA set ID_VOCE_DI_SPESA_MONIT = 7 where ID_VOCE_di_spesa = 7;
update PBANDI_D_VOCE_DI_SPESA set ID_VOCE_DI_SPESA_MONIT = 4 where ID_VOCE_di_spesa = 8;
update PBANDI_D_VOCE_DI_SPESA set ID_VOCE_DI_SPESA_MONIT = 4 where ID_VOCE_di_spesa = 9;
update PBANDI_D_VOCE_DI_SPESA set ID_VOCE_DI_SPESA_MONIT = 5 where ID_VOCE_di_spesa = 10;
update PBANDI_D_VOCE_DI_SPESA set ID_VOCE_DI_SPESA_MONIT = 7 where ID_VOCE_di_spesa = 11;
update PBANDI_D_VOCE_DI_SPESA set ID_VOCE_DI_SPESA_MONIT = 7 where ID_VOCE_di_spesa = 12;
update PBANDI_D_VOCE_DI_SPESA set ID_VOCE_DI_SPESA_MONIT = 7 where ID_VOCE_di_spesa = 13;
update PBANDI_D_VOCE_DI_SPESA set ID_VOCE_DI_SPESA_MONIT = 7 where ID_VOCE_di_spesa = 14;
update PBANDI_D_VOCE_DI_SPESA set ID_VOCE_DI_SPESA_MONIT = 4 where ID_VOCE_di_spesa = 15;
update PBANDI_D_VOCE_DI_SPESA set ID_VOCE_DI_SPESA_MONIT = 4 where ID_VOCE_di_spesa = 16;
update PBANDI_D_VOCE_DI_SPESA set ID_VOCE_DI_SPESA_MONIT = 5 where ID_VOCE_di_spesa = 17;
update PBANDI_D_VOCE_DI_SPESA set ID_VOCE_DI_SPESA_MONIT = 7 where ID_VOCE_di_spesa = 18;
update PBANDI_D_VOCE_DI_SPESA set ID_VOCE_DI_SPESA_MONIT = 7 where ID_VOCE_di_spesa = 19;
update PBANDI_D_VOCE_DI_SPESA set ID_VOCE_DI_SPESA_MONIT = 7 where ID_VOCE_di_spesa = 20;
update PBANDI_D_VOCE_DI_SPESA set ID_VOCE_DI_SPESA_MONIT = 7 where ID_VOCE_di_spesa = 21;
update PBANDI_D_VOCE_DI_SPESA set ID_VOCE_DI_SPESA_MONIT = 4 where ID_VOCE_di_spesa = 22;
update PBANDI_D_VOCE_DI_SPESA set ID_VOCE_DI_SPESA_MONIT = 4 where ID_VOCE_di_spesa = 23;
update PBANDI_D_VOCE_DI_SPESA set ID_VOCE_DI_SPESA_MONIT = 5 where ID_VOCE_di_spesa = 24;
update PBANDI_D_VOCE_DI_SPESA set ID_VOCE_DI_SPESA_MONIT = 7 where ID_VOCE_di_spesa = 25;
update PBANDI_D_VOCE_DI_SPESA set ID_VOCE_DI_SPESA_MONIT = 7 where ID_VOCE_di_spesa = 26;
update PBANDI_D_VOCE_DI_SPESA set ID_VOCE_DI_SPESA_MONIT = 7 where ID_VOCE_di_spesa = 28;
update PBANDI_D_VOCE_DI_SPESA set ID_VOCE_DI_SPESA_MONIT = 4 where ID_VOCE_di_spesa = 29;
update PBANDI_D_VOCE_DI_SPESA set ID_VOCE_DI_SPESA_MONIT = 4 where ID_VOCE_di_spesa = 30;
update PBANDI_D_VOCE_DI_SPESA set ID_VOCE_DI_SPESA_MONIT = 5 where ID_VOCE_di_spesa = 31;
update PBANDI_D_VOCE_DI_SPESA set ID_VOCE_DI_SPESA_MONIT = 7 where ID_VOCE_di_spesa = 32;
update PBANDI_D_VOCE_DI_SPESA set ID_VOCE_DI_SPESA_MONIT = 7 where ID_VOCE_di_spesa = 27;
update PBANDI_D_VOCE_DI_SPESA set ID_VOCE_DI_SPESA_MONIT = 1 where ID_VOCE_di_spesa = 44;
update PBANDI_D_VOCE_DI_SPESA set ID_VOCE_DI_SPESA_MONIT = 1 where ID_VOCE_di_spesa = 45;
update PBANDI_D_VOCE_DI_SPESA set ID_VOCE_DI_SPESA_MONIT = 4 where ID_VOCE_di_spesa = 46;
update PBANDI_D_VOCE_DI_SPESA set ID_VOCE_DI_SPESA_MONIT = 4 where ID_VOCE_di_spesa = 47;
update PBANDI_D_VOCE_DI_SPESA set ID_VOCE_DI_SPESA_MONIT = 3 where ID_VOCE_di_spesa = 48;
update PBANDI_D_VOCE_DI_SPESA set ID_VOCE_DI_SPESA_MONIT = 1 where ID_VOCE_di_spesa = 49;
update PBANDI_D_VOCE_DI_SPESA set ID_VOCE_DI_SPESA_MONIT = 1 where ID_VOCE_di_spesa = 50;
update PBANDI_D_VOCE_DI_SPESA set ID_VOCE_DI_SPESA_MONIT = 4 where ID_VOCE_di_spesa = 51;
update PBANDI_D_VOCE_DI_SPESA set ID_VOCE_DI_SPESA_MONIT = 4 where ID_VOCE_di_spesa = 52;
update PBANDI_D_VOCE_DI_SPESA set ID_VOCE_DI_SPESA_MONIT = 3 where ID_VOCE_di_spesa = 53;
update PBANDI_D_VOCE_DI_SPESA set ID_VOCE_DI_SPESA_MONIT = 1 where ID_VOCE_di_spesa = 54;
update PBANDI_D_VOCE_DI_SPESA set ID_VOCE_DI_SPESA_MONIT = 1 where ID_VOCE_di_spesa = 55;
update PBANDI_D_VOCE_DI_SPESA set ID_VOCE_DI_SPESA_MONIT = 4 where ID_VOCE_di_spesa = 56;
update PBANDI_D_VOCE_DI_SPESA set ID_VOCE_DI_SPESA_MONIT = 4 where ID_VOCE_di_spesa = 57;
update PBANDI_D_VOCE_DI_SPESA set ID_VOCE_DI_SPESA_MONIT = 3 where ID_VOCE_di_spesa = 58;
update PBANDI_D_VOCE_DI_SPESA set ID_VOCE_DI_SPESA_MONIT = 1 where ID_VOCE_di_spesa = 59;
update PBANDI_D_VOCE_DI_SPESA set ID_VOCE_DI_SPESA_MONIT = 1 where ID_VOCE_di_spesa = 60;
update PBANDI_D_VOCE_DI_SPESA set ID_VOCE_DI_SPESA_MONIT = 4 where ID_VOCE_di_spesa = 61;
update PBANDI_D_VOCE_DI_SPESA set ID_VOCE_DI_SPESA_MONIT = 4 where ID_VOCE_di_spesa = 62;
update PBANDI_D_VOCE_DI_SPESA set ID_VOCE_DI_SPESA_MONIT = 3 where ID_VOCE_di_spesa = 63;
update PBANDI_D_VOCE_DI_SPESA set ID_VOCE_DI_SPESA_MONIT = 1 where ID_VOCE_di_spesa = 64;
update PBANDI_D_VOCE_DI_SPESA set ID_VOCE_DI_SPESA_MONIT = 1 where ID_VOCE_di_spesa = 65;
update PBANDI_D_VOCE_DI_SPESA set ID_VOCE_DI_SPESA_MONIT = 4 where ID_VOCE_di_spesa = 66;
update PBANDI_D_VOCE_DI_SPESA set ID_VOCE_DI_SPESA_MONIT = 4 where ID_VOCE_di_spesa = 67;
update PBANDI_D_VOCE_DI_SPESA set ID_VOCE_DI_SPESA_MONIT = 3 where ID_VOCE_di_spesa = 68;
update PBANDI_D_VOCE_DI_SPESA set ID_VOCE_DI_SPESA_MONIT = 1 where ID_VOCE_di_spesa = 69;

update PBANDI_D_VOCE_DI_SPESA set ID_VOCE_DI_SPESA_MONIT = 4 where id_voce_di_spesa = 119; 
update PBANDI_D_VOCE_DI_SPESA set ID_VOCE_DI_SPESA_MONIT = 1 where id_voce_di_spesa = 120;
update PBANDI_D_VOCE_DI_SPESA set ID_VOCE_DI_SPESA_MONIT = 7 where id_voce_di_spesa = 121;
update PBANDI_D_VOCE_DI_SPESA set ID_VOCE_DI_SPESA_MONIT = 7 where id_voce_di_spesa = 122;
update PBANDI_D_VOCE_DI_SPESA set ID_VOCE_DI_SPESA_MONIT = 7 where id_voce_di_spesa = 123;
update PBANDI_D_VOCE_DI_SPESA set ID_VOCE_DI_SPESA_MONIT = 7 where id_voce_di_spesa = 124;
update PBANDI_D_VOCE_DI_SPESA set ID_VOCE_DI_SPESA_MONIT = 1 where id_voce_di_spesa = 125;
update PBANDI_D_VOCE_DI_SPESA set ID_VOCE_DI_SPESA_MONIT = 4 where id_voce_di_spesa = 126;
update PBANDI_D_VOCE_DI_SPESA set ID_VOCE_DI_SPESA_MONIT = 4 where id_voce_di_spesa = 133;
update PBANDI_D_VOCE_DI_SPESA set ID_VOCE_DI_SPESA_MONIT = 3 where id_voce_di_spesa = 134;
update PBANDI_D_VOCE_DI_SPESA set ID_VOCE_DI_SPESA_MONIT = 4 where id_voce_di_spesa = 135;
update PBANDI_D_VOCE_DI_SPESA set ID_VOCE_DI_SPESA_MONIT = 7 where id_voce_di_spesa = 136;
update PBANDI_D_VOCE_DI_SPESA set ID_VOCE_DI_SPESA_MONIT = 7 where id_voce_di_spesa = 137;
update PBANDI_D_VOCE_DI_SPESA set ID_VOCE_DI_SPESA_MONIT = 7 where id_voce_di_spesa = 138;
update PBANDI_D_VOCE_DI_SPESA set ID_VOCE_DI_SPESA_MONIT = 7 where id_voce_di_spesa = 139;
update PBANDI_D_VOCE_DI_SPESA set ID_VOCE_DI_SPESA_MONIT = 7 where id_voce_di_spesa = 140;
update PBANDI_D_VOCE_DI_SPESA set ID_VOCE_DI_SPESA_MONIT = 7 where id_voce_di_spesa = 141;
update PBANDI_D_VOCE_DI_SPESA set ID_VOCE_DI_SPESA_MONIT = 7 where id_voce_di_spesa = 142;
update PBANDI_D_VOCE_DI_SPESA set ID_VOCE_DI_SPESA_MONIT = 7 where id_voce_di_spesa = 143;
update PBANDI_D_VOCE_DI_SPESA set ID_VOCE_DI_SPESA_MONIT = 4 where id_voce_di_spesa = 144;
update PBANDI_D_VOCE_DI_SPESA set ID_VOCE_DI_SPESA_MONIT = 3 where id_voce_di_spesa = 145;
update PBANDI_D_VOCE_DI_SPESA set ID_VOCE_DI_SPESA_MONIT = 4 where id_voce_di_spesa = 146;
update PBANDI_D_VOCE_DI_SPESA set ID_VOCE_DI_SPESA_MONIT = 7 where id_voce_di_spesa = 147;
update PBANDI_D_VOCE_DI_SPESA set ID_VOCE_DI_SPESA_MONIT = 7 where id_voce_di_spesa = 148;
update PBANDI_D_VOCE_DI_SPESA set ID_VOCE_DI_SPESA_MONIT = 7 where id_voce_di_spesa = 149;
update PBANDI_D_VOCE_DI_SPESA set ID_VOCE_DI_SPESA_MONIT = 7 where id_voce_di_spesa = 150;
update PBANDI_D_VOCE_DI_SPESA set ID_VOCE_DI_SPESA_MONIT = 7 where id_voce_di_spesa = 151;
update PBANDI_D_VOCE_DI_SPESA set ID_VOCE_DI_SPESA_MONIT = 7 where id_voce_di_spesa = 152;
update PBANDI_D_VOCE_DI_SPESA set ID_VOCE_DI_SPESA_MONIT = 7 where id_voce_di_spesa = 153;
update PBANDI_D_VOCE_DI_SPESA set ID_VOCE_DI_SPESA_MONIT = 7 where id_voce_di_spesa = 154;
update PBANDI_D_VOCE_DI_SPESA set ID_VOCE_DI_SPESA_MONIT = 4 where id_voce_di_spesa = 155;
update PBANDI_D_VOCE_DI_SPESA set ID_VOCE_DI_SPESA_MONIT = 3 where id_voce_di_spesa = 156;
update PBANDI_D_VOCE_DI_SPESA set ID_VOCE_DI_SPESA_MONIT = 4 where id_voce_di_spesa = 157;
update PBANDI_D_VOCE_DI_SPESA set ID_VOCE_DI_SPESA_MONIT = 7 where id_voce_di_spesa = 158;
update PBANDI_D_VOCE_DI_SPESA set ID_VOCE_DI_SPESA_MONIT = 7 where id_voce_di_spesa = 159;
update PBANDI_D_VOCE_DI_SPESA set ID_VOCE_DI_SPESA_MONIT = 7 where id_voce_di_spesa = 160;
update PBANDI_D_VOCE_DI_SPESA set ID_VOCE_DI_SPESA_MONIT = 7 where id_voce_di_spesa = 161;
update PBANDI_D_VOCE_DI_SPESA set ID_VOCE_DI_SPESA_MONIT = 7 where id_voce_di_spesa = 162;
update PBANDI_D_VOCE_DI_SPESA set ID_VOCE_DI_SPESA_MONIT = 7 where id_voce_di_spesa = 163;
update PBANDI_D_VOCE_DI_SPESA set ID_VOCE_DI_SPESA_MONIT = 7 where id_voce_di_spesa = 164;
update PBANDI_D_VOCE_DI_SPESA set ID_VOCE_DI_SPESA_MONIT = 7 where id_voce_di_spesa = 165;
update PBANDI_D_VOCE_DI_SPESA set ID_VOCE_DI_SPESA_MONIT = 4 where id_voce_di_spesa = 166;
update PBANDI_D_VOCE_DI_SPESA set ID_VOCE_DI_SPESA_MONIT = 3 where id_voce_di_spesa = 167;
update PBANDI_D_VOCE_DI_SPESA set ID_VOCE_DI_SPESA_MONIT = 4 where id_voce_di_spesa = 168;
update PBANDI_D_VOCE_DI_SPESA set ID_VOCE_DI_SPESA_MONIT = 7 where id_voce_di_spesa = 169;
update PBANDI_D_VOCE_DI_SPESA set ID_VOCE_DI_SPESA_MONIT = 7 where id_voce_di_spesa = 170;
update PBANDI_D_VOCE_DI_SPESA set ID_VOCE_DI_SPESA_MONIT = 7 where id_voce_di_spesa = 171;
update PBANDI_D_VOCE_DI_SPESA set ID_VOCE_DI_SPESA_MONIT = 7 where id_voce_di_spesa = 172;
update PBANDI_D_VOCE_DI_SPESA set ID_VOCE_DI_SPESA_MONIT = 7 where id_voce_di_spesa = 173;
update PBANDI_D_VOCE_DI_SPESA set ID_VOCE_DI_SPESA_MONIT = 7 where id_voce_di_spesa = 174;
update PBANDI_D_VOCE_DI_SPESA set ID_VOCE_DI_SPESA_MONIT = 7 where id_voce_di_spesa = 175;
update PBANDI_D_VOCE_DI_SPESA set ID_VOCE_DI_SPESA_MONIT = 7 where id_voce_di_spesa = 176;
update PBANDI_D_VOCE_DI_SPESA set ID_VOCE_DI_SPESA_MONIT = 4 where id_voce_di_spesa = 177;
update PBANDI_D_VOCE_DI_SPESA set ID_VOCE_DI_SPESA_MONIT = 3 where id_voce_di_spesa = 178;
update PBANDI_D_VOCE_DI_SPESA set ID_VOCE_DI_SPESA_MONIT = 4 where id_voce_di_spesa = 179;
update PBANDI_D_VOCE_DI_SPESA set ID_VOCE_DI_SPESA_MONIT = 7 where id_voce_di_spesa = 180;
update PBANDI_D_VOCE_DI_SPESA set ID_VOCE_DI_SPESA_MONIT = 7 where id_voce_di_spesa = 181;
update PBANDI_D_VOCE_DI_SPESA set ID_VOCE_DI_SPESA_MONIT = 7 where id_voce_di_spesa = 182;
update PBANDI_D_VOCE_DI_SPESA set ID_VOCE_DI_SPESA_MONIT = 7 where id_voce_di_spesa = 183;
update PBANDI_D_VOCE_DI_SPESA set ID_VOCE_DI_SPESA_MONIT = 7 where id_voce_di_spesa = 184;
update PBANDI_D_VOCE_DI_SPESA set ID_VOCE_DI_SPESA_MONIT = 7 where id_voce_di_spesa = 185;
update PBANDI_D_VOCE_DI_SPESA set ID_VOCE_DI_SPESA_MONIT = 7 where id_voce_di_spesa = 186;
update PBANDI_D_VOCE_DI_SPESA set ID_VOCE_DI_SPESA_MONIT = 7 where id_voce_di_spesa = 187;

update PBANDI_D_VOCE_DI_SPESA set ID_VOCE_DI_SPESA_MONIT = 7 where id_voce_di_spesa = 190;
update PBANDI_D_VOCE_DI_SPESA set ID_VOCE_DI_SPESA_MONIT = 7 where id_voce_di_spesa = 191;
update PBANDI_D_VOCE_DI_SPESA set ID_VOCE_DI_SPESA_MONIT = 4 where id_voce_di_spesa = 192;
update PBANDI_D_VOCE_DI_SPESA set ID_VOCE_DI_SPESA_MONIT = 5 where id_voce_di_spesa = 193;
update PBANDI_D_VOCE_DI_SPESA set ID_VOCE_DI_SPESA_MONIT = 7 where id_voce_di_spesa = 194;
update PBANDI_D_VOCE_DI_SPESA set ID_VOCE_DI_SPESA_MONIT = 7 where id_voce_di_spesa = 195;
update PBANDI_D_VOCE_DI_SPESA set ID_VOCE_DI_SPESA_MONIT = 4 where id_voce_di_spesa = 196;
update PBANDI_D_VOCE_DI_SPESA set ID_VOCE_DI_SPESA_MONIT = 7 where id_voce_di_spesa = 197;
commit;

/*
*** dopo update pbandi_t_revoca_rinuncia
*/
update PBANDI_T_REVOCA_RINUNCIA
set id_tipo_revoca_rinuncia = 1;

commit;

ALTER TABLE pbandi_t_revoca_rinuncia
modify id_tipo_revoca_rinuncia not null;

/*
*** dopo update pbandi_d_soggetto_finanziatore
*/
insert into pbandi_d_tipo_sogg_finanziat
(id_tipo_sogg_finanziat,desc_breve_tipo_sogg_finanziat,desc_tipo_sogg_finanziatore,dt_inizio_validita)
values
(1,'CPUPOR1','contributo pubblico POR-FESR-UE',to_date('01/01/2009','dd/mm/yyyy'));

insert into pbandi_d_tipo_sogg_finanziat
(id_tipo_sogg_finanziat,desc_breve_tipo_sogg_finanziat,desc_tipo_sogg_finanziatore,dt_inizio_validita)
values
(2,'COFPOR','cofinanziamento POR-FESR',to_date('01/01/2009','dd/mm/yyyy'));

insert into pbandi_d_tipo_sogg_finanziat
(id_tipo_sogg_finanziat,desc_breve_tipo_sogg_finanziat,desc_tipo_sogg_finanziatore,dt_inizio_validita)
values
(3,'OTHFIN','altre fonti di finanziamento pubbliche o private non inerenti il POR',to_date('01/01/2009','dd/mm/yyyy'));

Insert into PBANDI_D_TIPO_SOGG_FINANZIAT
   (ID_TIPO_SOGG_FINANZIAT, DESC_BREVE_TIPO_SOGG_FINANZIAT, DESC_TIPO_SOGG_FINANZIATORE, DT_INIZIO_VALIDITA)
 Values
   (4, 'CPUPOR2', 'contributo pubblico POR-FESR-Stato', TO_DATE('01/01/2009 00:00:00', 'MM/DD/YYYY HH24:MI:SS'));
Insert into PBANDI_D_TIPO_SOGG_FINANZIAT
   (ID_TIPO_SOGG_FINANZIAT, DESC_BREVE_TIPO_SOGG_FINANZIAT, DESC_TIPO_SOGG_FINANZIATORE, DT_INIZIO_VALIDITA)
 Values
   (5, 'CPUPOR3', 'contributo pubblico POR-FESR-Regione', TO_DATE('01/01/2009 00:00:00', 'MM/DD/YYYY HH24:MI:SS'));


update pbandi_d_soggetto_finanziatore
set id_tipo_sogg_finanziat = 1
where ID_SOGGETTO_FINANZIATORE in (1);

update pbandi_d_soggetto_finanziatore
set id_tipo_sogg_finanziat = 3
where ID_SOGGETTO_FINANZIATORE in (4,5,6,7,9,10);

update pbandi_d_soggetto_finanziatore
set id_tipo_sogg_finanziat = 4, DESC_SOGG_FINANZIATORE = 'Stato Fondo Rotazione FESR',
    desc_breve_sogg_finanziatore='Stato FESR'
where ID_SOGGETTO_FINANZIATORE = 2;

update pbandi_d_soggetto_finanziatore
set id_tipo_sogg_finanziat = 3, DESC_SOGG_FINANZIATORE = 'Regione altri'
where ID_SOGGETTO_FINANZIATORE = 3;

update pbandi_d_soggetto_finanziatore
set id_tipo_sogg_finanziat = 3, DESC_SOGG_FINANZIATORE = 'Privato altri'
where ID_SOGGETTO_FINANZIATORE = 8;

insert into PBANDI_D_SOGGETTO_FINANZIATORE
(ID_SOGGETTO_FINANZIATORE,DESC_BREVE_SOGG_FINANZIATORE,DESC_SOGG_FINANZIATORE,DT_INIZIO_VALIDITA,ID_TIPO_SOGG_FINANZIAT)
values
(12,'Regione FESR','Regione integrazione FESR',to_date('01/01/2009','dd/mm/yyyy'),5);

insert into PBANDI_D_SOGGETTO_FINANZIATORE
(ID_SOGGETTO_FINANZIATORE,DESC_BREVE_SOGG_FINANZIATORE,DESC_SOGG_FINANZIATORE,DT_INIZIO_VALIDITA,ID_TIPO_SOGG_FINANZIAT)
values
(13,'Privato FESR','Privato cofinanziamento FESR',to_date('01/01/2009','dd/mm/yyyy'),2);


update pbandi_d_soggetto_finanziatore
set flag_certificazione = 'S'
where ID_SOGGETTO_FINANZIATORE in (1,2,12,13);

update pbandi_d_soggetto_finanziatore
set flag_certificazione = 'N'
where ID_SOGGETTO_FINANZIATORE not in (1,2,12,13);

update pbandi_d_soggetto_finanziatore
set COD_IGRUE_T25 = ID_SOGGETTO_FINANZIATORE
where ID_SOGGETTO_FINANZIATORE in (1,3,4,9,10,12);

update pbandi_d_soggetto_finanziatore
set COD_IGRUE_T25 = 8
where ID_SOGGETTO_FINANZIATORE = 2;

update pbandi_d_soggetto_finanziatore
set COD_IGRUE_T25 = 2
where ID_SOGGETTO_FINANZIATORE = 5;

update pbandi_d_soggetto_finanziatore
set COD_IGRUE_T25 = 5
where ID_SOGGETTO_FINANZIATORE = 6;

update pbandi_d_soggetto_finanziatore
set COD_IGRUE_T25 = 6
where ID_SOGGETTO_FINANZIATORE = 7;

update pbandi_d_soggetto_finanziatore
set COD_IGRUE_T25 = 7
where ID_SOGGETTO_FINANZIATORE in (8,13);

update pbandi_d_soggetto_finanziatore
set COD_CIPE_CUP = '006'
where ID_SOGGETTO_FINANZIATORE = 1;

update pbandi_d_soggetto_finanziatore
set COD_CIPE_CUP = '001'
where ID_SOGGETTO_FINANZIATORE = 5;

update pbandi_d_soggetto_finanziatore
set COD_CIPE_CUP = '002'
where ID_SOGGETTO_FINANZIATORE in (3,12);

update pbandi_d_soggetto_finanziatore
set COD_CIPE_CUP = '003'
where ID_SOGGETTO_FINANZIATORE = 4;

update pbandi_d_soggetto_finanziatore
set COD_CIPE_CUP = '004'
where ID_SOGGETTO_FINANZIATORE = 6;

update pbandi_d_soggetto_finanziatore
set COD_CIPE_CUP = '005'
where ID_SOGGETTO_FINANZIATORE = 7;

update pbandi_d_soggetto_finanziatore
set COD_CIPE_CUP = '007'
where ID_SOGGETTO_FINANZIATORE in (8,13);

update pbandi_d_soggetto_finanziatore
set COD_CIPE_CUP = '001'
where ID_SOGGETTO_FINANZIATORE = 2;

update pbandi_d_soggetto_finanziatore
set COD_CIPE_CUP = '001'
where ID_SOGGETTO_FINANZIATORE = 9;

update pbandi_d_soggetto_finanziatore
set COD_CIPE_CUP = '008'
where ID_SOGGETTO_FINANZIATORE = 10;




commit;

alter TABLE pbandi_d_soggetto_finanziatore
modify flag_certificazione not null;

alter table pbandi_d_soggetto_finanziatore
modify id_tipo_sogg_finanziat not null;

/*
*** dopo update pbandi_d_modalita_agevolazione
*/				
update pbandi_d_modalita_agevolazione
set flag_certificazione = 'N'
where id_modalita_agevolazione in (3,4); 

update pbandi_d_modalita_agevolazione
set flag_certificazione = 'S'
where id_modalita_agevolazione not in (3,4); 

commit;

alter table pbandi_d_modalita_agevolazione
modify flag_certificazione not null;

SET DEFINE OFF;
Insert into PBANDI_D_TIPO_TRATTAMENTO
   (ID_TIPO_TRATTAMENTO, DESC_BREVE_TIPO_TRATTAMENTO, DESC_TIPO_TRATTAMENTO, DT_INIZIO_VALIDITA)
 Values
   (1, '1', 'a copertura delle sole erogazioni di acconto iniziale', TO_DATE('01/01/2009 00:00:00', 'MM/DD/YYYY HH24:MI:SS'));
Insert into PBANDI_D_TIPO_TRATTAMENTO
   (ID_TIPO_TRATTAMENTO, DESC_BREVE_TIPO_TRATTAMENTO, DESC_TIPO_TRATTAMENTO, DT_INIZIO_VALIDITA)
 Values
   (2, '2', 'a copertura di tutte le erogazioni di acconto (iniziale o successivi)', TO_DATE('01/01/2009 00:00:00', 'MM/DD/YYYY HH24:MI:SS'));
Insert into PBANDI_D_TIPO_TRATTAMENTO
   (ID_TIPO_TRATTAMENTO, DESC_BREVE_TIPO_TRATTAMENTO, DESC_TIPO_TRATTAMENTO, DT_INIZIO_VALIDITA)
 Values
   (3, '3', 'a copertura di tutte le erogazioni (acconto iniziale, acconti successivi e saldi)', TO_DATE('01/01/2009 00:00:00', 'MM/DD/YYYY HH24:MI:SS'));
COMMIT;


commit;

SET DEFINE OFF;
Insert into PBANDI_D_CAUSALE_EROGAZIONE
   (ID_CAUSALE_EROGAZIONE, DESC_CAUSALE, FLAG_CERTIFICAZIONE, DT_INIZIO_VALIDITA, DESC_BREVE_CAUSALE)
 Values
   (7, 'saldo - iter non standard', 'S', TO_DATE('01/01/2009 00:00:00', 'MM/DD/YYYY HH24:MI:SS'), 'SAL-INS');
Insert into PBANDI_D_CAUSALE_EROGAZIONE
   (ID_CAUSALE_EROGAZIONE, DESC_CAUSALE, FLAG_CERTIFICAZIONE, DT_INIZIO_VALIDITA, DESC_BREVE_CAUSALE)
 Values
   (6, 'successivo acconto - iter non standard', 'S', TO_DATE('01/01/2009 00:00:00', 'MM/DD/YYYY HH24:MI:SS'), 'SA-INS');
Insert into PBANDI_D_CAUSALE_EROGAZIONE
   (ID_CAUSALE_EROGAZIONE, DESC_CAUSALE, FLAG_CERTIFICAZIONE, DT_INIZIO_VALIDITA, DESC_BREVE_CAUSALE)
 Values
   (1, 'primo acconto', 'S', TO_DATE('01/01/2009 00:00:00', 'MM/DD/YYYY HH24:MI:SS'), 'PA');
Insert into PBANDI_D_CAUSALE_EROGAZIONE
   (ID_CAUSALE_EROGAZIONE, DESC_CAUSALE, FLAG_CERTIFICAZIONE, DT_INIZIO_VALIDITA, DESC_BREVE_CAUSALE)
 Values
   (2, 'secondo acconto', 'S', TO_DATE('01/01/2009 00:00:00', 'MM/DD/YYYY HH24:MI:SS'), 'SA');
Insert into PBANDI_D_CAUSALE_EROGAZIONE
   (ID_CAUSALE_EROGAZIONE, DESC_CAUSALE, FLAG_CERTIFICAZIONE, DT_INIZIO_VALIDITA, DESC_BREVE_CAUSALE)
 Values
   (3, 'ulteriore acconto', 'S', TO_DATE('01/01/2009 00:00:00', 'MM/DD/YYYY HH24:MI:SS'), 'UA');
Insert into PBANDI_D_CAUSALE_EROGAZIONE
   (ID_CAUSALE_EROGAZIONE, DESC_CAUSALE, FLAG_CERTIFICAZIONE, DT_INIZIO_VALIDITA, DESC_BREVE_CAUSALE)
 Values
   (4, 'saldo', 'S', TO_DATE('01/01/2009 00:00:00', 'MM/DD/YYYY HH24:MI:SS'), 'SAL');
Insert into PBANDI_D_CAUSALE_EROGAZIONE
   (ID_CAUSALE_EROGAZIONE, DESC_CAUSALE, FLAG_CERTIFICAZIONE, DT_INIZIO_VALIDITA, DESC_BREVE_CAUSALE)
 Values
   (5, 'primo acconto - iter non standard', 'S', TO_DATE('01/01/2009 00:00:00', 'MM/DD/YYYY HH24:MI:SS'), 'PA-INS');
COMMIT;


commit;

SET DEFINE OFF;
INSERT INTO PBANDI_R_BANDO_CAUSALE_EROGAZ (ID_BANDO, ID_CAUSALE_EROGAZIONE, PERC_SOGLIA_SPESA_QUIETANZATA, ID_UTENTE_INS, PROGR_BANDO_CAUSALE_EROGAZ, PERC_EROGAZIONE, PERC_LIMITE, ID_DIMENSIONE_IMPRESA, ID_FORMA_GIURIDICA) VALUES (2,1,0  ,0,seq_pbandi_r_bando_causale_ero.nextval,0 ,80  ,null,null); 
INSERT INTO PBANDI_R_BANDO_CAUSALE_EROGAZ (ID_BANDO, ID_CAUSALE_EROGAZIONE, PERC_SOGLIA_SPESA_QUIETANZATA, ID_UTENTE_INS, PROGR_BANDO_CAUSALE_EROGAZ, PERC_EROGAZIONE, PERC_LIMITE, ID_DIMENSIONE_IMPRESA, ID_FORMA_GIURIDICA) VALUES (3,1,0  ,0,seq_pbandi_r_bando_causale_ero.nextval,0 ,80  ,null,null); 
INSERT INTO PBANDI_R_BANDO_CAUSALE_EROGAZ (ID_BANDO, ID_CAUSALE_EROGAZIONE, PERC_SOGLIA_SPESA_QUIETANZATA, ID_UTENTE_INS, PROGR_BANDO_CAUSALE_EROGAZ, PERC_EROGAZIONE, PERC_LIMITE, ID_DIMENSIONE_IMPRESA, ID_FORMA_GIURIDICA) VALUES (4,1,0  ,0,seq_pbandi_r_bando_causale_ero.nextval,0 ,80  ,null,null); 
INSERT INTO PBANDI_R_BANDO_CAUSALE_EROGAZ (ID_BANDO, ID_CAUSALE_EROGAZIONE, PERC_SOGLIA_SPESA_QUIETANZATA, ID_UTENTE_INS, PROGR_BANDO_CAUSALE_EROGAZ, PERC_EROGAZIONE, PERC_LIMITE, ID_DIMENSIONE_IMPRESA, ID_FORMA_GIURIDICA) VALUES (2,3,0  ,0,seq_pbandi_r_bando_causale_ero.nextval,0 ,80  ,null,null); 
INSERT INTO PBANDI_R_BANDO_CAUSALE_EROGAZ (ID_BANDO, ID_CAUSALE_EROGAZIONE, PERC_SOGLIA_SPESA_QUIETANZATA, ID_UTENTE_INS, PROGR_BANDO_CAUSALE_EROGAZ, PERC_EROGAZIONE, PERC_LIMITE, ID_DIMENSIONE_IMPRESA, ID_FORMA_GIURIDICA) VALUES (3,3,0  ,0,seq_pbandi_r_bando_causale_ero.nextval,0 ,80  ,null,null); 
INSERT INTO PBANDI_R_BANDO_CAUSALE_EROGAZ (ID_BANDO, ID_CAUSALE_EROGAZIONE, PERC_SOGLIA_SPESA_QUIETANZATA, ID_UTENTE_INS, PROGR_BANDO_CAUSALE_EROGAZ, PERC_EROGAZIONE, PERC_LIMITE, ID_DIMENSIONE_IMPRESA, ID_FORMA_GIURIDICA) VALUES (4,3,0  ,0,seq_pbandi_r_bando_causale_ero.nextval,0 ,80  ,null,null); 
INSERT INTO PBANDI_R_BANDO_CAUSALE_EROGAZ (ID_BANDO, ID_CAUSALE_EROGAZIONE, PERC_SOGLIA_SPESA_QUIETANZATA, ID_UTENTE_INS, PROGR_BANDO_CAUSALE_EROGAZ, PERC_EROGAZIONE, PERC_LIMITE, ID_DIMENSIONE_IMPRESA, ID_FORMA_GIURIDICA) VALUES (2,4,100,0,seq_pbandi_r_bando_causale_ero.nextval,20,0   ,null,null); 
INSERT INTO PBANDI_R_BANDO_CAUSALE_EROGAZ (ID_BANDO, ID_CAUSALE_EROGAZIONE, PERC_SOGLIA_SPESA_QUIETANZATA, ID_UTENTE_INS, PROGR_BANDO_CAUSALE_EROGAZ, PERC_EROGAZIONE, PERC_LIMITE, ID_DIMENSIONE_IMPRESA, ID_FORMA_GIURIDICA) VALUES (3,4,100,0,seq_pbandi_r_bando_causale_ero.nextval,20,0   ,null,null); 
INSERT INTO PBANDI_R_BANDO_CAUSALE_EROGAZ (ID_BANDO, ID_CAUSALE_EROGAZIONE, PERC_SOGLIA_SPESA_QUIETANZATA, ID_UTENTE_INS, PROGR_BANDO_CAUSALE_EROGAZ, PERC_EROGAZIONE, PERC_LIMITE, ID_DIMENSIONE_IMPRESA, ID_FORMA_GIURIDICA) VALUES (4,4,100,0,seq_pbandi_r_bando_causale_ero.nextval,20,0   ,null,null); 
INSERT INTO PBANDI_R_BANDO_CAUSALE_EROGAZ (ID_BANDO, ID_CAUSALE_EROGAZIONE, PERC_SOGLIA_SPESA_QUIETANZATA, ID_UTENTE_INS, PROGR_BANDO_CAUSALE_EROGAZ, PERC_EROGAZIONE, PERC_LIMITE, ID_DIMENSIONE_IMPRESA, ID_FORMA_GIURIDICA) VALUES (5,1,0  ,0,seq_pbandi_r_bando_causale_ero.nextval,50,null,null,null);   
INSERT INTO PBANDI_R_BANDO_CAUSALE_EROGAZ (ID_BANDO, ID_CAUSALE_EROGAZIONE, PERC_SOGLIA_SPESA_QUIETANZATA, ID_UTENTE_INS, PROGR_BANDO_CAUSALE_EROGAZ, PERC_EROGAZIONE, PERC_LIMITE, ID_DIMENSIONE_IMPRESA, ID_FORMA_GIURIDICA) VALUES (5,4,100,0,seq_pbandi_r_bando_causale_ero.nextval,50,null,null,null);   
INSERT INTO PBANDI_R_BANDO_CAUSALE_EROGAZ (ID_BANDO, ID_CAUSALE_EROGAZIONE, PERC_SOGLIA_SPESA_QUIETANZATA, ID_UTENTE_INS, PROGR_BANDO_CAUSALE_EROGAZ, PERC_EROGAZIONE, PERC_LIMITE, ID_DIMENSIONE_IMPRESA, ID_FORMA_GIURIDICA) VALUES (1,1,0  ,0,seq_pbandi_r_bando_causale_ero.nextval,40,null,null,50);   
INSERT INTO PBANDI_R_BANDO_CAUSALE_EROGAZ (ID_BANDO, ID_CAUSALE_EROGAZIONE, PERC_SOGLIA_SPESA_QUIETANZATA, ID_UTENTE_INS, PROGR_BANDO_CAUSALE_EROGAZ, PERC_EROGAZIONE, PERC_LIMITE, ID_DIMENSIONE_IMPRESA, ID_FORMA_GIURIDICA) VALUES (1,1,0  ,0,seq_pbandi_r_bando_causale_ero.nextval,40,null,null,51);   
INSERT INTO PBANDI_R_BANDO_CAUSALE_EROGAZ (ID_BANDO, ID_CAUSALE_EROGAZIONE, PERC_SOGLIA_SPESA_QUIETANZATA, ID_UTENTE_INS, PROGR_BANDO_CAUSALE_EROGAZ, PERC_EROGAZIONE, PERC_LIMITE, ID_DIMENSIONE_IMPRESA, ID_FORMA_GIURIDICA) VALUES (1,2,40 ,0,seq_pbandi_r_bando_causale_ero.nextval,40,null,null,50);   
INSERT INTO PBANDI_R_BANDO_CAUSALE_EROGAZ (ID_BANDO, ID_CAUSALE_EROGAZIONE, PERC_SOGLIA_SPESA_QUIETANZATA, ID_UTENTE_INS, PROGR_BANDO_CAUSALE_EROGAZ, PERC_EROGAZIONE, PERC_LIMITE, ID_DIMENSIONE_IMPRESA, ID_FORMA_GIURIDICA) VALUES (1,2,40 ,0,seq_pbandi_r_bando_causale_ero.nextval,40,null,null,51);   
INSERT INTO PBANDI_R_BANDO_CAUSALE_EROGAZ (ID_BANDO, ID_CAUSALE_EROGAZIONE, PERC_SOGLIA_SPESA_QUIETANZATA, ID_UTENTE_INS, PROGR_BANDO_CAUSALE_EROGAZ, PERC_EROGAZIONE, PERC_LIMITE, ID_DIMENSIONE_IMPRESA, ID_FORMA_GIURIDICA) VALUES (1,4,100,0,seq_pbandi_r_bando_causale_ero.nextval,20,null,null,50);   
INSERT INTO PBANDI_R_BANDO_CAUSALE_EROGAZ (ID_BANDO, ID_CAUSALE_EROGAZIONE, PERC_SOGLIA_SPESA_QUIETANZATA, ID_UTENTE_INS, PROGR_BANDO_CAUSALE_EROGAZ, PERC_EROGAZIONE, PERC_LIMITE, ID_DIMENSIONE_IMPRESA, ID_FORMA_GIURIDICA) VALUES (1,4,100,0,seq_pbandi_r_bando_causale_ero.nextval,20,null,null,51);   
INSERT INTO PBANDI_R_BANDO_CAUSALE_EROGAZ (ID_BANDO, ID_CAUSALE_EROGAZIONE, PERC_SOGLIA_SPESA_QUIETANZATA, ID_UTENTE_INS, PROGR_BANDO_CAUSALE_EROGAZ, PERC_EROGAZIONE, PERC_LIMITE, ID_DIMENSIONE_IMPRESA, ID_FORMA_GIURIDICA) VALUES (1,1,0  ,0,seq_pbandi_r_bando_causale_ero.nextval,90,null,4   ,null);
INSERT INTO PBANDI_R_BANDO_CAUSALE_EROGAZ (ID_BANDO, ID_CAUSALE_EROGAZIONE, PERC_SOGLIA_SPESA_QUIETANZATA, ID_UTENTE_INS, PROGR_BANDO_CAUSALE_EROGAZ, PERC_EROGAZIONE, PERC_LIMITE, ID_DIMENSIONE_IMPRESA, ID_FORMA_GIURIDICA) VALUES (1,4,100,0,seq_pbandi_r_bando_causale_ero.nextval,10,null,4   ,null);
INSERT INTO PBANDI_R_BANDO_CAUSALE_EROGAZ (ID_BANDO, ID_CAUSALE_EROGAZIONE, PERC_SOGLIA_SPESA_QUIETANZATA, ID_UTENTE_INS, PROGR_BANDO_CAUSALE_EROGAZ, PERC_EROGAZIONE, PERC_LIMITE, ID_DIMENSIONE_IMPRESA, ID_FORMA_GIURIDICA) VALUES (1,1,50 ,0,seq_pbandi_r_bando_causale_ero.nextval,50,null,1   ,null);
INSERT INTO PBANDI_R_BANDO_CAUSALE_EROGAZ (ID_BANDO, ID_CAUSALE_EROGAZIONE, PERC_SOGLIA_SPESA_QUIETANZATA, ID_UTENTE_INS, PROGR_BANDO_CAUSALE_EROGAZ, PERC_EROGAZIONE, PERC_LIMITE, ID_DIMENSIONE_IMPRESA, ID_FORMA_GIURIDICA) VALUES (1,1,50 ,0,seq_pbandi_r_bando_causale_ero.nextval,50,null,2   ,null);
INSERT INTO PBANDI_R_BANDO_CAUSALE_EROGAZ (ID_BANDO, ID_CAUSALE_EROGAZIONE, PERC_SOGLIA_SPESA_QUIETANZATA, ID_UTENTE_INS, PROGR_BANDO_CAUSALE_EROGAZ, PERC_EROGAZIONE, PERC_LIMITE, ID_DIMENSIONE_IMPRESA, ID_FORMA_GIURIDICA) VALUES (1,4,100,0,seq_pbandi_r_bando_causale_ero.nextval,50,null,1   ,null);
INSERT INTO PBANDI_R_BANDO_CAUSALE_EROGAZ (ID_BANDO, ID_CAUSALE_EROGAZIONE, PERC_SOGLIA_SPESA_QUIETANZATA, ID_UTENTE_INS, PROGR_BANDO_CAUSALE_EROGAZ, PERC_EROGAZIONE, PERC_LIMITE, ID_DIMENSIONE_IMPRESA, ID_FORMA_GIURIDICA) VALUES (1,4,100,0,seq_pbandi_r_bando_causale_ero.nextval,50,null,2   ,null);
INSERT INTO PBANDI_R_BANDO_CAUSALE_EROGAZ (ID_BANDO, ID_CAUSALE_EROGAZIONE, PERC_SOGLIA_SPESA_QUIETANZATA, ID_UTENTE_INS, PROGR_BANDO_CAUSALE_EROGAZ, PERC_EROGAZIONE, PERC_LIMITE, ID_DIMENSIONE_IMPRESA, ID_FORMA_GIURIDICA) VALUES (6,1,0  ,0,seq_pbandi_r_bando_causale_ero.nextval,50,null,null,null);   
INSERT INTO PBANDI_R_BANDO_CAUSALE_EROGAZ (ID_BANDO, ID_CAUSALE_EROGAZIONE, PERC_SOGLIA_SPESA_QUIETANZATA, ID_UTENTE_INS, PROGR_BANDO_CAUSALE_EROGAZ, PERC_EROGAZIONE, PERC_LIMITE, ID_DIMENSIONE_IMPRESA, ID_FORMA_GIURIDICA) VALUES (6,2,80 ,0,seq_pbandi_r_bando_causale_ero.nextval,30,null,null,null);   
INSERT INTO PBANDI_R_BANDO_CAUSALE_EROGAZ (ID_BANDO, ID_CAUSALE_EROGAZIONE, PERC_SOGLIA_SPESA_QUIETANZATA, ID_UTENTE_INS, PROGR_BANDO_CAUSALE_EROGAZ, PERC_EROGAZIONE, PERC_LIMITE, ID_DIMENSIONE_IMPRESA, ID_FORMA_GIURIDICA) VALUES (6,4,100,0,seq_pbandi_r_bando_causale_ero.nextval,20,null,null,null);   

INSERT INTO PBANDI_R_BANDO_CAUSALE_EROGAZ (ID_BANDO, ID_CAUSALE_EROGAZIONE, PERC_SOGLIA_SPESA_QUIETANZATA, ID_UTENTE_INS, PROGR_BANDO_CAUSALE_EROGAZ, PERC_EROGAZIONE, PERC_LIMITE, ID_DIMENSIONE_IMPRESA, ID_FORMA_GIURIDICA) VALUES (7,1,0,0,seq_pbandi_r_bando_causale_ero.nextval,35,null,null,null);   
INSERT INTO PBANDI_R_BANDO_CAUSALE_EROGAZ (ID_BANDO, ID_CAUSALE_EROGAZIONE, PERC_SOGLIA_SPESA_QUIETANZATA, ID_UTENTE_INS, PROGR_BANDO_CAUSALE_EROGAZ, PERC_EROGAZIONE, PERC_LIMITE, ID_DIMENSIONE_IMPRESA, ID_FORMA_GIURIDICA) VALUES (7,3,0,0,seq_pbandi_r_bando_causale_ero.nextval,0,null,null,null);   
INSERT INTO PBANDI_R_BANDO_CAUSALE_EROGAZ (ID_BANDO, ID_CAUSALE_EROGAZIONE, PERC_SOGLIA_SPESA_QUIETANZATA, ID_UTENTE_INS, PROGR_BANDO_CAUSALE_EROGAZ, PERC_EROGAZIONE, PERC_LIMITE, ID_DIMENSIONE_IMPRESA, ID_FORMA_GIURIDICA) VALUES (7,4,0,0,seq_pbandi_r_bando_causale_ero.nextval,0,null,null,null);   

INSERT INTO PBANDI_R_BANDO_CAUSALE_EROGAZ (ID_BANDO, ID_CAUSALE_EROGAZIONE, PERC_SOGLIA_SPESA_QUIETANZATA, ID_UTENTE_INS, PROGR_BANDO_CAUSALE_EROGAZ, PERC_EROGAZIONE, PERC_LIMITE, ID_DIMENSIONE_IMPRESA, ID_FORMA_GIURIDICA) VALUES (1,1,50, 50,seq_pbandi_r_bando_causale_ero.nextval,0,null,3,null);   
INSERT INTO PBANDI_R_BANDO_CAUSALE_EROGAZ (ID_BANDO, ID_CAUSALE_EROGAZIONE, PERC_SOGLIA_SPESA_QUIETANZATA, ID_UTENTE_INS, PROGR_BANDO_CAUSALE_EROGAZ, PERC_EROGAZIONE, PERC_LIMITE, ID_DIMENSIONE_IMPRESA, ID_FORMA_GIURIDICA) VALUES (1,4,100,50,seq_pbandi_r_bando_causale_ero.nextval,0,null,3,null);   

commit;


SET DEFINE OFF;
Insert into TMP_RACCORDO_ATECO_2002_2007
   (ID_ATECO_02, COD_CATEGORIA_02, TIPO, ID_ATECO_07, COD_CATEGORIA_07, DT_LOAD)
 Values
   (131, '17.54.2', 'p', 132, '13.99.9', TO_DATE('03/14/2008 12:25:57', 'MM/DD/YYYY HH24:MI:SS'));
Insert into TMP_RACCORDO_ATECO_2002_2007
   (ID_ATECO_02, COD_CATEGORIA_02, ID_ATECO_07, COD_CATEGORIA_07, DT_LOAD)
 Values
   (132, '17.54.3', 129, '13.96.2', TO_DATE('03/14/2008 12:25:57', 'MM/DD/YYYY HH24:MI:SS'));
Insert into TMP_RACCORDO_ATECO_2002_2007
   (ID_ATECO_02, COD_CATEGORIA_02, ID_ATECO_07, COD_CATEGORIA_07, DT_LOAD)
 Values
   (133, '17.54.4', 129, '13.96.2', TO_DATE('03/14/2008 12:25:57', 'MM/DD/YYYY HH24:MI:SS'));
Insert into TMP_RACCORDO_ATECO_2002_2007
   (ID_ATECO_02, COD_CATEGORIA_02, ID_ATECO_07, COD_CATEGORIA_07, DT_LOAD)
 Values
   (134, '17.54.5', 131, '13.99.2', TO_DATE('03/14/2008 12:25:57', 'MM/DD/YYYY HH24:MI:SS'));
Insert into TMP_RACCORDO_ATECO_2002_2007
   (ID_ATECO_02, COD_CATEGORIA_02, ID_ATECO_07, COD_CATEGORIA_07, DT_LOAD)
 Values
   (135, '17.54.6', 130, '13.99.1', TO_DATE('03/14/2008 12:25:57', 'MM/DD/YYYY HH24:MI:SS'));
Insert into TMP_RACCORDO_ATECO_2002_2007
   (ID_ATECO_02, COD_CATEGORIA_02, ID_ATECO_07, COD_CATEGORIA_07, DT_LOAD)
 Values
   (136, '17.60.0', 122, '13.91.0', TO_DATE('03/14/2008 12:25:57', 'MM/DD/YYYY HH24:MI:SS'));
Insert into TMP_RACCORDO_ATECO_2002_2007
   (ID_ATECO_02, COD_CATEGORIA_02, TIPO, ID_ATECO_07, COD_CATEGORIA_07, DT_LOAD)
 Values
   (137, '17.71.0', 'p', 139, '14.19.2', TO_DATE('03/14/2008 12:25:57', 'MM/DD/YYYY HH24:MI:SS'));
Insert into TMP_RACCORDO_ATECO_2002_2007
   (ID_ATECO_02, COD_CATEGORIA_02, TIPO, ID_ATECO_07, COD_CATEGORIA_07, DT_LOAD)
 Values
   (137, '17.71.0', 'p', 142, '14.31.0', TO_DATE('03/14/2008 12:25:57', 'MM/DD/YYYY HH24:MI:SS'));
Insert into TMP_RACCORDO_ATECO_2002_2007
   (ID_ATECO_02, COD_CATEGORIA_02, ID_ATECO_07, COD_CATEGORIA_07, DT_LOAD)
 Values
   (138, '17.72.0', 143, '14.39.0', TO_DATE('03/14/2008 12:25:57', 'MM/DD/YYYY HH24:MI:SS'));
Insert into TMP_RACCORDO_ATECO_2002_2007
   (ID_ATECO_02, COD_CATEGORIA_02, ID_ATECO_07, COD_CATEGORIA_07, DT_LOAD)
 Values
   (139, '18.10.0', 133, '14.11.0', TO_DATE('03/14/2008 12:25:57', 'MM/DD/YYYY HH24:MI:SS'));
Insert into TMP_RACCORDO_ATECO_2002_2007
   (ID_ATECO_02, COD_CATEGORIA_02, TIPO, ID_ATECO_07, COD_CATEGORIA_07, DT_LOAD)
 Values
   (140, '18.21.0', 'p', 134, '14.12.0', TO_DATE('03/14/2008 12:25:57', 'MM/DD/YYYY HH24:MI:SS'));
Insert into TMP_RACCORDO_ATECO_2002_2007
   (ID_ATECO_02, COD_CATEGORIA_02, TIPO, ID_ATECO_07, COD_CATEGORIA_07, DT_LOAD)
 Values
   (140, '18.21.0', 'p', 431, '32.99.1', TO_DATE('03/14/2008 12:25:57', 'MM/DD/YYYY HH24:MI:SS'));
Insert into TMP_RACCORDO_ATECO_2002_2007
   (ID_ATECO_02, COD_CATEGORIA_02, ID_ATECO_07, COD_CATEGORIA_07, DT_LOAD)
 Values
   (141, '18.22.1', 135, '14.13.1', TO_DATE('03/14/2008 12:25:57', 'MM/DD/YYYY HH24:MI:SS'));
Insert into TMP_RACCORDO_ATECO_2002_2007
   (ID_ATECO_02, COD_CATEGORIA_02, ID_ATECO_07, COD_CATEGORIA_07, DT_LOAD)
 Values
   (142, '18.22.2', 136, '14.13.2', TO_DATE('03/14/2008 12:25:57', 'MM/DD/YYYY HH24:MI:SS'));
Insert into TMP_RACCORDO_ATECO_2002_2007
   (ID_ATECO_02, COD_CATEGORIA_02, ID_ATECO_07, COD_CATEGORIA_07, DT_LOAD)
 Values
   (143, '18.23.0', 137, '14.14.0', TO_DATE('03/14/2008 12:25:57', 'MM/DD/YYYY HH24:MI:SS'));
Insert into TMP_RACCORDO_ATECO_2002_2007
   (ID_ATECO_02, COD_CATEGORIA_02, ID_ATECO_07, COD_CATEGORIA_07, DT_LOAD)
 Values
   (144, '18.24.1', 138, '14.19.1', TO_DATE('03/14/2008 12:25:57', 'MM/DD/YYYY HH24:MI:SS'));
Insert into TMP_RACCORDO_ATECO_2002_2007
   (ID_ATECO_02, COD_CATEGORIA_02, ID_ATECO_07, COD_CATEGORIA_07, DT_LOAD)
 Values
   (145, '18.24.2', 139, '14.19.2', TO_DATE('03/14/2008 12:25:57', 'MM/DD/YYYY HH24:MI:SS'));
Insert into TMP_RACCORDO_ATECO_2002_2007
   (ID_ATECO_02, COD_CATEGORIA_02, TIPO, ID_ATECO_07, COD_CATEGORIA_07, DT_LOAD)
 Values
   (146, '18.24.3', 'p', 135, '14.13.1', TO_DATE('03/14/2008 12:25:57', 'MM/DD/YYYY HH24:MI:SS'));
Insert into TMP_RACCORDO_ATECO_2002_2007
   (ID_ATECO_02, COD_CATEGORIA_02, TIPO, ID_ATECO_07, COD_CATEGORIA_07, DT_LOAD)
 Values
   (146, '18.24.3', 'p', 138, '14.19.1', TO_DATE('03/14/2008 12:25:57', 'MM/DD/YYYY HH24:MI:SS'));
Insert into TMP_RACCORDO_ATECO_2002_2007
   (ID_ATECO_02, COD_CATEGORIA_02, TIPO, ID_ATECO_07, COD_CATEGORIA_07, DT_LOAD)
 Values
   (146, '18.24.3', 'p', 139, '14.19.2', TO_DATE('03/14/2008 12:25:57', 'MM/DD/YYYY HH24:MI:SS'));
Insert into TMP_RACCORDO_ATECO_2002_2007
   (ID_ATECO_02, COD_CATEGORIA_02, ID_ATECO_07, COD_CATEGORIA_07, DT_LOAD)
 Values
   (147, '18.30.1', 144, '15.11.0', TO_DATE('03/14/2008 12:25:57', 'MM/DD/YYYY HH24:MI:SS'));
Insert into TMP_RACCORDO_ATECO_2002_2007
   (ID_ATECO_02, COD_CATEGORIA_02, ID_ATECO_07, COD_CATEGORIA_07, DT_LOAD)
 Values
   (148, '18.30.2', 141, '14.20.0', TO_DATE('03/14/2008 12:25:57', 'MM/DD/YYYY HH24:MI:SS'));
Insert into TMP_RACCORDO_ATECO_2002_2007
   (ID_ATECO_02, COD_CATEGORIA_02, ID_ATECO_07, COD_CATEGORIA_07, DT_LOAD)
 Values
   (149, '19.10.0', 144, '15.11.0', TO_DATE('03/14/2008 12:25:57', 'MM/DD/YYYY HH24:MI:SS'));
Insert into TMP_RACCORDO_ATECO_2002_2007
   (ID_ATECO_02, COD_CATEGORIA_02, ID_ATECO_07, COD_CATEGORIA_07, DT_LOAD)
 Values
   (150, '19.20.0', 145, '15.12.0', TO_DATE('03/14/2008 12:25:57', 'MM/DD/YYYY HH24:MI:SS'));
Insert into TMP_RACCORDO_ATECO_2002_2007
   (ID_ATECO_02, COD_CATEGORIA_02, ID_ATECO_07, COD_CATEGORIA_07, DT_LOAD)
 Values
   (151, '19.30.1', 147, '15.20.1', TO_DATE('03/14/2008 12:25:57', 'MM/DD/YYYY HH24:MI:SS'));
Insert into TMP_RACCORDO_ATECO_2002_2007
   (ID_ATECO_02, COD_CATEGORIA_02, TIPO, ID_ATECO_07, COD_CATEGORIA_07, DT_LOAD)
 Values
   (152, '19.30.2', 'p', 148, '15.20.2', TO_DATE('03/14/2008 12:25:57', 'MM/DD/YYYY HH24:MI:SS'));
Insert into TMP_RACCORDO_ATECO_2002_2007
   (ID_ATECO_02, COD_CATEGORIA_02, TIPO, ID_ATECO_07, COD_CATEGORIA_07, DT_LOAD)
 Values
   (152, '19.30.2', 'p', 155, '16.29.1', TO_DATE('03/14/2008 12:25:57', 'MM/DD/YYYY HH24:MI:SS'));
Insert into TMP_RACCORDO_ATECO_2002_2007
   (ID_ATECO_02, COD_CATEGORIA_02, TIPO, ID_ATECO_07, COD_CATEGORIA_07, DT_LOAD)
 Values
   (153, '19.30.3', 'p', 147, '15.20.1', TO_DATE('03/14/2008 12:25:57', 'MM/DD/YYYY HH24:MI:SS'));
Insert into TMP_RACCORDO_ATECO_2002_2007
   (ID_ATECO_02, COD_CATEGORIA_02, TIPO, ID_ATECO_07, COD_CATEGORIA_07, DT_LOAD)
 Values
   (153, '19.30.3', 'p', 213, '22.19.0', TO_DATE('03/14/2008 12:25:57', 'MM/DD/YYYY HH24:MI:SS'));
Insert into TMP_RACCORDO_ATECO_2002_2007
   (ID_ATECO_02, COD_CATEGORIA_02, TIPO, ID_ATECO_07, COD_CATEGORIA_07, DT_LOAD)
 Values
   (153, '19.30.3', 'p', 220, '22.29.0', TO_DATE('03/14/2008 12:25:57', 'MM/DD/YYYY HH24:MI:SS'));
Insert into TMP_RACCORDO_ATECO_2002_2007
   (ID_ATECO_02, COD_CATEGORIA_02, ID_ATECO_07, COD_CATEGORIA_07, DT_LOAD)
 Values
   (154, '20.10.0', 149, '16.10.0', TO_DATE('03/14/2008 12:25:57', 'MM/DD/YYYY HH24:MI:SS'));
Insert into TMP_RACCORDO_ATECO_2002_2007
   (ID_ATECO_02, COD_CATEGORIA_02, ID_ATECO_07, COD_CATEGORIA_07, DT_LOAD)
 Values
   (155, '20.20.0', 150, '16.21.0', TO_DATE('03/14/2008 12:25:57', 'MM/DD/YYYY HH24:MI:SS'));
Insert into TMP_RACCORDO_ATECO_2002_2007
   (ID_ATECO_02, COD_CATEGORIA_02, ID_ATECO_07, COD_CATEGORIA_07, DT_LOAD)
 Values
   (156, '20.30.1', 152, '16.23.1', TO_DATE('03/14/2008 12:25:57', 'MM/DD/YYYY HH24:MI:SS'));
Insert into TMP_RACCORDO_ATECO_2002_2007
   (ID_ATECO_02, COD_CATEGORIA_02, TIPO, ID_ATECO_07, COD_CATEGORIA_07, DT_LOAD)
 Values
   (157, '20.30.2', 'p', 151, '16.22.0', TO_DATE('03/14/2008 12:25:57', 'MM/DD/YYYY HH24:MI:SS'));
Insert into TMP_RACCORDO_ATECO_2002_2007
   (ID_ATECO_02, COD_CATEGORIA_02, TIPO, ID_ATECO_07, COD_CATEGORIA_07, DT_LOAD)
 Values
   (157, '20.30.2', 'p', 153, '16.23.2', TO_DATE('03/14/2008 12:25:57', 'MM/DD/YYYY HH24:MI:SS'));
Insert into TMP_RACCORDO_ATECO_2002_2007
   (ID_ATECO_02, COD_CATEGORIA_02, TIPO, ID_ATECO_07, COD_CATEGORIA_07, DT_LOAD)
 Values
   (158, '20.40.0', 'p', 154, '16.24.0', TO_DATE('03/14/2008 12:25:57', 'MM/DD/YYYY HH24:MI:SS'));
Insert into TMP_RACCORDO_ATECO_2002_2007
   (ID_ATECO_02, COD_CATEGORIA_02, TIPO, ID_ATECO_07, COD_CATEGORIA_07, DT_LOAD)
 Values
   (158, '20.40.0', 'p', 472, '33.19.0', TO_DATE('03/14/2008 12:25:57', 'MM/DD/YYYY HH24:MI:SS'));
Insert into TMP_RACCORDO_ATECO_2002_2007
   (ID_ATECO_02, COD_CATEGORIA_02, TIPO, ID_ATECO_07, COD_CATEGORIA_07, DT_LOAD)
 Values
   (159, '20.51.1', 'p', 155, '16.29.1', TO_DATE('03/14/2008 12:25:57', 'MM/DD/YYYY HH24:MI:SS'));
Insert into TMP_RACCORDO_ATECO_2002_2007
   (ID_ATECO_02, COD_CATEGORIA_02, TIPO, ID_ATECO_07, COD_CATEGORIA_07, DT_LOAD)
 Values
   (159, '20.51.1', 'p', 438, '32.99.4', TO_DATE('03/14/2008 12:25:57', 'MM/DD/YYYY HH24:MI:SS'));
Insert into TMP_RACCORDO_ATECO_2002_2007
   (ID_ATECO_02, COD_CATEGORIA_02, TIPO, ID_ATECO_07, COD_CATEGORIA_07, DT_LOAD)
 Values
   (159, '20.51.1', 'p', 472, '33.19.0', TO_DATE('03/14/2008 12:25:57', 'MM/DD/YYYY HH24:MI:SS'));
Insert into TMP_RACCORDO_ATECO_2002_2007
   (ID_ATECO_02, COD_CATEGORIA_02, ID_ATECO_07, COD_CATEGORIA_07, DT_LOAD)
 Values
   (160, '20.51.2', 160, '16.29.4', TO_DATE('03/14/2008 12:25:57', 'MM/DD/YYYY HH24:MI:SS'));
Insert into TMP_RACCORDO_ATECO_2002_2007
   (ID_ATECO_02, COD_CATEGORIA_02, ID_ATECO_07, COD_CATEGORIA_07, DT_LOAD)
 Values
   (161, '20.52.1', 158, '16.29.2', TO_DATE('03/14/2008 12:25:57', 'MM/DD/YYYY HH24:MI:SS'));
Insert into TMP_RACCORDO_ATECO_2002_2007
   (ID_ATECO_02, COD_CATEGORIA_02, ID_ATECO_07, COD_CATEGORIA_07, DT_LOAD)
 Values
   (162, '20.52.2', 159, '16.29.3', TO_DATE('03/14/2008 12:25:57', 'MM/DD/YYYY HH24:MI:SS'));
Insert into TMP_RACCORDO_ATECO_2002_2007
   (ID_ATECO_02, COD_CATEGORIA_02, ID_ATECO_07, COD_CATEGORIA_07, DT_LOAD)
 Values
   (163, '21.11.0', 161, '17.11.0', TO_DATE('03/14/2008 12:25:57', 'MM/DD/YYYY HH24:MI:SS'));
Insert into TMP_RACCORDO_ATECO_2002_2007
   (ID_ATECO_02, COD_CATEGORIA_02, ID_ATECO_07, COD_CATEGORIA_07, DT_LOAD)
 Values
   (164, '21.12.0', 162, '17.12.0', TO_DATE('03/14/2008 12:25:57', 'MM/DD/YYYY HH24:MI:SS'));
Insert into TMP_RACCORDO_ATECO_2002_2007
   (ID_ATECO_02, COD_CATEGORIA_02, ID_ATECO_07, COD_CATEGORIA_07, DT_LOAD)
 Values
   (165, '21.21.0', 163, '17.21.0', TO_DATE('03/14/2008 12:25:57', 'MM/DD/YYYY HH24:MI:SS'));
Insert into TMP_RACCORDO_ATECO_2002_2007
   (ID_ATECO_02, COD_CATEGORIA_02, ID_ATECO_07, COD_CATEGORIA_07, DT_LOAD)
 Values
   (166, '21.22.0', 164, '17.22.0', TO_DATE('03/14/2008 12:25:57', 'MM/DD/YYYY HH24:MI:SS'));
Insert into TMP_RACCORDO_ATECO_2002_2007
   (ID_ATECO_02, COD_CATEGORIA_02, ID_ATECO_07, COD_CATEGORIA_07, DT_LOAD)
 Values
   (167, '21.23.0', 165, '17.23.0', TO_DATE('03/14/2008 12:25:57', 'MM/DD/YYYY HH24:MI:SS'));
Insert into TMP_RACCORDO_ATECO_2002_2007
   (ID_ATECO_02, COD_CATEGORIA_02, ID_ATECO_07, COD_CATEGORIA_07, DT_LOAD)
 Values
   (168, '21.24.0', 167, '17.24.0', TO_DATE('03/14/2008 12:25:57', 'MM/DD/YYYY HH24:MI:SS'));
Insert into TMP_RACCORDO_ATECO_2002_2007
   (ID_ATECO_02, COD_CATEGORIA_02, ID_ATECO_07, COD_CATEGORIA_07, DT_LOAD)
 Values
   (169, '21.25.0', 168, '17.29.0', TO_DATE('03/14/2008 12:25:57', 'MM/DD/YYYY HH24:MI:SS'));
Insert into TMP_RACCORDO_ATECO_2002_2007
   (ID_ATECO_02, COD_CATEGORIA_02, TIPO, ID_ATECO_07, COD_CATEGORIA_07, DT_LOAD)
 Values
   (170, '22.11.0', 'p', 894, '58.11.0', TO_DATE('03/14/2008 12:25:57', 'MM/DD/YYYY HH24:MI:SS'));
Insert into TMP_RACCORDO_ATECO_2002_2007
   (ID_ATECO_02, COD_CATEGORIA_02, TIPO, ID_ATECO_07, COD_CATEGORIA_07, DT_LOAD)
 Values
   (170, '22.11.0', 'p', 895, '58.12.0', TO_DATE('03/14/2008 12:25:57', 'MM/DD/YYYY HH24:MI:SS'));
Insert into TMP_RACCORDO_ATECO_2002_2007
   (ID_ATECO_02, COD_CATEGORIA_02, TIPO, ID_ATECO_07, COD_CATEGORIA_07, DT_LOAD)
 Values
   (170, '22.11.0', 'p', 907, '59.20.2', TO_DATE('03/14/2008 12:25:57', 'MM/DD/YYYY HH24:MI:SS'));
Insert into TMP_RACCORDO_ATECO_2002_2007
   (ID_ATECO_02, COD_CATEGORIA_02, ID_ATECO_07, COD_CATEGORIA_07, DT_LOAD)
 Values
   (171, '22.12.0', 897, '58.13.0', TO_DATE('03/14/2008 12:25:57', 'MM/DD/YYYY HH24:MI:SS'));
Insert into TMP_RACCORDO_ATECO_2002_2007
   (ID_ATECO_02, COD_CATEGORIA_02, ID_ATECO_07, COD_CATEGORIA_07, DT_LOAD)
 Values
   (172, '22.13.0', 898, '58.14.0', TO_DATE('03/14/2008 12:25:57', 'MM/DD/YYYY HH24:MI:SS'));
Insert into TMP_RACCORDO_ATECO_2002_2007
   (ID_ATECO_02, COD_CATEGORIA_02, ID_ATECO_07, COD_CATEGORIA_07, DT_LOAD)
 Values
   (173, '22.14.0', 906, '59.20.1', TO_DATE('03/14/2008 12:25:57', 'MM/DD/YYYY HH24:MI:SS'));
Insert into TMP_RACCORDO_ATECO_2002_2007
   (ID_ATECO_02, COD_CATEGORIA_02, ID_ATECO_07, COD_CATEGORIA_07, DT_LOAD)
 Values
   (174, '22.15.0', 899, '58.19.0', TO_DATE('03/14/2008 12:25:57', 'MM/DD/YYYY HH24:MI:SS'));
Insert into TMP_RACCORDO_ATECO_2002_2007
   (ID_ATECO_02, COD_CATEGORIA_02, ID_ATECO_07, COD_CATEGORIA_07, DT_LOAD)
 Values
   (175, '22.21.0', 169, '18.11.0', TO_DATE('03/14/2008 12:25:57', 'MM/DD/YYYY HH24:MI:SS'));
Insert into TMP_RACCORDO_ATECO_2002_2007
   (ID_ATECO_02, COD_CATEGORIA_02, TIPO, ID_ATECO_07, COD_CATEGORIA_07, DT_LOAD)
 Values
   (176, '22.22.0', 'p', 165, '17.23.0', TO_DATE('03/14/2008 12:25:57', 'MM/DD/YYYY HH24:MI:SS'));
Insert into TMP_RACCORDO_ATECO_2002_2007
   (ID_ATECO_02, COD_CATEGORIA_02, TIPO, ID_ATECO_07, COD_CATEGORIA_07, DT_LOAD)
 Values
   (176, '22.22.0', 'p', 170, '18.12.0', TO_DATE('03/14/2008 12:25:57', 'MM/DD/YYYY HH24:MI:SS'));
Insert into TMP_RACCORDO_ATECO_2002_2007
   (ID_ATECO_02, COD_CATEGORIA_02, ID_ATECO_07, COD_CATEGORIA_07, DT_LOAD)
 Values
   (177, '22.23.0', 172, '18.14.0', TO_DATE('03/14/2008 12:25:57', 'MM/DD/YYYY HH24:MI:SS'));
Insert into TMP_RACCORDO_ATECO_2002_2007
   (ID_ATECO_02, COD_CATEGORIA_02, ID_ATECO_07, COD_CATEGORIA_07, DT_LOAD)
 Values
   (178, '22.24.0', 171, '18.13.0', TO_DATE('03/14/2008 12:25:57', 'MM/DD/YYYY HH24:MI:SS'));
Insert into TMP_RACCORDO_ATECO_2002_2007
   (ID_ATECO_02, COD_CATEGORIA_02, TIPO, ID_ATECO_07, COD_CATEGORIA_07, DT_LOAD)
 Values
   (179, '22.25.0', 'p', 171, '18.13.0', TO_DATE('03/14/2008 12:25:57', 'MM/DD/YYYY HH24:MI:SS'));
Insert into TMP_RACCORDO_ATECO_2002_2007
   (ID_ATECO_02, COD_CATEGORIA_02, TIPO, ID_ATECO_07, COD_CATEGORIA_07, DT_LOAD)
 Values
   (179, '22.25.0', 'p', 172, '18.14.0', TO_DATE('03/14/2008 12:25:57', 'MM/DD/YYYY HH24:MI:SS'));
Insert into TMP_RACCORDO_ATECO_2002_2007
   (ID_ATECO_02, COD_CATEGORIA_02, ID_ATECO_07, COD_CATEGORIA_07, DT_LOAD)
 Values
   (180, '22.31.0', 173, '18.20.0', TO_DATE('03/14/2008 12:25:57', 'MM/DD/YYYY HH24:MI:SS'));
Insert into TMP_RACCORDO_ATECO_2002_2007
   (ID_ATECO_02, COD_CATEGORIA_02, ID_ATECO_07, COD_CATEGORIA_07, DT_LOAD)
 Values
   (181, '22.32.0', 173, '18.20.0', TO_DATE('03/14/2008 12:25:57', 'MM/DD/YYYY HH24:MI:SS'));
Insert into TMP_RACCORDO_ATECO_2002_2007
   (ID_ATECO_02, COD_CATEGORIA_02, ID_ATECO_07, COD_CATEGORIA_07, DT_LOAD)
 Values
   (182, '22.33.0', 173, '18.20.0', TO_DATE('03/14/2008 12:25:57', 'MM/DD/YYYY HH24:MI:SS'));
Insert into TMP_RACCORDO_ATECO_2002_2007
   (ID_ATECO_02, COD_CATEGORIA_02, ID_ATECO_07, COD_CATEGORIA_07, DT_LOAD)
 Values
   (183, '23.10.0', 174, '19.10.0', TO_DATE('03/14/2008 12:25:57', 'MM/DD/YYYY HH24:MI:SS'));
Insert into TMP_RACCORDO_ATECO_2002_2007
   (ID_ATECO_02, COD_CATEGORIA_02, ID_ATECO_07, COD_CATEGORIA_07, DT_LOAD)
 Values
   (184, '23.20.1', 176, '19.20.1', TO_DATE('03/14/2008 12:25:57', 'MM/DD/YYYY HH24:MI:SS'));
Insert into TMP_RACCORDO_ATECO_2002_2007
   (ID_ATECO_02, COD_CATEGORIA_02, ID_ATECO_07, COD_CATEGORIA_07, DT_LOAD)
 Values
   (185, '23.20.2', 177, '19.20.2', TO_DATE('03/14/2008 12:25:57', 'MM/DD/YYYY HH24:MI:SS'));
Insert into TMP_RACCORDO_ATECO_2002_2007
   (ID_ATECO_02, COD_CATEGORIA_02, ID_ATECO_07, COD_CATEGORIA_07, DT_LOAD)
 Values
   (186, '23.20.3', 178, '19.20.3', TO_DATE('03/14/2008 12:25:57', 'MM/DD/YYYY HH24:MI:SS'));
Insert into TMP_RACCORDO_ATECO_2002_2007
   (ID_ATECO_02, COD_CATEGORIA_02, ID_ATECO_07, COD_CATEGORIA_07, DT_LOAD)
 Values
   (187, '23.20.4', 179, '19.20.4', TO_DATE('03/14/2008 12:25:57', 'MM/DD/YYYY HH24:MI:SS'));
Insert into TMP_RACCORDO_ATECO_2002_2007
   (ID_ATECO_02, COD_CATEGORIA_02, TIPO, ID_ATECO_07, COD_CATEGORIA_07, DT_LOAD)
 Values
   (188, '23.30.0', 'p', 183, '20.13.0', TO_DATE('03/14/2008 12:25:57', 'MM/DD/YYYY HH24:MI:SS'));
Insert into TMP_RACCORDO_ATECO_2002_2007
   (ID_ATECO_02, COD_CATEGORIA_02, TIPO, ID_ATECO_07, COD_CATEGORIA_07, DT_LOAD)
 Values
   (188, '23.30.0', 'p', 209, '21.20.0', TO_DATE('03/14/2008 12:25:57', 'MM/DD/YYYY HH24:MI:SS'));
Insert into TMP_RACCORDO_ATECO_2002_2007
   (ID_ATECO_02, COD_CATEGORIA_02, TIPO, ID_ATECO_07, COD_CATEGORIA_07, DT_LOAD)
 Values
   (188, '23.30.0', 'p', 265, '24.46.0', TO_DATE('03/14/2008 12:25:57', 'MM/DD/YYYY HH24:MI:SS'));
Insert into TMP_RACCORDO_ATECO_2002_2007
   (ID_ATECO_02, COD_CATEGORIA_02, TIPO, ID_ATECO_07, COD_CATEGORIA_07, DT_LOAD)
 Values
   (188, '23.30.0', 'p', 497, '38.12.0', TO_DATE('03/14/2008 12:25:57', 'MM/DD/YYYY HH24:MI:SS'));
Insert into TMP_RACCORDO_ATECO_2002_2007
   (ID_ATECO_02, COD_CATEGORIA_02, TIPO, ID_ATECO_07, COD_CATEGORIA_07, DT_LOAD)
 Values
   (188, '23.30.0', 'p', 500, '38.22.0', TO_DATE('03/14/2008 12:25:57', 'MM/DD/YYYY HH24:MI:SS'));
Insert into TMP_RACCORDO_ATECO_2002_2007
   (ID_ATECO_02, COD_CATEGORIA_02, ID_ATECO_07, COD_CATEGORIA_07, DT_LOAD)
 Values
   (189, '24.11.0', 181, '20.11.0', TO_DATE('03/14/2008 12:25:57', 'MM/DD/YYYY HH24:MI:SS'));
Insert into TMP_RACCORDO_ATECO_2002_2007
   (ID_ATECO_02, COD_CATEGORIA_02, ID_ATECO_07, COD_CATEGORIA_07, DT_LOAD)
 Values
   (190, '24.12.0', 182, '20.12.0', TO_DATE('03/14/2008 12:25:57', 'MM/DD/YYYY HH24:MI:SS'));
Insert into TMP_RACCORDO_ATECO_2002_2007
   (ID_ATECO_02, COD_CATEGORIA_02, ID_ATECO_07, COD_CATEGORIA_07, DT_LOAD)
 Values
   (191, '24.13.0', 183, '20.13.0', TO_DATE('03/14/2008 12:25:57', 'MM/DD/YYYY HH24:MI:SS'));
Insert into TMP_RACCORDO_ATECO_2002_2007
   (ID_ATECO_02, COD_CATEGORIA_02, TIPO, ID_ATECO_07, COD_CATEGORIA_07, DT_LOAD)
 Values
   (192, '24.14.0', 'p', 174, '19.10.0', TO_DATE('03/14/2008 12:25:57', 'MM/DD/YYYY HH24:MI:SS'));
Insert into TMP_RACCORDO_ATECO_2002_2007
   (ID_ATECO_02, COD_CATEGORIA_02, TIPO, ID_ATECO_07, COD_CATEGORIA_07, DT_LOAD)
 Values
   (192, '24.14.0', 'p', 185, '20.14.0', TO_DATE('03/14/2008 12:25:57', 'MM/DD/YYYY HH24:MI:SS'));
Insert into TMP_RACCORDO_ATECO_2002_2007
   (ID_ATECO_02, COD_CATEGORIA_02, TIPO, ID_ATECO_07, COD_CATEGORIA_07, DT_LOAD)
 Values
   (193, '24.15.0', 'p', 187, '20.15.0', TO_DATE('03/14/2008 12:25:57', 'MM/DD/YYYY HH24:MI:SS'));
Insert into TMP_RACCORDO_ATECO_2002_2007
   (ID_ATECO_02, COD_CATEGORIA_02, TIPO, ID_ATECO_07, COD_CATEGORIA_07, DT_LOAD)
 Values
   (193, '24.15.0', 'p', 498, '38.21.0', TO_DATE('03/14/2008 12:25:57', 'MM/DD/YYYY HH24:MI:SS'));
Insert into TMP_RACCORDO_ATECO_2002_2007
   (ID_ATECO_02, COD_CATEGORIA_02, ID_ATECO_07, COD_CATEGORIA_07, DT_LOAD)
 Values
   (194, '24.16.0', 188, '20.16.0', TO_DATE('03/14/2008 12:25:57', 'MM/DD/YYYY HH24:MI:SS'));
Insert into TMP_RACCORDO_ATECO_2002_2007
   (ID_ATECO_02, COD_CATEGORIA_02, ID_ATECO_07, COD_CATEGORIA_07, DT_LOAD)
 Values
   (195, '24.17.0', 189, '20.17.0', TO_DATE('03/14/2008 12:25:57', 'MM/DD/YYYY HH24:MI:SS'));
Insert into TMP_RACCORDO_ATECO_2002_2007
   (ID_ATECO_02, COD_CATEGORIA_02, ID_ATECO_07, COD_CATEGORIA_07, DT_LOAD)
 Values
   (196, '24.20.0', 190, '20.20.0', TO_DATE('03/14/2008 12:25:57', 'MM/DD/YYYY HH24:MI:SS'));
Insert into TMP_RACCORDO_ATECO_2002_2007
   (ID_ATECO_02, COD_CATEGORIA_02, ID_ATECO_07, COD_CATEGORIA_07, DT_LOAD)
 Values
   (197, '24.30.0', 191, '20.30.0', TO_DATE('03/14/2008 12:25:57', 'MM/DD/YYYY HH24:MI:SS'));
Insert into TMP_RACCORDO_ATECO_2002_2007
   (ID_ATECO_02, COD_CATEGORIA_02, ID_ATECO_07, COD_CATEGORIA_07, DT_LOAD)
 Values
   (198, '24.41.0', 208, '21.10.0', TO_DATE('03/14/2008 12:25:57', 'MM/DD/YYYY HH24:MI:SS'));
Insert into TMP_RACCORDO_ATECO_2002_2007
   (ID_ATECO_02, COD_CATEGORIA_02, TIPO, ID_ATECO_07, COD_CATEGORIA_07, DT_LOAD)
 Values
   (199, '24.42.0', 'p', 209, '21.20.0', TO_DATE('03/14/2008 12:25:57', 'MM/DD/YYYY HH24:MI:SS'));
Insert into TMP_RACCORDO_ATECO_2002_2007
   (ID_ATECO_02, COD_CATEGORIA_02, TIPO, ID_ATECO_07, COD_CATEGORIA_07, DT_LOAD)
 Values
   (199, '24.42.0', 'p', 422, '32.50.1', TO_DATE('03/14/2008 12:25:57', 'MM/DD/YYYY HH24:MI:SS'));
Insert into TMP_RACCORDO_ATECO_2002_2007
   (ID_ATECO_02, COD_CATEGORIA_02, TIPO, ID_ATECO_07, COD_CATEGORIA_07, DT_LOAD)
 Values
   (200, '24.51.1', 'p', 192, '20.41.1', TO_DATE('03/14/2008 12:25:57', 'MM/DD/YYYY HH24:MI:SS'));
Insert into TMP_RACCORDO_ATECO_2002_2007
   (ID_ATECO_02, COD_CATEGORIA_02, TIPO, ID_ATECO_07, COD_CATEGORIA_07, DT_LOAD)
 Values
   (200, '24.51.1', 'p', 194, '20.42.0', TO_DATE('03/14/2008 12:25:57', 'MM/DD/YYYY HH24:MI:SS'));
Insert into TMP_RACCORDO_ATECO_2002_2007
   (ID_ATECO_02, COD_CATEGORIA_02, ID_ATECO_07, COD_CATEGORIA_07, DT_LOAD)
 Values
   (201, '24.51.2', 193, '20.41.2', TO_DATE('03/14/2008 12:25:57', 'MM/DD/YYYY HH24:MI:SS'));
Insert into TMP_RACCORDO_ATECO_2002_2007
   (ID_ATECO_02, COD_CATEGORIA_02, ID_ATECO_07, COD_CATEGORIA_07, DT_LOAD)
 Values
   (202, '24.52.0', 194, '20.42.0', TO_DATE('03/14/2008 12:25:57', 'MM/DD/YYYY HH24:MI:SS'));
Insert into TMP_RACCORDO_ATECO_2002_2007
   (ID_ATECO_02, COD_CATEGORIA_02, ID_ATECO_07, COD_CATEGORIA_07, DT_LOAD)
 Values
   (203, '24.61.0', 195, '20.51.0', TO_DATE('03/14/2008 12:25:57', 'MM/DD/YYYY HH24:MI:SS'));
Insert into TMP_RACCORDO_ATECO_2002_2007
   (ID_ATECO_02, COD_CATEGORIA_02, TIPO, ID_ATECO_07, COD_CATEGORIA_07, DT_LOAD)
 Values
   (204, '24.62.0', 'p', 197, '20.52.0', TO_DATE('03/14/2008 12:25:57', 'MM/DD/YYYY HH24:MI:SS'));
Insert into TMP_RACCORDO_ATECO_2002_2007
   (ID_ATECO_02, COD_CATEGORIA_02, TIPO, ID_ATECO_07, COD_CATEGORIA_07, DT_LOAD)
 Values
   (204, '24.62.0', 'p', 206, '20.59.9', TO_DATE('03/14/2008 12:25:57', 'MM/DD/YYYY HH24:MI:SS'));
Insert into TMP_RACCORDO_ATECO_2002_2007
   (ID_ATECO_02, COD_CATEGORIA_02, ID_ATECO_07, COD_CATEGORIA_07, DT_LOAD)
 Values
   (205, '24.63.0', 198, '20.53.0', TO_DATE('03/14/2008 12:25:57', 'MM/DD/YYYY HH24:MI:SS'));
Insert into TMP_RACCORDO_ATECO_2002_2007
   (ID_ATECO_02, COD_CATEGORIA_02, ID_ATECO_07, COD_CATEGORIA_07, DT_LOAD)
 Values
   (206, '24.64.0', 199, '20.59.1', TO_DATE('03/14/2008 12:25:57', 'MM/DD/YYYY HH24:MI:SS'));
Insert into TMP_RACCORDO_ATECO_2002_2007
   (ID_ATECO_02, COD_CATEGORIA_02, ID_ATECO_07, COD_CATEGORIA_07, DT_LOAD)
 Values
   (207, '24.65.0', 316, '26.80.0', TO_DATE('03/14/2008 12:25:57', 'MM/DD/YYYY HH24:MI:SS'));
Insert into TMP_RACCORDO_ATECO_2002_2007
   (ID_ATECO_02, COD_CATEGORIA_02, ID_ATECO_07, COD_CATEGORIA_07, DT_LOAD)
 Values
   (208, '24.66.1', 200, '20.59.2', TO_DATE('03/14/2008 12:25:57', 'MM/DD/YYYY HH24:MI:SS'));
Insert into TMP_RACCORDO_ATECO_2002_2007
   (ID_ATECO_02, COD_CATEGORIA_02, ID_ATECO_07, COD_CATEGORIA_07, DT_LOAD)
 Values
   (209, '24.66.2', 205, '20.59.7', TO_DATE('03/14/2008 12:25:57', 'MM/DD/YYYY HH24:MI:SS'));
Insert into TMP_RACCORDO_ATECO_2002_2007
   (ID_ATECO_02, COD_CATEGORIA_02, ID_ATECO_07, COD_CATEGORIA_07, DT_LOAD)
 Values
   (210, '24.66.3', 201, '20.59.3', TO_DATE('03/14/2008 12:25:57', 'MM/DD/YYYY HH24:MI:SS'));
Insert into TMP_RACCORDO_ATECO_2002_2007
   (ID_ATECO_02, COD_CATEGORIA_02, ID_ATECO_07, COD_CATEGORIA_07, DT_LOAD)
 Values
   (211, '24.66.4', 202, '20.59.4', TO_DATE('03/14/2008 12:25:57', 'MM/DD/YYYY HH24:MI:SS'));
Insert into TMP_RACCORDO_ATECO_2002_2007
   (ID_ATECO_02, COD_CATEGORIA_02, ID_ATECO_07, COD_CATEGORIA_07, DT_LOAD)
 Values
   (212, '24.66.5', 203, '20.59.5', TO_DATE('03/14/2008 12:25:57', 'MM/DD/YYYY HH24:MI:SS'));
Insert into TMP_RACCORDO_ATECO_2002_2007
   (ID_ATECO_02, COD_CATEGORIA_02, ID_ATECO_07, COD_CATEGORIA_07, DT_LOAD)
 Values
   (213, '24.66.6', 204, '20.59.6', TO_DATE('03/14/2008 12:25:57', 'MM/DD/YYYY HH24:MI:SS'));
Insert into TMP_RACCORDO_ATECO_2002_2007
   (ID_ATECO_02, COD_CATEGORIA_02, ID_ATECO_07, COD_CATEGORIA_07, DT_LOAD)
 Values
   (214, '24.70.0', 207, '20.60.0', TO_DATE('03/14/2008 12:25:57', 'MM/DD/YYYY HH24:MI:SS'));
Insert into TMP_RACCORDO_ATECO_2002_2007
   (ID_ATECO_02, COD_CATEGORIA_02, ID_ATECO_07, COD_CATEGORIA_07, DT_LOAD)
 Values
   (215, '25.11.0', 211, '22.11.1', TO_DATE('03/14/2008 12:25:57', 'MM/DD/YYYY HH24:MI:SS'));
Insert into TMP_RACCORDO_ATECO_2002_2007
   (ID_ATECO_02, COD_CATEGORIA_02, ID_ATECO_07, COD_CATEGORIA_07, DT_LOAD)
 Values
   (216, '25.12.0', 212, '22.11.2', TO_DATE('03/14/2008 12:25:57', 'MM/DD/YYYY HH24:MI:SS'));
Insert into TMP_RACCORDO_ATECO_2002_2007
   (ID_ATECO_02, COD_CATEGORIA_02, TIPO, ID_ATECO_07, COD_CATEGORIA_07, DT_LOAD)
 Values
   (217, '25.13.0', 'p', 213, '22.19.0', TO_DATE('03/14/2008 12:25:57', 'MM/DD/YYYY HH24:MI:SS'));
Insert into TMP_RACCORDO_ATECO_2002_2007
   (ID_ATECO_02, COD_CATEGORIA_02, TIPO, ID_ATECO_07, COD_CATEGORIA_07, DT_LOAD)
 Values
   (217, '25.13.0', 'p', 472, '33.19.0', TO_DATE('03/14/2008 12:25:57', 'MM/DD/YYYY HH24:MI:SS'));
Insert into TMP_RACCORDO_ATECO_2002_2007
   (ID_ATECO_02, COD_CATEGORIA_02, ID_ATECO_07, COD_CATEGORIA_07, DT_LOAD)
 Values
   (218, '25.21.0', 215, '22.21.0', TO_DATE('03/14/2008 12:25:57', 'MM/DD/YYYY HH24:MI:SS'));
Insert into TMP_RACCORDO_ATECO_2002_2007
   (ID_ATECO_02, COD_CATEGORIA_02, ID_ATECO_07, COD_CATEGORIA_07, DT_LOAD)
 Values
   (219, '25.22.0', 216, '22.22.0', TO_DATE('03/14/2008 12:25:57', 'MM/DD/YYYY HH24:MI:SS'));
Insert into TMP_RACCORDO_ATECO_2002_2007
   (ID_ATECO_02, COD_CATEGORIA_02, ID_ATECO_07, COD_CATEGORIA_07, DT_LOAD)
 Values
   (220, '25.23.0', 217, '22.23.0', TO_DATE('03/14/2008 12:25:57', 'MM/DD/YYYY HH24:MI:SS'));
Insert into TMP_RACCORDO_ATECO_2002_2007
   (ID_ATECO_02, COD_CATEGORIA_02, TIPO, ID_ATECO_07, COD_CATEGORIA_07, DT_LOAD)
 Values
   (221, '25.24.0', 'p', 220, '22.29.0', TO_DATE('03/14/2008 12:25:57', 'MM/DD/YYYY HH24:MI:SS'));
Insert into TMP_RACCORDO_ATECO_2002_2007
   (ID_ATECO_02, COD_CATEGORIA_02, TIPO, ID_ATECO_07, COD_CATEGORIA_07, DT_LOAD)
 Values
   (221, '25.24.0', 'p', 323, '27.33.0', TO_DATE('03/14/2008 12:25:57', 'MM/DD/YYYY HH24:MI:SS'));
Insert into TMP_RACCORDO_ATECO_2002_2007
   (ID_ATECO_02, COD_CATEGORIA_02, TIPO, ID_ATECO_07, COD_CATEGORIA_07, DT_LOAD)
 Values
   (221, '25.24.0', 'p', 431, '32.99.1', TO_DATE('03/14/2008 12:25:57', 'MM/DD/YYYY HH24:MI:SS'));
Insert into TMP_RACCORDO_ATECO_2002_2007
   (ID_ATECO_02, COD_CATEGORIA_02, TIPO, ID_ATECO_07, COD_CATEGORIA_07, DT_LOAD)
 Values
   (221, '25.24.0', 'p', 472, '33.19.0', TO_DATE('03/14/2008 12:25:57', 'MM/DD/YYYY HH24:MI:SS'));
Insert into TMP_RACCORDO_ATECO_2002_2007
   (ID_ATECO_02, COD_CATEGORIA_02, ID_ATECO_07, COD_CATEGORIA_07, DT_LOAD)
 Values
   (222, '26.11.0', 223, '23.11.0', TO_DATE('03/14/2008 12:25:57', 'MM/DD/YYYY HH24:MI:SS'));
Insert into TMP_RACCORDO_ATECO_2002_2007
   (ID_ATECO_02, COD_CATEGORIA_02, ID_ATECO_07, COD_CATEGORIA_07, DT_LOAD)
 Values
   (223, '26.12.0', 224, '23.12.0', TO_DATE('03/14/2008 12:25:57', 'MM/DD/YYYY HH24:MI:SS'));
Insert into TMP_RACCORDO_ATECO_2002_2007
   (ID_ATECO_02, COD_CATEGORIA_02, ID_ATECO_07, COD_CATEGORIA_07, DT_LOAD)
 Values
   (224, '26.13.0', 225, '23.13.0', TO_DATE('03/14/2008 12:25:57', 'MM/DD/YYYY HH24:MI:SS'));
Insert into TMP_RACCORDO_ATECO_2002_2007
   (ID_ATECO_02, COD_CATEGORIA_02, ID_ATECO_07, COD_CATEGORIA_07, DT_LOAD)
 Values
   (225, '26.14.0', 226, '23.14.0', TO_DATE('03/14/2008 12:25:57', 'MM/DD/YYYY HH24:MI:SS'));
Insert into TMP_RACCORDO_ATECO_2002_2007
   (ID_ATECO_02, COD_CATEGORIA_02, TIPO, ID_ATECO_07, COD_CATEGORIA_07, DT_LOAD)
 Values
   (226, '26.15.1', 'p', 227, '23.19.1', TO_DATE('03/14/2008 12:25:57', 'MM/DD/YYYY HH24:MI:SS'));
Insert into TMP_RACCORDO_ATECO_2002_2007
   (ID_ATECO_02, COD_CATEGORIA_02, TIPO, ID_ATECO_07, COD_CATEGORIA_07, DT_LOAD)
 Values
   (226, '26.15.1', 'p', 472, '33.19.0', TO_DATE('03/14/2008 12:25:57', 'MM/DD/YYYY HH24:MI:SS'));
Insert into TMP_RACCORDO_ATECO_2002_2007
   (ID_ATECO_02, COD_CATEGORIA_02, ID_ATECO_07, COD_CATEGORIA_07, DT_LOAD)
 Values
   (227, '26.15.2', 228, '23.19.2', TO_DATE('03/14/2008 12:25:57', 'MM/DD/YYYY HH24:MI:SS'));
Insert into TMP_RACCORDO_ATECO_2002_2007
   (ID_ATECO_02, COD_CATEGORIA_02, TIPO, ID_ATECO_07, COD_CATEGORIA_07, DT_LOAD)
 Values
   (228, '26.15.3', 'p', 228, '23.19.2', TO_DATE('03/14/2008 12:25:57', 'MM/DD/YYYY HH24:MI:SS'));
Insert into TMP_RACCORDO_ATECO_2002_2007
   (ID_ATECO_02, COD_CATEGORIA_02, TIPO, ID_ATECO_07, COD_CATEGORIA_07, DT_LOAD)
 Values
   (228, '26.15.3', 'p', 229, '23.19.9', TO_DATE('03/14/2008 12:25:57', 'MM/DD/YYYY HH24:MI:SS'));
Insert into TMP_RACCORDO_ATECO_2002_2007
   (ID_ATECO_02, COD_CATEGORIA_02, TIPO, ID_ATECO_07, COD_CATEGORIA_07, DT_LOAD)
 Values
   (228, '26.15.3', 'p', 472, '33.19.0', TO_DATE('03/14/2008 12:25:57', 'MM/DD/YYYY HH24:MI:SS'));
Insert into TMP_RACCORDO_ATECO_2002_2007
   (ID_ATECO_02, COD_CATEGORIA_02, ID_ATECO_07, COD_CATEGORIA_07, DT_LOAD)
 Values
   (229, '26.21.0', 233, '23.41.0', TO_DATE('03/14/2008 12:25:57', 'MM/DD/YYYY HH24:MI:SS'));
Insert into TMP_RACCORDO_ATECO_2002_2007
   (ID_ATECO_02, COD_CATEGORIA_02, ID_ATECO_07, COD_CATEGORIA_07, DT_LOAD)
 Values
   (230, '26.22.0', 234, '23.42.0', TO_DATE('03/14/2008 12:25:57', 'MM/DD/YYYY HH24:MI:SS'));
Insert into TMP_RACCORDO_ATECO_2002_2007
   (ID_ATECO_02, COD_CATEGORIA_02, ID_ATECO_07, COD_CATEGORIA_07, DT_LOAD)
 Values
   (231, '26.23.0', 235, '23.43.0', TO_DATE('03/14/2008 12:25:57', 'MM/DD/YYYY HH24:MI:SS'));
Insert into TMP_RACCORDO_ATECO_2002_2007
   (ID_ATECO_02, COD_CATEGORIA_02, ID_ATECO_07, COD_CATEGORIA_07, DT_LOAD)
 Values
   (232, '26.24.0', 236, '23.44.0', TO_DATE('03/14/2008 12:25:57', 'MM/DD/YYYY HH24:MI:SS'));
Insert into TMP_RACCORDO_ATECO_2002_2007
   (ID_ATECO_02, COD_CATEGORIA_02, ID_ATECO_07, COD_CATEGORIA_07, DT_LOAD)
 Values
   (233, '26.25.0', 237, '23.49.0', TO_DATE('03/14/2008 12:25:57', 'MM/DD/YYYY HH24:MI:SS'));
Insert into TMP_RACCORDO_ATECO_2002_2007
   (ID_ATECO_02, COD_CATEGORIA_02, ID_ATECO_07, COD_CATEGORIA_07, DT_LOAD)
 Values
   (234, '26.26.0', 230, '23.20.0', TO_DATE('03/14/2008 12:25:57', 'MM/DD/YYYY HH24:MI:SS'));
Insert into TMP_RACCORDO_ATECO_2002_2007
   (ID_ATECO_02, COD_CATEGORIA_02, ID_ATECO_07, COD_CATEGORIA_07, DT_LOAD)
 Values
   (235, '26.30.0', 231, '23.31.0', TO_DATE('03/14/2008 12:25:57', 'MM/DD/YYYY HH24:MI:SS'));
Insert into TMP_RACCORDO_ATECO_2002_2007
   (ID_ATECO_02, COD_CATEGORIA_02, ID_ATECO_07, COD_CATEGORIA_07, DT_LOAD)
 Values
   (236, '26.40.0', 232, '23.32.0', TO_DATE('03/14/2008 12:25:57', 'MM/DD/YYYY HH24:MI:SS'));
Insert into TMP_RACCORDO_ATECO_2002_2007
   (ID_ATECO_02, COD_CATEGORIA_02, ID_ATECO_07, COD_CATEGORIA_07, DT_LOAD)
 Values
   (237, '26.51.0', 238, '23.51.0', TO_DATE('03/14/2008 12:25:57', 'MM/DD/YYYY HH24:MI:SS'));
Insert into TMP_RACCORDO_ATECO_2002_2007
   (ID_ATECO_02, COD_CATEGORIA_02, ID_ATECO_07, COD_CATEGORIA_07, DT_LOAD)
 Values
   (238, '26.52.0', 239, '23.52.1', TO_DATE('03/14/2008 12:25:57', 'MM/DD/YYYY HH24:MI:SS'));
Insert into TMP_RACCORDO_ATECO_2002_2007
   (ID_ATECO_02, COD_CATEGORIA_02, ID_ATECO_07, COD_CATEGORIA_07, DT_LOAD)
 Values
   (239, '26.53.0', 240, '23.52.2', TO_DATE('03/14/2008 12:25:57', 'MM/DD/YYYY HH24:MI:SS'));
Insert into TMP_RACCORDO_ATECO_2002_2007
   (ID_ATECO_02, COD_CATEGORIA_02, ID_ATECO_07, COD_CATEGORIA_07, DT_LOAD)
 Values
   (240, '26.61.0', 241, '23.61.0', TO_DATE('03/14/2008 12:25:57', 'MM/DD/YYYY HH24:MI:SS'));
Insert into TMP_RACCORDO_ATECO_2002_2007
   (ID_ATECO_02, COD_CATEGORIA_02, ID_ATECO_07, COD_CATEGORIA_07, DT_LOAD)
 Values
   (241, '26.62.0', 242, '23.62.0', TO_DATE('03/14/2008 12:25:57', 'MM/DD/YYYY HH24:MI:SS'));
Insert into TMP_RACCORDO_ATECO_2002_2007
   (ID_ATECO_02, COD_CATEGORIA_02, ID_ATECO_07, COD_CATEGORIA_07, DT_LOAD)
 Values
   (242, '26.63.0', 243, '23.63.0', TO_DATE('03/14/2008 12:25:57', 'MM/DD/YYYY HH24:MI:SS'));
Insert into TMP_RACCORDO_ATECO_2002_2007
   (ID_ATECO_02, COD_CATEGORIA_02, ID_ATECO_07, COD_CATEGORIA_07, DT_LOAD)
 Values
   (243, '26.64.0', 244, '23.64.0', TO_DATE('03/14/2008 12:25:57', 'MM/DD/YYYY HH24:MI:SS'));
Insert into TMP_RACCORDO_ATECO_2002_2007
   (ID_ATECO_02, COD_CATEGORIA_02, ID_ATECO_07, COD_CATEGORIA_07, DT_LOAD)
 Values
   (244, '26.65.0', 245, '23.65.0', TO_DATE('03/14/2008 12:25:57', 'MM/DD/YYYY HH24:MI:SS'));
Insert into TMP_RACCORDO_ATECO_2002_2007
   (ID_ATECO_02, COD_CATEGORIA_02, ID_ATECO_07, COD_CATEGORIA_07, DT_LOAD)
 Values
   (245, '26.66.0', 246, '23.69.0', TO_DATE('03/14/2008 12:25:57', 'MM/DD/YYYY HH24:MI:SS'));
Insert into TMP_RACCORDO_ATECO_2002_2007
   (ID_ATECO_02, COD_CATEGORIA_02, ID_ATECO_07, COD_CATEGORIA_07, DT_LOAD)
 Values
   (246, '26.70.1', 247, '23.70.1', TO_DATE('03/14/2008 12:25:57', 'MM/DD/YYYY HH24:MI:SS'));
Insert into TMP_RACCORDO_ATECO_2002_2007
   (ID_ATECO_02, COD_CATEGORIA_02, ID_ATECO_07, COD_CATEGORIA_07, DT_LOAD)
 Values
   (247, '26.70.2', 248, '23.70.2', TO_DATE('03/14/2008 12:25:57', 'MM/DD/YYYY HH24:MI:SS'));
Insert into TMP_RACCORDO_ATECO_2002_2007
   (ID_ATECO_02, COD_CATEGORIA_02, ID_ATECO_07, COD_CATEGORIA_07, DT_LOAD)
 Values
   (248, '26.70.3', 249, '23.70.3', TO_DATE('03/14/2008 12:25:57', 'MM/DD/YYYY HH24:MI:SS'));
Insert into TMP_RACCORDO_ATECO_2002_2007
   (ID_ATECO_02, COD_CATEGORIA_02, ID_ATECO_07, COD_CATEGORIA_07, DT_LOAD)
 Values
   (249, '26.81.0', 250, '23.91.0', TO_DATE('03/14/2008 12:25:57', 'MM/DD/YYYY HH24:MI:SS'));
Insert into TMP_RACCORDO_ATECO_2002_2007
   (ID_ATECO_02, COD_CATEGORIA_02, ID_ATECO_07, COD_CATEGORIA_07, DT_LOAD)
 Values
   (250, '26.82.0', 251, '23.99.0', TO_DATE('03/14/2008 12:25:57', 'MM/DD/YYYY HH24:MI:SS'));
Insert into TMP_RACCORDO_ATECO_2002_2007
   (ID_ATECO_02, COD_CATEGORIA_02, ID_ATECO_07, COD_CATEGORIA_07, DT_LOAD)
 Values
   (251, '27.10.0', 252, '24.10.0', TO_DATE('03/14/2008 12:25:57', 'MM/DD/YYYY HH24:MI:SS'));
Insert into TMP_RACCORDO_ATECO_2002_2007
   (ID_ATECO_02, COD_CATEGORIA_02, TIPO, ID_ATECO_07, COD_CATEGORIA_07, DT_LOAD)
 Values
   (252, '27.21.0', 'p', 266, '24.51.0', TO_DATE('03/14/2008 12:25:57', 'MM/DD/YYYY HH24:MI:SS'));
Insert into TMP_RACCORDO_ATECO_2002_2007
   (ID_ATECO_02, COD_CATEGORIA_02, TIPO, ID_ATECO_07, COD_CATEGORIA_07, DT_LOAD)
 Values
   (252, '27.21.0', 'p', 267, '24.52.0', TO_DATE('03/14/2008 12:25:57', 'MM/DD/YYYY HH24:MI:SS'));
Insert into TMP_RACCORDO_ATECO_2002_2007
   (ID_ATECO_02, COD_CATEGORIA_02, ID_ATECO_07, COD_CATEGORIA_07, DT_LOAD)
 Values
   (253, '27.22.1', 253, '24.20.1', TO_DATE('03/14/2008 12:25:57', 'MM/DD/YYYY HH24:MI:SS'));
Insert into TMP_RACCORDO_ATECO_2002_2007
   (ID_ATECO_02, COD_CATEGORIA_02, ID_ATECO_07, COD_CATEGORIA_07, DT_LOAD)
 Values
   (254, '27.22.2', 254, '24.20.2', TO_DATE('03/14/2008 12:25:57', 'MM/DD/YYYY HH24:MI:SS'));
Insert into TMP_RACCORDO_ATECO_2002_2007
   (ID_ATECO_02, COD_CATEGORIA_02, ID_ATECO_07, COD_CATEGORIA_07, DT_LOAD)
 Values
   (255, '27.31.0', 255, '24.31.0', TO_DATE('03/14/2008 12:25:57', 'MM/DD/YYYY HH24:MI:SS'));
Insert into TMP_RACCORDO_ATECO_2002_2007
   (ID_ATECO_02, COD_CATEGORIA_02, ID_ATECO_07, COD_CATEGORIA_07, DT_LOAD)
 Values
   (256, '27.32.0', 256, '24.32.0', TO_DATE('03/14/2008 12:25:57', 'MM/DD/YYYY HH24:MI:SS'));
Insert into TMP_RACCORDO_ATECO_2002_2007
   (ID_ATECO_02, COD_CATEGORIA_02, ID_ATECO_07, COD_CATEGORIA_07, DT_LOAD)
 Values
   (257, '27.33.0', 257, '24.33.0', TO_DATE('03/14/2008 12:25:57', 'MM/DD/YYYY HH24:MI:SS'));
Insert into TMP_RACCORDO_ATECO_2002_2007
   (ID_ATECO_02, COD_CATEGORIA_02, ID_ATECO_07, COD_CATEGORIA_07, DT_LOAD)
 Values
   (258, '27.34.0', 259, '24.34.0', TO_DATE('03/14/2008 12:25:57', 'MM/DD/YYYY HH24:MI:SS'));
Insert into TMP_RACCORDO_ATECO_2002_2007
   (ID_ATECO_02, COD_CATEGORIA_02, ID_ATECO_07, COD_CATEGORIA_07, DT_LOAD)
 Values
   (259, '27.41.0', 260, '24.41.0', TO_DATE('03/14/2008 12:25:57', 'MM/DD/YYYY HH24:MI:SS'));
Insert into TMP_RACCORDO_ATECO_2002_2007
   (ID_ATECO_02, COD_CATEGORIA_02, ID_ATECO_07, COD_CATEGORIA_07, DT_LOAD)
 Values
   (260, '27.42.0', 261, '24.42.0', TO_DATE('03/14/2008 12:25:57', 'MM/DD/YYYY HH24:MI:SS'));
Insert into TMP_RACCORDO_ATECO_2002_2007
   (ID_ATECO_02, COD_CATEGORIA_02, ID_ATECO_07, COD_CATEGORIA_07, DT_LOAD)
 Values
   (261, '27.43.0', 262, '24.43.0', TO_DATE('03/14/2008 12:25:57', 'MM/DD/YYYY HH24:MI:SS'));
Insert into TMP_RACCORDO_ATECO_2002_2007
   (ID_ATECO_02, COD_CATEGORIA_02, ID_ATECO_07, COD_CATEGORIA_07, DT_LOAD)
 Values
   (262, '27.44.0', 263, '24.44.0', TO_DATE('03/14/2008 12:25:57', 'MM/DD/YYYY HH24:MI:SS'));
Insert into TMP_RACCORDO_ATECO_2002_2007
   (ID_ATECO_02, COD_CATEGORIA_02, ID_ATECO_07, COD_CATEGORIA_07, DT_LOAD)
 Values
   (263, '27.45.0', 264, '24.45.0', TO_DATE('03/14/2008 12:25:57', 'MM/DD/YYYY HH24:MI:SS'));
Insert into TMP_RACCORDO_ATECO_2002_2007
   (ID_ATECO_02, COD_CATEGORIA_02, ID_ATECO_07, COD_CATEGORIA_07, DT_LOAD)
 Values
   (264, '27.51.0', 266, '24.51.0', TO_DATE('03/14/2008 12:25:57', 'MM/DD/YYYY HH24:MI:SS'));
Insert into TMP_RACCORDO_ATECO_2002_2007
   (ID_ATECO_02, COD_CATEGORIA_02, ID_ATECO_07, COD_CATEGORIA_07, DT_LOAD)
 Values
   (265, '27.52.0', 267, '24.52.0', TO_DATE('03/14/2008 12:25:57', 'MM/DD/YYYY HH24:MI:SS'));
Insert into TMP_RACCORDO_ATECO_2002_2007
   (ID_ATECO_02, COD_CATEGORIA_02, ID_ATECO_07, COD_CATEGORIA_07, DT_LOAD)
 Values
   (266, '27.53.0', 268, '24.53.0', TO_DATE('03/14/2008 12:25:57', 'MM/DD/YYYY HH24:MI:SS'));
Insert into TMP_RACCORDO_ATECO_2002_2007
   (ID_ATECO_02, COD_CATEGORIA_02, ID_ATECO_07, COD_CATEGORIA_07, DT_LOAD)
 Values
   (267, '27.54.0', 269, '24.54.0', TO_DATE('03/14/2008 12:25:57', 'MM/DD/YYYY HH24:MI:SS'));
Insert into TMP_RACCORDO_ATECO_2002_2007
   (ID_ATECO_02, COD_CATEGORIA_02, TIPO, ID_ATECO_07, COD_CATEGORIA_07, DT_LOAD)
 Values
   (268, '28.11.0', 'p', 257, '24.33.0', TO_DATE('03/14/2008 12:25:57', 'MM/DD/YYYY HH24:MI:SS'));
Insert into TMP_RACCORDO_ATECO_2002_2007
   (ID_ATECO_02, COD_CATEGORIA_02, TIPO, ID_ATECO_07, COD_CATEGORIA_07, DT_LOAD)
 Values
   (268, '28.11.0', 'p', 270, '25.11.0', TO_DATE('03/14/2008 12:25:57', 'MM/DD/YYYY HH24:MI:SS'));
Insert into TMP_RACCORDO_ATECO_2002_2007
   (ID_ATECO_02, COD_CATEGORIA_02, TIPO, ID_ATECO_07, COD_CATEGORIA_07, DT_LOAD)
 Values
   (268, '28.11.0', 'p', 440, '33.11.0', TO_DATE('03/14/2008 12:25:57', 'MM/DD/YYYY HH24:MI:SS'));
Insert into TMP_RACCORDO_ATECO_2002_2007
   (ID_ATECO_02, COD_CATEGORIA_02, ID_ATECO_07, COD_CATEGORIA_07, DT_LOAD)
 Values
   (269, '28.12.1', 271, '25.12.1', TO_DATE('03/14/2008 12:25:57', 'MM/DD/YYYY HH24:MI:SS'));
Insert into TMP_RACCORDO_ATECO_2002_2007
   (ID_ATECO_02, COD_CATEGORIA_02, ID_ATECO_07, COD_CATEGORIA_07, DT_LOAD)
 Values
   (270, '28.12.2', 272, '25.12.2', TO_DATE('03/14/2008 12:25:57', 'MM/DD/YYYY HH24:MI:SS'));
Insert into TMP_RACCORDO_ATECO_2002_2007
   (ID_ATECO_02, COD_CATEGORIA_02, TIPO, ID_ATECO_07, COD_CATEGORIA_07, DT_LOAD)
 Values
   (271, '28.21.0', 'p', 274, '25.29.0', TO_DATE('03/14/2008 12:25:57', 'MM/DD/YYYY HH24:MI:SS'));
Insert into TMP_RACCORDO_ATECO_2002_2007
   (ID_ATECO_02, COD_CATEGORIA_02, TIPO, ID_ATECO_07, COD_CATEGORIA_07, DT_LOAD)
 Values
   (271, '28.21.0', 'p', 285, '25.91.0', TO_DATE('03/14/2008 12:25:57', 'MM/DD/YYYY HH24:MI:SS'));
Insert into TMP_RACCORDO_ATECO_2002_2007
   (ID_ATECO_02, COD_CATEGORIA_02, TIPO, ID_ATECO_07, COD_CATEGORIA_07, DT_LOAD)
 Values
   (271, '28.21.0', 'p', 440, '33.11.0', TO_DATE('03/14/2008 12:25:57', 'MM/DD/YYYY HH24:MI:SS'));
Insert into TMP_RACCORDO_ATECO_2002_2007
   (ID_ATECO_02, COD_CATEGORIA_02, TIPO, ID_ATECO_07, COD_CATEGORIA_07, DT_LOAD)
 Values
   (271, '28.21.0', 'p', 477, '33.20.0', TO_DATE('03/14/2008 12:25:57', 'MM/DD/YYYY HH24:MI:SS'));
Insert into TMP_RACCORDO_ATECO_2002_2007
   (ID_ATECO_02, COD_CATEGORIA_02, TIPO, ID_ATECO_07, COD_CATEGORIA_07, DT_LOAD)
 Values
   (272, '28.22.0', 'p', 273, '25.21.0', TO_DATE('03/14/2008 12:25:57', 'MM/DD/YYYY HH24:MI:SS'));
Insert into TMP_RACCORDO_ATECO_2002_2007
   (ID_ATECO_02, COD_CATEGORIA_02, TIPO, ID_ATECO_07, COD_CATEGORIA_07, DT_LOAD)
 Values
   (272, '28.22.0', 'p', 342, '28.21.2', TO_DATE('03/14/2008 12:25:57', 'MM/DD/YYYY HH24:MI:SS'));
Insert into TMP_RACCORDO_ATECO_2002_2007
   (ID_ATECO_02, COD_CATEGORIA_02, TIPO, ID_ATECO_07, COD_CATEGORIA_07, DT_LOAD)
 Values
   (272, '28.22.0', 'p', 440, '33.11.0', TO_DATE('03/14/2008 12:25:57', 'MM/DD/YYYY HH24:MI:SS'));
Insert into TMP_RACCORDO_ATECO_2002_2007
   (ID_ATECO_02, COD_CATEGORIA_02, TIPO, ID_ATECO_07, COD_CATEGORIA_07, DT_LOAD)
 Values
   (273, '28.30.0', 'p', 275, '25.30.0', TO_DATE('03/14/2008 12:25:57', 'MM/DD/YYYY HH24:MI:SS'));
Insert into TMP_RACCORDO_ATECO_2002_2007
   (ID_ATECO_02, COD_CATEGORIA_02, TIPO, ID_ATECO_07, COD_CATEGORIA_07, DT_LOAD)
 Values
   (273, '28.30.0', 'p', 440, '33.11.0', TO_DATE('03/14/2008 12:25:57', 'MM/DD/YYYY HH24:MI:SS'));
Insert into TMP_RACCORDO_ATECO_2002_2007
   (ID_ATECO_02, COD_CATEGORIA_02, TIPO, ID_ATECO_07, COD_CATEGORIA_07, DT_LOAD)
 Values
   (273, '28.30.0', 'p', 477, '33.20.0', TO_DATE('03/14/2008 12:25:57', 'MM/DD/YYYY HH24:MI:SS'));
Insert into TMP_RACCORDO_ATECO_2002_2007
   (ID_ATECO_02, COD_CATEGORIA_02, ID_ATECO_07, COD_CATEGORIA_07, DT_LOAD)
 Values
   (274, '28.40.1', 277, '25.50.0', TO_DATE('03/14/2008 12:25:57', 'MM/DD/YYYY HH24:MI:SS'));
Insert into TMP_RACCORDO_ATECO_2002_2007
   (ID_ATECO_02, COD_CATEGORIA_02, ID_ATECO_07, COD_CATEGORIA_07, DT_LOAD)
 Values
   (275, '28.40.2', 277, '25.50.0', TO_DATE('03/14/2008 12:25:57', 'MM/DD/YYYY HH24:MI:SS'));
Insert into TMP_RACCORDO_ATECO_2002_2007
   (ID_ATECO_02, COD_CATEGORIA_02, ID_ATECO_07, COD_CATEGORIA_07, DT_LOAD)
 Values
   (276, '28.40.3', 277, '25.50.0', TO_DATE('03/14/2008 12:25:57', 'MM/DD/YYYY HH24:MI:SS'));
Insert into TMP_RACCORDO_ATECO_2002_2007
   (ID_ATECO_02, COD_CATEGORIA_02, ID_ATECO_07, COD_CATEGORIA_07, DT_LOAD)
 Values
   (277, '28.40.4', 277, '25.50.0', TO_DATE('03/14/2008 12:25:57', 'MM/DD/YYYY HH24:MI:SS'));
Insert into TMP_RACCORDO_ATECO_2002_2007
   (ID_ATECO_02, COD_CATEGORIA_02, ID_ATECO_07, COD_CATEGORIA_07, DT_LOAD)
 Values
   (278, '28.51.0', 278, '25.61.0', TO_DATE('03/14/2008 12:25:57', 'MM/DD/YYYY HH24:MI:SS'));
Insert into TMP_RACCORDO_ATECO_2002_2007
   (ID_ATECO_02, COD_CATEGORIA_02, TIPO, ID_ATECO_07, COD_CATEGORIA_07, DT_LOAD)
 Values
   (279, '28.52.0', 'p', 279, '25.62.0', TO_DATE('03/14/2008 12:25:57', 'MM/DD/YYYY HH24:MI:SS'));
Insert into TMP_RACCORDO_ATECO_2002_2007
   (ID_ATECO_02, COD_CATEGORIA_02, TIPO, ID_ATECO_07, COD_CATEGORIA_07, DT_LOAD)
 Values
   (279, '28.52.0', 'p', 448, '33.12.1', TO_DATE('03/14/2008 12:25:57', 'MM/DD/YYYY HH24:MI:SS'));
Insert into TMP_RACCORDO_ATECO_2002_2007
   (ID_ATECO_02, COD_CATEGORIA_02, TIPO, ID_ATECO_07, COD_CATEGORIA_07, DT_LOAD)
 Values
   (280, '28.61.0', 'p', 280, '25.71.0', TO_DATE('03/14/2008 12:25:57', 'MM/DD/YYYY HH24:MI:SS'));
Insert into TMP_RACCORDO_ATECO_2002_2007
   (ID_ATECO_02, COD_CATEGORIA_02, TIPO, ID_ATECO_07, COD_CATEGORIA_07, DT_LOAD)
 Values
   (280, '28.61.0', 'p', 440, '33.11.0', TO_DATE('03/14/2008 12:25:57', 'MM/DD/YYYY HH24:MI:SS'));
Insert into TMP_RACCORDO_ATECO_2002_2007
   (ID_ATECO_02, COD_CATEGORIA_02, TIPO, ID_ATECO_07, COD_CATEGORIA_07, DT_LOAD)
 Values
   (281, '28.62.0', 'p', 282, '25.73.1', TO_DATE('03/14/2008 12:25:57', 'MM/DD/YYYY HH24:MI:SS'));
Insert into TMP_RACCORDO_ATECO_2002_2007
   (ID_ATECO_02, COD_CATEGORIA_02, TIPO, ID_ATECO_07, COD_CATEGORIA_07, DT_LOAD)
 Values
   (281, '28.62.0', 'p', 440, '33.11.0', TO_DATE('03/14/2008 12:25:57', 'MM/DD/YYYY HH24:MI:SS'));
Insert into TMP_RACCORDO_ATECO_2002_2007
   (ID_ATECO_02, COD_CATEGORIA_02, TIPO, ID_ATECO_07, COD_CATEGORIA_07, DT_LOAD)
 Values
   (281, '28.62.0', 'p', 460, '33.12.9', TO_DATE('03/14/2008 12:25:57', 'MM/DD/YYYY HH24:MI:SS'));
Insert into TMP_RACCORDO_ATECO_2002_2007
   (ID_ATECO_02, COD_CATEGORIA_02, TIPO, ID_ATECO_07, COD_CATEGORIA_07, DT_LOAD)
 Values
   (282, '28.63.0', 'p', 281, '25.72.0', TO_DATE('03/14/2008 12:25:57', 'MM/DD/YYYY HH24:MI:SS'));
Insert into TMP_RACCORDO_ATECO_2002_2007
   (ID_ATECO_02, COD_CATEGORIA_02, TIPO, ID_ATECO_07, COD_CATEGORIA_07, DT_LOAD)
 Values
   (282, '28.63.0', 'p', 440, '33.11.0', TO_DATE('03/14/2008 12:25:57', 'MM/DD/YYYY HH24:MI:SS'));
Insert into TMP_RACCORDO_ATECO_2002_2007
   (ID_ATECO_02, COD_CATEGORIA_02, TIPO, ID_ATECO_07, COD_CATEGORIA_07, DT_LOAD)
 Values
   (283, '28.71.0', 'p', 285, '25.91.0', TO_DATE('03/14/2008 12:25:57', 'MM/DD/YYYY HH24:MI:SS'));
Insert into TMP_RACCORDO_ATECO_2002_2007
   (ID_ATECO_02, COD_CATEGORIA_02, TIPO, ID_ATECO_07, COD_CATEGORIA_07, DT_LOAD)
 Values
   (283, '28.71.0', 'p', 440, '33.11.0', TO_DATE('03/14/2008 12:25:57', 'MM/DD/YYYY HH24:MI:SS'));
Insert into TMP_RACCORDO_ATECO_2002_2007
   (ID_ATECO_02, COD_CATEGORIA_02, ID_ATECO_07, COD_CATEGORIA_07, DT_LOAD)
 Values
   (284, '28.72.0', 286, '25.92.0', TO_DATE('03/14/2008 12:25:57', 'MM/DD/YYYY HH24:MI:SS'));
Insert into TMP_RACCORDO_ATECO_2002_2007
   (ID_ATECO_02, COD_CATEGORIA_02, ID_ATECO_07, COD_CATEGORIA_07, DT_LOAD)
 Values
   (285, '28.73.0', 287, '25.93.1', TO_DATE('03/14/2008 12:25:57', 'MM/DD/YYYY HH24:MI:SS'));
Insert into TMP_RACCORDO_ATECO_2002_2007
   (ID_ATECO_02, COD_CATEGORIA_02, ID_ATECO_07, COD_CATEGORIA_07, DT_LOAD)
 Values
   (286, '28.74.1', 290, '25.94.0', TO_DATE('03/14/2008 12:25:57', 'MM/DD/YYYY HH24:MI:SS'));
Insert into TMP_RACCORDO_ATECO_2002_2007
   (ID_ATECO_02, COD_CATEGORIA_02, ID_ATECO_07, COD_CATEGORIA_07, DT_LOAD)
 Values
   (287, '28.74.2', 288, '25.93.2', TO_DATE('03/14/2008 12:25:57', 'MM/DD/YYYY HH24:MI:SS'));
Insert into TMP_RACCORDO_ATECO_2002_2007
   (ID_ATECO_02, COD_CATEGORIA_02, ID_ATECO_07, COD_CATEGORIA_07, DT_LOAD)
 Values
   (288, '28.74.3', 289, '25.93.3', TO_DATE('03/14/2008 12:25:57', 'MM/DD/YYYY HH24:MI:SS'));
Insert into TMP_RACCORDO_ATECO_2002_2007
   (ID_ATECO_02, COD_CATEGORIA_02, ID_ATECO_07, COD_CATEGORIA_07, DT_LOAD)
 Values
   (289, '28.75.1', 291, '25.99.1', TO_DATE('03/14/2008 12:25:57', 'MM/DD/YYYY HH24:MI:SS'));
Insert into TMP_RACCORDO_ATECO_2002_2007
   (ID_ATECO_02, COD_CATEGORIA_02, TIPO, ID_ATECO_07, COD_CATEGORIA_07, DT_LOAD)
 Values
   (290, '28.75.2', 'p', 293, '25.99.2', TO_DATE('03/14/2008 12:25:57', 'MM/DD/YYYY HH24:MI:SS'));
Insert into TMP_RACCORDO_ATECO_2002_2007
   (ID_ATECO_02, COD_CATEGORIA_02, TIPO, ID_ATECO_07, COD_CATEGORIA_07, DT_LOAD)
 Values
   (290, '28.75.2', 'p', 440, '33.11.0', TO_DATE('03/14/2008 12:25:57', 'MM/DD/YYYY HH24:MI:SS'));
Insert into TMP_RACCORDO_ATECO_2002_2007
   (ID_ATECO_02, COD_CATEGORIA_02, TIPO, ID_ATECO_07, COD_CATEGORIA_07, DT_LOAD)
 Values
   (290, '28.75.2', 'p', 533, '43.32.0', TO_DATE('03/14/2008 12:25:57', 'MM/DD/YYYY HH24:MI:SS'));
Insert into TMP_RACCORDO_ATECO_2002_2007
   (ID_ATECO_02, COD_CATEGORIA_02, TIPO, ID_ATECO_07, COD_CATEGORIA_07, DT_LOAD)
 Values
   (291, '28.75.3', 'p', 295, '25.99.9', TO_DATE('03/14/2008 12:25:57', 'MM/DD/YYYY HH24:MI:SS'));
Insert into TMP_RACCORDO_ATECO_2002_2007
   (ID_ATECO_02, COD_CATEGORIA_02, TIPO, ID_ATECO_07, COD_CATEGORIA_07, DT_LOAD)
 Values
   (291, '28.75.3', 'p', 431, '32.99.1', TO_DATE('03/14/2008 12:25:57', 'MM/DD/YYYY HH24:MI:SS'));
Insert into TMP_RACCORDO_ATECO_2002_2007
   (ID_ATECO_02, COD_CATEGORIA_02, TIPO, ID_ATECO_07, COD_CATEGORIA_07, DT_LOAD)
 Values
   (292, '28.75.4', 'p', 280, '25.71.0', TO_DATE('03/14/2008 12:25:57', 'MM/DD/YYYY HH24:MI:SS'));
Insert into TMP_RACCORDO_ATECO_2002_2007
   (ID_ATECO_02, COD_CATEGORIA_02, TIPO, ID_ATECO_07, COD_CATEGORIA_07, DT_LOAD)
 Values
   (292, '28.75.4', 'p', 440, '33.11.0', TO_DATE('03/14/2008 12:25:57', 'MM/DD/YYYY HH24:MI:SS'));
Insert into TMP_RACCORDO_ATECO_2002_2007
   (ID_ATECO_02, COD_CATEGORIA_02, TIPO, ID_ATECO_07, COD_CATEGORIA_07, DT_LOAD)
 Values
   (293, '28.75.5', 'p', 40, '01.62.0', TO_DATE('03/14/2008 12:25:57', 'MM/DD/YYYY HH24:MI:SS'));
Insert into TMP_RACCORDO_ATECO_2002_2007
   (ID_ATECO_02, COD_CATEGORIA_02, TIPO, ID_ATECO_07, COD_CATEGORIA_07, DT_LOAD)
 Values
   (293, '28.75.5', 'p', 294, '25.99.3', TO_DATE('03/14/2008 12:25:57', 'MM/DD/YYYY HH24:MI:SS'));
Insert into TMP_RACCORDO_ATECO_2002_2007
   (ID_ATECO_02, COD_CATEGORIA_02, TIPO, ID_ATECO_07, COD_CATEGORIA_07, DT_LOAD)
 Values
   (294, '29.11.1', 'p', 333, '28.11.1', TO_DATE('03/14/2008 12:25:57', 'MM/DD/YYYY HH24:MI:SS'));
Insert into TMP_RACCORDO_ATECO_2002_2007
   (ID_ATECO_02, COD_CATEGORIA_02, TIPO, ID_ATECO_07, COD_CATEGORIA_07, DT_LOAD)
 Values
   (294, '29.11.1', 'p', 448, '33.12.1', TO_DATE('03/14/2008 12:25:57', 'MM/DD/YYYY HH24:MI:SS'));
Insert into TMP_RACCORDO_ATECO_2002_2007
   (ID_ATECO_02, COD_CATEGORIA_02, TIPO, ID_ATECO_07, COD_CATEGORIA_07, DT_LOAD)
 Values
   (294, '29.11.1', 'p', 477, '33.20.0', TO_DATE('03/14/2008 12:25:57', 'MM/DD/YYYY HH24:MI:SS'));
Insert into TMP_RACCORDO_ATECO_2002_2007
   (ID_ATECO_02, COD_CATEGORIA_02, TIPO, ID_ATECO_07, COD_CATEGORIA_07, DT_LOAD)
 Values
   (295, '29.11.2', 'p', 335, '28.11.2', TO_DATE('03/14/2008 12:25:57', 'MM/DD/YYYY HH24:MI:SS'));
Insert into TMP_RACCORDO_ATECO_2002_2007
   (ID_ATECO_02, COD_CATEGORIA_02, TIPO, ID_ATECO_07, COD_CATEGORIA_07, DT_LOAD)
 Values
   (295, '29.11.2', 'p', 448, '33.12.1', TO_DATE('03/14/2008 12:25:57', 'MM/DD/YYYY HH24:MI:SS'));
Insert into TMP_RACCORDO_ATECO_2002_2007
   (ID_ATECO_02, COD_CATEGORIA_02, TIPO, ID_ATECO_07, COD_CATEGORIA_07, DT_LOAD)
 Values
   (295, '29.11.2', 'p', 477, '33.20.0', TO_DATE('03/14/2008 12:25:57', 'MM/DD/YYYY HH24:MI:SS'));
Insert into TMP_RACCORDO_ATECO_2002_2007
   (ID_ATECO_02, COD_CATEGORIA_02, TIPO, ID_ATECO_07, COD_CATEGORIA_07, DT_LOAD)
 Values
   (296, '29.12.0', 'p', 336, '28.12.0', TO_DATE('03/14/2008 12:25:57', 'MM/DD/YYYY HH24:MI:SS'));
Insert into TMP_RACCORDO_ATECO_2002_2007
   (ID_ATECO_02, COD_CATEGORIA_02, TIPO, ID_ATECO_07, COD_CATEGORIA_07, DT_LOAD)
 Values
   (296, '29.12.0', 'p', 337, '28.13.0', TO_DATE('03/14/2008 12:25:57', 'MM/DD/YYYY HH24:MI:SS'));
Insert into TMP_RACCORDO_ATECO_2002_2007
   (ID_ATECO_02, COD_CATEGORIA_02, TIPO, ID_ATECO_07, COD_CATEGORIA_07, DT_LOAD)
 Values
   (296, '29.12.0', 'p', 448, '33.12.1', TO_DATE('03/14/2008 12:25:57', 'MM/DD/YYYY HH24:MI:SS'));
Insert into TMP_RACCORDO_ATECO_2002_2007
   (ID_ATECO_02, COD_CATEGORIA_02, TIPO, ID_ATECO_07, COD_CATEGORIA_07, DT_LOAD)
 Values
   (296, '29.12.0', 'p', 477, '33.20.0', TO_DATE('03/14/2008 12:25:57', 'MM/DD/YYYY HH24:MI:SS'));
Insert into TMP_RACCORDO_ATECO_2002_2007
   (ID_ATECO_02, COD_CATEGORIA_02, TIPO, ID_ATECO_07, COD_CATEGORIA_07, DT_LOAD)
 Values
   (297, '29.13.0', 'p', 336, '28.12.0', TO_DATE('03/14/2008 12:25:57', 'MM/DD/YYYY HH24:MI:SS'));
Insert into TMP_RACCORDO_ATECO_2002_2007
   (ID_ATECO_02, COD_CATEGORIA_02, TIPO, ID_ATECO_07, COD_CATEGORIA_07, DT_LOAD)
 Values
   (297, '29.13.0', 'p', 338, '28.14.0', TO_DATE('03/14/2008 12:25:57', 'MM/DD/YYYY HH24:MI:SS'));
Insert into TMP_RACCORDO_ATECO_2002_2007
   (ID_ATECO_02, COD_CATEGORIA_02, TIPO, ID_ATECO_07, COD_CATEGORIA_07, DT_LOAD)
 Values
   (297, '29.13.0', 'p', 448, '33.12.1', TO_DATE('03/14/2008 12:25:57', 'MM/DD/YYYY HH24:MI:SS'));
Insert into TMP_RACCORDO_ATECO_2002_2007
   (ID_ATECO_02, COD_CATEGORIA_02, TIPO, ID_ATECO_07, COD_CATEGORIA_07, DT_LOAD)
 Values
   (297, '29.13.0', 'p', 477, '33.20.0', TO_DATE('03/14/2008 12:25:57', 'MM/DD/YYYY HH24:MI:SS'));
Insert into TMP_RACCORDO_ATECO_2002_2007
   (ID_ATECO_02, COD_CATEGORIA_02, TIPO, ID_ATECO_07, COD_CATEGORIA_07, DT_LOAD)
 Values
   (298, '29.14.1', 'p', 339, '28.15.1', TO_DATE('03/14/2008 12:25:57', 'MM/DD/YYYY HH24:MI:SS'));
Insert into TMP_RACCORDO_ATECO_2002_2007
   (ID_ATECO_02, COD_CATEGORIA_02, TIPO, ID_ATECO_07, COD_CATEGORIA_07, DT_LOAD)
 Values
   (298, '29.14.1', 'p', 448, '33.12.1', TO_DATE('03/14/2008 12:25:57', 'MM/DD/YYYY HH24:MI:SS'));
Insert into TMP_RACCORDO_ATECO_2002_2007
   (ID_ATECO_02, COD_CATEGORIA_02, ID_ATECO_07, COD_CATEGORIA_07, DT_LOAD)
 Values
   (299, '29.14.2', 340, '28.15.2', TO_DATE('03/14/2008 12:25:57', 'MM/DD/YYYY HH24:MI:SS'));
Insert into TMP_RACCORDO_ATECO_2002_2007
   (ID_ATECO_02, COD_CATEGORIA_02, TIPO, ID_ATECO_07, COD_CATEGORIA_07, DT_LOAD)
 Values
   (300, '29.21.1', 'p', 341, '28.21.1', TO_DATE('03/14/2008 12:25:57', 'MM/DD/YYYY HH24:MI:SS'));
Insert into TMP_RACCORDO_ATECO_2002_2007
   (ID_ATECO_02, COD_CATEGORIA_02, TIPO, ID_ATECO_07, COD_CATEGORIA_07, DT_LOAD)
 Values
   (300, '29.21.1', 'p', 477, '33.20.0', TO_DATE('03/14/2008 12:25:57', 'MM/DD/YYYY HH24:MI:SS'));
Insert into TMP_RACCORDO_ATECO_2002_2007
   (ID_ATECO_02, COD_CATEGORIA_02, ID_ATECO_07, COD_CATEGORIA_07, DT_LOAD)
 Values
   (301, '29.21.2', 449, '33.12.2', TO_DATE('03/14/2008 12:25:57', 'MM/DD/YYYY HH24:MI:SS'));
Insert into TMP_RACCORDO_ATECO_2002_2007
   (ID_ATECO_02, COD_CATEGORIA_02, TIPO, ID_ATECO_07, COD_CATEGORIA_07, DT_LOAD)
 Values
   (302, '29.22.1', 'p', 344, '28.22.0', TO_DATE('03/14/2008 12:25:57', 'MM/DD/YYYY HH24:MI:SS'));
Insert into TMP_RACCORDO_ATECO_2002_2007
   (ID_ATECO_02, COD_CATEGORIA_02, TIPO, ID_ATECO_07, COD_CATEGORIA_07, DT_LOAD)
 Values
   (302, '29.22.1', 'p', 477, '33.20.0', TO_DATE('03/14/2008 12:25:57', 'MM/DD/YYYY HH24:MI:SS'));
Insert into TMP_RACCORDO_ATECO_2002_2007
   (ID_ATECO_02, COD_CATEGORIA_02, TIPO, ID_ATECO_07, COD_CATEGORIA_07, DT_LOAD)
 Values
   (303, '29.22.2', 'p', 450, '33.12.3', TO_DATE('03/14/2008 12:25:57', 'MM/DD/YYYY HH24:MI:SS'));
Insert into TMP_RACCORDO_ATECO_2002_2007
   (ID_ATECO_02, COD_CATEGORIA_02, TIPO, ID_ATECO_07, COD_CATEGORIA_07, DT_LOAD)
 Values
   (303, '29.22.2', 'p', 529, '43.29.0', TO_DATE('03/14/2008 12:25:57', 'MM/DD/YYYY HH24:MI:SS'));
Insert into TMP_RACCORDO_ATECO_2002_2007
   (ID_ATECO_02, COD_CATEGORIA_02, TIPO, ID_ATECO_07, COD_CATEGORIA_07, DT_LOAD)
 Values
   (304, '29.23.1', 'p', 351, '28.25.0', TO_DATE('03/14/2008 12:25:57', 'MM/DD/YYYY HH24:MI:SS'));
Insert into TMP_RACCORDO_ATECO_2002_2007
   (ID_ATECO_02, COD_CATEGORIA_02, TIPO, ID_ATECO_07, COD_CATEGORIA_07, DT_LOAD)
 Values
   (304, '29.23.1', 'p', 477, '33.20.0', TO_DATE('03/14/2008 12:25:57', 'MM/DD/YYYY HH24:MI:SS'));
Insert into TMP_RACCORDO_ATECO_2002_2007
   (ID_ATECO_02, COD_CATEGORIA_02, ID_ATECO_07, COD_CATEGORIA_07, DT_LOAD)
 Values
   (305, '29.23.2', 451, '33.12.4', TO_DATE('03/14/2008 12:25:57', 'MM/DD/YYYY HH24:MI:SS'));
Insert into TMP_RACCORDO_ATECO_2002_2007
   (ID_ATECO_02, COD_CATEGORIA_02, ID_ATECO_07, COD_CATEGORIA_07, DT_LOAD)
 Values
   (306, '29.24.1', 355, '28.29.9', TO_DATE('03/14/2008 12:25:57', 'MM/DD/YYYY HH24:MI:SS'));
Insert into TMP_RACCORDO_ATECO_2002_2007
   (ID_ATECO_02, COD_CATEGORIA_02, TIPO, ID_ATECO_07, COD_CATEGORIA_07, DT_LOAD)
 Values
   (307, '29.24.2', 'p', 352, '28.29.1', TO_DATE('03/14/2008 12:25:57', 'MM/DD/YYYY HH24:MI:SS'));
Insert into TMP_RACCORDO_ATECO_2002_2007
   (ID_ATECO_02, COD_CATEGORIA_02, TIPO, ID_ATECO_07, COD_CATEGORIA_07, DT_LOAD)
 Values
   (307, '29.24.2', 'p', 477, '33.20.0', TO_DATE('03/14/2008 12:25:57', 'MM/DD/YYYY HH24:MI:SS'));
Insert into TMP_RACCORDO_ATECO_2002_2007
   (ID_ATECO_02, COD_CATEGORIA_02, TIPO, ID_ATECO_07, COD_CATEGORIA_07, DT_LOAD)
 Values
   (308, '29.24.3', 'p', 351, '28.25.0', TO_DATE('03/14/2008 12:25:57', 'MM/DD/YYYY HH24:MI:SS'));
Insert into TMP_RACCORDO_ATECO_2002_2007
   (ID_ATECO_02, COD_CATEGORIA_02, TIPO, ID_ATECO_07, COD_CATEGORIA_07, DT_LOAD)
 Values
   (308, '29.24.3', 'p', 355, '28.29.9', TO_DATE('03/14/2008 12:25:57', 'MM/DD/YYYY HH24:MI:SS'));
Insert into TMP_RACCORDO_ATECO_2002_2007
   (ID_ATECO_02, COD_CATEGORIA_02, TIPO, ID_ATECO_07, COD_CATEGORIA_07, DT_LOAD)
 Values
   (308, '29.24.3', 'p', 422, '32.50.1', TO_DATE('03/14/2008 12:25:57', 'MM/DD/YYYY HH24:MI:SS'));
Insert into TMP_RACCORDO_ATECO_2002_2007
   (ID_ATECO_02, COD_CATEGORIA_02, TIPO, ID_ATECO_07, COD_CATEGORIA_07, DT_LOAD)
 Values
   (308, '29.24.3', 'p', 477, '33.20.0', TO_DATE('03/14/2008 12:25:57', 'MM/DD/YYYY HH24:MI:SS'));
Insert into TMP_RACCORDO_ATECO_2002_2007
   (ID_ATECO_02, COD_CATEGORIA_02, TIPO, ID_ATECO_07, COD_CATEGORIA_07, DT_LOAD)
 Values
   (309, '29.24.4', 'p', 353, '28.29.2', TO_DATE('03/14/2008 12:25:57', 'MM/DD/YYYY HH24:MI:SS'));
Insert into TMP_RACCORDO_ATECO_2002_2007
   (ID_ATECO_02, COD_CATEGORIA_02, TIPO, ID_ATECO_07, COD_CATEGORIA_07, DT_LOAD)
 Values
   (309, '29.24.4', 'p', 477, '33.20.0', TO_DATE('03/14/2008 12:25:57', 'MM/DD/YYYY HH24:MI:SS'));
Insert into TMP_RACCORDO_ATECO_2002_2007
   (ID_ATECO_02, COD_CATEGORIA_02, TIPO, ID_ATECO_07, COD_CATEGORIA_07, DT_LOAD)
 Values
   (310, '29.24.5', 'p', 354, '28.29.3', TO_DATE('03/14/2008 12:25:57', 'MM/DD/YYYY HH24:MI:SS'));
Insert into TMP_RACCORDO_ATECO_2002_2007
   (ID_ATECO_02, COD_CATEGORIA_02, TIPO, ID_ATECO_07, COD_CATEGORIA_07, DT_LOAD)
 Values
   (310, '29.24.5', 'p', 477, '33.20.0', TO_DATE('03/14/2008 12:25:57', 'MM/DD/YYYY HH24:MI:SS'));
Insert into TMP_RACCORDO_ATECO_2002_2007
   (ID_ATECO_02, COD_CATEGORIA_02, TIPO, ID_ATECO_07, COD_CATEGORIA_07, DT_LOAD)
 Values
   (311, '29.24.6', 'p', 452, '33.12.5', TO_DATE('03/14/2008 12:25:57', 'MM/DD/YYYY HH24:MI:SS'));
Insert into TMP_RACCORDO_ATECO_2002_2007
   (ID_ATECO_02, COD_CATEGORIA_02, TIPO, ID_ATECO_07, COD_CATEGORIA_07, DT_LOAD)
 Values
   (311, '29.24.6', 'p', 462, '33.13.0', TO_DATE('03/14/2008 12:25:57', 'MM/DD/YYYY HH24:MI:SS'));
Insert into TMP_RACCORDO_ATECO_2002_2007
   (ID_ATECO_02, COD_CATEGORIA_02, ID_ATECO_07, COD_CATEGORIA_07, DT_LOAD)
 Values
   (312, '29.31.1', 359, '28.30.1', TO_DATE('03/14/2008 12:25:57', 'MM/DD/YYYY HH24:MI:SS'));
Insert into TMP_RACCORDO_ATECO_2002_2007
   (ID_ATECO_02, COD_CATEGORIA_02, ID_ATECO_07, COD_CATEGORIA_07, DT_LOAD)
 Values
   (313, '29.31.2', 458, '33.12.6', TO_DATE('03/14/2008 12:25:57', 'MM/DD/YYYY HH24:MI:SS'));
Insert into TMP_RACCORDO_ATECO_2002_2007
   (ID_ATECO_02, COD_CATEGORIA_02, TIPO, ID_ATECO_07, COD_CATEGORIA_07, DT_LOAD)
 Values
   (314, '29.32.1', 'p', 360, '28.30.9', TO_DATE('03/14/2008 12:25:57', 'MM/DD/YYYY HH24:MI:SS'));
Insert into TMP_RACCORDO_ATECO_2002_2007
   (ID_ATECO_02, COD_CATEGORIA_02, TIPO, ID_ATECO_07, COD_CATEGORIA_07, DT_LOAD)
 Values
   (314, '29.32.1', 'p', 367, '28.93.0', TO_DATE('03/14/2008 12:25:57', 'MM/DD/YYYY HH24:MI:SS'));
Insert into TMP_RACCORDO_ATECO_2002_2007
   (ID_ATECO_02, COD_CATEGORIA_02, TIPO, ID_ATECO_07, COD_CATEGORIA_07, DT_LOAD)
 Values
   (315, '29.32.2', 'p', 459, '33.12.7', TO_DATE('03/14/2008 12:25:57', 'MM/DD/YYYY HH24:MI:SS'));
Insert into TMP_RACCORDO_ATECO_2002_2007
   (ID_ATECO_02, COD_CATEGORIA_02, TIPO, ID_ATECO_07, COD_CATEGORIA_07, DT_LOAD)
 Values
   (315, '29.32.2', 'p', 1197, '95.22.0', TO_DATE('03/14/2008 12:25:57', 'MM/DD/YYYY HH24:MI:SS'));
Insert into TMP_RACCORDO_ATECO_2002_2007
   (ID_ATECO_02, COD_CATEGORIA_02, TIPO, ID_ATECO_07, COD_CATEGORIA_07, DT_LOAD)
 Values
   (316, '29.41.0', 'p', 350, '28.24.0', TO_DATE('03/14/2008 12:25:57', 'MM/DD/YYYY HH24:MI:SS'));
Insert into TMP_RACCORDO_ATECO_2002_2007
   (ID_ATECO_02, COD_CATEGORIA_02, TIPO, ID_ATECO_07, COD_CATEGORIA_07, DT_LOAD)
 Values
   (316, '29.41.0', 'p', 452, '33.12.5', TO_DATE('03/14/2008 12:25:57', 'MM/DD/YYYY HH24:MI:SS'));
Insert into TMP_RACCORDO_ATECO_2002_2007
   (ID_ATECO_02, COD_CATEGORIA_02, TIPO, ID_ATECO_07, COD_CATEGORIA_07, DT_LOAD)
 Values
   (317, '29.42.0', 'p', 361, '28.41.0', TO_DATE('03/14/2008 12:25:57', 'MM/DD/YYYY HH24:MI:SS'));
Insert into TMP_RACCORDO_ATECO_2002_2007
   (ID_ATECO_02, COD_CATEGORIA_02, TIPO, ID_ATECO_07, COD_CATEGORIA_07, DT_LOAD)
 Values
   (317, '29.42.0', 'p', 460, '33.12.9', TO_DATE('03/14/2008 12:25:57', 'MM/DD/YYYY HH24:MI:SS'));
Insert into TMP_RACCORDO_ATECO_2002_2007
   (ID_ATECO_02, COD_CATEGORIA_02, TIPO, ID_ATECO_07, COD_CATEGORIA_07, DT_LOAD)
 Values
   (317, '29.42.0', 'p', 477, '33.20.0', TO_DATE('03/14/2008 12:25:57', 'MM/DD/YYYY HH24:MI:SS'));
Insert into TMP_RACCORDO_ATECO_2002_2007
   (ID_ATECO_02, COD_CATEGORIA_02, TIPO, ID_ATECO_07, COD_CATEGORIA_07, DT_LOAD)
 Values
   (318, '29.43.0', 'p', 329, '27.90.0', TO_DATE('03/14/2008 12:25:57', 'MM/DD/YYYY HH24:MI:SS'));
Insert into TMP_RACCORDO_ATECO_2002_2007
   (ID_ATECO_02, COD_CATEGORIA_02, TIPO, ID_ATECO_07, COD_CATEGORIA_07, DT_LOAD)
 Values
   (318, '29.43.0', 'p', 355, '28.29.9', TO_DATE('03/14/2008 12:25:57', 'MM/DD/YYYY HH24:MI:SS'));
Insert into TMP_RACCORDO_ATECO_2002_2007
   (ID_ATECO_02, COD_CATEGORIA_02, TIPO, ID_ATECO_07, COD_CATEGORIA_07, DT_LOAD)
 Values
   (318, '29.43.0', 'p', 362, '28.49.0', TO_DATE('03/14/2008 12:25:57', 'MM/DD/YYYY HH24:MI:SS'));
Insert into TMP_RACCORDO_ATECO_2002_2007
   (ID_ATECO_02, COD_CATEGORIA_02, TIPO, ID_ATECO_07, COD_CATEGORIA_07, DT_LOAD)
 Values
   (318, '29.43.0', 'p', 460, '33.12.9', TO_DATE('03/14/2008 12:25:57', 'MM/DD/YYYY HH24:MI:SS'));
Insert into TMP_RACCORDO_ATECO_2002_2007
   (ID_ATECO_02, COD_CATEGORIA_02, TIPO, ID_ATECO_07, COD_CATEGORIA_07, DT_LOAD)
 Values
   (318, '29.43.0', 'p', 477, '33.20.0', TO_DATE('03/14/2008 12:25:57', 'MM/DD/YYYY HH24:MI:SS'));
Insert into TMP_RACCORDO_ATECO_2002_2007
   (ID_ATECO_02, COD_CATEGORIA_02, TIPO, ID_ATECO_07, COD_CATEGORIA_07, DT_LOAD)
 Values
   (319, '29.51.0', 'p', 364, '28.91.0', TO_DATE('03/14/2008 12:25:57', 'MM/DD/YYYY HH24:MI:SS'));
Insert into TMP_RACCORDO_ATECO_2002_2007
   (ID_ATECO_02, COD_CATEGORIA_02, TIPO, ID_ATECO_07, COD_CATEGORIA_07, DT_LOAD)
 Values
   (319, '29.51.0', 'p', 460, '33.12.9', TO_DATE('03/14/2008 12:25:57', 'MM/DD/YYYY HH24:MI:SS'));
Insert into TMP_RACCORDO_ATECO_2002_2007
   (ID_ATECO_02, COD_CATEGORIA_02, TIPO, ID_ATECO_07, COD_CATEGORIA_07, DT_LOAD)
 Values
   (319, '29.51.0', 'p', 477, '33.20.0', TO_DATE('03/14/2008 12:25:57', 'MM/DD/YYYY HH24:MI:SS'));
Insert into TMP_RACCORDO_ATECO_2002_2007
   (ID_ATECO_02, COD_CATEGORIA_02, TIPO, ID_ATECO_07, COD_CATEGORIA_07, DT_LOAD)
 Values
   (320, '29.52.0', 'p', 365, '28.92.0', TO_DATE('03/14/2008 12:25:57', 'MM/DD/YYYY HH24:MI:SS'));
Insert into TMP_RACCORDO_ATECO_2002_2007
   (ID_ATECO_02, COD_CATEGORIA_02, TIPO, ID_ATECO_07, COD_CATEGORIA_07, DT_LOAD)
 Values
   (320, '29.52.0', 'p', 460, '33.12.9', TO_DATE('03/14/2008 12:25:57', 'MM/DD/YYYY HH24:MI:SS'));
Insert into TMP_RACCORDO_ATECO_2002_2007
   (ID_ATECO_02, COD_CATEGORIA_02, TIPO, ID_ATECO_07, COD_CATEGORIA_07, DT_LOAD)
 Values
   (320, '29.52.0', 'p', 477, '33.20.0', TO_DATE('03/14/2008 12:25:57', 'MM/DD/YYYY HH24:MI:SS'));
Insert into TMP_RACCORDO_ATECO_2002_2007
   (ID_ATECO_02, COD_CATEGORIA_02, TIPO, ID_ATECO_07, COD_CATEGORIA_07, DT_LOAD)
 Values
   (321, '29.53.0', 'p', 310, '26.60.0', TO_DATE('03/14/2008 12:25:57', 'MM/DD/YYYY HH24:MI:SS'));
Insert into TMP_RACCORDO_ATECO_2002_2007
   (ID_ATECO_02, COD_CATEGORIA_02, TIPO, ID_ATECO_07, COD_CATEGORIA_07, DT_LOAD)
 Values
   (321, '29.53.0', 'p', 367, '28.93.0', TO_DATE('03/14/2008 12:25:57', 'MM/DD/YYYY HH24:MI:SS'));
Insert into TMP_RACCORDO_ATECO_2002_2007
   (ID_ATECO_02, COD_CATEGORIA_02, TIPO, ID_ATECO_07, COD_CATEGORIA_07, DT_LOAD)
 Values
   (321, '29.53.0', 'p', 460, '33.12.9', TO_DATE('03/14/2008 12:25:57', 'MM/DD/YYYY HH24:MI:SS'));
Insert into TMP_RACCORDO_ATECO_2002_2007
   (ID_ATECO_02, COD_CATEGORIA_02, TIPO, ID_ATECO_07, COD_CATEGORIA_07, DT_LOAD)
 Values
   (321, '29.53.0', 'p', 477, '33.20.0', TO_DATE('03/14/2008 12:25:57', 'MM/DD/YYYY HH24:MI:SS'));
Insert into TMP_RACCORDO_ATECO_2002_2007
   (ID_ATECO_02, COD_CATEGORIA_02, TIPO, ID_ATECO_07, COD_CATEGORIA_07, DT_LOAD)
 Values
   (322, '29.54.1', 'p', 368, '28.94.1', TO_DATE('03/14/2008 12:25:57', 'MM/DD/YYYY HH24:MI:SS'));
Insert into TMP_RACCORDO_ATECO_2002_2007
   (ID_ATECO_02, COD_CATEGORIA_02, TIPO, ID_ATECO_07, COD_CATEGORIA_07, DT_LOAD)
 Values
   (322, '29.54.1', 'p', 460, '33.12.9', TO_DATE('03/14/2008 12:25:57', 'MM/DD/YYYY HH24:MI:SS'));
Insert into TMP_RACCORDO_ATECO_2002_2007
   (ID_ATECO_02, COD_CATEGORIA_02, TIPO, ID_ATECO_07, COD_CATEGORIA_07, DT_LOAD)
 Values
   (322, '29.54.1', 'p', 477, '33.20.0', TO_DATE('03/14/2008 12:25:57', 'MM/DD/YYYY HH24:MI:SS'));
Insert into TMP_RACCORDO_ATECO_2002_2007
   (ID_ATECO_02, COD_CATEGORIA_02, TIPO, ID_ATECO_07, COD_CATEGORIA_07, DT_LOAD)
 Values
   (323, '29.54.2', 'p', 369, '28.94.2', TO_DATE('03/14/2008 12:25:57', 'MM/DD/YYYY HH24:MI:SS'));
Insert into TMP_RACCORDO_ATECO_2002_2007
   (ID_ATECO_02, COD_CATEGORIA_02, TIPO, ID_ATECO_07, COD_CATEGORIA_07, DT_LOAD)
 Values
   (323, '29.54.2', 'p', 460, '33.12.9', TO_DATE('03/14/2008 12:25:57', 'MM/DD/YYYY HH24:MI:SS'));
Insert into TMP_RACCORDO_ATECO_2002_2007
   (ID_ATECO_02, COD_CATEGORIA_02, TIPO, ID_ATECO_07, COD_CATEGORIA_07, DT_LOAD)
 Values
   (323, '29.54.2', 'p', 477, '33.20.0', TO_DATE('03/14/2008 12:25:57', 'MM/DD/YYYY HH24:MI:SS'));
Insert into TMP_RACCORDO_ATECO_2002_2007
   (ID_ATECO_02, COD_CATEGORIA_02, TIPO, ID_ATECO_07, COD_CATEGORIA_07, DT_LOAD)
 Values
   (324, '29.54.3', 'p', 370, '28.94.3', TO_DATE('03/14/2008 12:25:57', 'MM/DD/YYYY HH24:MI:SS'));
Insert into TMP_RACCORDO_ATECO_2002_2007
   (ID_ATECO_02, COD_CATEGORIA_02, TIPO, ID_ATECO_07, COD_CATEGORIA_07, DT_LOAD)
 Values
   (324, '29.54.3', 'p', 460, '33.12.9', TO_DATE('03/14/2008 12:25:57', 'MM/DD/YYYY HH24:MI:SS'));
Insert into TMP_RACCORDO_ATECO_2002_2007
   (ID_ATECO_02, COD_CATEGORIA_02, TIPO, ID_ATECO_07, COD_CATEGORIA_07, DT_LOAD)
 Values
   (324, '29.54.3', 'p', 477, '33.20.0', TO_DATE('03/14/2008 12:25:57', 'MM/DD/YYYY HH24:MI:SS'));
Insert into TMP_RACCORDO_ATECO_2002_2007
   (ID_ATECO_02, COD_CATEGORIA_02, TIPO, ID_ATECO_07, COD_CATEGORIA_07, DT_LOAD)
 Values
   (325, '29.55.0', 'p', 371, '28.95.0', TO_DATE('03/14/2008 12:25:57', 'MM/DD/YYYY HH24:MI:SS'));
Insert into TMP_RACCORDO_ATECO_2002_2007
   (ID_ATECO_02, COD_CATEGORIA_02, TIPO, ID_ATECO_07, COD_CATEGORIA_07, DT_LOAD)
 Values
   (325, '29.55.0', 'p', 460, '33.12.9', TO_DATE('03/14/2008 12:25:57', 'MM/DD/YYYY HH24:MI:SS'));
Insert into TMP_RACCORDO_ATECO_2002_2007
   (ID_ATECO_02, COD_CATEGORIA_02, TIPO, ID_ATECO_07, COD_CATEGORIA_07, DT_LOAD)
 Values
   (325, '29.55.0', 'p', 477, '33.20.0', TO_DATE('03/14/2008 12:25:57', 'MM/DD/YYYY HH24:MI:SS'));
Insert into TMP_RACCORDO_ATECO_2002_2007
   (ID_ATECO_02, COD_CATEGORIA_02, TIPO, ID_ATECO_07, COD_CATEGORIA_07, DT_LOAD)
 Values
   (326, '29.56.1', 'p', 372, '28.96.0', TO_DATE('03/14/2008 12:25:57', 'MM/DD/YYYY HH24:MI:SS'));
Insert into TMP_RACCORDO_ATECO_2002_2007
   (ID_ATECO_02, COD_CATEGORIA_02, TIPO, ID_ATECO_07, COD_CATEGORIA_07, DT_LOAD)
 Values
   (326, '29.56.1', 'p', 376, '28.99.9', TO_DATE('03/14/2008 12:25:57', 'MM/DD/YYYY HH24:MI:SS'));
Insert into TMP_RACCORDO_ATECO_2002_2007
   (ID_ATECO_02, COD_CATEGORIA_02, TIPO, ID_ATECO_07, COD_CATEGORIA_07, DT_LOAD)
 Values
   (326, '29.56.1', 'p', 460, '33.12.9', TO_DATE('03/14/2008 12:25:57', 'MM/DD/YYYY HH24:MI:SS'));
Insert into TMP_RACCORDO_ATECO_2002_2007
   (ID_ATECO_02, COD_CATEGORIA_02, TIPO, ID_ATECO_07, COD_CATEGORIA_07, DT_LOAD)
 Values
   (326, '29.56.1', 'p', 477, '33.20.0', TO_DATE('03/14/2008 12:25:57', 'MM/DD/YYYY HH24:MI:SS'));
Insert into TMP_RACCORDO_ATECO_2002_2007
   (ID_ATECO_02, COD_CATEGORIA_02, TIPO, ID_ATECO_07, COD_CATEGORIA_07, DT_LOAD)
 Values
   (327, '29.56.2', 'p', 368, '28.94.1', TO_DATE('03/14/2008 12:25:57', 'MM/DD/YYYY HH24:MI:SS'));
Insert into TMP_RACCORDO_ATECO_2002_2007
   (ID_ATECO_02, COD_CATEGORIA_02, TIPO, ID_ATECO_07, COD_CATEGORIA_07, DT_LOAD)
 Values
   (327, '29.56.2', 'p', 373, '28.99.1', TO_DATE('03/14/2008 12:25:57', 'MM/DD/YYYY HH24:MI:SS'));
Insert into TMP_RACCORDO_ATECO_2002_2007
   (ID_ATECO_02, COD_CATEGORIA_02, TIPO, ID_ATECO_07, COD_CATEGORIA_07, DT_LOAD)
 Values
   (327, '29.56.2', 'p', 460, '33.12.9', TO_DATE('03/14/2008 12:25:57', 'MM/DD/YYYY HH24:MI:SS'));
Insert into TMP_RACCORDO_ATECO_2002_2007
   (ID_ATECO_02, COD_CATEGORIA_02, TIPO, ID_ATECO_07, COD_CATEGORIA_07, DT_LOAD)
 Values
   (327, '29.56.2', 'p', 477, '33.20.0', TO_DATE('03/14/2008 12:25:57', 'MM/DD/YYYY HH24:MI:SS'));
Insert into TMP_RACCORDO_ATECO_2002_2007
   (ID_ATECO_02, COD_CATEGORIA_02, TIPO, ID_ATECO_07, COD_CATEGORIA_07, DT_LOAD)
 Values
   (328, '29.56.3', 'p', 284, '25.73.2', TO_DATE('03/14/2008 12:25:57', 'MM/DD/YYYY HH24:MI:SS'));
Insert into TMP_RACCORDO_ATECO_2002_2007
   (ID_ATECO_02, COD_CATEGORIA_02, TIPO, ID_ATECO_07, COD_CATEGORIA_07, DT_LOAD)
 Values
   (328, '29.56.3', 'p', 440, '33.11.0', TO_DATE('03/14/2008 12:25:57', 'MM/DD/YYYY HH24:MI:SS'));
Insert into TMP_RACCORDO_ATECO_2002_2007
   (ID_ATECO_02, COD_CATEGORIA_02, TIPO, ID_ATECO_07, COD_CATEGORIA_07, DT_LOAD)
 Values
   (329, '29.56.4', 'p', 374, '28.99.2', TO_DATE('03/14/2008 12:25:57', 'MM/DD/YYYY HH24:MI:SS'));
Insert into TMP_RACCORDO_ATECO_2002_2007
   (ID_ATECO_02, COD_CATEGORIA_02, TIPO, ID_ATECO_07, COD_CATEGORIA_07, DT_LOAD)
 Values
   (329, '29.56.4', 'p', 460, '33.12.9', TO_DATE('03/14/2008 12:25:57', 'MM/DD/YYYY HH24:MI:SS'));
Insert into TMP_RACCORDO_ATECO_2002_2007
   (ID_ATECO_02, COD_CATEGORIA_02, TIPO, ID_ATECO_07, COD_CATEGORIA_07, DT_LOAD)
 Values
   (329, '29.56.4', 'p', 477, '33.20.0', TO_DATE('03/14/2008 12:25:57', 'MM/DD/YYYY HH24:MI:SS'));
Insert into TMP_RACCORDO_ATECO_2002_2007
   (ID_ATECO_02, COD_CATEGORIA_02, TIPO, ID_ATECO_07, COD_CATEGORIA_07, DT_LOAD)
 Values
   (330, '29.60.0', 'p', 276, '25.40.0', TO_DATE('03/14/2008 12:25:57', 'MM/DD/YYYY HH24:MI:SS'));
Insert into TMP_RACCORDO_ATECO_2002_2007
   (ID_ATECO_02, COD_CATEGORIA_02, TIPO, ID_ATECO_07, COD_CATEGORIA_07, DT_LOAD)
 Values
   (330, '29.60.0', 'p', 390, '30.30.0', TO_DATE('03/14/2008 12:25:57', 'MM/DD/YYYY HH24:MI:SS'));
Insert into TMP_RACCORDO_ATECO_2002_2007
   (ID_ATECO_02, COD_CATEGORIA_02, TIPO, ID_ATECO_07, COD_CATEGORIA_07, DT_LOAD)
 Values
   (330, '29.60.0', 'p', 393, '30.40.0', TO_DATE('03/14/2008 12:25:57', 'MM/DD/YYYY HH24:MI:SS'));
Insert into TMP_RACCORDO_ATECO_2002_2007
   (ID_ATECO_02, COD_CATEGORIA_02, TIPO, ID_ATECO_07, COD_CATEGORIA_07, DT_LOAD)
 Values
   (330, '29.60.0', 'p', 440, '33.11.0', TO_DATE('03/14/2008 12:25:57', 'MM/DD/YYYY HH24:MI:SS'));
Insert into TMP_RACCORDO_ATECO_2002_2007
   (ID_ATECO_02, COD_CATEGORIA_02, TIPO, ID_ATECO_07, COD_CATEGORIA_07, DT_LOAD)
 Values
   (331, '29.71.0', 'p', 327, '27.51.0', TO_DATE('03/14/2008 12:25:57', 'MM/DD/YYYY HH24:MI:SS'));
Insert into TMP_RACCORDO_ATECO_2002_2007
   (ID_ATECO_02, COD_CATEGORIA_02, TIPO, ID_ATECO_07, COD_CATEGORIA_07, DT_LOAD)
 Values
   (331, '29.71.0', 'p', 342, '28.21.2', TO_DATE('03/14/2008 12:25:57', 'MM/DD/YYYY HH24:MI:SS'));
Insert into TMP_RACCORDO_ATECO_2002_2007
   (ID_ATECO_02, COD_CATEGORIA_02, TIPO, ID_ATECO_07, COD_CATEGORIA_07, DT_LOAD)
 Values
   (331, '29.71.0', 'p', 351, '28.25.0', TO_DATE('03/14/2008 12:25:57', 'MM/DD/YYYY HH24:MI:SS'));
Insert into TMP_RACCORDO_ATECO_2002_2007
   (ID_ATECO_02, COD_CATEGORIA_02, TIPO, ID_ATECO_07, COD_CATEGORIA_07, DT_LOAD)
 Values
   (331, '29.71.0', 'p', 467, '33.14.0', TO_DATE('03/14/2008 12:25:57', 'MM/DD/YYYY HH24:MI:SS'));
Insert into TMP_RACCORDO_ATECO_2002_2007
   (ID_ATECO_02, COD_CATEGORIA_02, TIPO, ID_ATECO_07, COD_CATEGORIA_07, DT_LOAD)
 Values
   (332, '29.72.0', 'p', 328, '27.52.0', TO_DATE('03/14/2008 12:25:57', 'MM/DD/YYYY HH24:MI:SS'));
Insert into TMP_RACCORDO_ATECO_2002_2007
   (ID_ATECO_02, COD_CATEGORIA_02, TIPO, ID_ATECO_07, COD_CATEGORIA_07, DT_LOAD)
 Values
   (332, '29.72.0', 'p', 342, '28.21.2', TO_DATE('03/14/2008 12:25:57', 'MM/DD/YYYY HH24:MI:SS'));
Insert into TMP_RACCORDO_ATECO_2002_2007
   (ID_ATECO_02, COD_CATEGORIA_02, TIPO, ID_ATECO_07, COD_CATEGORIA_07, DT_LOAD)
 Values
   (333, '30.01.0', 'p', 300, '26.20.0', TO_DATE('03/14/2008 12:25:57', 'MM/DD/YYYY HH24:MI:SS'));
Insert into TMP_RACCORDO_ATECO_2002_2007
   (ID_ATECO_02, COD_CATEGORIA_02, TIPO, ID_ATECO_07, COD_CATEGORIA_07, DT_LOAD)
 Values
   (333, '30.01.0', 'p', 348, '28.23.0', TO_DATE('03/14/2008 12:25:57', 'MM/DD/YYYY HH24:MI:SS'));
Insert into TMP_RACCORDO_ATECO_2002_2007
   (ID_ATECO_02, COD_CATEGORIA_02, TIPO, ID_ATECO_07, COD_CATEGORIA_07, DT_LOAD)
 Values
   (333, '30.01.0', 'p', 477, '33.20.0', TO_DATE('03/14/2008 12:25:57', 'MM/DD/YYYY HH24:MI:SS'));
Insert into TMP_RACCORDO_ATECO_2002_2007
   (ID_ATECO_02, COD_CATEGORIA_02, TIPO, ID_ATECO_07, COD_CATEGORIA_07, DT_LOAD)
 Values
   (334, '30.02.0', 'p', 300, '26.20.0', TO_DATE('03/14/2008 12:25:57', 'MM/DD/YYYY HH24:MI:SS'));
Insert into TMP_RACCORDO_ATECO_2002_2007
   (ID_ATECO_02, COD_CATEGORIA_02, TIPO, ID_ATECO_07, COD_CATEGORIA_07, DT_LOAD)
 Values
   (334, '30.02.0', 'p', 477, '33.20.0', TO_DATE('03/14/2008 12:25:57', 'MM/DD/YYYY HH24:MI:SS'));
Insert into TMP_RACCORDO_ATECO_2002_2007
   (ID_ATECO_02, COD_CATEGORIA_02, TIPO, ID_ATECO_07, COD_CATEGORIA_07, DT_LOAD)
 Values
   (334, '30.02.0', 'p', 921, '62.09.0', TO_DATE('03/14/2008 12:25:57', 'MM/DD/YYYY HH24:MI:SS'));
Insert into TMP_RACCORDO_ATECO_2002_2007
   (ID_ATECO_02, COD_CATEGORIA_02, TIPO, ID_ATECO_07, COD_CATEGORIA_07, DT_LOAD)
 Values
   (335, '31.10.1', 'p', 297, '26.11.0', TO_DATE('03/14/2008 12:25:57', 'MM/DD/YYYY HH24:MI:SS'));
Insert into TMP_RACCORDO_ATECO_2002_2007
   (ID_ATECO_02, COD_CATEGORIA_02, TIPO, ID_ATECO_07, COD_CATEGORIA_07, DT_LOAD)
 Values
   (335, '31.10.1', 'p', 317, '27.11.0', TO_DATE('03/14/2008 12:25:57', 'MM/DD/YYYY HH24:MI:SS'));
Insert into TMP_RACCORDO_ATECO_2002_2007
   (ID_ATECO_02, COD_CATEGORIA_02, TIPO, ID_ATECO_07, COD_CATEGORIA_07, DT_LOAD)
 Values
   (336, '31.10.2', 'p', 467, '33.14.0', TO_DATE('03/14/2008 12:25:57', 'MM/DD/YYYY HH24:MI:SS'));
Insert into TMP_RACCORDO_ATECO_2002_2007
   (ID_ATECO_02, COD_CATEGORIA_02, TIPO, ID_ATECO_07, COD_CATEGORIA_07, DT_LOAD)
 Values
   (336, '31.10.2', 'p', 477, '33.20.0', TO_DATE('03/14/2008 12:25:57', 'MM/DD/YYYY HH24:MI:SS'));
Insert into TMP_RACCORDO_ATECO_2002_2007
   (ID_ATECO_02, COD_CATEGORIA_02, TIPO, ID_ATECO_07, COD_CATEGORIA_07, DT_LOAD)
 Values
   (337, '31.20.1', 'p', 297, '26.11.0', TO_DATE('03/14/2008 12:25:57', 'MM/DD/YYYY HH24:MI:SS'));
Insert into TMP_RACCORDO_ATECO_2002_2007
   (ID_ATECO_02, COD_CATEGORIA_02, TIPO, ID_ATECO_07, COD_CATEGORIA_07, DT_LOAD)
 Values
   (337, '31.20.1', 'p', 317, '27.11.0', TO_DATE('03/14/2008 12:25:57', 'MM/DD/YYYY HH24:MI:SS'));
Insert into TMP_RACCORDO_ATECO_2002_2007
   (ID_ATECO_02, COD_CATEGORIA_02, TIPO, ID_ATECO_07, COD_CATEGORIA_07, DT_LOAD)
 Values
   (337, '31.20.1', 'p', 318, '27.12.0', TO_DATE('03/14/2008 12:25:57', 'MM/DD/YYYY HH24:MI:SS'));
Insert into TMP_RACCORDO_ATECO_2002_2007
   (ID_ATECO_02, COD_CATEGORIA_02, TIPO, ID_ATECO_07, COD_CATEGORIA_07, DT_LOAD)
 Values
   (337, '31.20.1', 'p', 323, '27.33.0', TO_DATE('03/14/2008 12:25:57', 'MM/DD/YYYY HH24:MI:SS'));
Insert into TMP_RACCORDO_ATECO_2002_2007
   (ID_ATECO_02, COD_CATEGORIA_02, TIPO, ID_ATECO_07, COD_CATEGORIA_07, DT_LOAD)
 Values
   (337, '31.20.1', 'p', 329, '27.90.0', TO_DATE('03/14/2008 12:25:57', 'MM/DD/YYYY HH24:MI:SS'));
Insert into TMP_RACCORDO_ATECO_2002_2007
   (ID_ATECO_02, COD_CATEGORIA_02, TIPO, ID_ATECO_07, COD_CATEGORIA_07, DT_LOAD)
 Values
   (338, '31.20.2', 'p', 467, '33.14.0', TO_DATE('03/14/2008 12:25:57', 'MM/DD/YYYY HH24:MI:SS'));
Insert into TMP_RACCORDO_ATECO_2002_2007
   (ID_ATECO_02, COD_CATEGORIA_02, TIPO, ID_ATECO_07, COD_CATEGORIA_07, DT_LOAD)
 Values
   (338, '31.20.2', 'p', 477, '33.20.0', TO_DATE('03/14/2008 12:25:57', 'MM/DD/YYYY HH24:MI:SS'));
Insert into TMP_RACCORDO_ATECO_2002_2007
   (ID_ATECO_02, COD_CATEGORIA_02, TIPO, ID_ATECO_07, COD_CATEGORIA_07, DT_LOAD)
 Values
   (339, '31.30.0', 'p', 297, '26.11.0', TO_DATE('03/14/2008 12:25:57', 'MM/DD/YYYY HH24:MI:SS'));
Insert into TMP_RACCORDO_ATECO_2002_2007
   (ID_ATECO_02, COD_CATEGORIA_02, TIPO, ID_ATECO_07, COD_CATEGORIA_07, DT_LOAD)
 Values
   (339, '31.30.0', 'p', 320, '27.31.0', TO_DATE('03/14/2008 12:25:57', 'MM/DD/YYYY HH24:MI:SS'));
Insert into TMP_RACCORDO_ATECO_2002_2007
   (ID_ATECO_02, COD_CATEGORIA_02, TIPO, ID_ATECO_07, COD_CATEGORIA_07, DT_LOAD)
 Values
   (339, '31.30.0', 'p', 322, '27.32.0', TO_DATE('03/14/2008 12:25:57', 'MM/DD/YYYY HH24:MI:SS'));
Insert into TMP_RACCORDO_ATECO_2002_2007
   (ID_ATECO_02, COD_CATEGORIA_02, TIPO, ID_ATECO_07, COD_CATEGORIA_07, DT_LOAD)
 Values
   (339, '31.30.0', 'p', 323, '27.33.0', TO_DATE('03/14/2008 12:25:57', 'MM/DD/YYYY HH24:MI:SS'));
Insert into TMP_RACCORDO_ATECO_2002_2007
   (ID_ATECO_02, COD_CATEGORIA_02, TIPO, ID_ATECO_07, COD_CATEGORIA_07, DT_LOAD)
 Values
   (339, '31.30.0', 'p', 329, '27.90.0', TO_DATE('03/14/2008 12:25:57', 'MM/DD/YYYY HH24:MI:SS'));
Insert into TMP_RACCORDO_ATECO_2002_2007
   (ID_ATECO_02, COD_CATEGORIA_02, ID_ATECO_07, COD_CATEGORIA_07, DT_LOAD)
 Values
   (340, '31.40.0', 319, '27.20.0', TO_DATE('03/14/2008 12:25:57', 'MM/DD/YYYY HH24:MI:SS'));
Insert into TMP_RACCORDO_ATECO_2002_2007
   (ID_ATECO_02, COD_CATEGORIA_02, TIPO, ID_ATECO_07, COD_CATEGORIA_07, DT_LOAD)
 Values
   (341, '31.50.0', 'p', 325, '27.40.0', TO_DATE('03/14/2008 12:25:57', 'MM/DD/YYYY HH24:MI:SS'));
Insert into TMP_RACCORDO_ATECO_2002_2007
   (ID_ATECO_02, COD_CATEGORIA_02, TIPO, ID_ATECO_07, COD_CATEGORIA_07, DT_LOAD)
 Values
   (341, '31.50.0', 'p', 329, '27.90.0', TO_DATE('03/14/2008 12:25:57', 'MM/DD/YYYY HH24:MI:SS'));
Insert into TMP_RACCORDO_ATECO_2002_2007
   (ID_ATECO_02, COD_CATEGORIA_02, TIPO, ID_ATECO_07, COD_CATEGORIA_07, DT_LOAD)
 Values
   (342, '31.61.0', 'p', 325, '27.40.0', TO_DATE('03/14/2008 12:25:57', 'MM/DD/YYYY HH24:MI:SS'));
Insert into TMP_RACCORDO_ATECO_2002_2007
   (ID_ATECO_02, COD_CATEGORIA_02, TIPO, ID_ATECO_07, COD_CATEGORIA_07, DT_LOAD)
 Values
   (342, '31.61.0', 'p', 329, '27.90.0', TO_DATE('03/14/2008 12:25:57', 'MM/DD/YYYY HH24:MI:SS'));
Insert into TMP_RACCORDO_ATECO_2002_2007
   (ID_ATECO_02, COD_CATEGORIA_02, TIPO, ID_ATECO_07, COD_CATEGORIA_07, DT_LOAD)
 Values
   (342, '31.61.0', 'p', 382, '29.31.0', TO_DATE('03/14/2008 12:25:57', 'MM/DD/YYYY HH24:MI:SS'));
Insert into TMP_RACCORDO_ATECO_2002_2007
   (ID_ATECO_02, COD_CATEGORIA_02, TIPO, ID_ATECO_07, COD_CATEGORIA_07, DT_LOAD)
 Values
   (343, '31.62.1', 'p', 295, '25.99.9', TO_DATE('03/14/2008 12:25:57', 'MM/DD/YYYY HH24:MI:SS'));
Insert into TMP_RACCORDO_ATECO_2002_2007
   (ID_ATECO_02, COD_CATEGORIA_02, TIPO, ID_ATECO_07, COD_CATEGORIA_07, DT_LOAD)
 Values
   (343, '31.62.1', 'p', 302, '26.30.2', TO_DATE('03/14/2008 12:25:57', 'MM/DD/YYYY HH24:MI:SS'));
Insert into TMP_RACCORDO_ATECO_2002_2007
   (ID_ATECO_02, COD_CATEGORIA_02, TIPO, ID_ATECO_07, COD_CATEGORIA_07, DT_LOAD)
 Values
   (343, '31.62.1', 'p', 307, '26.51.2', TO_DATE('03/14/2008 12:25:57', 'MM/DD/YYYY HH24:MI:SS'));
Insert into TMP_RACCORDO_ATECO_2002_2007
   (ID_ATECO_02, COD_CATEGORIA_02, TIPO, ID_ATECO_07, COD_CATEGORIA_07, DT_LOAD)
 Values
   (343, '31.62.1', 'p', 329, '27.90.0', TO_DATE('03/14/2008 12:25:57', 'MM/DD/YYYY HH24:MI:SS'));
Insert into TMP_RACCORDO_ATECO_2002_2007
   (ID_ATECO_02, COD_CATEGORIA_02, TIPO, ID_ATECO_07, COD_CATEGORIA_07, DT_LOAD)
 Values
   (343, '31.62.1', 'p', 362, '28.49.0', TO_DATE('03/14/2008 12:25:57', 'MM/DD/YYYY HH24:MI:SS'));
Insert into TMP_RACCORDO_ATECO_2002_2007
   (ID_ATECO_02, COD_CATEGORIA_02, TIPO, ID_ATECO_07, COD_CATEGORIA_07, DT_LOAD)
 Values
   (343, '31.62.1', 'p', 462, '33.13.0', TO_DATE('03/14/2008 12:25:57', 'MM/DD/YYYY HH24:MI:SS'));
Insert into TMP_RACCORDO_ATECO_2002_2007
   (ID_ATECO_02, COD_CATEGORIA_02, TIPO, ID_ATECO_07, COD_CATEGORIA_07, DT_LOAD)
 Values
   (343, '31.62.1', 'p', 467, '33.14.0', TO_DATE('03/14/2008 12:25:57', 'MM/DD/YYYY HH24:MI:SS'));
Insert into TMP_RACCORDO_ATECO_2002_2007
   (ID_ATECO_02, COD_CATEGORIA_02, ID_ATECO_07, COD_CATEGORIA_07, DT_LOAD)
 Values
   (344, '31.62.2', 477, '33.20.0', TO_DATE('03/14/2008 12:25:57', 'MM/DD/YYYY HH24:MI:SS'));
Insert into TMP_RACCORDO_ATECO_2002_2007
   (ID_ATECO_02, COD_CATEGORIA_02, TIPO, ID_ATECO_07, COD_CATEGORIA_07, DT_LOAD)
 Values
   (345, '32.10.0', 'p', 297, '26.11.0', TO_DATE('03/14/2008 12:25:57', 'MM/DD/YYYY HH24:MI:SS'));
Insert into TMP_RACCORDO_ATECO_2002_2007
   (ID_ATECO_02, COD_CATEGORIA_02, TIPO, ID_ATECO_07, COD_CATEGORIA_07, DT_LOAD)
 Values
   (345, '32.10.0', 'p', 299, '26.12.0', TO_DATE('03/14/2008 12:25:57', 'MM/DD/YYYY HH24:MI:SS'));
Insert into TMP_RACCORDO_ATECO_2002_2007
   (ID_ATECO_02, COD_CATEGORIA_02, TIPO, ID_ATECO_07, COD_CATEGORIA_07, DT_LOAD)
 Values
   (345, '32.10.0', 'p', 329, '27.90.0', TO_DATE('03/14/2008 12:25:57', 'MM/DD/YYYY HH24:MI:SS'));
Insert into TMP_RACCORDO_ATECO_2002_2007
   (ID_ATECO_02, COD_CATEGORIA_02, TIPO, ID_ATECO_07, COD_CATEGORIA_07, DT_LOAD)
 Values
   (345, '32.10.0', 'p', 462, '33.13.0', TO_DATE('03/14/2008 12:25:57', 'MM/DD/YYYY HH24:MI:SS'));
Insert into TMP_RACCORDO_ATECO_2002_2007
   (ID_ATECO_02, COD_CATEGORIA_02, TIPO, ID_ATECO_07, COD_CATEGORIA_07, DT_LOAD)
 Values
   (346, '32.20.1', 'p', 301, '26.30.1', TO_DATE('03/14/2008 12:25:57', 'MM/DD/YYYY HH24:MI:SS'));
Insert into TMP_RACCORDO_ATECO_2002_2007
   (ID_ATECO_02, COD_CATEGORIA_02, TIPO, ID_ATECO_07, COD_CATEGORIA_07, DT_LOAD)
 Values
   (346, '32.20.1', 'p', 477, '33.20.0', TO_DATE('03/14/2008 12:25:57', 'MM/DD/YYYY HH24:MI:SS'));
Insert into TMP_RACCORDO_ATECO_2002_2007
   (ID_ATECO_02, COD_CATEGORIA_02, TIPO, ID_ATECO_07, COD_CATEGORIA_07, DT_LOAD)
 Values
   (347, '32.20.2', 'p', 302, '26.30.2', TO_DATE('03/14/2008 12:25:57', 'MM/DD/YYYY HH24:MI:SS'));
Insert into TMP_RACCORDO_ATECO_2002_2007
   (ID_ATECO_02, COD_CATEGORIA_02, TIPO, ID_ATECO_07, COD_CATEGORIA_07, DT_LOAD)
 Values
   (347, '32.20.2', 'p', 477, '33.20.0', TO_DATE('03/14/2008 12:25:57', 'MM/DD/YYYY HH24:MI:SS'));
Insert into TMP_RACCORDO_ATECO_2002_2007
   (ID_ATECO_02, COD_CATEGORIA_02, ID_ATECO_07, COD_CATEGORIA_07, DT_LOAD)
 Values
   (348, '32.20.3', 1194, '95.12.0', TO_DATE('03/14/2008 12:25:57', 'MM/DD/YYYY HH24:MI:SS'));
Insert into TMP_RACCORDO_ATECO_2002_2007
   (ID_ATECO_02, COD_CATEGORIA_02, TIPO, ID_ATECO_07, COD_CATEGORIA_07, DT_LOAD)
 Values
   (349, '32.30.0', 'p', 300, '26.20.0', TO_DATE('03/14/2008 12:25:57', 'MM/DD/YYYY HH24:MI:SS'));
Insert into TMP_RACCORDO_ATECO_2002_2007
   (ID_ATECO_02, COD_CATEGORIA_02, TIPO, ID_ATECO_07, COD_CATEGORIA_07, DT_LOAD)
 Values
   (349, '32.30.0', 'p', 302, '26.30.2', TO_DATE('03/14/2008 12:25:57', 'MM/DD/YYYY HH24:MI:SS'));
Insert into TMP_RACCORDO_ATECO_2002_2007
   (ID_ATECO_02, COD_CATEGORIA_02, TIPO, ID_ATECO_07, COD_CATEGORIA_07, DT_LOAD)
 Values
   (349, '32.30.0', 'p', 304, '26.40.0', TO_DATE('03/14/2008 12:25:57', 'MM/DD/YYYY HH24:MI:SS'));
Insert into TMP_RACCORDO_ATECO_2002_2007
   (ID_ATECO_02, COD_CATEGORIA_02, TIPO, ID_ATECO_07, COD_CATEGORIA_07, DT_LOAD)
 Values
   (349, '32.30.0', 'p', 348, '28.23.0', TO_DATE('03/14/2008 12:25:57', 'MM/DD/YYYY HH24:MI:SS'));
Insert into TMP_RACCORDO_ATECO_2002_2007
   (ID_ATECO_02, COD_CATEGORIA_02, TIPO, ID_ATECO_07, COD_CATEGORIA_07, DT_LOAD)
 Values
   (349, '32.30.0', 'p', 462, '33.13.0', TO_DATE('03/14/2008 12:25:57', 'MM/DD/YYYY HH24:MI:SS'));
Insert into TMP_RACCORDO_ATECO_2002_2007
   (ID_ATECO_02, COD_CATEGORIA_02, TIPO, ID_ATECO_07, COD_CATEGORIA_07, DT_LOAD)
 Values
   (350, '33.10.1', 'p', 310, '26.60.0', TO_DATE('03/14/2008 12:25:57', 'MM/DD/YYYY HH24:MI:SS'));
Insert into TMP_RACCORDO_ATECO_2002_2007
   (ID_ATECO_02, COD_CATEGORIA_02, TIPO, ID_ATECO_07, COD_CATEGORIA_07, DT_LOAD)
 Values
   (350, '33.10.1', 'p', 422, '32.50.1', TO_DATE('03/14/2008 12:25:57', 'MM/DD/YYYY HH24:MI:SS'));
Insert into TMP_RACCORDO_ATECO_2002_2007
   (ID_ATECO_02, COD_CATEGORIA_02, TIPO, ID_ATECO_07, COD_CATEGORIA_07, DT_LOAD)
 Values
   (350, '33.10.1', 'p', 462, '33.13.0', TO_DATE('03/14/2008 12:25:57', 'MM/DD/YYYY HH24:MI:SS'));
Insert into TMP_RACCORDO_ATECO_2002_2007
   (ID_ATECO_02, COD_CATEGORIA_02, TIPO, ID_ATECO_07, COD_CATEGORIA_07, DT_LOAD)
 Values
   (350, '33.10.1', 'p', 477, '33.20.0', TO_DATE('03/14/2008 12:25:57', 'MM/DD/YYYY HH24:MI:SS'));
Insert into TMP_RACCORDO_ATECO_2002_2007
   (ID_ATECO_02, COD_CATEGORIA_02, TIPO, ID_ATECO_07, COD_CATEGORIA_07, DT_LOAD)
 Values
   (351, '33.10.2', 'p', 310, '26.60.0', TO_DATE('03/14/2008 12:25:57', 'MM/DD/YYYY HH24:MI:SS'));
Insert into TMP_RACCORDO_ATECO_2002_2007
   (ID_ATECO_02, COD_CATEGORIA_02, TIPO, ID_ATECO_07, COD_CATEGORIA_07, DT_LOAD)
 Values
   (351, '33.10.2', 'p', 375, '28.99.3', TO_DATE('03/14/2008 12:25:57', 'MM/DD/YYYY HH24:MI:SS'));
Insert into TMP_RACCORDO_ATECO_2002_2007
   (ID_ATECO_02, COD_CATEGORIA_02, TIPO, ID_ATECO_07, COD_CATEGORIA_07, DT_LOAD)
 Values
   (351, '33.10.2', 'p', 422, '32.50.1', TO_DATE('03/14/2008 12:25:57', 'MM/DD/YYYY HH24:MI:SS'));
Insert into TMP_RACCORDO_ATECO_2002_2007
   (ID_ATECO_02, COD_CATEGORIA_02, TIPO, ID_ATECO_07, COD_CATEGORIA_07, DT_LOAD)
 Values
   (351, '33.10.2', 'p', 431, '32.99.1', TO_DATE('03/14/2008 12:25:57', 'MM/DD/YYYY HH24:MI:SS'));
Insert into TMP_RACCORDO_ATECO_2002_2007
   (ID_ATECO_02, COD_CATEGORIA_02, TIPO, ID_ATECO_07, COD_CATEGORIA_07, DT_LOAD)
 Values
   (351, '33.10.2', 'p', 462, '33.13.0', TO_DATE('03/14/2008 12:25:57', 'MM/DD/YYYY HH24:MI:SS'));
Insert into TMP_RACCORDO_ATECO_2002_2007
   (ID_ATECO_02, COD_CATEGORIA_02, TIPO, ID_ATECO_07, COD_CATEGORIA_07, DT_LOAD)
 Values
   (351, '33.10.2', 'p', 477, '33.20.0', TO_DATE('03/14/2008 12:25:57', 'MM/DD/YYYY HH24:MI:SS'));
Insert into TMP_RACCORDO_ATECO_2002_2007
   (ID_ATECO_02, COD_CATEGORIA_02, ID_ATECO_07, COD_CATEGORIA_07, DT_LOAD)
 Values
   (352, '33.10.3', 426, '32.50.2', TO_DATE('03/14/2008 12:25:57', 'MM/DD/YYYY HH24:MI:SS'));
Insert into TMP_RACCORDO_ATECO_2002_2007
   (ID_ATECO_02, COD_CATEGORIA_02, TIPO, ID_ATECO_07, COD_CATEGORIA_07, DT_LOAD)
 Values
   (353, '33.10.4', 'p', 310, '26.60.0', TO_DATE('03/14/2008 12:25:57', 'MM/DD/YYYY HH24:MI:SS'));
Insert into TMP_RACCORDO_ATECO_2002_2007
   (ID_ATECO_02, COD_CATEGORIA_02, TIPO, ID_ATECO_07, COD_CATEGORIA_07, DT_LOAD)
 Values
   (353, '33.10.4', 'p', 427, '32.50.3', TO_DATE('03/14/2008 12:25:57', 'MM/DD/YYYY HH24:MI:SS'));
Insert into TMP_RACCORDO_ATECO_2002_2007
   (ID_ATECO_02, COD_CATEGORIA_02, TIPO, ID_ATECO_07, COD_CATEGORIA_07, DT_LOAD)
 Values
   (354, '33.20.1', 'p', 306, '26.51.1', TO_DATE('03/14/2008 12:25:57', 'MM/DD/YYYY HH24:MI:SS'));
Insert into TMP_RACCORDO_ATECO_2002_2007
   (ID_ATECO_02, COD_CATEGORIA_02, TIPO, ID_ATECO_07, COD_CATEGORIA_07, DT_LOAD)
 Values
   (354, '33.20.1', 'p', 307, '26.51.2', TO_DATE('03/14/2008 12:25:57', 'MM/DD/YYYY HH24:MI:SS'));
Insert into TMP_RACCORDO_ATECO_2002_2007
   (ID_ATECO_02, COD_CATEGORIA_02, TIPO, ID_ATECO_07, COD_CATEGORIA_07, DT_LOAD)
 Values
   (354, '33.20.1', 'p', 477, '33.20.0', TO_DATE('03/14/2008 12:25:57', 'MM/DD/YYYY HH24:MI:SS'));
Insert into TMP_RACCORDO_ATECO_2002_2007
   (ID_ATECO_02, COD_CATEGORIA_02, TIPO, ID_ATECO_07, COD_CATEGORIA_07, DT_LOAD)
 Values
   (355, '33.20.2', 'p', 307, '26.51.2', TO_DATE('03/14/2008 12:25:57', 'MM/DD/YYYY HH24:MI:SS'));
Insert into TMP_RACCORDO_ATECO_2002_2007
   (ID_ATECO_02, COD_CATEGORIA_02, TIPO, ID_ATECO_07, COD_CATEGORIA_07, DT_LOAD)
 Values
   (355, '33.20.2', 'p', 313, '26.70.1', TO_DATE('03/14/2008 12:25:57', 'MM/DD/YYYY HH24:MI:SS'));
Insert into TMP_RACCORDO_ATECO_2002_2007
   (ID_ATECO_02, COD_CATEGORIA_02, TIPO, ID_ATECO_07, COD_CATEGORIA_07, DT_LOAD)
 Values
   (355, '33.20.2', 'p', 376, '28.99.9', TO_DATE('03/14/2008 12:25:57', 'MM/DD/YYYY HH24:MI:SS'));
Insert into TMP_RACCORDO_ATECO_2002_2007
   (ID_ATECO_02, COD_CATEGORIA_02, TIPO, ID_ATECO_07, COD_CATEGORIA_07, DT_LOAD)
 Values
   (355, '33.20.2', 'p', 422, '32.50.1', TO_DATE('03/14/2008 12:25:57', 'MM/DD/YYYY HH24:MI:SS'));
Insert into TMP_RACCORDO_ATECO_2002_2007
   (ID_ATECO_02, COD_CATEGORIA_02, TIPO, ID_ATECO_07, COD_CATEGORIA_07, DT_LOAD)
 Values
   (355, '33.20.2', 'p', 477, '33.20.0', TO_DATE('03/14/2008 12:25:57', 'MM/DD/YYYY HH24:MI:SS'));
Insert into TMP_RACCORDO_ATECO_2002_2007
   (ID_ATECO_02, COD_CATEGORIA_02, TIPO, ID_ATECO_07, COD_CATEGORIA_07, DT_LOAD)
 Values
   (356, '33.20.3', 'p', 306, '26.51.1', TO_DATE('03/14/2008 12:25:57', 'MM/DD/YYYY HH24:MI:SS'));
Insert into TMP_RACCORDO_ATECO_2002_2007
   (ID_ATECO_02, COD_CATEGORIA_02, TIPO, ID_ATECO_07, COD_CATEGORIA_07, DT_LOAD)
 Values
   (356, '33.20.3', 'p', 313, '26.70.1', TO_DATE('03/14/2008 12:25:57', 'MM/DD/YYYY HH24:MI:SS'));
Insert into TMP_RACCORDO_ATECO_2002_2007
   (ID_ATECO_02, COD_CATEGORIA_02, TIPO, ID_ATECO_07, COD_CATEGORIA_07, DT_LOAD)
 Values
   (356, '33.20.3', 'p', 477, '33.20.0', TO_DATE('03/14/2008 12:25:57', 'MM/DD/YYYY HH24:MI:SS'));
Insert into TMP_RACCORDO_ATECO_2002_2007
   (ID_ATECO_02, COD_CATEGORIA_02, TIPO, ID_ATECO_07, COD_CATEGORIA_07, DT_LOAD)
 Values
   (357, '33.20.4', 'p', 307, '26.51.2', TO_DATE('03/14/2008 12:25:57', 'MM/DD/YYYY HH24:MI:SS'));
Insert into TMP_RACCORDO_ATECO_2002_2007
   (ID_ATECO_02, COD_CATEGORIA_02, TIPO, ID_ATECO_07, COD_CATEGORIA_07, DT_LOAD)
 Values
   (357, '33.20.4', 'p', 355, '28.29.9', TO_DATE('03/14/2008 12:25:57', 'MM/DD/YYYY HH24:MI:SS'));
Insert into TMP_RACCORDO_ATECO_2002_2007
   (ID_ATECO_02, COD_CATEGORIA_02, TIPO, ID_ATECO_07, COD_CATEGORIA_07, DT_LOAD)
 Values
   (357, '33.20.4', 'p', 477, '33.20.0', TO_DATE('03/14/2008 12:25:57', 'MM/DD/YYYY HH24:MI:SS'));
Insert into TMP_RACCORDO_ATECO_2002_2007
   (ID_ATECO_02, COD_CATEGORIA_02, ID_ATECO_07, COD_CATEGORIA_07, DT_LOAD)
 Values
   (358, '33.20.5', 462, '33.13.0', TO_DATE('03/14/2008 12:25:57', 'MM/DD/YYYY HH24:MI:SS'));
Insert into TMP_RACCORDO_ATECO_2002_2007
   (ID_ATECO_02, COD_CATEGORIA_02, ID_ATECO_07, COD_CATEGORIA_07, DT_LOAD)
 Values
   (359, '33.30.0', 477, '33.20.0', TO_DATE('03/14/2008 12:25:57', 'MM/DD/YYYY HH24:MI:SS'));
Insert into TMP_RACCORDO_ATECO_2002_2007
   (ID_ATECO_02, COD_CATEGORIA_02, ID_ATECO_07, COD_CATEGORIA_07, DT_LOAD)
 Values
   (360, '33.40.1', 429, '32.50.5', TO_DATE('03/14/2008 12:25:57', 'MM/DD/YYYY HH24:MI:SS'));
Insert into TMP_RACCORDO_ATECO_2002_2007
   (ID_ATECO_02, COD_CATEGORIA_02, ID_ATECO_07, COD_CATEGORIA_07, DT_LOAD)
 Values
   (361, '33.40.2', 429, '32.50.5', TO_DATE('03/14/2008 12:25:57', 'MM/DD/YYYY HH24:MI:SS'));
Insert into TMP_RACCORDO_ATECO_2002_2007
   (ID_ATECO_02, COD_CATEGORIA_02, TIPO, ID_ATECO_07, COD_CATEGORIA_07, DT_LOAD)
 Values
   (362, '33.40.3', 'p', 313, '26.70.1', TO_DATE('03/14/2008 12:25:57', 'MM/DD/YYYY HH24:MI:SS'));
Insert into TMP_RACCORDO_ATECO_2002_2007
   (ID_ATECO_02, COD_CATEGORIA_02, TIPO, ID_ATECO_07, COD_CATEGORIA_07, DT_LOAD)
 Values
   (362, '33.40.3', 'p', 320, '27.31.0', TO_DATE('03/14/2008 12:25:57', 'MM/DD/YYYY HH24:MI:SS'));
Insert into TMP_RACCORDO_ATECO_2002_2007
   (ID_ATECO_02, COD_CATEGORIA_02, TIPO, ID_ATECO_07, COD_CATEGORIA_07, DT_LOAD)
 Values
   (363, '33.40.4', 'p', 313, '26.70.1', TO_DATE('03/14/2008 12:25:57', 'MM/DD/YYYY HH24:MI:SS'));
Insert into TMP_RACCORDO_ATECO_2002_2007
   (ID_ATECO_02, COD_CATEGORIA_02, TIPO, ID_ATECO_07, COD_CATEGORIA_07, DT_LOAD)
 Values
   (363, '33.40.4', 'p', 428, '32.50.4', TO_DATE('03/14/2008 12:25:57', 'MM/DD/YYYY HH24:MI:SS'));
Insert into TMP_RACCORDO_ATECO_2002_2007
   (ID_ATECO_02, COD_CATEGORIA_02, ID_ATECO_07, COD_CATEGORIA_07, DT_LOAD)
 Values
   (364, '33.40.5', 315, '26.70.2', TO_DATE('03/14/2008 12:25:57', 'MM/DD/YYYY HH24:MI:SS'));
Insert into TMP_RACCORDO_ATECO_2002_2007
   (ID_ATECO_02, COD_CATEGORIA_02, ID_ATECO_07, COD_CATEGORIA_07, DT_LOAD)
 Values
   (365, '33.40.6', 462, '33.13.0', TO_DATE('03/14/2008 12:25:57', 'MM/DD/YYYY HH24:MI:SS'));
Insert into TMP_RACCORDO_ATECO_2002_2007
   (ID_ATECO_02, COD_CATEGORIA_02, TIPO, ID_ATECO_07, COD_CATEGORIA_07, DT_LOAD)
 Values
   (366, '33.50.0', 'p', 309, '26.52.0', TO_DATE('03/14/2008 12:25:57', 'MM/DD/YYYY HH24:MI:SS'));
Insert into TMP_RACCORDO_ATECO_2002_2007
   (ID_ATECO_02, COD_CATEGORIA_02, TIPO, ID_ATECO_07, COD_CATEGORIA_07, DT_LOAD)
 Values
   (366, '33.50.0', 'p', 416, '32.13.0', TO_DATE('03/14/2008 12:25:57', 'MM/DD/YYYY HH24:MI:SS'));
Insert into TMP_RACCORDO_ATECO_2002_2007
   (ID_ATECO_02, COD_CATEGORIA_02, TIPO, ID_ATECO_07, COD_CATEGORIA_07, DT_LOAD)
 Values
   (366, '33.50.0', 'p', 462, '33.13.0', TO_DATE('03/14/2008 12:25:57', 'MM/DD/YYYY HH24:MI:SS'));
Insert into TMP_RACCORDO_ATECO_2002_2007
   (ID_ATECO_02, COD_CATEGORIA_02, TIPO, ID_ATECO_07, COD_CATEGORIA_07, DT_LOAD)
 Values
   (367, '34.10.0', 'p', 365, '28.92.0', TO_DATE('03/14/2008 12:25:57', 'MM/DD/YYYY HH24:MI:SS'));
Insert into TMP_RACCORDO_ATECO_2002_2007
   (ID_ATECO_02, COD_CATEGORIA_02, TIPO, ID_ATECO_07, COD_CATEGORIA_07, DT_LOAD)
 Values
   (367, '34.10.0', 'p', 380, '29.10.0', TO_DATE('03/14/2008 12:25:57', 'MM/DD/YYYY HH24:MI:SS'));
Insert into TMP_RACCORDO_ATECO_2002_2007
   (ID_ATECO_02, COD_CATEGORIA_02, TIPO, ID_ATECO_07, COD_CATEGORIA_07, DT_LOAD)
 Values
   (367, '34.10.0', 'p', 394, '30.91.1', TO_DATE('03/14/2008 12:25:57', 'MM/DD/YYYY HH24:MI:SS'));
Insert into TMP_RACCORDO_ATECO_2002_2007
   (ID_ATECO_02, COD_CATEGORIA_02, TIPO, ID_ATECO_07, COD_CATEGORIA_07, DT_LOAD)
 Values
   (368, '34.20.0', 'p', 381, '29.20.0', TO_DATE('03/14/2008 12:25:57', 'MM/DD/YYYY HH24:MI:SS'));
Insert into TMP_RACCORDO_ATECO_2002_2007
   (ID_ATECO_02, COD_CATEGORIA_02, TIPO, ID_ATECO_07, COD_CATEGORIA_07, DT_LOAD)
 Values
   (368, '34.20.0', 'p', 440, '33.11.0', TO_DATE('03/14/2008 12:25:57', 'MM/DD/YYYY HH24:MI:SS'));
Insert into TMP_RACCORDO_ATECO_2002_2007
   (ID_ATECO_02, COD_CATEGORIA_02, TIPO, ID_ATECO_07, COD_CATEGORIA_07, DT_LOAD)
 Values
   (369, '34.30.0', 'p', 333, '28.11.1', TO_DATE('03/14/2008 12:25:57', 'MM/DD/YYYY HH24:MI:SS'));
Insert into TMP_RACCORDO_ATECO_2002_2007
   (ID_ATECO_02, COD_CATEGORIA_02, TIPO, ID_ATECO_07, COD_CATEGORIA_07, DT_LOAD)
 Values
   (369, '34.30.0', 'p', 383, '29.32.0', TO_DATE('03/14/2008 12:25:57', 'MM/DD/YYYY HH24:MI:SS'));
Insert into TMP_RACCORDO_ATECO_2002_2007
   (ID_ATECO_02, COD_CATEGORIA_02, ID_ATECO_07, COD_CATEGORIA_07, DT_LOAD)
 Values
   (370, '35.11.1', 385, '30.11.0', TO_DATE('03/14/2008 12:25:57', 'MM/DD/YYYY HH24:MI:SS'));
Insert into TMP_RACCORDO_ATECO_2002_2007
   (ID_ATECO_02, COD_CATEGORIA_02, ID_ATECO_07, COD_CATEGORIA_07, DT_LOAD)
 Values
   (371, '35.11.2', 385, '30.11.0', TO_DATE('03/14/2008 12:25:57', 'MM/DD/YYYY HH24:MI:SS'));
Insert into TMP_RACCORDO_ATECO_2002_2007
   (ID_ATECO_02, COD_CATEGORIA_02, ID_ATECO_07, COD_CATEGORIA_07, DT_LOAD)
 Values
   (372, '35.11.3', 469, '33.15.0', TO_DATE('03/14/2008 12:25:57', 'MM/DD/YYYY HH24:MI:SS'));
Insert into TMP_RACCORDO_ATECO_2002_2007
   (ID_ATECO_02, COD_CATEGORIA_02, TIPO, ID_ATECO_07, COD_CATEGORIA_07, DT_LOAD)
 Values
   (373, '35.12.0', 'p', 387, '30.12.0', TO_DATE('03/14/2008 12:25:57', 'MM/DD/YYYY HH24:MI:SS'));
Insert into TMP_RACCORDO_ATECO_2002_2007
   (ID_ATECO_02, COD_CATEGORIA_02, TIPO, ID_ATECO_07, COD_CATEGORIA_07, DT_LOAD)
 Values
   (373, '35.12.0', 'p', 469, '33.15.0', TO_DATE('03/14/2008 12:25:57', 'MM/DD/YYYY HH24:MI:SS'));
Insert into TMP_RACCORDO_ATECO_2002_2007
   (ID_ATECO_02, COD_CATEGORIA_02, ID_ATECO_07, COD_CATEGORIA_07, DT_LOAD)
 Values
   (374, '35.20.1', 388, '30.20.0', TO_DATE('03/14/2008 12:25:57', 'MM/DD/YYYY HH24:MI:SS'));
Insert into TMP_RACCORDO_ATECO_2002_2007
   (ID_ATECO_02, COD_CATEGORIA_02, ID_ATECO_07, COD_CATEGORIA_07, DT_LOAD)
 Values
   (375, '35.20.2', 388, '30.20.0', TO_DATE('03/14/2008 12:25:57', 'MM/DD/YYYY HH24:MI:SS'));
Insert into TMP_RACCORDO_ATECO_2002_2007
   (ID_ATECO_02, COD_CATEGORIA_02, ID_ATECO_07, COD_CATEGORIA_07, DT_LOAD)
 Values
   (376, '35.20.3', 471, '33.17.0', TO_DATE('03/14/2008 12:25:57', 'MM/DD/YYYY HH24:MI:SS'));
Insert into TMP_RACCORDO_ATECO_2002_2007
   (ID_ATECO_02, COD_CATEGORIA_02, ID_ATECO_07, COD_CATEGORIA_07, DT_LOAD)
 Values
   (377, '35.20.4', 471, '33.17.0', TO_DATE('03/14/2008 12:25:57', 'MM/DD/YYYY HH24:MI:SS'));
Insert into TMP_RACCORDO_ATECO_2002_2007
   (ID_ATECO_02, COD_CATEGORIA_02, TIPO, ID_ATECO_07, COD_CATEGORIA_07, DT_LOAD)
 Values
   (378, '35.30.0', 'p', 376, '28.99.9', TO_DATE('03/14/2008 12:25:57', 'MM/DD/YYYY HH24:MI:SS'));
Insert into TMP_RACCORDO_ATECO_2002_2007
   (ID_ATECO_02, COD_CATEGORIA_02, TIPO, ID_ATECO_07, COD_CATEGORIA_07, DT_LOAD)
 Values
   (378, '35.30.0', 'p', 390, '30.30.0', TO_DATE('03/14/2008 12:25:57', 'MM/DD/YYYY HH24:MI:SS'));
Insert into TMP_RACCORDO_ATECO_2002_2007
   (ID_ATECO_02, COD_CATEGORIA_02, TIPO, ID_ATECO_07, COD_CATEGORIA_07, DT_LOAD)
 Values
   (378, '35.30.0', 'p', 470, '33.16.0', TO_DATE('03/14/2008 12:25:57', 'MM/DD/YYYY HH24:MI:SS'));
Insert into TMP_RACCORDO_ATECO_2002_2007
   (ID_ATECO_02, COD_CATEGORIA_02, ID_ATECO_07, COD_CATEGORIA_07, DT_LOAD)
 Values
   (379, '35.41.1', 394, '30.91.1', TO_DATE('03/14/2008 12:25:57', 'MM/DD/YYYY HH24:MI:SS'));
Insert into TMP_RACCORDO_ATECO_2002_2007
   (ID_ATECO_02, COD_CATEGORIA_02, ID_ATECO_07, COD_CATEGORIA_07, DT_LOAD)
 Values
   (380, '35.41.2', 396, '30.91.2', TO_DATE('03/14/2008 12:25:57', 'MM/DD/YYYY HH24:MI:SS'));
Insert into TMP_RACCORDO_ATECO_2002_2007
   (ID_ATECO_02, COD_CATEGORIA_02, ID_ATECO_07, COD_CATEGORIA_07, DT_LOAD)
 Values
   (381, '35.42.1', 397, '30.92.1', TO_DATE('03/14/2008 12:25:57', 'MM/DD/YYYY HH24:MI:SS'));
Insert into TMP_RACCORDO_ATECO_2002_2007
   (ID_ATECO_02, COD_CATEGORIA_02, ID_ATECO_07, COD_CATEGORIA_07, DT_LOAD)
 Values
   (382, '35.42.2', 398, '30.92.2', TO_DATE('03/14/2008 12:25:57', 'MM/DD/YYYY HH24:MI:SS'));
Insert into TMP_RACCORDO_ATECO_2002_2007
   (ID_ATECO_02, COD_CATEGORIA_02, ID_ATECO_07, COD_CATEGORIA_07, DT_LOAD)
 Values
   (383, '35.43.0', 399, '30.92.3', TO_DATE('03/14/2008 12:25:57', 'MM/DD/YYYY HH24:MI:SS'));
Insert into TMP_RACCORDO_ATECO_2002_2007
   (ID_ATECO_02, COD_CATEGORIA_02, TIPO, ID_ATECO_07, COD_CATEGORIA_07, DT_LOAD)
 Values
   (384, '35.50.1', 'p', 344, '28.22.0', TO_DATE('03/14/2008 12:25:57', 'MM/DD/YYYY HH24:MI:SS'));
Insert into TMP_RACCORDO_ATECO_2002_2007
   (ID_ATECO_02, COD_CATEGORIA_02, TIPO, ID_ATECO_07, COD_CATEGORIA_07, DT_LOAD)
 Values
   (384, '35.50.1', 'p', 401, '30.99.0', TO_DATE('03/14/2008 12:25:57', 'MM/DD/YYYY HH24:MI:SS'));
Insert into TMP_RACCORDO_ATECO_2002_2007
   (ID_ATECO_02, COD_CATEGORIA_02, TIPO, ID_ATECO_07, COD_CATEGORIA_07, DT_LOAD)
 Values
   (384, '35.50.1', 'p', 440, '33.11.0', TO_DATE('03/14/2008 12:25:57', 'MM/DD/YYYY HH24:MI:SS'));
Insert into TMP_RACCORDO_ATECO_2002_2007
   (ID_ATECO_02, COD_CATEGORIA_02, ID_ATECO_07, COD_CATEGORIA_07, DT_LOAD)
 Values
   (385, '35.50.2', 401, '30.99.0', TO_DATE('03/14/2008 12:25:57', 'MM/DD/YYYY HH24:MI:SS'));
Insert into TMP_RACCORDO_ATECO_2002_2007
   (ID_ATECO_02, COD_CATEGORIA_02, TIPO, ID_ATECO_07, COD_CATEGORIA_07, DT_LOAD)
 Values
   (386, '36.11.1', 'p', 383, '29.32.0', TO_DATE('03/14/2008 12:25:57', 'MM/DD/YYYY HH24:MI:SS'));
Insert into TMP_RACCORDO_ATECO_2002_2007
   (ID_ATECO_02, COD_CATEGORIA_02, TIPO, ID_ATECO_07, COD_CATEGORIA_07, DT_LOAD)
 Values
   (386, '36.11.1', 'p', 385, '30.11.0', TO_DATE('03/14/2008 12:25:57', 'MM/DD/YYYY HH24:MI:SS'));
Insert into TMP_RACCORDO_ATECO_2002_2007
   (ID_ATECO_02, COD_CATEGORIA_02, TIPO, ID_ATECO_07, COD_CATEGORIA_07, DT_LOAD)
 Values
   (386, '36.11.1', 'p', 388, '30.20.0', TO_DATE('03/14/2008 12:25:57', 'MM/DD/YYYY HH24:MI:SS'));
Insert into TMP_RACCORDO_ATECO_2002_2007
   (ID_ATECO_02, COD_CATEGORIA_02, TIPO, ID_ATECO_07, COD_CATEGORIA_07, DT_LOAD)
 Values
   (386, '36.11.1', 'p', 390, '30.30.0', TO_DATE('03/14/2008 12:25:57', 'MM/DD/YYYY HH24:MI:SS'));
Insert into TMP_RACCORDO_ATECO_2002_2007
   (ID_ATECO_02, COD_CATEGORIA_02, TIPO, ID_ATECO_07, COD_CATEGORIA_07, DT_LOAD)
 Values
   (386, '36.11.1', 'p', 402, '31.01.1', TO_DATE('03/14/2008 12:25:57', 'MM/DD/YYYY HH24:MI:SS'));
Insert into TMP_RACCORDO_ATECO_2002_2007
   (ID_ATECO_02, COD_CATEGORIA_02, TIPO, ID_ATECO_07, COD_CATEGORIA_07, DT_LOAD)
 Values
   (386, '36.11.1', 'p', 408, '31.09.2', TO_DATE('03/14/2008 12:25:57', 'MM/DD/YYYY HH24:MI:SS'));
Insert into TMP_RACCORDO_ATECO_2002_2007
   (ID_ATECO_02, COD_CATEGORIA_02, TIPO, ID_ATECO_07, COD_CATEGORIA_07, DT_LOAD)
 Values
   (386, '36.11.1', 'p', 1200, '95.24.0', TO_DATE('03/14/2008 12:25:57', 'MM/DD/YYYY HH24:MI:SS'));
Insert into TMP_RACCORDO_ATECO_2002_2007
   (ID_ATECO_02, COD_CATEGORIA_02, TIPO, ID_ATECO_07, COD_CATEGORIA_07, DT_LOAD)
 Values
   (387, '36.11.2', 'p', 409, '31.09.3', TO_DATE('03/14/2008 12:25:57', 'MM/DD/YYYY HH24:MI:SS'));
Insert into TMP_RACCORDO_ATECO_2002_2007
   (ID_ATECO_02, COD_CATEGORIA_02, TIPO, ID_ATECO_07, COD_CATEGORIA_07, DT_LOAD)
 Values
   (387, '36.11.2', 'p', 411, '31.09.5', TO_DATE('03/14/2008 12:25:57', 'MM/DD/YYYY HH24:MI:SS'));
Insert into TMP_RACCORDO_ATECO_2002_2007
   (ID_ATECO_02, COD_CATEGORIA_02, TIPO, ID_ATECO_07, COD_CATEGORIA_07, DT_LOAD)
 Values
   (387, '36.11.2', 'p', 1200, '95.24.0', TO_DATE('03/14/2008 12:25:57', 'MM/DD/YYYY HH24:MI:SS'));
Insert into TMP_RACCORDO_ATECO_2002_2007
   (ID_ATECO_02, COD_CATEGORIA_02, ID_ATECO_07, COD_CATEGORIA_07, DT_LOAD)
 Values
   (388, '36.12.1', 403, '31.01.2', TO_DATE('03/14/2008 12:25:57', 'MM/DD/YYYY HH24:MI:SS'));
Insert into TMP_RACCORDO_ATECO_2002_2007
   (ID_ATECO_02, COD_CATEGORIA_02, TIPO, ID_ATECO_07, COD_CATEGORIA_07, DT_LOAD)
 Values
   (389, '36.12.2', 'p', 403, '31.01.2', TO_DATE('03/14/2008 12:25:57', 'MM/DD/YYYY HH24:MI:SS'));
Insert into TMP_RACCORDO_ATECO_2002_2007
   (ID_ATECO_02, COD_CATEGORIA_02, TIPO, ID_ATECO_07, COD_CATEGORIA_07, DT_LOAD)
 Values
   (389, '36.12.2', 'p', 1200, '95.24.0', TO_DATE('03/14/2008 12:25:57', 'MM/DD/YYYY HH24:MI:SS'));
Insert into TMP_RACCORDO_ATECO_2002_2007
   (ID_ATECO_02, COD_CATEGORIA_02, ID_ATECO_07, COD_CATEGORIA_07, DT_LOAD)
 Values
   (390, '36.13.0', 405, '31.02.0', TO_DATE('03/14/2008 12:25:57', 'MM/DD/YYYY HH24:MI:SS'));
Insert into TMP_RACCORDO_ATECO_2002_2007
   (ID_ATECO_02, COD_CATEGORIA_02, TIPO, ID_ATECO_07, COD_CATEGORIA_07, DT_LOAD)
 Values
   (391, '36.14.1', 'p', 407, '31.09.1', TO_DATE('03/14/2008 12:25:57', 'MM/DD/YYYY HH24:MI:SS'));
Insert into TMP_RACCORDO_ATECO_2002_2007
   (ID_ATECO_02, COD_CATEGORIA_02, TIPO, ID_ATECO_07, COD_CATEGORIA_07, DT_LOAD)
 Values
   (391, '36.14.1', 'p', 410, '31.09.4', TO_DATE('03/14/2008 12:25:57', 'MM/DD/YYYY HH24:MI:SS'));
Insert into TMP_RACCORDO_ATECO_2002_2007
   (ID_ATECO_02, COD_CATEGORIA_02, TIPO, ID_ATECO_07, COD_CATEGORIA_07, DT_LOAD)
 Values
   (391, '36.14.1', 'p', 411, '31.09.5', TO_DATE('03/14/2008 12:25:57', 'MM/DD/YYYY HH24:MI:SS'));
Insert into TMP_RACCORDO_ATECO_2002_2007
   (ID_ATECO_02, COD_CATEGORIA_02, TIPO, ID_ATECO_07, COD_CATEGORIA_07, DT_LOAD)
 Values
   (391, '36.14.1', 'p', 412, '31.09.9', TO_DATE('03/14/2008 12:25:57', 'MM/DD/YYYY HH24:MI:SS'));
Insert into TMP_RACCORDO_ATECO_2002_2007
   (ID_ATECO_02, COD_CATEGORIA_02, TIPO, ID_ATECO_07, COD_CATEGORIA_07, DT_LOAD)
 Values
   (391, '36.14.1', 'p', 1200, '95.24.0', TO_DATE('03/14/2008 12:25:57', 'MM/DD/YYYY HH24:MI:SS'));
Insert into TMP_RACCORDO_ATECO_2002_2007
   (ID_ATECO_02, COD_CATEGORIA_02, TIPO, ID_ATECO_07, COD_CATEGORIA_07, DT_LOAD)
 Values
   (392, '36.14.2', 'p', 407, '31.09.1', TO_DATE('03/14/2008 12:25:57', 'MM/DD/YYYY HH24:MI:SS'));
Insert into TMP_RACCORDO_ATECO_2002_2007
   (ID_ATECO_02, COD_CATEGORIA_02, TIPO, ID_ATECO_07, COD_CATEGORIA_07, DT_LOAD)
 Values
   (392, '36.14.2', 'p', 412, '31.09.9', TO_DATE('03/14/2008 12:25:57', 'MM/DD/YYYY HH24:MI:SS'));
Insert into TMP_RACCORDO_ATECO_2002_2007
   (ID_ATECO_02, COD_CATEGORIA_02, ID_ATECO_07, COD_CATEGORIA_07, DT_LOAD)
 Values
   (393, '36.15.0', 406, '31.03.0', TO_DATE('03/14/2008 12:25:57', 'MM/DD/YYYY HH24:MI:SS'));
Insert into TMP_RACCORDO_ATECO_2002_2007
   (ID_ATECO_02, COD_CATEGORIA_02, ID_ATECO_07, COD_CATEGORIA_07, DT_LOAD)
 Values
   (394, '36.21.0', 413, '32.11.0', TO_DATE('03/14/2008 12:25:57', 'MM/DD/YYYY HH24:MI:SS'));
Insert into TMP_RACCORDO_ATECO_2002_2007
   (ID_ATECO_02, COD_CATEGORIA_02, ID_ATECO_07, COD_CATEGORIA_07, DT_LOAD)
 Values
   (395, '36.22.1', 414, '32.12.1', TO_DATE('03/14/2008 12:25:57', 'MM/DD/YYYY HH24:MI:SS'));
Insert into TMP_RACCORDO_ATECO_2002_2007
   (ID_ATECO_02, COD_CATEGORIA_02, ID_ATECO_07, COD_CATEGORIA_07, DT_LOAD)
 Values
   (396, '36.22.2', 415, '32.12.2', TO_DATE('03/14/2008 12:25:57', 'MM/DD/YYYY HH24:MI:SS'));
Insert into TMP_RACCORDO_ATECO_2002_2007
   (ID_ATECO_02, COD_CATEGORIA_02, TIPO, ID_ATECO_07, COD_CATEGORIA_07, DT_LOAD)
 Values
   (397, '36.30.0', 'p', 418, '32.20.0', TO_DATE('03/14/2008 12:25:57', 'MM/DD/YYYY HH24:MI:SS'));
Insert into TMP_RACCORDO_ATECO_2002_2007
   (ID_ATECO_02, COD_CATEGORIA_02, TIPO, ID_ATECO_07, COD_CATEGORIA_07, DT_LOAD)
 Values
   (397, '36.30.0', 'p', 472, '33.19.0', TO_DATE('03/14/2008 12:25:57', 'MM/DD/YYYY HH24:MI:SS'));
Insert into TMP_RACCORDO_ATECO_2002_2007
   (ID_ATECO_02, COD_CATEGORIA_02, TIPO, ID_ATECO_07, COD_CATEGORIA_07, DT_LOAD)
 Values
   (397, '36.30.0', 'p', 1203, '95.29.0', TO_DATE('03/14/2008 12:25:57', 'MM/DD/YYYY HH24:MI:SS'));
Insert into TMP_RACCORDO_ATECO_2002_2007
   (ID_ATECO_02, COD_CATEGORIA_02, ID_ATECO_07, COD_CATEGORIA_07, DT_LOAD)
 Values
   (516, '51.53.1', 713, '46.73.1', TO_DATE('03/14/2008 12:25:57', 'MM/DD/YYYY HH24:MI:SS'));
Insert into TMP_RACCORDO_ATECO_2002_2007
   (ID_ATECO_02, COD_CATEGORIA_02, ID_ATECO_07, COD_CATEGORIA_07, DT_LOAD)
 Values
   (517, '51.53.2', 714, '46.73.2', TO_DATE('03/14/2008 12:25:57', 'MM/DD/YYYY HH24:MI:SS'));
Insert into TMP_RACCORDO_ATECO_2002_2007
   (ID_ATECO_02, COD_CATEGORIA_02, ID_ATECO_07, COD_CATEGORIA_07, DT_LOAD)
 Values
   (518, '51.53.3', 718, '46.73.3', TO_DATE('03/14/2008 12:25:57', 'MM/DD/YYYY HH24:MI:SS'));
Insert into TMP_RACCORDO_ATECO_2002_2007
   (ID_ATECO_02, COD_CATEGORIA_02, ID_ATECO_07, COD_CATEGORIA_07, DT_LOAD)
 Values
   (519, '51.53.4', 719, '46.73.4', TO_DATE('03/14/2008 12:25:57', 'MM/DD/YYYY HH24:MI:SS'));
Insert into TMP_RACCORDO_ATECO_2002_2007
   (ID_ATECO_02, COD_CATEGORIA_02, ID_ATECO_07, COD_CATEGORIA_07, DT_LOAD)
 Values
   (520, '51.54.1', 720, '46.74.1', TO_DATE('03/14/2008 12:25:57', 'MM/DD/YYYY HH24:MI:SS'));
Insert into TMP_RACCORDO_ATECO_2002_2007
   (ID_ATECO_02, COD_CATEGORIA_02, ID_ATECO_07, COD_CATEGORIA_07, DT_LOAD)
 Values
   (521, '51.54.2', 721, '46.74.2', TO_DATE('03/14/2008 12:25:57', 'MM/DD/YYYY HH24:MI:SS'));
Insert into TMP_RACCORDO_ATECO_2002_2007
   (ID_ATECO_02, COD_CATEGORIA_02, TIPO, ID_ATECO_07, COD_CATEGORIA_07, DT_LOAD)
 Values
   (522, '51.55.0', 'p', 722, '46.75.0', TO_DATE('03/14/2008 12:25:57', 'MM/DD/YYYY HH24:MI:SS'));
Insert into TMP_RACCORDO_ATECO_2002_2007
   (ID_ATECO_02, COD_CATEGORIA_02, TIPO, ID_ATECO_07, COD_CATEGORIA_07, DT_LOAD)
 Values
   (522, '51.55.0', 'p', 725, '46.76.2', TO_DATE('03/14/2008 12:25:57', 'MM/DD/YYYY HH24:MI:SS'));
Insert into TMP_RACCORDO_ATECO_2002_2007
   (ID_ATECO_02, COD_CATEGORIA_02, ID_ATECO_07, COD_CATEGORIA_07, DT_LOAD)
 Values
   (523, '51.56.1', 724, '46.76.1', TO_DATE('03/14/2008 12:25:57', 'MM/DD/YYYY HH24:MI:SS'));
Insert into TMP_RACCORDO_ATECO_2002_2007
   (ID_ATECO_02, COD_CATEGORIA_02, ID_ATECO_07, COD_CATEGORIA_07, DT_LOAD)
 Values
   (524, '51.56.2', 727, '46.76.9', TO_DATE('03/14/2008 12:25:57', 'MM/DD/YYYY HH24:MI:SS'));
Insert into TMP_RACCORDO_ATECO_2002_2007
   (ID_ATECO_02, COD_CATEGORIA_02, ID_ATECO_07, COD_CATEGORIA_07, DT_LOAD)
 Values
   (525, '51.57.1', 728, '46.77.1', TO_DATE('03/14/2008 12:25:57', 'MM/DD/YYYY HH24:MI:SS'));
Insert into TMP_RACCORDO_ATECO_2002_2007
   (ID_ATECO_02, COD_CATEGORIA_02, ID_ATECO_07, COD_CATEGORIA_07, DT_LOAD)
 Values
   (526, '51.57.2', 729, '46.77.2', TO_DATE('03/14/2008 12:25:57', 'MM/DD/YYYY HH24:MI:SS'));
Insert into TMP_RACCORDO_ATECO_2002_2007
   (ID_ATECO_02, COD_CATEGORIA_02, ID_ATECO_07, COD_CATEGORIA_07, DT_LOAD)
 Values
   (527, '51.81.0', 696, '46.62.0', TO_DATE('03/14/2008 12:25:57', 'MM/DD/YYYY HH24:MI:SS'));
Insert into TMP_RACCORDO_ATECO_2002_2007
   (ID_ATECO_02, COD_CATEGORIA_02, ID_ATECO_07, COD_CATEGORIA_07, DT_LOAD)
 Values
   (528, '51.82.0', 697, '46.63.0', TO_DATE('03/14/2008 12:25:57', 'MM/DD/YYYY HH24:MI:SS'));
Insert into TMP_RACCORDO_ATECO_2002_2007
   (ID_ATECO_02, COD_CATEGORIA_02, ID_ATECO_07, COD_CATEGORIA_07, DT_LOAD)
 Values
   (529, '51.83.0', 698, '46.64.0', TO_DATE('03/14/2008 12:25:57', 'MM/DD/YYYY HH24:MI:SS'));
Insert into TMP_RACCORDO_ATECO_2002_2007
   (ID_ATECO_02, COD_CATEGORIA_02, ID_ATECO_07, COD_CATEGORIA_07, DT_LOAD)
 Values
   (530, '51.84.0', 691, '46.51.0', TO_DATE('03/14/2008 12:25:57', 'MM/DD/YYYY HH24:MI:SS'));
Insert into TMP_RACCORDO_ATECO_2002_2007
   (ID_ATECO_02, COD_CATEGORIA_02, TIPO, ID_ATECO_07, COD_CATEGORIA_07, DT_LOAD)
 Values
   (531, '51.85.0', 'p', 699, '46.65.0', TO_DATE('03/14/2008 12:25:57', 'MM/DD/YYYY HH24:MI:SS'));
Insert into TMP_RACCORDO_ATECO_2002_2007
   (ID_ATECO_02, COD_CATEGORIA_02, TIPO, ID_ATECO_07, COD_CATEGORIA_07, DT_LOAD)
 Values
   (531, '51.85.0', 'p', 700, '46.66.0', TO_DATE('03/14/2008 12:25:57', 'MM/DD/YYYY HH24:MI:SS'));
Insert into TMP_RACCORDO_ATECO_2002_2007
   (ID_ATECO_02, COD_CATEGORIA_02, ID_ATECO_07, COD_CATEGORIA_07, DT_LOAD)
 Values
   (532, '51.86.0', 692, '46.52.0', TO_DATE('03/14/2008 12:25:57', 'MM/DD/YYYY HH24:MI:SS'));
Insert into TMP_RACCORDO_ATECO_2002_2007
   (ID_ATECO_02, COD_CATEGORIA_02, TIPO, ID_ATECO_07, COD_CATEGORIA_07, DT_LOAD)
 Values
   (533, '51.87.0', 'p', 701, '46.69.1', TO_DATE('03/14/2008 12:25:57', 'MM/DD/YYYY HH24:MI:SS'));
Insert into TMP_RACCORDO_ATECO_2002_2007
   (ID_ATECO_02, COD_CATEGORIA_02, TIPO, ID_ATECO_07, COD_CATEGORIA_07, DT_LOAD)
 Values
   (533, '51.87.0', 'p', 703, '46.69.2', TO_DATE('03/14/2008 12:25:57', 'MM/DD/YYYY HH24:MI:SS'));
Insert into TMP_RACCORDO_ATECO_2002_2007
   (ID_ATECO_02, COD_CATEGORIA_02, TIPO, ID_ATECO_07, COD_CATEGORIA_07, DT_LOAD)
 Values
   (533, '51.87.0', 'p', 704, '46.69.3', TO_DATE('03/14/2008 12:25:57', 'MM/DD/YYYY HH24:MI:SS'));
Insert into TMP_RACCORDO_ATECO_2002_2007
   (ID_ATECO_02, COD_CATEGORIA_02, TIPO, ID_ATECO_07, COD_CATEGORIA_07, DT_LOAD)
 Values
   (533, '51.87.0', 'p', 705, '46.69.9', TO_DATE('03/14/2008 12:25:57', 'MM/DD/YYYY HH24:MI:SS'));
Insert into TMP_RACCORDO_ATECO_2002_2007
   (ID_ATECO_02, COD_CATEGORIA_02, ID_ATECO_07, COD_CATEGORIA_07, DT_LOAD)
 Values
   (534, '51.88.0', 695, '46.61.0', TO_DATE('03/14/2008 12:25:57', 'MM/DD/YYYY HH24:MI:SS'));
Insert into TMP_RACCORDO_ATECO_2002_2007
   (ID_ATECO_02, COD_CATEGORIA_02, TIPO, ID_ATECO_07, COD_CATEGORIA_07, DT_LOAD)
 Values
   (535, '51.90.0', 'p', 705, '46.69.9', TO_DATE('03/14/2008 12:25:57', 'MM/DD/YYYY HH24:MI:SS'));
Insert into TMP_RACCORDO_ATECO_2002_2007
   (ID_ATECO_02, COD_CATEGORIA_02, TIPO, ID_ATECO_07, COD_CATEGORIA_07, DT_LOAD)
 Values
   (535, '51.90.0', 'p', 726, '46.76.3', TO_DATE('03/14/2008 12:25:57', 'MM/DD/YYYY HH24:MI:SS'));
Insert into TMP_RACCORDO_ATECO_2002_2007
   (ID_ATECO_02, COD_CATEGORIA_02, TIPO, ID_ATECO_07, COD_CATEGORIA_07, DT_LOAD)
 Values
   (535, '51.90.0', 'p', 730, '46.90.0', TO_DATE('03/14/2008 12:25:57', 'MM/DD/YYYY HH24:MI:SS'));
Insert into TMP_RACCORDO_ATECO_2002_2007
   (ID_ATECO_02, COD_CATEGORIA_02, ID_ATECO_07, COD_CATEGORIA_07, DT_LOAD)
 Values
   (536, '52.11.1', 731, '47.11.1', TO_DATE('03/14/2008 12:25:57', 'MM/DD/YYYY HH24:MI:SS'));
Insert into TMP_RACCORDO_ATECO_2002_2007
   (ID_ATECO_02, COD_CATEGORIA_02, ID_ATECO_07, COD_CATEGORIA_07, DT_LOAD)
 Values
   (537, '52.11.2', 732, '47.11.2', TO_DATE('03/14/2008 12:25:57', 'MM/DD/YYYY HH24:MI:SS'));
Insert into TMP_RACCORDO_ATECO_2002_2007
   (ID_ATECO_02, COD_CATEGORIA_02, ID_ATECO_07, COD_CATEGORIA_07, DT_LOAD)
 Values
   (538, '52.11.3', 733, '47.11.3', TO_DATE('03/14/2008 12:25:57', 'MM/DD/YYYY HH24:MI:SS'));
Insert into TMP_RACCORDO_ATECO_2002_2007
   (ID_ATECO_02, COD_CATEGORIA_02, ID_ATECO_07, COD_CATEGORIA_07, DT_LOAD)
 Values
   (539, '52.11.4', 734, '47.11.4', TO_DATE('03/14/2008 12:25:57', 'MM/DD/YYYY HH24:MI:SS'));
Insert into TMP_RACCORDO_ATECO_2002_2007
   (ID_ATECO_02, COD_CATEGORIA_02, ID_ATECO_07, COD_CATEGORIA_07, DT_LOAD)
 Values
   (540, '52.11.5', 735, '47.11.5', TO_DATE('03/14/2008 12:25:57', 'MM/DD/YYYY HH24:MI:SS'));
Insert into TMP_RACCORDO_ATECO_2002_2007
   (ID_ATECO_02, COD_CATEGORIA_02, ID_ATECO_07, COD_CATEGORIA_07, DT_LOAD)
 Values
   (541, '52.12.1', 736, '47.19.1', TO_DATE('03/14/2008 12:25:57', 'MM/DD/YYYY HH24:MI:SS'));
Insert into TMP_RACCORDO_ATECO_2002_2007
   (ID_ATECO_02, COD_CATEGORIA_02, ID_ATECO_07, COD_CATEGORIA_07, DT_LOAD)
 Values
   (542, '52.12.2', 738, '47.19.9', TO_DATE('03/14/2008 12:25:57', 'MM/DD/YYYY HH24:MI:SS'));
Insert into TMP_RACCORDO_ATECO_2002_2007
   (ID_ATECO_02, COD_CATEGORIA_02, ID_ATECO_07, COD_CATEGORIA_07, DT_LOAD)
 Values
   (543, '52.21.0', 739, '47.21.0', TO_DATE('03/14/2008 12:25:57', 'MM/DD/YYYY HH24:MI:SS'));
Insert into TMP_RACCORDO_ATECO_2002_2007
   (ID_ATECO_02, COD_CATEGORIA_02, ID_ATECO_07, COD_CATEGORIA_07, DT_LOAD)
 Values
   (544, '52.22.0', 741, '47.22.0', TO_DATE('03/14/2008 12:25:57', 'MM/DD/YYYY HH24:MI:SS'));
Insert into TMP_RACCORDO_ATECO_2002_2007
   (ID_ATECO_02, COD_CATEGORIA_02, ID_ATECO_07, COD_CATEGORIA_07, DT_LOAD)
 Values
   (545, '52.23.0', 742, '47.23.0', TO_DATE('03/14/2008 12:25:57', 'MM/DD/YYYY HH24:MI:SS'));
Insert into TMP_RACCORDO_ATECO_2002_2007
   (ID_ATECO_02, COD_CATEGORIA_02, ID_ATECO_07, COD_CATEGORIA_07, DT_LOAD)
 Values
   (546, '52.24.1', 743, '47.24.1', TO_DATE('03/14/2008 12:25:57', 'MM/DD/YYYY HH24:MI:SS'));
Insert into TMP_RACCORDO_ATECO_2002_2007
   (ID_ATECO_02, COD_CATEGORIA_02, ID_ATECO_07, COD_CATEGORIA_07, DT_LOAD)
 Values
   (547, '52.24.2', 744, '47.24.2', TO_DATE('03/14/2008 12:25:57', 'MM/DD/YYYY HH24:MI:SS'));
Insert into TMP_RACCORDO_ATECO_2002_2007
   (ID_ATECO_02, COD_CATEGORIA_02, ID_ATECO_07, COD_CATEGORIA_07, DT_LOAD)
 Values
   (548, '52.25.0', 745, '47.25.0', TO_DATE('03/14/2008 12:25:57', 'MM/DD/YYYY HH24:MI:SS'));
Insert into TMP_RACCORDO_ATECO_2002_2007
   (ID_ATECO_02, COD_CATEGORIA_02, ID_ATECO_07, COD_CATEGORIA_07, DT_LOAD)
 Values
   (549, '52.26.0', 746, '47.26.0', TO_DATE('03/14/2008 12:25:57', 'MM/DD/YYYY HH24:MI:SS'));
Insert into TMP_RACCORDO_ATECO_2002_2007
   (ID_ATECO_02, COD_CATEGORIA_02, ID_ATECO_07, COD_CATEGORIA_07, DT_LOAD)
 Values
   (550, '52.27.1', 747, '47.29.1', TO_DATE('03/14/2008 12:25:57', 'MM/DD/YYYY HH24:MI:SS'));
Insert into TMP_RACCORDO_ATECO_2002_2007
   (ID_ATECO_02, COD_CATEGORIA_02, TIPO, ID_ATECO_07, COD_CATEGORIA_07, DT_LOAD)
 Values
   (551, '52.27.2', 'p', 734, '47.11.4', TO_DATE('03/14/2008 12:25:57', 'MM/DD/YYYY HH24:MI:SS'));
Insert into TMP_RACCORDO_ATECO_2002_2007
   (ID_ATECO_02, COD_CATEGORIA_02, TIPO, ID_ATECO_07, COD_CATEGORIA_07, DT_LOAD)
 Values
   (551, '52.27.2', 'p', 750, '47.29.9', TO_DATE('03/14/2008 12:25:57', 'MM/DD/YYYY HH24:MI:SS'));
Insert into TMP_RACCORDO_ATECO_2002_2007
   (ID_ATECO_02, COD_CATEGORIA_02, ID_ATECO_07, COD_CATEGORIA_07, DT_LOAD)
 Values
   (552, '52.27.3', 748, '47.29.2', TO_DATE('03/14/2008 12:25:57', 'MM/DD/YYYY HH24:MI:SS'));
Insert into TMP_RACCORDO_ATECO_2002_2007
   (ID_ATECO_02, COD_CATEGORIA_02, TIPO, ID_ATECO_07, COD_CATEGORIA_07, DT_LOAD)
 Values
   (553, '52.27.4', 'p', 739, '47.21.0', TO_DATE('03/14/2008 12:25:57', 'MM/DD/YYYY HH24:MI:SS'));
Insert into TMP_RACCORDO_ATECO_2002_2007
   (ID_ATECO_02, COD_CATEGORIA_02, TIPO, ID_ATECO_07, COD_CATEGORIA_07, DT_LOAD)
 Values
   (553, '52.27.4', 'p', 749, '47.29.3', TO_DATE('03/14/2008 12:25:57', 'MM/DD/YYYY HH24:MI:SS'));
Insert into TMP_RACCORDO_ATECO_2002_2007
   (ID_ATECO_02, COD_CATEGORIA_02, TIPO, ID_ATECO_07, COD_CATEGORIA_07, DT_LOAD)
 Values
   (553, '52.27.4', 'p', 750, '47.29.9', TO_DATE('03/14/2008 12:25:57', 'MM/DD/YYYY HH24:MI:SS'));
Insert into TMP_RACCORDO_ATECO_2002_2007
   (ID_ATECO_02, COD_CATEGORIA_02, TIPO, ID_ATECO_07, COD_CATEGORIA_07, DT_LOAD)
 Values
   (554, '52.31.0', 'p', 787, '47.73.1', TO_DATE('03/14/2008 12:25:57', 'MM/DD/YYYY HH24:MI:SS'));
Insert into TMP_RACCORDO_ATECO_2002_2007
   (ID_ATECO_02, COD_CATEGORIA_02, TIPO, ID_ATECO_07, COD_CATEGORIA_07, DT_LOAD)
 Values
   (554, '52.31.0', 'p', 788, '47.73.2', TO_DATE('03/14/2008 12:25:57', 'MM/DD/YYYY HH24:MI:SS'));
Insert into TMP_RACCORDO_ATECO_2002_2007
   (ID_ATECO_02, COD_CATEGORIA_02, ID_ATECO_07, COD_CATEGORIA_07, DT_LOAD)
 Values
   (555, '52.32.0', 789, '47.74.0', TO_DATE('03/14/2008 12:25:57', 'MM/DD/YYYY HH24:MI:SS'));
Insert into TMP_RACCORDO_ATECO_2002_2007
   (ID_ATECO_02, COD_CATEGORIA_02, ID_ATECO_07, COD_CATEGORIA_07, DT_LOAD)
 Values
   (556, '52.33.1', 791, '47.75.2', TO_DATE('03/14/2008 12:25:57', 'MM/DD/YYYY HH24:MI:SS'));
Insert into TMP_RACCORDO_ATECO_2002_2007
   (ID_ATECO_02, COD_CATEGORIA_02, ID_ATECO_07, COD_CATEGORIA_07, DT_LOAD)
 Values
   (557, '52.33.2', 790, '47.75.1', TO_DATE('03/14/2008 12:25:57', 'MM/DD/YYYY HH24:MI:SS'));
Insert into TMP_RACCORDO_ATECO_2002_2007
   (ID_ATECO_02, COD_CATEGORIA_02, ID_ATECO_07, COD_CATEGORIA_07, DT_LOAD)
 Values
   (558, '52.41.1', 755, '47.51.1', TO_DATE('03/14/2008 12:25:57', 'MM/DD/YYYY HH24:MI:SS'));
Insert into TMP_RACCORDO_ATECO_2002_2007
   (ID_ATECO_02, COD_CATEGORIA_02, ID_ATECO_07, COD_CATEGORIA_07, DT_LOAD)
 Values
   (559, '52.41.2', 756, '47.51.2', TO_DATE('03/14/2008 12:25:57', 'MM/DD/YYYY HH24:MI:SS'));
Insert into TMP_RACCORDO_ATECO_2002_2007
   (ID_ATECO_02, COD_CATEGORIA_02, ID_ATECO_07, COD_CATEGORIA_07, DT_LOAD)
 Values
   (560, '52.42.1', 780, '47.71.1', TO_DATE('03/14/2008 12:25:57', 'MM/DD/YYYY HH24:MI:SS'));
Insert into TMP_RACCORDO_ATECO_2002_2007
   (ID_ATECO_02, COD_CATEGORIA_02, ID_ATECO_07, COD_CATEGORIA_07, DT_LOAD)
 Values
   (561, '52.42.2', 781, '47.71.2', TO_DATE('03/14/2008 12:25:57', 'MM/DD/YYYY HH24:MI:SS'));
Insert into TMP_RACCORDO_ATECO_2002_2007
   (ID_ATECO_02, COD_CATEGORIA_02, ID_ATECO_07, COD_CATEGORIA_07, DT_LOAD)
 Values
   (562, '52.42.3', 782, '47.71.3', TO_DATE('03/14/2008 12:25:57', 'MM/DD/YYYY HH24:MI:SS'));
Insert into TMP_RACCORDO_ATECO_2002_2007
   (ID_ATECO_02, COD_CATEGORIA_02, ID_ATECO_07, COD_CATEGORIA_07, DT_LOAD)
 Values
   (563, '52.42.4', 783, '47.71.4', TO_DATE('03/14/2008 12:25:57', 'MM/DD/YYYY HH24:MI:SS'));
Insert into TMP_RACCORDO_ATECO_2002_2007
   (ID_ATECO_02, COD_CATEGORIA_02, ID_ATECO_07, COD_CATEGORIA_07, DT_LOAD)
 Values
   (564, '52.42.5', 784, '47.71.5', TO_DATE('03/14/2008 12:25:57', 'MM/DD/YYYY HH24:MI:SS'));
Insert into TMP_RACCORDO_ATECO_2002_2007
   (ID_ATECO_02, COD_CATEGORIA_02, ID_ATECO_07, COD_CATEGORIA_07, DT_LOAD)
 Values
   (565, '52.43.1', 785, '47.72.1', TO_DATE('03/14/2008 12:25:57', 'MM/DD/YYYY HH24:MI:SS'));
Insert into TMP_RACCORDO_ATECO_2002_2007
   (ID_ATECO_02, COD_CATEGORIA_02, ID_ATECO_07, COD_CATEGORIA_07, DT_LOAD)
 Values
   (566, '52.43.2', 786, '47.72.2', TO_DATE('03/14/2008 12:25:57', 'MM/DD/YYYY HH24:MI:SS'));
Insert into TMP_RACCORDO_ATECO_2002_2007
   (ID_ATECO_02, COD_CATEGORIA_02, ID_ATECO_07, COD_CATEGORIA_07, DT_LOAD)
 Values
   (567, '52.44.1', 765, '47.59.1', TO_DATE('03/14/2008 12:25:57', 'MM/DD/YYYY HH24:MI:SS'));
Insert into TMP_RACCORDO_ATECO_2002_2007
   (ID_ATECO_02, COD_CATEGORIA_02, ID_ATECO_07, COD_CATEGORIA_07, DT_LOAD)
 Values
   (568, '52.44.2', 766, '47.59.2', TO_DATE('03/14/2008 12:25:57', 'MM/DD/YYYY HH24:MI:SS'));
Insert into TMP_RACCORDO_ATECO_2002_2007
   (ID_ATECO_02, COD_CATEGORIA_02, ID_ATECO_07, COD_CATEGORIA_07, DT_LOAD)
 Values
   (569, '52.44.3', 767, '47.59.3', TO_DATE('03/14/2008 12:25:57', 'MM/DD/YYYY HH24:MI:SS'));
Insert into TMP_RACCORDO_ATECO_2002_2007
   (ID_ATECO_02, COD_CATEGORIA_02, TIPO, ID_ATECO_07, COD_CATEGORIA_07, DT_LOAD)
 Values
   (570, '52.44.4', 'p', 761, '47.53.1', TO_DATE('03/14/2008 12:25:57', 'MM/DD/YYYY HH24:MI:SS'));
Insert into TMP_RACCORDO_ATECO_2002_2007
   (ID_ATECO_02, COD_CATEGORIA_02, TIPO, ID_ATECO_07, COD_CATEGORIA_07, DT_LOAD)
 Values
   (570, '52.44.4', 'p', 771, '47.59.9', TO_DATE('03/14/2008 12:25:57', 'MM/DD/YYYY HH24:MI:SS'));
Insert into TMP_RACCORDO_ATECO_2002_2007
   (ID_ATECO_02, COD_CATEGORIA_02, TIPO, ID_ATECO_07, COD_CATEGORIA_07, DT_LOAD)
 Values
   (571, '52.45.1', 'p', 737, '47.19.2', TO_DATE('03/14/2008 12:25:57', 'MM/DD/YYYY HH24:MI:SS'));
Insert into TMP_RACCORDO_ATECO_2002_2007
   (ID_ATECO_02, COD_CATEGORIA_02, TIPO, ID_ATECO_07, COD_CATEGORIA_07, DT_LOAD)
 Values
   (571, '52.45.1', 'p', 754, '47.43.0', TO_DATE('03/14/2008 12:25:57', 'MM/DD/YYYY HH24:MI:SS'));
Insert into TMP_RACCORDO_ATECO_2002_2007
   (ID_ATECO_02, COD_CATEGORIA_02, TIPO, ID_ATECO_07, COD_CATEGORIA_07, DT_LOAD)
 Values
   (571, '52.45.1', 'p', 764, '47.54.0', TO_DATE('03/14/2008 12:25:57', 'MM/DD/YYYY HH24:MI:SS'));
Insert into TMP_RACCORDO_ATECO_2002_2007
   (ID_ATECO_02, COD_CATEGORIA_02, TIPO, ID_ATECO_07, COD_CATEGORIA_07, DT_LOAD)
 Values
   (571, '52.45.1', 'p', 766, '47.59.2', TO_DATE('03/14/2008 12:25:57', 'MM/DD/YYYY HH24:MI:SS'));
Insert into TMP_RACCORDO_ATECO_2002_2007
   (ID_ATECO_02, COD_CATEGORIA_02, TIPO, ID_ATECO_07, COD_CATEGORIA_07, DT_LOAD)
 Values
   (571, '52.45.1', 'p', 768, '47.59.4', TO_DATE('03/14/2008 12:25:57', 'MM/DD/YYYY HH24:MI:SS'));
Insert into TMP_RACCORDO_ATECO_2002_2007
   (ID_ATECO_02, COD_CATEGORIA_02, ID_ATECO_07, COD_CATEGORIA_07, DT_LOAD)
 Values
   (572, '52.45.2', 776, '47.63.0', TO_DATE('03/14/2008 12:25:57', 'MM/DD/YYYY HH24:MI:SS'));
Insert into TMP_RACCORDO_ATECO_2002_2007
   (ID_ATECO_02, COD_CATEGORIA_02, ID_ATECO_07, COD_CATEGORIA_07, DT_LOAD)
 Values
   (573, '52.45.3', 770, '47.59.6', TO_DATE('03/14/2008 12:25:57', 'MM/DD/YYYY HH24:MI:SS'));
Insert into TMP_RACCORDO_ATECO_2002_2007
   (ID_ATECO_02, COD_CATEGORIA_02, TIPO, ID_ATECO_07, COD_CATEGORIA_07, DT_LOAD)
 Values
   (574, '52.46.1', 'p', 757, '47.52.1', TO_DATE('03/14/2008 12:25:57', 'MM/DD/YYYY HH24:MI:SS'));
Insert into TMP_RACCORDO_ATECO_2002_2007
   (ID_ATECO_02, COD_CATEGORIA_02, TIPO, ID_ATECO_07, COD_CATEGORIA_07, DT_LOAD)
 Values
   (574, '52.46.1', 'p', 769, '47.59.5', TO_DATE('03/14/2008 12:25:57', 'MM/DD/YYYY HH24:MI:SS'));
Insert into TMP_RACCORDO_ATECO_2002_2007
   (ID_ATECO_02, COD_CATEGORIA_02, ID_ATECO_07, COD_CATEGORIA_07, DT_LOAD)
 Values
   (575, '52.46.2', 758, '47.52.2', TO_DATE('03/14/2008 12:25:57', 'MM/DD/YYYY HH24:MI:SS'));
Insert into TMP_RACCORDO_ATECO_2002_2007
   (ID_ATECO_02, COD_CATEGORIA_02, ID_ATECO_07, COD_CATEGORIA_07, DT_LOAD)
 Values
   (576, '52.46.3', 759, '47.52.3', TO_DATE('03/14/2008 12:25:57', 'MM/DD/YYYY HH24:MI:SS'));
Insert into TMP_RACCORDO_ATECO_2002_2007
   (ID_ATECO_02, COD_CATEGORIA_02, ID_ATECO_07, COD_CATEGORIA_07, DT_LOAD)
 Values
   (577, '52.46.4', 760, '47.52.4', TO_DATE('03/14/2008 12:25:57', 'MM/DD/YYYY HH24:MI:SS'));
Insert into TMP_RACCORDO_ATECO_2002_2007
   (ID_ATECO_02, COD_CATEGORIA_02, ID_ATECO_07, COD_CATEGORIA_07, DT_LOAD)
 Values
   (578, '52.47.1', 773, '47.61.0', TO_DATE('03/14/2008 12:25:57', 'MM/DD/YYYY HH24:MI:SS'));
Insert into TMP_RACCORDO_ATECO_2002_2007
   (ID_ATECO_02, COD_CATEGORIA_02, ID_ATECO_07, COD_CATEGORIA_07, DT_LOAD)
 Values
   (579, '52.47.2', 774, '47.62.1', TO_DATE('03/14/2008 12:25:57', 'MM/DD/YYYY HH24:MI:SS'));
Insert into TMP_RACCORDO_ATECO_2002_2007
   (ID_ATECO_02, COD_CATEGORIA_02, ID_ATECO_07, COD_CATEGORIA_07, DT_LOAD)
 Values
   (580, '52.47.3', 775, '47.62.2', TO_DATE('03/14/2008 12:25:57', 'MM/DD/YYYY HH24:MI:SS'));
Insert into TMP_RACCORDO_ATECO_2002_2007
   (ID_ATECO_02, COD_CATEGORIA_02, TIPO, ID_ATECO_07, COD_CATEGORIA_07, DT_LOAD)
 Values
   (581, '52.48.1', 'p', 752, '47.41.0', TO_DATE('03/14/2008 12:25:57', 'MM/DD/YYYY HH24:MI:SS'));
Insert into TMP_RACCORDO_ATECO_2002_2007
   (ID_ATECO_02, COD_CATEGORIA_02, TIPO, ID_ATECO_07, COD_CATEGORIA_07, DT_LOAD)
 Values
   (581, '52.48.1', 'p', 795, '47.78.1', TO_DATE('03/14/2008 12:25:57', 'MM/DD/YYYY HH24:MI:SS'));
Insert into TMP_RACCORDO_ATECO_2002_2007
   (ID_ATECO_02, COD_CATEGORIA_02, ID_ATECO_07, COD_CATEGORIA_07, DT_LOAD)
 Values
   (582, '52.48.2', 796, '47.78.2', TO_DATE('03/14/2008 12:25:57', 'MM/DD/YYYY HH24:MI:SS'));
Insert into TMP_RACCORDO_ATECO_2002_2007
   (ID_ATECO_02, COD_CATEGORIA_02, ID_ATECO_07, COD_CATEGORIA_07, DT_LOAD)
 Values
   (583, '52.48.3', 794, '47.77.0', TO_DATE('03/14/2008 12:25:57', 'MM/DD/YYYY HH24:MI:SS'));
Insert into TMP_RACCORDO_ATECO_2002_2007
   (ID_ATECO_02, COD_CATEGORIA_02, ID_ATECO_07, COD_CATEGORIA_07, DT_LOAD)
 Values
   (584, '52.48.4', 779, '47.65.0', TO_DATE('03/14/2008 12:25:57', 'MM/DD/YYYY HH24:MI:SS'));
Insert into TMP_RACCORDO_ATECO_2002_2007
   (ID_ATECO_02, COD_CATEGORIA_02, TIPO, ID_ATECO_07, COD_CATEGORIA_07, DT_LOAD)
 Values
   (585, '52.48.5', 'p', 777, '47.64.1', TO_DATE('03/14/2008 12:25:57', 'MM/DD/YYYY HH24:MI:SS'));
Insert into TMP_RACCORDO_ATECO_2002_2007
   (ID_ATECO_02, COD_CATEGORIA_02, TIPO, ID_ATECO_07, COD_CATEGORIA_07, DT_LOAD)
 Values
   (585, '52.48.5', 'p', 805, '47.78.5', TO_DATE('03/14/2008 12:25:57', 'MM/DD/YYYY HH24:MI:SS'));
Insert into TMP_RACCORDO_ATECO_2002_2007
   (ID_ATECO_02, COD_CATEGORIA_02, TIPO, ID_ATECO_07, COD_CATEGORIA_07, DT_LOAD)
 Values
   (585, '52.48.5', 'p', 1172, '93.19.9', TO_DATE('03/14/2008 12:25:57', 'MM/DD/YYYY HH24:MI:SS'));
Insert into TMP_RACCORDO_ATECO_2002_2007
   (ID_ATECO_02, COD_CATEGORIA_02, ID_ATECO_07, COD_CATEGORIA_07, DT_LOAD)
 Values
   (586, '52.48.6', 797, '47.78.3', TO_DATE('03/14/2008 12:25:57', 'MM/DD/YYYY HH24:MI:SS'));
Insert into TMP_RACCORDO_ATECO_2002_2007
   (ID_ATECO_02, COD_CATEGORIA_02, ID_ATECO_07, COD_CATEGORIA_07, DT_LOAD)
 Values
   (587, '52.48.7', 753, '47.42.0', TO_DATE('03/14/2008 12:25:57', 'MM/DD/YYYY HH24:MI:SS'));
Insert into TMP_RACCORDO_ATECO_2002_2007
   (ID_ATECO_02, COD_CATEGORIA_02, ID_ATECO_07, COD_CATEGORIA_07, DT_LOAD)
 Values
   (588, '52.48.8', 778, '47.64.2', TO_DATE('03/14/2008 12:25:57', 'MM/DD/YYYY HH24:MI:SS'));
Insert into TMP_RACCORDO_ATECO_2002_2007
   (ID_ATECO_02, COD_CATEGORIA_02, ID_ATECO_07, COD_CATEGORIA_07, DT_LOAD)
 Values
   (589, '52.48.9', 763, '47.53.2', TO_DATE('03/14/2008 12:25:57', 'MM/DD/YYYY HH24:MI:SS'));
Insert into TMP_RACCORDO_ATECO_2002_2007
   (ID_ATECO_02, COD_CATEGORIA_02, ID_ATECO_07, COD_CATEGORIA_07, DT_LOAD)
 Values
   (590, '52.48.A', 792, '47.76.1', TO_DATE('03/14/2008 12:25:57', 'MM/DD/YYYY HH24:MI:SS'));
Insert into TMP_RACCORDO_ATECO_2002_2007
   (ID_ATECO_02, COD_CATEGORIA_02, ID_ATECO_07, COD_CATEGORIA_07, DT_LOAD)
 Values
   (591, '52.48.B', 793, '47.76.2', TO_DATE('03/14/2008 12:25:57', 'MM/DD/YYYY HH24:MI:SS'));
Insert into TMP_RACCORDO_ATECO_2002_2007
   (ID_ATECO_02, COD_CATEGORIA_02, ID_ATECO_07, COD_CATEGORIA_07, DT_LOAD)
 Values
   (592, '52.48.C', 761, '47.53.1', TO_DATE('03/14/2008 12:25:57', 'MM/DD/YYYY HH24:MI:SS'));
Insert into TMP_RACCORDO_ATECO_2002_2007
   (ID_ATECO_02, COD_CATEGORIA_02, ID_ATECO_07, COD_CATEGORIA_07, DT_LOAD)
 Values
   (593, '52.48.D', 804, '47.78.4', TO_DATE('03/14/2008 12:25:57', 'MM/DD/YYYY HH24:MI:SS'));
Insert into TMP_RACCORDO_ATECO_2002_2007
   (ID_ATECO_02, COD_CATEGORIA_02, TIPO, ID_ATECO_07, COD_CATEGORIA_07, DT_LOAD)
 Values
   (594, '52.48.E', 'p', 806, '47.78.6', TO_DATE('03/14/2008 12:25:57', 'MM/DD/YYYY HH24:MI:SS'));
Insert into TMP_RACCORDO_ATECO_2002_2007
   (ID_ATECO_02, COD_CATEGORIA_02, TIPO, ID_ATECO_07, COD_CATEGORIA_07, DT_LOAD)
 Values
   (594, '52.48.E', 'p', 807, '47.78.9', TO_DATE('03/14/2008 12:25:57', 'MM/DD/YYYY HH24:MI:SS'));
Insert into TMP_RACCORDO_ATECO_2002_2007
   (ID_ATECO_02, COD_CATEGORIA_02, ID_ATECO_07, COD_CATEGORIA_07, DT_LOAD)
 Values
   (595, '52.50.1', 812, '47.79.1', TO_DATE('03/14/2008 12:25:57', 'MM/DD/YYYY HH24:MI:SS'));
Insert into TMP_RACCORDO_ATECO_2002_2007
   (ID_ATECO_02, COD_CATEGORIA_02, TIPO, ID_ATECO_07, COD_CATEGORIA_07, DT_LOAD)
 Values
   (398, '36.40.0', 'p', 419, '32.30.0', TO_DATE('03/14/2008 12:25:57', 'MM/DD/YYYY HH24:MI:SS'));
Insert into TMP_RACCORDO_ATECO_2002_2007
   (ID_ATECO_02, COD_CATEGORIA_02, TIPO, ID_ATECO_07, COD_CATEGORIA_07, DT_LOAD)
 Values
   (398, '36.40.0', 'p', 431, '32.99.1', TO_DATE('03/14/2008 12:25:57', 'MM/DD/YYYY HH24:MI:SS'));
Insert into TMP_RACCORDO_ATECO_2002_2007
   (ID_ATECO_02, COD_CATEGORIA_02, TIPO, ID_ATECO_07, COD_CATEGORIA_07, DT_LOAD)
 Values
   (399, '36.50.1', 'p', 304, '26.40.0', TO_DATE('03/14/2008 12:25:57', 'MM/DD/YYYY HH24:MI:SS'));
Insert into TMP_RACCORDO_ATECO_2002_2007
   (ID_ATECO_02, COD_CATEGORIA_02, TIPO, ID_ATECO_07, COD_CATEGORIA_07, DT_LOAD)
 Values
   (399, '36.50.1', 'p', 376, '28.99.9', TO_DATE('03/14/2008 12:25:57', 'MM/DD/YYYY HH24:MI:SS'));
Insert into TMP_RACCORDO_ATECO_2002_2007
   (ID_ATECO_02, COD_CATEGORIA_02, TIPO, ID_ATECO_07, COD_CATEGORIA_07, DT_LOAD)
 Values
   (399, '36.50.1', 'p', 420, '32.40.1', TO_DATE('03/14/2008 12:25:57', 'MM/DD/YYYY HH24:MI:SS'));
Insert into TMP_RACCORDO_ATECO_2002_2007
   (ID_ATECO_02, COD_CATEGORIA_02, TIPO, ID_ATECO_07, COD_CATEGORIA_07, DT_LOAD)
 Values
   (399, '36.50.1', 'p', 472, '33.19.0', TO_DATE('03/14/2008 12:25:57', 'MM/DD/YYYY HH24:MI:SS'));
Insert into TMP_RACCORDO_ATECO_2002_2007
   (ID_ATECO_02, COD_CATEGORIA_02, ID_ATECO_07, COD_CATEGORIA_07, DT_LOAD)
 Values
   (400, '36.50.2', 421, '32.40.2', TO_DATE('03/14/2008 12:25:57', 'MM/DD/YYYY HH24:MI:SS'));
Insert into TMP_RACCORDO_ATECO_2002_2007
   (ID_ATECO_02, COD_CATEGORIA_02, ID_ATECO_07, COD_CATEGORIA_07, DT_LOAD)
 Values
   (401, '36.61.0', 416, '32.13.0', TO_DATE('03/14/2008 12:25:57', 'MM/DD/YYYY HH24:MI:SS'));
Insert into TMP_RACCORDO_ATECO_2002_2007
   (ID_ATECO_02, COD_CATEGORIA_02, ID_ATECO_07, COD_CATEGORIA_07, DT_LOAD)
 Values
   (402, '36.62.0', 430, '32.91.0', TO_DATE('03/14/2008 12:25:57', 'MM/DD/YYYY HH24:MI:SS'));
Insert into TMP_RACCORDO_ATECO_2002_2007
   (ID_ATECO_02, COD_CATEGORIA_02, ID_ATECO_07, COD_CATEGORIA_07, DT_LOAD)
 Values
   (403, '36.63.1', 400, '30.92.4', TO_DATE('03/14/2008 12:25:57', 'MM/DD/YYYY HH24:MI:SS'));
Insert into TMP_RACCORDO_ATECO_2002_2007
   (ID_ATECO_02, COD_CATEGORIA_02, TIPO, ID_ATECO_07, COD_CATEGORIA_07, DT_LOAD)
 Values
   (404, '36.63.2', 'p', 217, '22.23.0', TO_DATE('03/14/2008 12:25:57', 'MM/DD/YYYY HH24:MI:SS'));
Insert into TMP_RACCORDO_ATECO_2002_2007
   (ID_ATECO_02, COD_CATEGORIA_02, TIPO, ID_ATECO_07, COD_CATEGORIA_07, DT_LOAD)
 Values
   (404, '36.63.2', 'p', 251, '23.99.0', TO_DATE('03/14/2008 12:25:57', 'MM/DD/YYYY HH24:MI:SS'));
Insert into TMP_RACCORDO_ATECO_2002_2007
   (ID_ATECO_02, COD_CATEGORIA_02, TIPO, ID_ATECO_07, COD_CATEGORIA_07, DT_LOAD)
 Values
   (405, '36.63.3', 'p', 145, '15.12.0', TO_DATE('03/14/2008 12:25:57', 'MM/DD/YYYY HH24:MI:SS'));
Insert into TMP_RACCORDO_ATECO_2002_2007
   (ID_ATECO_02, COD_CATEGORIA_02, TIPO, ID_ATECO_07, COD_CATEGORIA_07, DT_LOAD)
 Values
   (405, '36.63.3', 'p', 155, '16.29.1', TO_DATE('03/14/2008 12:25:57', 'MM/DD/YYYY HH24:MI:SS'));
Insert into TMP_RACCORDO_ATECO_2002_2007
   (ID_ATECO_02, COD_CATEGORIA_02, TIPO, ID_ATECO_07, COD_CATEGORIA_07, DT_LOAD)
 Values
   (405, '36.63.3', 'p', 436, '32.99.2', TO_DATE('03/14/2008 12:25:57', 'MM/DD/YYYY HH24:MI:SS'));
Insert into TMP_RACCORDO_ATECO_2002_2007
   (ID_ATECO_02, COD_CATEGORIA_02, TIPO, ID_ATECO_07, COD_CATEGORIA_07, DT_LOAD)
 Values
   (406, '36.63.4', 'p', 376, '28.99.9', TO_DATE('03/14/2008 12:25:57', 'MM/DD/YYYY HH24:MI:SS'));
Insert into TMP_RACCORDO_ATECO_2002_2007
   (ID_ATECO_02, COD_CATEGORIA_02, TIPO, ID_ATECO_07, COD_CATEGORIA_07, DT_LOAD)
 Values
   (406, '36.63.4', 'p', 472, '33.19.0', TO_DATE('03/14/2008 12:25:57', 'MM/DD/YYYY HH24:MI:SS'));
Insert into TMP_RACCORDO_ATECO_2002_2007
   (ID_ATECO_02, COD_CATEGORIA_02, TIPO, ID_ATECO_07, COD_CATEGORIA_07, DT_LOAD)
 Values
   (407, '36.63.5', 'p', 132, '13.99.9', TO_DATE('03/14/2008 12:25:57', 'MM/DD/YYYY HH24:MI:SS'));
Insert into TMP_RACCORDO_ATECO_2002_2007
   (ID_ATECO_02, COD_CATEGORIA_02, TIPO, ID_ATECO_07, COD_CATEGORIA_07, DT_LOAD)
 Values
   (407, '36.63.5', 'p', 195, '20.51.0', TO_DATE('03/14/2008 12:25:57', 'MM/DD/YYYY HH24:MI:SS'));
Insert into TMP_RACCORDO_ATECO_2002_2007
   (ID_ATECO_02, COD_CATEGORIA_02, TIPO, ID_ATECO_07, COD_CATEGORIA_07, DT_LOAD)
 Values
   (407, '36.63.5', 'p', 220, '22.29.0', TO_DATE('03/14/2008 12:25:57', 'MM/DD/YYYY HH24:MI:SS'));
Insert into TMP_RACCORDO_ATECO_2002_2007
   (ID_ATECO_02, COD_CATEGORIA_02, TIPO, ID_ATECO_07, COD_CATEGORIA_07, DT_LOAD)
 Values
   (407, '36.63.5', 'p', 291, '25.99.1', TO_DATE('03/14/2008 12:25:57', 'MM/DD/YYYY HH24:MI:SS'));
Insert into TMP_RACCORDO_ATECO_2002_2007
   (ID_ATECO_02, COD_CATEGORIA_02, TIPO, ID_ATECO_07, COD_CATEGORIA_07, DT_LOAD)
 Values
   (407, '36.63.5', 'p', 348, '28.23.0', TO_DATE('03/14/2008 12:25:57', 'MM/DD/YYYY HH24:MI:SS'));
Insert into TMP_RACCORDO_ATECO_2002_2007
   (ID_ATECO_02, COD_CATEGORIA_02, TIPO, ID_ATECO_07, COD_CATEGORIA_07, DT_LOAD)
 Values
   (407, '36.63.5', 'p', 437, '32.99.3', TO_DATE('03/14/2008 12:25:57', 'MM/DD/YYYY HH24:MI:SS'));
Insert into TMP_RACCORDO_ATECO_2002_2007
   (ID_ATECO_02, COD_CATEGORIA_02, TIPO, ID_ATECO_07, COD_CATEGORIA_07, DT_LOAD)
 Values
   (407, '36.63.5', 'p', 439, '32.99.9', TO_DATE('03/14/2008 12:25:57', 'MM/DD/YYYY HH24:MI:SS'));
Insert into TMP_RACCORDO_ATECO_2002_2007
   (ID_ATECO_02, COD_CATEGORIA_02, TIPO, ID_ATECO_07, COD_CATEGORIA_07, DT_LOAD)
 Values
   (408, '37.10.1', 'p', 501, '38.31.1', TO_DATE('03/14/2008 12:25:57', 'MM/DD/YYYY HH24:MI:SS'));
Insert into TMP_RACCORDO_ATECO_2002_2007
   (ID_ATECO_02, COD_CATEGORIA_02, TIPO, ID_ATECO_07, COD_CATEGORIA_07, DT_LOAD)
 Values
   (408, '37.10.1', 'p', 503, '38.32.1', TO_DATE('03/14/2008 12:25:57', 'MM/DD/YYYY HH24:MI:SS'));
Insert into TMP_RACCORDO_ATECO_2002_2007
   (ID_ATECO_02, COD_CATEGORIA_02, ID_ATECO_07, COD_CATEGORIA_07, DT_LOAD)
 Values
   (409, '37.10.2', 502, '38.31.2', TO_DATE('03/14/2008 12:25:57', 'MM/DD/YYYY HH24:MI:SS'));
Insert into TMP_RACCORDO_ATECO_2002_2007
   (ID_ATECO_02, COD_CATEGORIA_02, ID_ATECO_07, COD_CATEGORIA_07, DT_LOAD)
 Values
   (410, '37.20.1', 504, '38.32.2', TO_DATE('03/14/2008 12:25:57', 'MM/DD/YYYY HH24:MI:SS'));
Insert into TMP_RACCORDO_ATECO_2002_2007
   (ID_ATECO_02, COD_CATEGORIA_02, ID_ATECO_07, COD_CATEGORIA_07, DT_LOAD)
 Values
   (411, '37.20.2', 505, '38.32.3', TO_DATE('03/14/2008 12:25:57', 'MM/DD/YYYY HH24:MI:SS'));
Insert into TMP_RACCORDO_ATECO_2002_2007
   (ID_ATECO_02, COD_CATEGORIA_02, ID_ATECO_07, COD_CATEGORIA_07, DT_LOAD)
 Values
   (412, '40.11.0', 486, '35.11.0', TO_DATE('03/14/2008 12:25:57', 'MM/DD/YYYY HH24:MI:SS'));
Insert into TMP_RACCORDO_ATECO_2002_2007
   (ID_ATECO_02, COD_CATEGORIA_02, ID_ATECO_07, COD_CATEGORIA_07, DT_LOAD)
 Values
   (413, '40.12.0', 487, '35.12.0', TO_DATE('03/14/2008 12:25:57', 'MM/DD/YYYY HH24:MI:SS'));
Insert into TMP_RACCORDO_ATECO_2002_2007
   (ID_ATECO_02, COD_CATEGORIA_02, TIPO, ID_ATECO_07, COD_CATEGORIA_07, DT_LOAD)
 Values
   (414, '40.13.0', 'p', 488, '35.13.0', TO_DATE('03/14/2008 12:25:57', 'MM/DD/YYYY HH24:MI:SS'));
Insert into TMP_RACCORDO_ATECO_2002_2007
   (ID_ATECO_02, COD_CATEGORIA_02, TIPO, ID_ATECO_07, COD_CATEGORIA_07, DT_LOAD)
 Values
   (414, '40.13.0', 'p', 489, '35.14.0', TO_DATE('03/14/2008 12:25:57', 'MM/DD/YYYY HH24:MI:SS'));
Insert into TMP_RACCORDO_ATECO_2002_2007
   (ID_ATECO_02, COD_CATEGORIA_02, ID_ATECO_07, COD_CATEGORIA_07, DT_LOAD)
 Values
   (415, '40.21.0', 490, '35.21.0', TO_DATE('03/14/2008 12:25:57', 'MM/DD/YYYY HH24:MI:SS'));
Insert into TMP_RACCORDO_ATECO_2002_2007
   (ID_ATECO_02, COD_CATEGORIA_02, TIPO, ID_ATECO_07, COD_CATEGORIA_07, DT_LOAD)
 Values
   (416, '40.22.0', 'p', 491, '35.22.0', TO_DATE('03/14/2008 12:25:57', 'MM/DD/YYYY HH24:MI:SS'));
Insert into TMP_RACCORDO_ATECO_2002_2007
   (ID_ATECO_02, COD_CATEGORIA_02, TIPO, ID_ATECO_07, COD_CATEGORIA_07, DT_LOAD)
 Values
   (416, '40.22.0', 'p', 492, '35.23.0', TO_DATE('03/14/2008 12:25:57', 'MM/DD/YYYY HH24:MI:SS'));
Insert into TMP_RACCORDO_ATECO_2002_2007
   (ID_ATECO_02, COD_CATEGORIA_02, ID_ATECO_07, COD_CATEGORIA_07, DT_LOAD)
 Values
   (417, '40.30.0', 493, '35.30.0', TO_DATE('03/14/2008 12:25:57', 'MM/DD/YYYY HH24:MI:SS'));
Insert into TMP_RACCORDO_ATECO_2002_2007
   (ID_ATECO_02, COD_CATEGORIA_02, ID_ATECO_07, COD_CATEGORIA_07, DT_LOAD)
 Values
   (418, '41.00.1', 494, '36.00.0', TO_DATE('03/14/2008 12:25:57', 'MM/DD/YYYY HH24:MI:SS'));
Insert into TMP_RACCORDO_ATECO_2002_2007
   (ID_ATECO_02, COD_CATEGORIA_02, ID_ATECO_07, COD_CATEGORIA_07, DT_LOAD)
 Values
   (419, '41.00.2', 494, '36.00.0', TO_DATE('03/14/2008 12:25:57', 'MM/DD/YYYY HH24:MI:SS'));
Insert into TMP_RACCORDO_ATECO_2002_2007
   (ID_ATECO_02, COD_CATEGORIA_02, TIPO, ID_ATECO_07, COD_CATEGORIA_07, DT_LOAD)
 Values
   (420, '45.11.0', 'p', 518, '43.11.0', TO_DATE('03/14/2008 12:25:57', 'MM/DD/YYYY HH24:MI:SS'));
Insert into TMP_RACCORDO_ATECO_2002_2007
   (ID_ATECO_02, COD_CATEGORIA_02, TIPO, ID_ATECO_07, COD_CATEGORIA_07, DT_LOAD)
 Values
   (420, '45.11.0', 'p', 519, '43.12.0', TO_DATE('03/14/2008 12:25:57', 'MM/DD/YYYY HH24:MI:SS'));
Insert into TMP_RACCORDO_ATECO_2002_2007
   (ID_ATECO_02, COD_CATEGORIA_02, ID_ATECO_07, COD_CATEGORIA_07, DT_LOAD)
 Values
   (421, '45.12.0', 520, '43.13.0', TO_DATE('03/14/2008 12:25:57', 'MM/DD/YYYY HH24:MI:SS'));
Insert into TMP_RACCORDO_ATECO_2002_2007
   (ID_ATECO_02, COD_CATEGORIA_02, ID_ATECO_07, COD_CATEGORIA_07, DT_LOAD)
 Values
   (422, '45.21.1', 509, '41.20.0', TO_DATE('03/14/2008 12:25:57', 'MM/DD/YYYY HH24:MI:SS'));
Insert into TMP_RACCORDO_ATECO_2002_2007
   (ID_ATECO_02, COD_CATEGORIA_02, TIPO, ID_ATECO_07, COD_CATEGORIA_07, DT_LOAD)
 Values
   (423, '45.21.2', 'p', 511, '42.12.0', TO_DATE('03/14/2008 12:25:57', 'MM/DD/YYYY HH24:MI:SS'));
Insert into TMP_RACCORDO_ATECO_2002_2007
   (ID_ATECO_02, COD_CATEGORIA_02, TIPO, ID_ATECO_07, COD_CATEGORIA_07, DT_LOAD)
 Values
   (423, '45.21.2', 'p', 512, '42.13.0', TO_DATE('03/14/2008 12:25:57', 'MM/DD/YYYY HH24:MI:SS'));
Insert into TMP_RACCORDO_ATECO_2002_2007
   (ID_ATECO_02, COD_CATEGORIA_02, TIPO, ID_ATECO_07, COD_CATEGORIA_07, DT_LOAD)
 Values
   (423, '45.21.2', 'p', 513, '42.21.0', TO_DATE('03/14/2008 12:25:57', 'MM/DD/YYYY HH24:MI:SS'));
Insert into TMP_RACCORDO_ATECO_2002_2007
   (ID_ATECO_02, COD_CATEGORIA_02, TIPO, ID_ATECO_07, COD_CATEGORIA_07, DT_LOAD)
 Values
   (423, '45.21.2', 'p', 514, '42.22.0', TO_DATE('03/14/2008 12:25:57', 'MM/DD/YYYY HH24:MI:SS'));
Insert into TMP_RACCORDO_ATECO_2002_2007
   (ID_ATECO_02, COD_CATEGORIA_02, TIPO, ID_ATECO_07, COD_CATEGORIA_07, DT_LOAD)
 Values
   (423, '45.21.2', 'p', 516, '42.99.0', TO_DATE('03/14/2008 12:25:57', 'MM/DD/YYYY HH24:MI:SS'));
Insert into TMP_RACCORDO_ATECO_2002_2007
   (ID_ATECO_02, COD_CATEGORIA_02, TIPO, ID_ATECO_07, COD_CATEGORIA_07, DT_LOAD)
 Values
   (424, '45.22.0', 'p', 539, '43.91.0', TO_DATE('03/14/2008 12:25:57', 'MM/DD/YYYY HH24:MI:SS'));
Insert into TMP_RACCORDO_ATECO_2002_2007
   (ID_ATECO_02, COD_CATEGORIA_02, TIPO, ID_ATECO_07, COD_CATEGORIA_07, DT_LOAD)
 Values
   (424, '45.22.0', 'p', 540, '43.99.0', TO_DATE('03/14/2008 12:25:57', 'MM/DD/YYYY HH24:MI:SS'));
Insert into TMP_RACCORDO_ATECO_2002_2007
   (ID_ATECO_02, COD_CATEGORIA_02, TIPO, ID_ATECO_07, COD_CATEGORIA_07, DT_LOAD)
 Values
   (425, '45.23.0', 'p', 509, '41.20.0', TO_DATE('03/14/2008 12:25:57', 'MM/DD/YYYY HH24:MI:SS'));
Insert into TMP_RACCORDO_ATECO_2002_2007
   (ID_ATECO_02, COD_CATEGORIA_02, TIPO, ID_ATECO_07, COD_CATEGORIA_07, DT_LOAD)
 Values
   (425, '45.23.0', 'p', 510, '42.11.0', TO_DATE('03/14/2008 12:25:57', 'MM/DD/YYYY HH24:MI:SS'));
Insert into TMP_RACCORDO_ATECO_2002_2007
   (ID_ATECO_02, COD_CATEGORIA_02, TIPO, ID_ATECO_07, COD_CATEGORIA_07, DT_LOAD)
 Values
   (425, '45.23.0', 'p', 511, '42.12.0', TO_DATE('03/14/2008 12:25:57', 'MM/DD/YYYY HH24:MI:SS'));
Insert into TMP_RACCORDO_ATECO_2002_2007
   (ID_ATECO_02, COD_CATEGORIA_02, TIPO, ID_ATECO_07, COD_CATEGORIA_07, DT_LOAD)
 Values
   (425, '45.23.0', 'p', 516, '42.99.0', TO_DATE('03/14/2008 12:25:57', 'MM/DD/YYYY HH24:MI:SS'));
Insert into TMP_RACCORDO_ATECO_2002_2007
   (ID_ATECO_02, COD_CATEGORIA_02, TIPO, ID_ATECO_07, COD_CATEGORIA_07, DT_LOAD)
 Values
   (425, '45.23.0', 'p', 540, '43.99.0', TO_DATE('03/14/2008 12:25:57', 'MM/DD/YYYY HH24:MI:SS'));
Insert into TMP_RACCORDO_ATECO_2002_2007
   (ID_ATECO_02, COD_CATEGORIA_02, TIPO, ID_ATECO_07, COD_CATEGORIA_07, DT_LOAD)
 Values
   (426, '45.24.0', 'p', 513, '42.21.0', TO_DATE('03/14/2008 12:25:57', 'MM/DD/YYYY HH24:MI:SS'));
Insert into TMP_RACCORDO_ATECO_2002_2007
   (ID_ATECO_02, COD_CATEGORIA_02, TIPO, ID_ATECO_07, COD_CATEGORIA_07, DT_LOAD)
 Values
   (426, '45.24.0', 'p', 515, '42.91.0', TO_DATE('03/14/2008 12:25:57', 'MM/DD/YYYY HH24:MI:SS'));
Insert into TMP_RACCORDO_ATECO_2002_2007
   (ID_ATECO_02, COD_CATEGORIA_02, TIPO, ID_ATECO_07, COD_CATEGORIA_07, DT_LOAD)
 Values
   (426, '45.24.0', 'p', 540, '43.99.0', TO_DATE('03/14/2008 12:25:57', 'MM/DD/YYYY HH24:MI:SS'));
Insert into TMP_RACCORDO_ATECO_2002_2007
   (ID_ATECO_02, COD_CATEGORIA_02, TIPO, ID_ATECO_07, COD_CATEGORIA_07, DT_LOAD)
 Values
   (427, '45.25.0', 'p', 506, '39.00.0', TO_DATE('03/14/2008 12:25:57', 'MM/DD/YYYY HH24:MI:SS'));
Insert into TMP_RACCORDO_ATECO_2002_2007
   (ID_ATECO_02, COD_CATEGORIA_02, TIPO, ID_ATECO_07, COD_CATEGORIA_07, DT_LOAD)
 Values
   (427, '45.25.0', 'p', 513, '42.21.0', TO_DATE('03/14/2008 12:25:57', 'MM/DD/YYYY HH24:MI:SS'));
Insert into TMP_RACCORDO_ATECO_2002_2007
   (ID_ATECO_02, COD_CATEGORIA_02, TIPO, ID_ATECO_07, COD_CATEGORIA_07, DT_LOAD)
 Values
   (427, '45.25.0', 'p', 540, '43.99.0', TO_DATE('03/14/2008 12:25:57', 'MM/DD/YYYY HH24:MI:SS'));
Insert into TMP_RACCORDO_ATECO_2002_2007
   (ID_ATECO_02, COD_CATEGORIA_02, TIPO, ID_ATECO_07, COD_CATEGORIA_07, DT_LOAD)
 Values
   (428, '45.31.0', 'p', 521, '43.21.0', TO_DATE('03/14/2008 12:25:57', 'MM/DD/YYYY HH24:MI:SS'));
Insert into TMP_RACCORDO_ATECO_2002_2007
   (ID_ATECO_02, COD_CATEGORIA_02, TIPO, ID_ATECO_07, COD_CATEGORIA_07, DT_LOAD)
 Values
   (428, '45.31.0', 'p', 524, '43.22.0', TO_DATE('03/14/2008 12:25:57', 'MM/DD/YYYY HH24:MI:SS'));
Insert into TMP_RACCORDO_ATECO_2002_2007
   (ID_ATECO_02, COD_CATEGORIA_02, TIPO, ID_ATECO_07, COD_CATEGORIA_07, DT_LOAD)
 Values
   (428, '45.31.0', 'p', 529, '43.29.0', TO_DATE('03/14/2008 12:25:57', 'MM/DD/YYYY HH24:MI:SS'));
Insert into TMP_RACCORDO_ATECO_2002_2007
   (ID_ATECO_02, COD_CATEGORIA_02, ID_ATECO_07, COD_CATEGORIA_07, DT_LOAD)
 Values
   (429, '45.32.0', 529, '43.29.0', TO_DATE('03/14/2008 12:25:57', 'MM/DD/YYYY HH24:MI:SS'));
Insert into TMP_RACCORDO_ATECO_2002_2007
   (ID_ATECO_02, COD_CATEGORIA_02, ID_ATECO_07, COD_CATEGORIA_07, DT_LOAD)
 Values
   (430, '45.33.0', 524, '43.22.0', TO_DATE('03/14/2008 12:25:57', 'MM/DD/YYYY HH24:MI:SS'));
Insert into TMP_RACCORDO_ATECO_2002_2007
   (ID_ATECO_02, COD_CATEGORIA_02, TIPO, ID_ATECO_07, COD_CATEGORIA_07, DT_LOAD)
 Values
   (431, '45.34.0', 'p', 521, '43.21.0', TO_DATE('03/14/2008 12:25:57', 'MM/DD/YYYY HH24:MI:SS'));
Insert into TMP_RACCORDO_ATECO_2002_2007
   (ID_ATECO_02, COD_CATEGORIA_02, TIPO, ID_ATECO_07, COD_CATEGORIA_07, DT_LOAD)
 Values
   (431, '45.34.0', 'p', 529, '43.29.0', TO_DATE('03/14/2008 12:25:57', 'MM/DD/YYYY HH24:MI:SS'));
Insert into TMP_RACCORDO_ATECO_2002_2007
   (ID_ATECO_02, COD_CATEGORIA_02, ID_ATECO_07, COD_CATEGORIA_07, DT_LOAD)
 Values
   (432, '45.41.0', 532, '43.31.0', TO_DATE('03/14/2008 12:25:57', 'MM/DD/YYYY HH24:MI:SS'));
Insert into TMP_RACCORDO_ATECO_2002_2007
   (ID_ATECO_02, COD_CATEGORIA_02, ID_ATECO_07, COD_CATEGORIA_07, DT_LOAD)
 Values
   (433, '45.42.0', 533, '43.32.0', TO_DATE('03/14/2008 12:25:57', 'MM/DD/YYYY HH24:MI:SS'));
Insert into TMP_RACCORDO_ATECO_2002_2007
   (ID_ATECO_02, COD_CATEGORIA_02, ID_ATECO_07, COD_CATEGORIA_07, DT_LOAD)
 Values
   (434, '45.43.0', 535, '43.33.0', TO_DATE('03/14/2008 12:25:57', 'MM/DD/YYYY HH24:MI:SS'));
Insert into TMP_RACCORDO_ATECO_2002_2007
   (ID_ATECO_02, COD_CATEGORIA_02, ID_ATECO_07, COD_CATEGORIA_07, DT_LOAD)
 Values
   (435, '45.44.0', 536, '43.34.0', TO_DATE('03/14/2008 12:25:57', 'MM/DD/YYYY HH24:MI:SS'));
Insert into TMP_RACCORDO_ATECO_2002_2007
   (ID_ATECO_02, COD_CATEGORIA_02, TIPO, ID_ATECO_07, COD_CATEGORIA_07, DT_LOAD)
 Values
   (436, '45.45.0', 'p', 537, '43.39.0', TO_DATE('03/14/2008 12:25:57', 'MM/DD/YYYY HH24:MI:SS'));
Insert into TMP_RACCORDO_ATECO_2002_2007
   (ID_ATECO_02, COD_CATEGORIA_02, TIPO, ID_ATECO_07, COD_CATEGORIA_07, DT_LOAD)
 Values
   (436, '45.45.0', 'p', 540, '43.99.0', TO_DATE('03/14/2008 12:25:57', 'MM/DD/YYYY HH24:MI:SS'));
Insert into TMP_RACCORDO_ATECO_2002_2007
   (ID_ATECO_02, COD_CATEGORIA_02, ID_ATECO_07, COD_CATEGORIA_07, DT_LOAD)
 Values
   (437, '45.50.0', 540, '43.99.0', TO_DATE('03/14/2008 12:25:57', 'MM/DD/YYYY HH24:MI:SS'));
Insert into TMP_RACCORDO_ATECO_2002_2007
   (ID_ATECO_02, COD_CATEGORIA_02, TIPO, ID_ATECO_07, COD_CATEGORIA_07, DT_LOAD)
 Values
   (438, '50.10.0', 'p', 543, '45.11.0', TO_DATE('03/14/2008 12:25:57', 'MM/DD/YYYY HH24:MI:SS'));
Insert into TMP_RACCORDO_ATECO_2002_2007
   (ID_ATECO_02, COD_CATEGORIA_02, TIPO, ID_ATECO_07, COD_CATEGORIA_07, DT_LOAD)
 Values
   (438, '50.10.0', 'p', 545, '45.19.0', TO_DATE('03/14/2008 12:25:57', 'MM/DD/YYYY HH24:MI:SS'));
Insert into TMP_RACCORDO_ATECO_2002_2007
   (ID_ATECO_02, COD_CATEGORIA_02, ID_ATECO_07, COD_CATEGORIA_07, DT_LOAD)
 Values
   (439, '50.20.1', 547, '45.20.1', TO_DATE('03/14/2008 12:25:57', 'MM/DD/YYYY HH24:MI:SS'));
Insert into TMP_RACCORDO_ATECO_2002_2007
   (ID_ATECO_02, COD_CATEGORIA_02, ID_ATECO_07, COD_CATEGORIA_07, DT_LOAD)
 Values
   (440, '50.20.2', 548, '45.20.2', TO_DATE('03/14/2008 12:25:57', 'MM/DD/YYYY HH24:MI:SS'));
Insert into TMP_RACCORDO_ATECO_2002_2007
   (ID_ATECO_02, COD_CATEGORIA_02, ID_ATECO_07, COD_CATEGORIA_07, DT_LOAD)
 Values
   (441, '50.20.3', 549, '45.20.3', TO_DATE('03/14/2008 12:25:57', 'MM/DD/YYYY HH24:MI:SS'));
Insert into TMP_RACCORDO_ATECO_2002_2007
   (ID_ATECO_02, COD_CATEGORIA_02, ID_ATECO_07, COD_CATEGORIA_07, DT_LOAD)
 Values
   (442, '50.20.4', 550, '45.20.4', TO_DATE('03/14/2008 12:25:57', 'MM/DD/YYYY HH24:MI:SS'));
Insert into TMP_RACCORDO_ATECO_2002_2007
   (ID_ATECO_02, COD_CATEGORIA_02, TIPO, ID_ATECO_07, COD_CATEGORIA_07, DT_LOAD)
 Values
   (443, '50.20.5', 'p', 551, '45.20.9', TO_DATE('03/14/2008 12:25:57', 'MM/DD/YYYY HH24:MI:SS'));
Insert into TMP_RACCORDO_ATECO_2002_2007
   (ID_ATECO_02, COD_CATEGORIA_02, TIPO, ID_ATECO_07, COD_CATEGORIA_07, DT_LOAD)
 Values
   (443, '50.20.5', 'p', 859, '52.21.6', TO_DATE('03/14/2008 12:25:57', 'MM/DD/YYYY HH24:MI:SS'));
Insert into TMP_RACCORDO_ATECO_2002_2007
   (ID_ATECO_02, COD_CATEGORIA_02, TIPO, ID_ATECO_07, COD_CATEGORIA_07, DT_LOAD)
 Values
   (444, '50.30.0', 'p', 553, '45.31.0', TO_DATE('03/14/2008 12:25:57', 'MM/DD/YYYY HH24:MI:SS'));
Insert into TMP_RACCORDO_ATECO_2002_2007
   (ID_ATECO_02, COD_CATEGORIA_02, TIPO, ID_ATECO_07, COD_CATEGORIA_07, DT_LOAD)
 Values
   (444, '50.30.0', 'p', 555, '45.32.0', TO_DATE('03/14/2008 12:25:57', 'MM/DD/YYYY HH24:MI:SS'));
Insert into TMP_RACCORDO_ATECO_2002_2007
   (ID_ATECO_02, COD_CATEGORIA_02, ID_ATECO_07, COD_CATEGORIA_07, DT_LOAD)
 Values
   (445, '50.40.1', 556, '45.40.1', TO_DATE('03/14/2008 12:25:57', 'MM/DD/YYYY HH24:MI:SS'));
Insert into TMP_RACCORDO_ATECO_2002_2007
   (ID_ATECO_02, COD_CATEGORIA_02, ID_ATECO_07, COD_CATEGORIA_07, DT_LOAD)
 Values
   (446, '50.40.2', 558, '45.40.2', TO_DATE('03/14/2008 12:25:57', 'MM/DD/YYYY HH24:MI:SS'));
Insert into TMP_RACCORDO_ATECO_2002_2007
   (ID_ATECO_02, COD_CATEGORIA_02, ID_ATECO_07, COD_CATEGORIA_07, DT_LOAD)
 Values
   (447, '50.40.3', 560, '45.40.3', TO_DATE('03/14/2008 12:25:57', 'MM/DD/YYYY HH24:MI:SS'));
Insert into TMP_RACCORDO_ATECO_2002_2007
   (ID_ATECO_02, COD_CATEGORIA_02, ID_ATECO_07, COD_CATEGORIA_07, DT_LOAD)
 Values
   (448, '50.50.0', 751, '47.30.0', TO_DATE('03/14/2008 12:25:57', 'MM/DD/YYYY HH24:MI:SS'));
Insert into TMP_RACCORDO_ATECO_2002_2007
   (ID_ATECO_02, COD_CATEGORIA_02, ID_ATECO_07, COD_CATEGORIA_07, DT_LOAD)
 Values
   (449, '51.11.0', 561, '46.11.0', TO_DATE('03/14/2008 12:25:57', 'MM/DD/YYYY HH24:MI:SS'));
Insert into TMP_RACCORDO_ATECO_2002_2007
   (ID_ATECO_02, COD_CATEGORIA_02, ID_ATECO_07, COD_CATEGORIA_07, DT_LOAD)
 Values
   (450, '51.12.0', 568, '46.12.0', TO_DATE('03/14/2008 12:25:57', 'MM/DD/YYYY HH24:MI:SS'));
Insert into TMP_RACCORDO_ATECO_2002_2007
   (ID_ATECO_02, COD_CATEGORIA_02, ID_ATECO_07, COD_CATEGORIA_07, DT_LOAD)
 Values
   (451, '51.13.0', 575, '46.13.0', TO_DATE('03/14/2008 12:25:57', 'MM/DD/YYYY HH24:MI:SS'));
Insert into TMP_RACCORDO_ATECO_2002_2007
   (ID_ATECO_02, COD_CATEGORIA_02, ID_ATECO_07, COD_CATEGORIA_07, DT_LOAD)
 Values
   (452, '51.14.0', 580, '46.14.0', TO_DATE('03/14/2008 12:25:57', 'MM/DD/YYYY HH24:MI:SS'));
Insert into TMP_RACCORDO_ATECO_2002_2007
   (ID_ATECO_02, COD_CATEGORIA_02, ID_ATECO_07, COD_CATEGORIA_07, DT_LOAD)
 Values
   (453, '51.15.0', 587, '46.15.0', TO_DATE('03/14/2008 12:25:57', 'MM/DD/YYYY HH24:MI:SS'));
Insert into TMP_RACCORDO_ATECO_2002_2007
   (ID_ATECO_02, COD_CATEGORIA_02, ID_ATECO_07, COD_CATEGORIA_07, DT_LOAD)
 Values
   (454, '51.16.0', 594, '46.16.0', TO_DATE('03/14/2008 12:25:57', 'MM/DD/YYYY HH24:MI:SS'));
Insert into TMP_RACCORDO_ATECO_2002_2007
   (ID_ATECO_02, COD_CATEGORIA_02, ID_ATECO_07, COD_CATEGORIA_07, DT_LOAD)
 Values
   (455, '51.17.1', 603, '46.17.0', TO_DATE('03/14/2008 12:25:57', 'MM/DD/YYYY HH24:MI:SS'));
Insert into TMP_RACCORDO_ATECO_2002_2007
   (ID_ATECO_02, COD_CATEGORIA_02, ID_ATECO_07, COD_CATEGORIA_07, DT_LOAD)
 Values
   (456, '51.17.2', 603, '46.17.0', TO_DATE('03/14/2008 12:25:57', 'MM/DD/YYYY HH24:MI:SS'));
Insert into TMP_RACCORDO_ATECO_2002_2007
   (ID_ATECO_02, COD_CATEGORIA_02, ID_ATECO_07, COD_CATEGORIA_07, DT_LOAD)
 Values
   (457, '51.18.1', 612, '46.18.1', TO_DATE('03/14/2008 12:25:57', 'MM/DD/YYYY HH24:MI:SS'));
Insert into TMP_RACCORDO_ATECO_2002_2007
   (ID_ATECO_02, COD_CATEGORIA_02, ID_ATECO_07, COD_CATEGORIA_07, DT_LOAD)
 Values
   (458, '51.18.2', 616, '46.18.2', TO_DATE('03/14/2008 12:25:57', 'MM/DD/YYYY HH24:MI:SS'));
Insert into TMP_RACCORDO_ATECO_2002_2007
   (ID_ATECO_02, COD_CATEGORIA_02, ID_ATECO_07, COD_CATEGORIA_07, DT_LOAD)
 Values
   (459, '51.18.3', 620, '46.18.3', TO_DATE('03/14/2008 12:25:57', 'MM/DD/YYYY HH24:MI:SS'));
Insert into TMP_RACCORDO_ATECO_2002_2007
   (ID_ATECO_02, COD_CATEGORIA_02, ID_ATECO_07, COD_CATEGORIA_07, DT_LOAD)
 Values
   (460, '51.18.4', 625, '46.18.9', TO_DATE('03/14/2008 12:25:57', 'MM/DD/YYYY HH24:MI:SS'));
Insert into TMP_RACCORDO_ATECO_2002_2007
   (ID_ATECO_02, COD_CATEGORIA_02, ID_ATECO_07, COD_CATEGORIA_07, DT_LOAD)
 Values
   (461, '51.19.0', 634, '46.19.0', TO_DATE('03/14/2008 12:25:57', 'MM/DD/YYYY HH24:MI:SS'));
Insert into TMP_RACCORDO_ATECO_2002_2007
   (ID_ATECO_02, COD_CATEGORIA_02, ID_ATECO_07, COD_CATEGORIA_07, DT_LOAD)
 Values
   (462, '51.21.1', 638, '46.21.1', TO_DATE('03/14/2008 12:25:57', 'MM/DD/YYYY HH24:MI:SS'));
Insert into TMP_RACCORDO_ATECO_2002_2007
   (ID_ATECO_02, COD_CATEGORIA_02, ID_ATECO_07, COD_CATEGORIA_07, DT_LOAD)
 Values
   (463, '51.21.2', 639, '46.21.2', TO_DATE('03/14/2008 12:25:57', 'MM/DD/YYYY HH24:MI:SS'));
Insert into TMP_RACCORDO_ATECO_2002_2007
   (ID_ATECO_02, COD_CATEGORIA_02, ID_ATECO_07, COD_CATEGORIA_07, DT_LOAD)
 Values
   (464, '51.22.0', 641, '46.22.0', TO_DATE('03/14/2008 12:25:57', 'MM/DD/YYYY HH24:MI:SS'));
Insert into TMP_RACCORDO_ATECO_2002_2007
   (ID_ATECO_02, COD_CATEGORIA_02, ID_ATECO_07, COD_CATEGORIA_07, DT_LOAD)
 Values
   (465, '51.23.0', 642, '46.23.0', TO_DATE('03/14/2008 12:25:57', 'MM/DD/YYYY HH24:MI:SS'));
Insert into TMP_RACCORDO_ATECO_2002_2007
   (ID_ATECO_02, COD_CATEGORIA_02, ID_ATECO_07, COD_CATEGORIA_07, DT_LOAD)
 Values
   (466, '51.24.1', 643, '46.24.1', TO_DATE('03/14/2008 12:25:57', 'MM/DD/YYYY HH24:MI:SS'));
Insert into TMP_RACCORDO_ATECO_2002_2007
   (ID_ATECO_02, COD_CATEGORIA_02, ID_ATECO_07, COD_CATEGORIA_07, DT_LOAD)
 Values
   (467, '51.24.2', 644, '46.24.2', TO_DATE('03/14/2008 12:25:57', 'MM/DD/YYYY HH24:MI:SS'));
Insert into TMP_RACCORDO_ATECO_2002_2007
   (ID_ATECO_02, COD_CATEGORIA_02, ID_ATECO_07, COD_CATEGORIA_07, DT_LOAD)
 Values
   (468, '51.25.0', 639, '46.21.2', TO_DATE('03/14/2008 12:25:57', 'MM/DD/YYYY HH24:MI:SS'));
Insert into TMP_RACCORDO_ATECO_2002_2007
   (ID_ATECO_02, COD_CATEGORIA_02, ID_ATECO_07, COD_CATEGORIA_07, DT_LOAD)
 Values
   (469, '51.31.0', 645, '46.31.1', TO_DATE('03/14/2008 12:25:57', 'MM/DD/YYYY HH24:MI:SS'));
Insert into TMP_RACCORDO_ATECO_2002_2007
   (ID_ATECO_02, COD_CATEGORIA_02, ID_ATECO_07, COD_CATEGORIA_07, DT_LOAD)
 Values
   (470, '51.32.1', 647, '46.32.1', TO_DATE('03/14/2008 12:25:57', 'MM/DD/YYYY HH24:MI:SS'));
Insert into TMP_RACCORDO_ATECO_2002_2007
   (ID_ATECO_02, COD_CATEGORIA_02, ID_ATECO_07, COD_CATEGORIA_07, DT_LOAD)
 Values
   (471, '51.32.2', 648, '46.32.2', TO_DATE('03/14/2008 12:25:57', 'MM/DD/YYYY HH24:MI:SS'));
Insert into TMP_RACCORDO_ATECO_2002_2007
   (ID_ATECO_02, COD_CATEGORIA_02, ID_ATECO_07, COD_CATEGORIA_07, DT_LOAD)
 Values
   (472, '51.33.1', 649, '46.33.1', TO_DATE('03/14/2008 12:25:57', 'MM/DD/YYYY HH24:MI:SS'));
Insert into TMP_RACCORDO_ATECO_2002_2007
   (ID_ATECO_02, COD_CATEGORIA_02, ID_ATECO_07, COD_CATEGORIA_07, DT_LOAD)
 Values
   (473, '51.33.2', 650, '46.33.2', TO_DATE('03/14/2008 12:25:57', 'MM/DD/YYYY HH24:MI:SS'));
Insert into TMP_RACCORDO_ATECO_2002_2007
   (ID_ATECO_02, COD_CATEGORIA_02, ID_ATECO_07, COD_CATEGORIA_07, DT_LOAD)
 Values
   (474, '51.34.1', 651, '46.34.1', TO_DATE('03/14/2008 12:25:57', 'MM/DD/YYYY HH24:MI:SS'));
Insert into TMP_RACCORDO_ATECO_2002_2007
   (ID_ATECO_02, COD_CATEGORIA_02, ID_ATECO_07, COD_CATEGORIA_07, DT_LOAD)
 Values
   (475, '51.34.2', 652, '46.34.2', TO_DATE('03/14/2008 12:25:57', 'MM/DD/YYYY HH24:MI:SS'));
Insert into TMP_RACCORDO_ATECO_2002_2007
   (ID_ATECO_02, COD_CATEGORIA_02, ID_ATECO_07, COD_CATEGORIA_07, DT_LOAD)
 Values
   (476, '51.35.0', 653, '46.35.0', TO_DATE('03/14/2008 12:25:57', 'MM/DD/YYYY HH24:MI:SS'));
Insert into TMP_RACCORDO_ATECO_2002_2007
   (ID_ATECO_02, COD_CATEGORIA_02, ID_ATECO_07, COD_CATEGORIA_07, DT_LOAD)
 Values
   (477, '51.36.0', 654, '46.36.0', TO_DATE('03/14/2008 12:25:57', 'MM/DD/YYYY HH24:MI:SS'));
Insert into TMP_RACCORDO_ATECO_2002_2007
   (ID_ATECO_02, COD_CATEGORIA_02, ID_ATECO_07, COD_CATEGORIA_07, DT_LOAD)
 Values
   (478, '51.37.0', 655, '46.37.0', TO_DATE('03/14/2008 12:25:57', 'MM/DD/YYYY HH24:MI:SS'));
Insert into TMP_RACCORDO_ATECO_2002_2007
   (ID_ATECO_02, COD_CATEGORIA_02, ID_ATECO_07, COD_CATEGORIA_07, DT_LOAD)
 Values
   (479, '51.38.1', 657, '46.38.1', TO_DATE('03/14/2008 12:25:57', 'MM/DD/YYYY HH24:MI:SS'));
Insert into TMP_RACCORDO_ATECO_2002_2007
   (ID_ATECO_02, COD_CATEGORIA_02, ID_ATECO_07, COD_CATEGORIA_07, DT_LOAD)
 Values
   (480, '51.38.2', 658, '46.38.2', TO_DATE('03/14/2008 12:25:57', 'MM/DD/YYYY HH24:MI:SS'));
Insert into TMP_RACCORDO_ATECO_2002_2007
   (ID_ATECO_02, COD_CATEGORIA_02, TIPO, ID_ATECO_07, COD_CATEGORIA_07, DT_LOAD)
 Values
   (481, '51.38.3', 'p', 646, '46.31.2', TO_DATE('03/14/2008 12:25:57', 'MM/DD/YYYY HH24:MI:SS'));
Insert into TMP_RACCORDO_ATECO_2002_2007
   (ID_ATECO_02, COD_CATEGORIA_02, TIPO, ID_ATECO_07, COD_CATEGORIA_07, DT_LOAD)
 Values
   (481, '51.38.3', 'p', 659, '46.38.3', TO_DATE('03/14/2008 12:25:57', 'MM/DD/YYYY HH24:MI:SS'));
Insert into TMP_RACCORDO_ATECO_2002_2007
   (ID_ATECO_02, COD_CATEGORIA_02, TIPO, ID_ATECO_07, COD_CATEGORIA_07, DT_LOAD)
 Values
   (481, '51.38.3', 'p', 660, '46.38.9', TO_DATE('03/14/2008 12:25:57', 'MM/DD/YYYY HH24:MI:SS'));
Insert into TMP_RACCORDO_ATECO_2002_2007
   (ID_ATECO_02, COD_CATEGORIA_02, ID_ATECO_07, COD_CATEGORIA_07, DT_LOAD)
 Values
   (482, '51.39.1', 661, '46.39.1', TO_DATE('03/14/2008 12:25:57', 'MM/DD/YYYY HH24:MI:SS'));
Insert into TMP_RACCORDO_ATECO_2002_2007
   (ID_ATECO_02, COD_CATEGORIA_02, ID_ATECO_07, COD_CATEGORIA_07, DT_LOAD)
 Values
   (483, '51.39.2', 662, '46.39.2', TO_DATE('03/14/2008 12:25:57', 'MM/DD/YYYY HH24:MI:SS'));
Insert into TMP_RACCORDO_ATECO_2002_2007
   (ID_ATECO_02, COD_CATEGORIA_02, ID_ATECO_07, COD_CATEGORIA_07, DT_LOAD)
 Values
   (484, '51.41.1', 663, '46.41.1', TO_DATE('03/14/2008 12:25:57', 'MM/DD/YYYY HH24:MI:SS'));
Insert into TMP_RACCORDO_ATECO_2002_2007
   (ID_ATECO_02, COD_CATEGORIA_02, ID_ATECO_07, COD_CATEGORIA_07, DT_LOAD)
 Values
   (485, '51.41.2', 664, '46.41.2', TO_DATE('03/14/2008 12:25:57', 'MM/DD/YYYY HH24:MI:SS'));
Insert into TMP_RACCORDO_ATECO_2002_2007
   (ID_ATECO_02, COD_CATEGORIA_02, ID_ATECO_07, COD_CATEGORIA_07, DT_LOAD)
 Values
   (486, '51.41.3', 665, '46.41.9', TO_DATE('03/14/2008 12:25:57', 'MM/DD/YYYY HH24:MI:SS'));
Insert into TMP_RACCORDO_ATECO_2002_2007
   (ID_ATECO_02, COD_CATEGORIA_02, ID_ATECO_07, COD_CATEGORIA_07, DT_LOAD)
 Values
   (487, '51.42.1', 666, '46.42.1', TO_DATE('03/14/2008 12:25:57', 'MM/DD/YYYY HH24:MI:SS'));
Insert into TMP_RACCORDO_ATECO_2002_2007
   (ID_ATECO_02, COD_CATEGORIA_02, ID_ATECO_07, COD_CATEGORIA_07, DT_LOAD)
 Values
   (488, '51.42.2', 667, '46.42.2', TO_DATE('03/14/2008 12:25:57', 'MM/DD/YYYY HH24:MI:SS'));
Insert into TMP_RACCORDO_ATECO_2002_2007
   (ID_ATECO_02, COD_CATEGORIA_02, ID_ATECO_07, COD_CATEGORIA_07, DT_LOAD)
 Values
   (489, '51.42.3', 668, '46.42.3', TO_DATE('03/14/2008 12:25:57', 'MM/DD/YYYY HH24:MI:SS'));
Insert into TMP_RACCORDO_ATECO_2002_2007
   (ID_ATECO_02, COD_CATEGORIA_02, ID_ATECO_07, COD_CATEGORIA_07, DT_LOAD)
 Values
   (490, '51.42.4', 669, '46.42.4', TO_DATE('03/14/2008 12:25:57', 'MM/DD/YYYY HH24:MI:SS'));
Insert into TMP_RACCORDO_ATECO_2002_2007
   (ID_ATECO_02, COD_CATEGORIA_02, TIPO, ID_ATECO_07, COD_CATEGORIA_07, DT_LOAD)
 Values
   (491, '51.43.1', 'p', 670, '46.43.1', TO_DATE('03/14/2008 12:25:57', 'MM/DD/YYYY HH24:MI:SS'));
Insert into TMP_RACCORDO_ATECO_2002_2007
   (ID_ATECO_02, COD_CATEGORIA_02, TIPO, ID_ATECO_07, COD_CATEGORIA_07, DT_LOAD)
 Values
   (491, '51.43.1', 'p', 692, '46.52.0', TO_DATE('03/14/2008 12:25:57', 'MM/DD/YYYY HH24:MI:SS'));
Insert into TMP_RACCORDO_ATECO_2002_2007
   (ID_ATECO_02, COD_CATEGORIA_02, TIPO, ID_ATECO_07, COD_CATEGORIA_07, DT_LOAD)
 Values
   (492, '51.43.2', 'p', 671, '46.43.2', TO_DATE('03/14/2008 12:25:57', 'MM/DD/YYYY HH24:MI:SS'));
Insert into TMP_RACCORDO_ATECO_2002_2007
   (ID_ATECO_02, COD_CATEGORIA_02, TIPO, ID_ATECO_07, COD_CATEGORIA_07, DT_LOAD)
 Values
   (492, '51.43.2', 'p', 692, '46.52.0', TO_DATE('03/14/2008 12:25:57', 'MM/DD/YYYY HH24:MI:SS'));
Insert into TMP_RACCORDO_ATECO_2002_2007
   (ID_ATECO_02, COD_CATEGORIA_02, ID_ATECO_07, COD_CATEGORIA_07, DT_LOAD)
 Values
   (493, '51.43.3', 692, '46.52.0', TO_DATE('03/14/2008 12:25:57', 'MM/DD/YYYY HH24:MI:SS'));
Insert into TMP_RACCORDO_ATECO_2002_2007
   (ID_ATECO_02, COD_CATEGORIA_02, ID_ATECO_07, COD_CATEGORIA_07, DT_LOAD)
 Values
   (494, '51.43.4', 683, '46.47.3', TO_DATE('03/14/2008 12:25:57', 'MM/DD/YYYY HH24:MI:SS'));
Insert into TMP_RACCORDO_ATECO_2002_2007
   (ID_ATECO_02, COD_CATEGORIA_02, ID_ATECO_07, COD_CATEGORIA_07, DT_LOAD)
 Values
   (495, '51.44.1', 673, '46.44.1', TO_DATE('03/14/2008 12:25:57', 'MM/DD/YYYY HH24:MI:SS'));
Insert into TMP_RACCORDO_ATECO_2002_2007
   (ID_ATECO_02, COD_CATEGORIA_02, ID_ATECO_07, COD_CATEGORIA_07, DT_LOAD)
 Values
   (496, '51.44.2', 674, '46.44.2', TO_DATE('03/14/2008 12:25:57', 'MM/DD/YYYY HH24:MI:SS'));
Insert into TMP_RACCORDO_ATECO_2002_2007
   (ID_ATECO_02, COD_CATEGORIA_02, ID_ATECO_07, COD_CATEGORIA_07, DT_LOAD)
 Values
   (497, '51.44.3', 719, '46.73.4', TO_DATE('03/14/2008 12:25:57', 'MM/DD/YYYY HH24:MI:SS'));
Insert into TMP_RACCORDO_ATECO_2002_2007
   (ID_ATECO_02, COD_CATEGORIA_02, TIPO, ID_ATECO_07, COD_CATEGORIA_07, DT_LOAD)
 Values
   (498, '51.44.4', 'p', 675, '46.44.3', TO_DATE('03/14/2008 12:25:57', 'MM/DD/YYYY HH24:MI:SS'));
Insert into TMP_RACCORDO_ATECO_2002_2007
   (ID_ATECO_02, COD_CATEGORIA_02, TIPO, ID_ATECO_07, COD_CATEGORIA_07, DT_LOAD)
 Values
   (498, '51.44.4', 'p', 677, '46.45.0', TO_DATE('03/14/2008 12:25:57', 'MM/DD/YYYY HH24:MI:SS'));
Insert into TMP_RACCORDO_ATECO_2002_2007
   (ID_ATECO_02, COD_CATEGORIA_02, ID_ATECO_07, COD_CATEGORIA_07, DT_LOAD)
 Values
   (499, '51.44.5', 676, '46.44.4', TO_DATE('03/14/2008 12:25:57', 'MM/DD/YYYY HH24:MI:SS'));
Insert into TMP_RACCORDO_ATECO_2002_2007
   (ID_ATECO_02, COD_CATEGORIA_02, ID_ATECO_07, COD_CATEGORIA_07, DT_LOAD)
 Values
   (500, '51.45.0', 677, '46.45.0', TO_DATE('03/14/2008 12:25:57', 'MM/DD/YYYY HH24:MI:SS'));
Insert into TMP_RACCORDO_ATECO_2002_2007
   (ID_ATECO_02, COD_CATEGORIA_02, TIPO, ID_ATECO_07, COD_CATEGORIA_07, DT_LOAD)
 Values
   (501, '51.46.1', 'p', 678, '46.46.1', TO_DATE('03/14/2008 12:25:57', 'MM/DD/YYYY HH24:MI:SS'));
Insert into TMP_RACCORDO_ATECO_2002_2007
   (ID_ATECO_02, COD_CATEGORIA_02, TIPO, ID_ATECO_07, COD_CATEGORIA_07, DT_LOAD)
 Values
   (501, '51.46.1', 'p', 679, '46.46.2', TO_DATE('03/14/2008 12:25:57', 'MM/DD/YYYY HH24:MI:SS'));
Insert into TMP_RACCORDO_ATECO_2002_2007
   (ID_ATECO_02, COD_CATEGORIA_02, ID_ATECO_07, COD_CATEGORIA_07, DT_LOAD)
 Values
   (502, '51.46.2', 680, '46.46.3', TO_DATE('03/14/2008 12:25:57', 'MM/DD/YYYY HH24:MI:SS'));
Insert into TMP_RACCORDO_ATECO_2002_2007
   (ID_ATECO_02, COD_CATEGORIA_02, ID_ATECO_07, COD_CATEGORIA_07, DT_LOAD)
 Values
   (503, '51.47.1', 681, '46.47.1', TO_DATE('03/14/2008 12:25:57', 'MM/DD/YYYY HH24:MI:SS'));
Insert into TMP_RACCORDO_ATECO_2002_2007
   (ID_ATECO_02, COD_CATEGORIA_02, ID_ATECO_07, COD_CATEGORIA_07, DT_LOAD)
 Values
   (504, '51.47.2', 685, '46.49.1', TO_DATE('03/14/2008 12:25:57', 'MM/DD/YYYY HH24:MI:SS'));
Insert into TMP_RACCORDO_ATECO_2002_2007
   (ID_ATECO_02, COD_CATEGORIA_02, ID_ATECO_07, COD_CATEGORIA_07, DT_LOAD)
 Values
   (505, '51.47.3', 686, '46.49.2', TO_DATE('03/14/2008 12:25:57', 'MM/DD/YYYY HH24:MI:SS'));
Insert into TMP_RACCORDO_ATECO_2002_2007
   (ID_ATECO_02, COD_CATEGORIA_02, TIPO, ID_ATECO_07, COD_CATEGORIA_07, DT_LOAD)
 Values
   (506, '51.47.4', 'p', 672, '46.43.3', TO_DATE('03/14/2008 12:25:57', 'MM/DD/YYYY HH24:MI:SS'));
Insert into TMP_RACCORDO_ATECO_2002_2007
   (ID_ATECO_02, COD_CATEGORIA_02, TIPO, ID_ATECO_07, COD_CATEGORIA_07, DT_LOAD)
 Values
   (506, '51.47.4', 'p', 705, '46.69.9', TO_DATE('03/14/2008 12:25:57', 'MM/DD/YYYY HH24:MI:SS'));
Insert into TMP_RACCORDO_ATECO_2002_2007
   (ID_ATECO_02, COD_CATEGORIA_02, ID_ATECO_07, COD_CATEGORIA_07, DT_LOAD)
 Values
   (507, '51.47.5', 684, '46.48.0', TO_DATE('03/14/2008 12:25:57', 'MM/DD/YYYY HH24:MI:SS'));
Insert into TMP_RACCORDO_ATECO_2002_2007
   (ID_ATECO_02, COD_CATEGORIA_02, ID_ATECO_07, COD_CATEGORIA_07, DT_LOAD)
 Values
   (508, '51.47.6', 687, '46.49.3', TO_DATE('03/14/2008 12:25:57', 'MM/DD/YYYY HH24:MI:SS'));
Insert into TMP_RACCORDO_ATECO_2002_2007
   (ID_ATECO_02, COD_CATEGORIA_02, TIPO, ID_ATECO_07, COD_CATEGORIA_07, DT_LOAD)
 Values
   (509, '51.47.7', 'p', 688, '46.49.4', TO_DATE('03/14/2008 12:25:57', 'MM/DD/YYYY HH24:MI:SS'));
Insert into TMP_RACCORDO_ATECO_2002_2007
   (ID_ATECO_02, COD_CATEGORIA_02, TIPO, ID_ATECO_07, COD_CATEGORIA_07, DT_LOAD)
 Values
   (509, '51.47.7', 'p', 701, '46.69.1', TO_DATE('03/14/2008 12:25:57', 'MM/DD/YYYY HH24:MI:SS'));
Insert into TMP_RACCORDO_ATECO_2002_2007
   (ID_ATECO_02, COD_CATEGORIA_02, ID_ATECO_07, COD_CATEGORIA_07, DT_LOAD)
 Values
   (510, '51.47.8', 689, '46.49.5', TO_DATE('03/14/2008 12:25:57', 'MM/DD/YYYY HH24:MI:SS'));
Insert into TMP_RACCORDO_ATECO_2002_2007
   (ID_ATECO_02, COD_CATEGORIA_02, TIPO, ID_ATECO_07, COD_CATEGORIA_07, DT_LOAD)
 Values
   (511, '51.47.9', 'p', 682, '46.47.2', TO_DATE('03/14/2008 12:25:57', 'MM/DD/YYYY HH24:MI:SS'));
Insert into TMP_RACCORDO_ATECO_2002_2007
   (ID_ATECO_02, COD_CATEGORIA_02, TIPO, ID_ATECO_07, COD_CATEGORIA_07, DT_LOAD)
 Values
   (511, '51.47.9', 'p', 690, '46.49.9', TO_DATE('03/14/2008 12:25:57', 'MM/DD/YYYY HH24:MI:SS'));
Insert into TMP_RACCORDO_ATECO_2002_2007
   (ID_ATECO_02, COD_CATEGORIA_02, TIPO, ID_ATECO_07, COD_CATEGORIA_07, DT_LOAD)
 Values
   (511, '51.47.9', 'p', 714, '46.73.2', TO_DATE('03/14/2008 12:25:57', 'MM/DD/YYYY HH24:MI:SS'));
Insert into TMP_RACCORDO_ATECO_2002_2007
   (ID_ATECO_02, COD_CATEGORIA_02, ID_ATECO_07, COD_CATEGORIA_07, DT_LOAD)
 Values
   (512, '51.51.1', 710, '46.71.0', TO_DATE('03/14/2008 12:25:57', 'MM/DD/YYYY HH24:MI:SS'));
Insert into TMP_RACCORDO_ATECO_2002_2007
   (ID_ATECO_02, COD_CATEGORIA_02, ID_ATECO_07, COD_CATEGORIA_07, DT_LOAD)
 Values
   (513, '51.51.2', 710, '46.71.0', TO_DATE('03/14/2008 12:25:57', 'MM/DD/YYYY HH24:MI:SS'));
Insert into TMP_RACCORDO_ATECO_2002_2007
   (ID_ATECO_02, COD_CATEGORIA_02, ID_ATECO_07, COD_CATEGORIA_07, DT_LOAD)
 Values
   (514, '51.52.1', 711, '46.72.1', TO_DATE('03/14/2008 12:25:57', 'MM/DD/YYYY HH24:MI:SS'));
Insert into TMP_RACCORDO_ATECO_2002_2007
   (ID_ATECO_02, COD_CATEGORIA_02, ID_ATECO_07, COD_CATEGORIA_07, DT_LOAD)
 Values
   (515, '51.52.2', 712, '46.72.2', TO_DATE('03/14/2008 12:25:57', 'MM/DD/YYYY HH24:MI:SS'));
Insert into TMP_RACCORDO_ATECO_2002_2007
   (ID_ATECO_02, COD_CATEGORIA_02, TIPO, ID_ATECO_07, COD_CATEGORIA_07, DT_LOAD)
 Values
   (1, '01.11.1', 'p', 1, '01.11.1', TO_DATE('03/14/2008 12:25:57', 'MM/DD/YYYY HH24:MI:SS'));
Insert into TMP_RACCORDO_ATECO_2002_2007
   (ID_ATECO_02, COD_CATEGORIA_02, TIPO, ID_ATECO_07, COD_CATEGORIA_07, DT_LOAD)
 Values
   (1, '01.11.1', 'p', 5, '01.12.0', TO_DATE('03/14/2008 12:25:57', 'MM/DD/YYYY HH24:MI:SS'));
Insert into TMP_RACCORDO_ATECO_2002_2007
   (ID_ATECO_02, COD_CATEGORIA_02, ID_ATECO_07, COD_CATEGORIA_07, DT_LOAD)
 Values
   (2, '01.11.2', 2, '01.11.2', TO_DATE('03/14/2008 12:25:57', 'MM/DD/YYYY HH24:MI:SS'));
Insert into TMP_RACCORDO_ATECO_2002_2007
   (ID_ATECO_02, COD_CATEGORIA_02, ID_ATECO_07, COD_CATEGORIA_07, DT_LOAD)
 Values
   (3, '01.11.3', 8, '01.13.3', TO_DATE('03/14/2008 12:25:57', 'MM/DD/YYYY HH24:MI:SS'));
Insert into TMP_RACCORDO_ATECO_2002_2007
   (COD_CATEGORIA_02, ID_ATECO_07, COD_CATEGORIA_07, DT_LOAD)
 Values
   ('NULL', 10, '01.14.0', TO_DATE('03/14/2008 12:25:57', 'MM/DD/YYYY HH24:MI:SS'));
Insert into TMP_RACCORDO_ATECO_2002_2007
   (ID_ATECO_02, COD_CATEGORIA_02, TIPO, ID_ATECO_07, COD_CATEGORIA_07, DT_LOAD)
 Values
   (4, '01.11.4', 'p', 11, '01.15.0', TO_DATE('03/14/2008 12:25:57', 'MM/DD/YYYY HH24:MI:SS'));
Insert into TMP_RACCORDO_ATECO_2002_2007
   (ID_ATECO_02, COD_CATEGORIA_02, TIPO, ID_ATECO_07, COD_CATEGORIA_07, DT_LOAD)
 Values
   (4, '01.11.4', 'p', 42, '01.63.0', TO_DATE('03/14/2008 12:25:57', 'MM/DD/YYYY HH24:MI:SS'));
Insert into TMP_RACCORDO_ATECO_2002_2007
   (ID_ATECO_02, COD_CATEGORIA_02, TIPO, ID_ATECO_07, COD_CATEGORIA_07, DT_LOAD)
 Values
   (5, '01.11.5', 'p', 3, '01.11.3', TO_DATE('03/14/2008 12:25:57', 'MM/DD/YYYY HH24:MI:SS'));
Insert into TMP_RACCORDO_ATECO_2002_2007
   (ID_ATECO_02, COD_CATEGORIA_02, TIPO, ID_ATECO_07, COD_CATEGORIA_07, DT_LOAD)
 Values
   (5, '01.11.5', 'p', 8, '01.13.3', TO_DATE('03/14/2008 12:25:57', 'MM/DD/YYYY HH24:MI:SS'));
Insert into TMP_RACCORDO_ATECO_2002_2007
   (ID_ATECO_02, COD_CATEGORIA_02, TIPO, ID_ATECO_07, COD_CATEGORIA_07, DT_LOAD)
 Values
   (5, '01.11.5', 'p', 9, '01.13.4', TO_DATE('03/14/2008 12:25:57', 'MM/DD/YYYY HH24:MI:SS'));
Insert into TMP_RACCORDO_ATECO_2002_2007
   (ID_ATECO_02, COD_CATEGORIA_02, TIPO, ID_ATECO_07, COD_CATEGORIA_07, DT_LOAD)
 Values
   (5, '01.11.5', 'p', 12, '01.16.0', TO_DATE('03/14/2008 12:25:57', 'MM/DD/YYYY HH24:MI:SS'));
Insert into TMP_RACCORDO_ATECO_2002_2007
   (ID_ATECO_02, COD_CATEGORIA_02, TIPO, ID_ATECO_07, COD_CATEGORIA_07, DT_LOAD)
 Values
   (5, '01.11.5', 'p', 15, '01.19.9', TO_DATE('03/14/2008 12:25:57', 'MM/DD/YYYY HH24:MI:SS'));
Insert into TMP_RACCORDO_ATECO_2002_2007
   (ID_ATECO_02, COD_CATEGORIA_02, TIPO, ID_ATECO_07, COD_CATEGORIA_07, DT_LOAD)
 Values
   (5, '01.11.5', 'p', 23, '01.28.0', TO_DATE('03/14/2008 12:25:57', 'MM/DD/YYYY HH24:MI:SS'));
Insert into TMP_RACCORDO_ATECO_2002_2007
   (ID_ATECO_02, COD_CATEGORIA_02, ID_ATECO_07, COD_CATEGORIA_07, DT_LOAD)
 Values
   (6, '01.11.6', 4, '01.11.4', TO_DATE('03/14/2008 12:25:57', 'MM/DD/YYYY HH24:MI:SS'));
Insert into TMP_RACCORDO_ATECO_2002_2007
   (ID_ATECO_02, COD_CATEGORIA_02, TIPO, ID_ATECO_07, COD_CATEGORIA_07, DT_LOAD)
 Values
   (7, '01.12.1', 'p', 6, '01.13.1', TO_DATE('03/14/2008 12:25:57', 'MM/DD/YYYY HH24:MI:SS'));
Insert into TMP_RACCORDO_ATECO_2002_2007
   (ID_ATECO_02, COD_CATEGORIA_02, TIPO, ID_ATECO_07, COD_CATEGORIA_07, DT_LOAD)
 Values
   (7, '01.12.1', 'p', 23, '01.28.0', TO_DATE('03/14/2008 12:25:57', 'MM/DD/YYYY HH24:MI:SS'));
Insert into TMP_RACCORDO_ATECO_2002_2007
   (ID_ATECO_02, COD_CATEGORIA_02, TIPO, ID_ATECO_07, COD_CATEGORIA_07, DT_LOAD)
 Values
   (7, '01.12.1', 'p', 25, '01.30.0', TO_DATE('03/14/2008 12:25:57', 'MM/DD/YYYY HH24:MI:SS'));
Insert into TMP_RACCORDO_ATECO_2002_2007
   (ID_ATECO_02, COD_CATEGORIA_02, TIPO, ID_ATECO_07, COD_CATEGORIA_07, DT_LOAD)
 Values
   (7, '01.12.1', 'p', 48, '02.30.0', TO_DATE('03/14/2008 12:25:57', 'MM/DD/YYYY HH24:MI:SS'));
Insert into TMP_RACCORDO_ATECO_2002_2007
   (ID_ATECO_02, COD_CATEGORIA_02, TIPO, ID_ATECO_07, COD_CATEGORIA_07, DT_LOAD)
 Values
   (8, '01.12.2', 'p', 7, '01.13.2', TO_DATE('03/14/2008 12:25:57', 'MM/DD/YYYY HH24:MI:SS'));
Insert into TMP_RACCORDO_ATECO_2002_2007
   (ID_ATECO_02, COD_CATEGORIA_02, TIPO, ID_ATECO_07, COD_CATEGORIA_07, DT_LOAD)
 Values
   (8, '01.12.2', 'p', 23, '01.28.0', TO_DATE('03/14/2008 12:25:57', 'MM/DD/YYYY HH24:MI:SS'));
Insert into TMP_RACCORDO_ATECO_2002_2007
   (ID_ATECO_02, COD_CATEGORIA_02, TIPO, ID_ATECO_07, COD_CATEGORIA_07, DT_LOAD)
 Values
   (8, '01.12.2', 'p', 25, '01.30.0', TO_DATE('03/14/2008 12:25:57', 'MM/DD/YYYY HH24:MI:SS'));
Insert into TMP_RACCORDO_ATECO_2002_2007
   (ID_ATECO_02, COD_CATEGORIA_02, TIPO, ID_ATECO_07, COD_CATEGORIA_07, DT_LOAD)
 Values
   (8, '01.12.2', 'p', 48, '02.30.0', TO_DATE('03/14/2008 12:25:57', 'MM/DD/YYYY HH24:MI:SS'));
Insert into TMP_RACCORDO_ATECO_2002_2007
   (COD_CATEGORIA_02, ID_ATECO_07, COD_CATEGORIA_07, DT_LOAD)
 Values
   ('NULL', 29, '01.44.0', TO_DATE('03/14/2008 12:25:57', 'MM/DD/YYYY HH24:MI:SS'));
Insert into TMP_RACCORDO_ATECO_2002_2007
   (ID_ATECO_02, COD_CATEGORIA_02, TIPO, ID_ATECO_07, COD_CATEGORIA_07, DT_LOAD)
 Values
   (9, '01.12.3', 'p', 13, '01.19.1', TO_DATE('03/14/2008 12:25:57', 'MM/DD/YYYY HH24:MI:SS'));
Insert into TMP_RACCORDO_ATECO_2002_2007
   (ID_ATECO_02, COD_CATEGORIA_02, TIPO, ID_ATECO_07, COD_CATEGORIA_07, DT_LOAD)
 Values
   (9, '01.12.3', 'p', 25, '01.30.0', TO_DATE('03/14/2008 12:25:57', 'MM/DD/YYYY HH24:MI:SS'));
Insert into TMP_RACCORDO_ATECO_2002_2007
   (ID_ATECO_02, COD_CATEGORIA_02, TIPO, ID_ATECO_07, COD_CATEGORIA_07, DT_LOAD)
 Values
   (10, '01.12.4', 'p', 14, '01.19.2', TO_DATE('03/14/2008 12:25:57', 'MM/DD/YYYY HH24:MI:SS'));
Insert into TMP_RACCORDO_ATECO_2002_2007
   (ID_ATECO_02, COD_CATEGORIA_02, TIPO, ID_ATECO_07, COD_CATEGORIA_07, DT_LOAD)
 Values
   (10, '01.12.4', 'p', 25, '01.30.0', TO_DATE('03/14/2008 12:25:57', 'MM/DD/YYYY HH24:MI:SS'));
Insert into TMP_RACCORDO_ATECO_2002_2007
   (ID_ATECO_02, COD_CATEGORIA_02, TIPO, ID_ATECO_07, COD_CATEGORIA_07, DT_LOAD)
 Values
   (11, '01.12.5', 'p', 6, '01.13.1', TO_DATE('03/14/2008 12:25:57', 'MM/DD/YYYY HH24:MI:SS'));
Insert into TMP_RACCORDO_ATECO_2002_2007
   (ID_ATECO_02, COD_CATEGORIA_02, TIPO, ID_ATECO_07, COD_CATEGORIA_07, DT_LOAD)
 Values
   (11, '01.12.5', 'p', 13, '01.19.1', TO_DATE('03/14/2008 12:25:57', 'MM/DD/YYYY HH24:MI:SS'));
Insert into TMP_RACCORDO_ATECO_2002_2007
   (ID_ATECO_02, COD_CATEGORIA_02, TIPO, ID_ATECO_07, COD_CATEGORIA_07, DT_LOAD)
 Values
   (11, '01.12.5', 'p', 20, '01.25.0', TO_DATE('03/14/2008 12:25:57', 'MM/DD/YYYY HH24:MI:SS'));
Insert into TMP_RACCORDO_ATECO_2002_2007
   (ID_ATECO_02, COD_CATEGORIA_02, TIPO, ID_ATECO_07, COD_CATEGORIA_07, DT_LOAD)
 Values
   (11, '01.12.5', 'p', 25, '01.30.0', TO_DATE('03/14/2008 12:25:57', 'MM/DD/YYYY HH24:MI:SS'));
Insert into TMP_RACCORDO_ATECO_2002_2007
   (ID_ATECO_02, COD_CATEGORIA_02, TIPO, ID_ATECO_07, COD_CATEGORIA_07, DT_LOAD)
 Values
   (12, '01.12.6', 'p', 7, '01.13.2', TO_DATE('03/14/2008 12:25:57', 'MM/DD/YYYY HH24:MI:SS'));
Insert into TMP_RACCORDO_ATECO_2002_2007
   (ID_ATECO_02, COD_CATEGORIA_02, TIPO, ID_ATECO_07, COD_CATEGORIA_07, DT_LOAD)
 Values
   (12, '01.12.6', 'p', 14, '01.19.2', TO_DATE('03/14/2008 12:25:57', 'MM/DD/YYYY HH24:MI:SS'));
Insert into TMP_RACCORDO_ATECO_2002_2007
   (ID_ATECO_02, COD_CATEGORIA_02, TIPO, ID_ATECO_07, COD_CATEGORIA_07, DT_LOAD)
 Values
   (12, '01.12.6', 'p', 20, '01.25.0', TO_DATE('03/14/2008 12:25:57', 'MM/DD/YYYY HH24:MI:SS'));
Insert into TMP_RACCORDO_ATECO_2002_2007
   (ID_ATECO_02, COD_CATEGORIA_02, TIPO, ID_ATECO_07, COD_CATEGORIA_07, DT_LOAD)
 Values
   (12, '01.12.6', 'p', 25, '01.30.0', TO_DATE('03/14/2008 12:25:57', 'MM/DD/YYYY HH24:MI:SS'));
Insert into TMP_RACCORDO_ATECO_2002_2007
   (ID_ATECO_02, COD_CATEGORIA_02, TIPO, ID_ATECO_07, COD_CATEGORIA_07, DT_LOAD)
 Values
   (13, '01.12.7', 'p', 6, '01.13.1', TO_DATE('03/14/2008 12:25:57', 'MM/DD/YYYY HH24:MI:SS'));
Insert into TMP_RACCORDO_ATECO_2002_2007
   (ID_ATECO_02, COD_CATEGORIA_02, TIPO, ID_ATECO_07, COD_CATEGORIA_07, DT_LOAD)
 Values
   (13, '01.12.7', 'p', 13, '01.19.1', TO_DATE('03/14/2008 12:25:57', 'MM/DD/YYYY HH24:MI:SS'));
Insert into TMP_RACCORDO_ATECO_2002_2007
   (ID_ATECO_02, COD_CATEGORIA_02, TIPO, ID_ATECO_07, COD_CATEGORIA_07, DT_LOAD)
 Values
   (13, '01.12.7', 'p', 25, '01.30.0', TO_DATE('03/14/2008 12:25:57', 'MM/DD/YYYY HH24:MI:SS'));
Insert into TMP_RACCORDO_ATECO_2002_2007
   (ID_ATECO_02, COD_CATEGORIA_02, TIPO, ID_ATECO_07, COD_CATEGORIA_07, DT_LOAD)
 Values
   (14, '01.12.8', 'p', 7, '01.13.2', TO_DATE('03/14/2008 12:25:57', 'MM/DD/YYYY HH24:MI:SS'));
Insert into TMP_RACCORDO_ATECO_2002_2007
   (ID_ATECO_02, COD_CATEGORIA_02, TIPO, ID_ATECO_07, COD_CATEGORIA_07, DT_LOAD)
 Values
   (14, '01.12.8', 'p', 14, '01.19.2', TO_DATE('03/14/2008 12:25:57', 'MM/DD/YYYY HH24:MI:SS'));
Insert into TMP_RACCORDO_ATECO_2002_2007
   (ID_ATECO_02, COD_CATEGORIA_02, TIPO, ID_ATECO_07, COD_CATEGORIA_07, DT_LOAD)
 Values
   (14, '01.12.8', 'p', 25, '01.30.0', TO_DATE('03/14/2008 12:25:57', 'MM/DD/YYYY HH24:MI:SS'));
Insert into TMP_RACCORDO_ATECO_2002_2007
   (ID_ATECO_02, COD_CATEGORIA_02, ID_ATECO_07, COD_CATEGORIA_07, DT_LOAD)
 Values
   (15, '01.13.1', 16, '01.21.0', TO_DATE('03/14/2008 12:25:57', 'MM/DD/YYYY HH24:MI:SS'));
Insert into TMP_RACCORDO_ATECO_2002_2007
   (ID_ATECO_02, COD_CATEGORIA_02, ID_ATECO_07, COD_CATEGORIA_07, DT_LOAD)
 Values
   (16, '01.13.2', 21, '01.26.0', TO_DATE('03/14/2008 12:25:57', 'MM/DD/YYYY HH24:MI:SS'));
Insert into TMP_RACCORDO_ATECO_2002_2007
   (ID_ATECO_02, COD_CATEGORIA_02, ID_ATECO_07, COD_CATEGORIA_07, DT_LOAD)
 Values
   (17, '01.13.3', 18, '01.23.0', TO_DATE('03/14/2008 12:25:57', 'MM/DD/YYYY HH24:MI:SS'));
Insert into TMP_RACCORDO_ATECO_2002_2007
   (ID_ATECO_02, COD_CATEGORIA_02, TIPO, ID_ATECO_07, COD_CATEGORIA_07, DT_LOAD)
 Values
   (18, '01.13.4', 'p', 17, '01.22.0', TO_DATE('03/14/2008 12:25:57', 'MM/DD/YYYY HH24:MI:SS'));
Insert into TMP_RACCORDO_ATECO_2002_2007
   (ID_ATECO_02, COD_CATEGORIA_02, TIPO, ID_ATECO_07, COD_CATEGORIA_07, DT_LOAD)
 Values
   (18, '01.13.4', 'p', 19, '01.24.0', TO_DATE('03/14/2008 12:25:57', 'MM/DD/YYYY HH24:MI:SS'));
Insert into TMP_RACCORDO_ATECO_2002_2007
   (ID_ATECO_02, COD_CATEGORIA_02, TIPO, ID_ATECO_07, COD_CATEGORIA_07, DT_LOAD)
 Values
   (18, '01.13.4', 'p', 20, '01.25.0', TO_DATE('03/14/2008 12:25:57', 'MM/DD/YYYY HH24:MI:SS'));
Insert into TMP_RACCORDO_ATECO_2002_2007
   (ID_ATECO_02, COD_CATEGORIA_02, TIPO, ID_ATECO_07, COD_CATEGORIA_07, DT_LOAD)
 Values
   (18, '01.13.4', 'p', 22, '01.27.0', TO_DATE('03/14/2008 12:25:57', 'MM/DD/YYYY HH24:MI:SS'));
Insert into TMP_RACCORDO_ATECO_2002_2007
   (ID_ATECO_02, COD_CATEGORIA_02, TIPO, ID_ATECO_07, COD_CATEGORIA_07, DT_LOAD)
 Values
   (18, '01.13.4', 'p', 23, '01.28.0', TO_DATE('03/14/2008 12:25:57', 'MM/DD/YYYY HH24:MI:SS'));
Insert into TMP_RACCORDO_ATECO_2002_2007
   (ID_ATECO_02, COD_CATEGORIA_02, TIPO, ID_ATECO_07, COD_CATEGORIA_07, DT_LOAD)
 Values
   (18, '01.13.4', 'p', 48, '02.30.0', TO_DATE('03/14/2008 12:25:57', 'MM/DD/YYYY HH24:MI:SS'));
Insert into TMP_RACCORDO_ATECO_2002_2007
   (ID_ATECO_02, COD_CATEGORIA_02, TIPO, ID_ATECO_07, COD_CATEGORIA_07, DT_LOAD)
 Values
   (19, '01.13.5', 'p', 16, '01.21.0', TO_DATE('03/14/2008 12:25:57', 'MM/DD/YYYY HH24:MI:SS'));
Insert into TMP_RACCORDO_ATECO_2002_2007
   (ID_ATECO_02, COD_CATEGORIA_02, TIPO, ID_ATECO_07, COD_CATEGORIA_07, DT_LOAD)
 Values
   (19, '01.13.5', 'p', 17, '01.22.0', TO_DATE('03/14/2008 12:25:57', 'MM/DD/YYYY HH24:MI:SS'));
Insert into TMP_RACCORDO_ATECO_2002_2007
   (ID_ATECO_02, COD_CATEGORIA_02, TIPO, ID_ATECO_07, COD_CATEGORIA_07, DT_LOAD)
 Values
   (19, '01.13.5', 'p', 18, '01.23.0', TO_DATE('03/14/2008 12:25:57', 'MM/DD/YYYY HH24:MI:SS'));
Insert into TMP_RACCORDO_ATECO_2002_2007
   (ID_ATECO_02, COD_CATEGORIA_02, TIPO, ID_ATECO_07, COD_CATEGORIA_07, DT_LOAD)
 Values
   (19, '01.13.5', 'p', 19, '01.24.0', TO_DATE('03/14/2008 12:25:57', 'MM/DD/YYYY HH24:MI:SS'));
Insert into TMP_RACCORDO_ATECO_2002_2007
   (ID_ATECO_02, COD_CATEGORIA_02, TIPO, ID_ATECO_07, COD_CATEGORIA_07, DT_LOAD)
 Values
   (19, '01.13.5', 'p', 20, '01.25.0', TO_DATE('03/14/2008 12:25:57', 'MM/DD/YYYY HH24:MI:SS'));
Insert into TMP_RACCORDO_ATECO_2002_2007
   (ID_ATECO_02, COD_CATEGORIA_02, TIPO, ID_ATECO_07, COD_CATEGORIA_07, DT_LOAD)
 Values
   (19, '01.13.5', 'p', 21, '01.26.0', TO_DATE('03/14/2008 12:25:57', 'MM/DD/YYYY HH24:MI:SS'));
Insert into TMP_RACCORDO_ATECO_2002_2007
   (ID_ATECO_02, COD_CATEGORIA_02, TIPO, ID_ATECO_07, COD_CATEGORIA_07, DT_LOAD)
 Values
   (20, '01.21.0', 'p', 26, '01.41.0', TO_DATE('03/14/2008 12:25:57', 'MM/DD/YYYY HH24:MI:SS'));
Insert into TMP_RACCORDO_ATECO_2002_2007
   (ID_ATECO_02, COD_CATEGORIA_02, TIPO, ID_ATECO_07, COD_CATEGORIA_07, DT_LOAD)
 Values
   (20, '01.21.0', 'p', 27, '01.42.0', TO_DATE('03/14/2008 12:25:57', 'MM/DD/YYYY HH24:MI:SS'));
Insert into TMP_RACCORDO_ATECO_2002_2007
   (ID_ATECO_02, COD_CATEGORIA_02, ID_ATECO_07, COD_CATEGORIA_07, DT_LOAD)
 Values
   (21, '01.22.1', 30, '01.45.0', TO_DATE('03/14/2008 12:25:57', 'MM/DD/YYYY HH24:MI:SS'));
Insert into TMP_RACCORDO_ATECO_2002_2007
   (ID_ATECO_02, COD_CATEGORIA_02, ID_ATECO_07, COD_CATEGORIA_07, DT_LOAD)
 Values
   (22, '01.22.2', 28, '01.43.0', TO_DATE('03/14/2008 12:25:57', 'MM/DD/YYYY HH24:MI:SS'));
Insert into TMP_RACCORDO_ATECO_2002_2007
   (ID_ATECO_02, COD_CATEGORIA_02, ID_ATECO_07, COD_CATEGORIA_07, DT_LOAD)
 Values
   (23, '01.23.0', 31, '01.46.0', TO_DATE('03/14/2008 12:25:57', 'MM/DD/YYYY HH24:MI:SS'));
Insert into TMP_RACCORDO_ATECO_2002_2007
   (ID_ATECO_02, COD_CATEGORIA_02, TIPO, ID_ATECO_07, COD_CATEGORIA_07, DT_LOAD)
 Values
   (24, '01.24.0', 'p', 32, '01.47.0', TO_DATE('03/14/2008 12:25:57', 'MM/DD/YYYY HH24:MI:SS'));
Insert into TMP_RACCORDO_ATECO_2002_2007
   (ID_ATECO_02, COD_CATEGORIA_02, TIPO, ID_ATECO_07, COD_CATEGORIA_07, DT_LOAD)
 Values
   (24, '01.24.0', 'p', 37, '01.49.9', TO_DATE('03/14/2008 12:25:57', 'MM/DD/YYYY HH24:MI:SS'));
Insert into TMP_RACCORDO_ATECO_2002_2007
   (ID_ATECO_02, COD_CATEGORIA_02, ID_ATECO_07, COD_CATEGORIA_07, DT_LOAD)
 Values
   (25, '01.25.1', 33, '01.49.1', TO_DATE('03/14/2008 12:25:57', 'MM/DD/YYYY HH24:MI:SS'));
Insert into TMP_RACCORDO_ATECO_2002_2007
   (ID_ATECO_02, COD_CATEGORIA_02, ID_ATECO_07, COD_CATEGORIA_07, DT_LOAD)
 Values
   (26, '01.25.2', 34, '01.49.2', TO_DATE('03/14/2008 12:25:57', 'MM/DD/YYYY HH24:MI:SS'));
Insert into TMP_RACCORDO_ATECO_2002_2007
   (ID_ATECO_02, COD_CATEGORIA_02, ID_ATECO_07, COD_CATEGORIA_07, DT_LOAD)
 Values
   (27, '01.25.3', 35, '01.49.3', TO_DATE('03/14/2008 12:25:57', 'MM/DD/YYYY HH24:MI:SS'));
Insert into TMP_RACCORDO_ATECO_2002_2007
   (ID_ATECO_02, COD_CATEGORIA_02, ID_ATECO_07, COD_CATEGORIA_07, DT_LOAD)
 Values
   (28, '01.25.4', 36, '01.49.4', TO_DATE('03/14/2008 12:25:57', 'MM/DD/YYYY HH24:MI:SS'));
Insert into TMP_RACCORDO_ATECO_2002_2007
   (ID_ATECO_02, COD_CATEGORIA_02, TIPO, ID_ATECO_07, COD_CATEGORIA_07, DT_LOAD)
 Values
   (29, '01.25.5', 'p', 37, '01.49.9', TO_DATE('03/14/2008 12:25:57', 'MM/DD/YYYY HH24:MI:SS'));
Insert into TMP_RACCORDO_ATECO_2002_2007
   (ID_ATECO_02, COD_CATEGORIA_02, TIPO, ID_ATECO_07, COD_CATEGORIA_07, DT_LOAD)
 Values
   (29, '01.25.5', 'p', 53, '03.22.0', TO_DATE('03/14/2008 12:25:57', 'MM/DD/YYYY HH24:MI:SS'));
Insert into TMP_RACCORDO_ATECO_2002_2007
   (ID_ATECO_02, COD_CATEGORIA_02, ID_ATECO_07, COD_CATEGORIA_07, DT_LOAD)
 Values
   (30, '01.30.0', 38, '01.50.0', TO_DATE('03/14/2008 12:25:57', 'MM/DD/YYYY HH24:MI:SS'));
Insert into TMP_RACCORDO_ATECO_2002_2007
   (ID_ATECO_02, COD_CATEGORIA_02, ID_ATECO_07, COD_CATEGORIA_07, DT_LOAD)
 Values
   (31, '01.41.1', 39, '01.61.0', TO_DATE('03/14/2008 12:25:57', 'MM/DD/YYYY HH24:MI:SS'));
Insert into TMP_RACCORDO_ATECO_2002_2007
   (ID_ATECO_02, COD_CATEGORIA_02, TIPO, ID_ATECO_07, COD_CATEGORIA_07, DT_LOAD)
 Values
   (32, '01.41.2', 'p', 39, '01.61.0', TO_DATE('03/14/2008 12:25:57', 'MM/DD/YYYY HH24:MI:SS'));
Insert into TMP_RACCORDO_ATECO_2002_2007
   (ID_ATECO_02, COD_CATEGORIA_02, TIPO, ID_ATECO_07, COD_CATEGORIA_07, DT_LOAD)
 Values
   (32, '01.41.2', 'p', 42, '01.63.0', TO_DATE('03/14/2008 12:25:57', 'MM/DD/YYYY HH24:MI:SS'));
Insert into TMP_RACCORDO_ATECO_2002_2007
   (ID_ATECO_02, COD_CATEGORIA_02, TIPO, ID_ATECO_07, COD_CATEGORIA_07, DT_LOAD)
 Values
   (32, '01.41.2', 'p', 43, '01.64.0', TO_DATE('03/14/2008 12:25:57', 'MM/DD/YYYY HH24:MI:SS'));
Insert into TMP_RACCORDO_ATECO_2002_2007
   (ID_ATECO_02, COD_CATEGORIA_02, TIPO, ID_ATECO_07, COD_CATEGORIA_07, DT_LOAD)
 Values
   (33, '01.41.3', 'p', 39, '01.61.0', TO_DATE('03/14/2008 12:25:57', 'MM/DD/YYYY HH24:MI:SS'));
Insert into TMP_RACCORDO_ATECO_2002_2007
   (ID_ATECO_02, COD_CATEGORIA_02, TIPO, ID_ATECO_07, COD_CATEGORIA_07, DT_LOAD)
 Values
   (33, '01.41.3', 'p', 1062, '81.30.0', TO_DATE('03/14/2008 12:25:57', 'MM/DD/YYYY HH24:MI:SS'));
Insert into TMP_RACCORDO_ATECO_2002_2007
   (ID_ATECO_02, COD_CATEGORIA_02, ID_ATECO_07, COD_CATEGORIA_07, DT_LOAD)
 Values
   (34, '01.42.0', 40, '01.62.0', TO_DATE('03/14/2008 12:25:57', 'MM/DD/YYYY HH24:MI:SS'));
Insert into TMP_RACCORDO_ATECO_2002_2007
   (ID_ATECO_02, COD_CATEGORIA_02, ID_ATECO_07, COD_CATEGORIA_07, DT_LOAD)
 Values
   (35, '01.50.0', 45, '01.70.0', TO_DATE('03/14/2008 12:25:57', 'MM/DD/YYYY HH24:MI:SS'));
Insert into TMP_RACCORDO_ATECO_2002_2007
   (ID_ATECO_02, COD_CATEGORIA_02, TIPO, ID_ATECO_07, COD_CATEGORIA_07, DT_LOAD)
 Values
   (36, '02.01.1', 'p', 47, '02.20.0', TO_DATE('03/14/2008 12:25:57', 'MM/DD/YYYY HH24:MI:SS'));
Insert into TMP_RACCORDO_ATECO_2002_2007
   (ID_ATECO_02, COD_CATEGORIA_02, TIPO, ID_ATECO_07, COD_CATEGORIA_07, DT_LOAD)
 Values
   (36, '02.01.1', 'p', 48, '02.30.0', TO_DATE('03/14/2008 12:25:57', 'MM/DD/YYYY HH24:MI:SS'));
Insert into TMP_RACCORDO_ATECO_2002_2007
   (ID_ATECO_02, COD_CATEGORIA_02, TIPO, ID_ATECO_07, COD_CATEGORIA_07, DT_LOAD)
 Values
   (37, '02.01.2', 'p', 24, '01.29.0', TO_DATE('03/14/2008 12:25:57', 'MM/DD/YYYY HH24:MI:SS'));
Insert into TMP_RACCORDO_ATECO_2002_2007
   (ID_ATECO_02, COD_CATEGORIA_02, TIPO, ID_ATECO_07, COD_CATEGORIA_07, DT_LOAD)
 Values
   (37, '02.01.2', 'p', 46, '02.10.0', TO_DATE('03/14/2008 12:25:57', 'MM/DD/YYYY HH24:MI:SS'));
Insert into TMP_RACCORDO_ATECO_2002_2007
   (ID_ATECO_02, COD_CATEGORIA_02, TIPO, ID_ATECO_07, COD_CATEGORIA_07, DT_LOAD)
 Values
   (38, '02.01.3', 'p', 24, '01.29.0', TO_DATE('03/14/2008 12:25:57', 'MM/DD/YYYY HH24:MI:SS'));
Insert into TMP_RACCORDO_ATECO_2002_2007
   (ID_ATECO_02, COD_CATEGORIA_02, TIPO, ID_ATECO_07, COD_CATEGORIA_07, DT_LOAD)
 Values
   (38, '02.01.3', 'p', 46, '02.10.0', TO_DATE('03/14/2008 12:25:57', 'MM/DD/YYYY HH24:MI:SS'));
Insert into TMP_RACCORDO_ATECO_2002_2007
   (ID_ATECO_02, COD_CATEGORIA_02, ID_ATECO_07, COD_CATEGORIA_07, DT_LOAD)
 Values
   (39, '02.02.0', 49, '02.40.0', TO_DATE('03/14/2008 12:25:57', 'MM/DD/YYYY HH24:MI:SS'));
Insert into TMP_RACCORDO_ATECO_2002_2007
   (ID_ATECO_02, COD_CATEGORIA_02, ID_ATECO_07, COD_CATEGORIA_07, DT_LOAD)
 Values
   (40, '05.01.1', 50, '03.11.0', TO_DATE('03/14/2008 12:25:57', 'MM/DD/YYYY HH24:MI:SS'));
Insert into TMP_RACCORDO_ATECO_2002_2007
   (ID_ATECO_02, COD_CATEGORIA_02, ID_ATECO_07, COD_CATEGORIA_07, DT_LOAD)
 Values
   (41, '05.01.2', 51, '03.12.0', TO_DATE('03/14/2008 12:25:57', 'MM/DD/YYYY HH24:MI:SS'));
Insert into TMP_RACCORDO_ATECO_2002_2007
   (ID_ATECO_02, COD_CATEGORIA_02, ID_ATECO_07, COD_CATEGORIA_07, DT_LOAD)
 Values
   (42, '05.02.1', 52, '03.21.0', TO_DATE('03/14/2008 12:25:57', 'MM/DD/YYYY HH24:MI:SS'));
Insert into TMP_RACCORDO_ATECO_2002_2007
   (ID_ATECO_02, COD_CATEGORIA_02, ID_ATECO_07, COD_CATEGORIA_07, DT_LOAD)
 Values
   (43, '05.02.2', 53, '03.22.0', TO_DATE('03/14/2008 12:25:57', 'MM/DD/YYYY HH24:MI:SS'));
Insert into TMP_RACCORDO_ATECO_2002_2007
   (ID_ATECO_02, COD_CATEGORIA_02, TIPO, ID_ATECO_07, COD_CATEGORIA_07, DT_LOAD)
 Values
   (44, '10.10.0', 'p', 54, '05.10.0', TO_DATE('03/14/2008 12:25:57', 'MM/DD/YYYY HH24:MI:SS'));
Insert into TMP_RACCORDO_ATECO_2002_2007
   (ID_ATECO_02, COD_CATEGORIA_02, TIPO, ID_ATECO_07, COD_CATEGORIA_07, DT_LOAD)
 Values
   (44, '10.10.0', 'p', 69, '09.90.0', TO_DATE('03/14/2008 12:25:57', 'MM/DD/YYYY HH24:MI:SS'));
Insert into TMP_RACCORDO_ATECO_2002_2007
   (ID_ATECO_02, COD_CATEGORIA_02, TIPO, ID_ATECO_07, COD_CATEGORIA_07, DT_LOAD)
 Values
   (44, '10.10.0', 'p', 180, '19.20.9', TO_DATE('03/14/2008 12:25:57', 'MM/DD/YYYY HH24:MI:SS'));
Insert into TMP_RACCORDO_ATECO_2002_2007
   (ID_ATECO_02, COD_CATEGORIA_02, TIPO, ID_ATECO_07, COD_CATEGORIA_07, DT_LOAD)
 Values
   (45, '10.20.0', 'p', 55, '05.20.0', TO_DATE('03/14/2008 12:25:57', 'MM/DD/YYYY HH24:MI:SS'));
Insert into TMP_RACCORDO_ATECO_2002_2007
   (ID_ATECO_02, COD_CATEGORIA_02, TIPO, ID_ATECO_07, COD_CATEGORIA_07, DT_LOAD)
 Values
   (45, '10.20.0', 'p', 69, '09.90.0', TO_DATE('03/14/2008 12:25:57', 'MM/DD/YYYY HH24:MI:SS'));
Insert into TMP_RACCORDO_ATECO_2002_2007
   (ID_ATECO_02, COD_CATEGORIA_02, TIPO, ID_ATECO_07, COD_CATEGORIA_07, DT_LOAD)
 Values
   (45, '10.20.0', 'p', 180, '19.20.9', TO_DATE('03/14/2008 12:25:57', 'MM/DD/YYYY HH24:MI:SS'));
Insert into TMP_RACCORDO_ATECO_2002_2007
   (ID_ATECO_02, COD_CATEGORIA_02, TIPO, ID_ATECO_07, COD_CATEGORIA_07, DT_LOAD)
 Values
   (46, '10.30.0', 'p', 64, '08.92.0', TO_DATE('03/14/2008 12:25:57', 'MM/DD/YYYY HH24:MI:SS'));
Insert into TMP_RACCORDO_ATECO_2002_2007
   (ID_ATECO_02, COD_CATEGORIA_02, TIPO, ID_ATECO_07, COD_CATEGORIA_07, DT_LOAD)
 Values
   (46, '10.30.0', 'p', 69, '09.90.0', TO_DATE('03/14/2008 12:25:57', 'MM/DD/YYYY HH24:MI:SS'));
Insert into TMP_RACCORDO_ATECO_2002_2007
   (ID_ATECO_02, COD_CATEGORIA_02, TIPO, ID_ATECO_07, COD_CATEGORIA_07, DT_LOAD)
 Values
   (46, '10.30.0', 'p', 180, '19.20.9', TO_DATE('03/14/2008 12:25:57', 'MM/DD/YYYY HH24:MI:SS'));
Insert into TMP_RACCORDO_ATECO_2002_2007
   (ID_ATECO_02, COD_CATEGORIA_02, TIPO, ID_ATECO_07, COD_CATEGORIA_07, DT_LOAD)
 Values
   (47, '11.10.0', 'p', 56, '06.10.0', TO_DATE('03/14/2008 12:25:57', 'MM/DD/YYYY HH24:MI:SS'));
Insert into TMP_RACCORDO_ATECO_2002_2007
   (ID_ATECO_02, COD_CATEGORIA_02, TIPO, ID_ATECO_07, COD_CATEGORIA_07, DT_LOAD)
 Values
   (47, '11.10.0', 'p', 57, '06.20.0', TO_DATE('03/14/2008 12:25:57', 'MM/DD/YYYY HH24:MI:SS'));
Insert into TMP_RACCORDO_ATECO_2002_2007
   (ID_ATECO_02, COD_CATEGORIA_02, TIPO, ID_ATECO_07, COD_CATEGORIA_07, DT_LOAD)
 Values
   (47, '11.10.0', 'p', 68, '09.10.0', TO_DATE('03/14/2008 12:25:57', 'MM/DD/YYYY HH24:MI:SS'));
Insert into TMP_RACCORDO_ATECO_2002_2007
   (ID_ATECO_02, COD_CATEGORIA_02, TIPO, ID_ATECO_07, COD_CATEGORIA_07, DT_LOAD)
 Values
   (47, '11.10.0', 'p', 180, '19.20.9', TO_DATE('03/14/2008 12:25:57', 'MM/DD/YYYY HH24:MI:SS'));
Insert into TMP_RACCORDO_ATECO_2002_2007
   (ID_ATECO_02, COD_CATEGORIA_02, TIPO, ID_ATECO_07, COD_CATEGORIA_07, DT_LOAD)
 Values
   (47, '11.10.0', 'p', 860, '52.21.9', TO_DATE('03/14/2008 12:25:57', 'MM/DD/YYYY HH24:MI:SS'));
Insert into TMP_RACCORDO_ATECO_2002_2007
   (ID_ATECO_02, COD_CATEGORIA_02, TIPO, ID_ATECO_07, COD_CATEGORIA_07, DT_LOAD)
 Values
   (47, '11.10.0', 'p', 861, '52.22.0', TO_DATE('03/14/2008 12:25:57', 'MM/DD/YYYY HH24:MI:SS'));
Insert into TMP_RACCORDO_ATECO_2002_2007
   (ID_ATECO_02, COD_CATEGORIA_02, ID_ATECO_07, COD_CATEGORIA_07, DT_LOAD)
 Values
   (48, '11.20.0', 68, '09.10.0', TO_DATE('03/14/2008 12:25:57', 'MM/DD/YYYY HH24:MI:SS'));
Insert into TMP_RACCORDO_ATECO_2002_2007
   (ID_ATECO_02, COD_CATEGORIA_02, TIPO, ID_ATECO_07, COD_CATEGORIA_07, DT_LOAD)
 Values
   (49, '12.00.0', 'p', 59, '07.21.0', TO_DATE('03/14/2008 12:25:57', 'MM/DD/YYYY HH24:MI:SS'));
Insert into TMP_RACCORDO_ATECO_2002_2007
   (ID_ATECO_02, COD_CATEGORIA_02, TIPO, ID_ATECO_07, COD_CATEGORIA_07, DT_LOAD)
 Values
   (49, '12.00.0', 'p', 69, '09.90.0', TO_DATE('03/14/2008 12:25:57', 'MM/DD/YYYY HH24:MI:SS'));
Insert into TMP_RACCORDO_ATECO_2002_2007
   (ID_ATECO_02, COD_CATEGORIA_02, TIPO, ID_ATECO_07, COD_CATEGORIA_07, DT_LOAD)
 Values
   (50, '13.10.0', 'p', 58, '07.10.0', TO_DATE('03/14/2008 12:25:57', 'MM/DD/YYYY HH24:MI:SS'));
Insert into TMP_RACCORDO_ATECO_2002_2007
   (ID_ATECO_02, COD_CATEGORIA_02, TIPO, ID_ATECO_07, COD_CATEGORIA_07, DT_LOAD)
 Values
   (50, '13.10.0', 'p', 69, '09.90.0', TO_DATE('03/14/2008 12:25:57', 'MM/DD/YYYY HH24:MI:SS'));
Insert into TMP_RACCORDO_ATECO_2002_2007
   (ID_ATECO_02, COD_CATEGORIA_02, TIPO, ID_ATECO_07, COD_CATEGORIA_07, DT_LOAD)
 Values
   (51, '13.20.0', 'p', 60, '07.29.0', TO_DATE('03/14/2008 12:25:57', 'MM/DD/YYYY HH24:MI:SS'));
Insert into TMP_RACCORDO_ATECO_2002_2007
   (ID_ATECO_02, COD_CATEGORIA_02, TIPO, ID_ATECO_07, COD_CATEGORIA_07, DT_LOAD)
 Values
   (51, '13.20.0', 'p', 69, '09.90.0', TO_DATE('03/14/2008 12:25:57', 'MM/DD/YYYY HH24:MI:SS'));
Insert into TMP_RACCORDO_ATECO_2002_2007
   (ID_ATECO_02, COD_CATEGORIA_02, TIPO, ID_ATECO_07, COD_CATEGORIA_07, DT_LOAD)
 Values
   (52, '14.11.1', 'p', 61, '08.11.0', TO_DATE('03/14/2008 12:25:57', 'MM/DD/YYYY HH24:MI:SS'));
Insert into TMP_RACCORDO_ATECO_2002_2007
   (ID_ATECO_02, COD_CATEGORIA_02, TIPO, ID_ATECO_07, COD_CATEGORIA_07, DT_LOAD)
 Values
   (52, '14.11.1', 'p', 69, '09.90.0', TO_DATE('03/14/2008 12:25:57', 'MM/DD/YYYY HH24:MI:SS'));
Insert into TMP_RACCORDO_ATECO_2002_2007
   (ID_ATECO_02, COD_CATEGORIA_02, TIPO, ID_ATECO_07, COD_CATEGORIA_07, DT_LOAD)
 Values
   (53, '14.11.2', 'p', 61, '08.11.0', TO_DATE('03/14/2008 12:25:57', 'MM/DD/YYYY HH24:MI:SS'));
Insert into TMP_RACCORDO_ATECO_2002_2007
   (ID_ATECO_02, COD_CATEGORIA_02, TIPO, ID_ATECO_07, COD_CATEGORIA_07, DT_LOAD)
 Values
   (53, '14.11.2', 'p', 69, '09.90.0', TO_DATE('03/14/2008 12:25:57', 'MM/DD/YYYY HH24:MI:SS'));
Insert into TMP_RACCORDO_ATECO_2002_2007
   (ID_ATECO_02, COD_CATEGORIA_02, TIPO, ID_ATECO_07, COD_CATEGORIA_07, DT_LOAD)
 Values
   (54, '14.12.1', 'p', 61, '08.11.0', TO_DATE('03/14/2008 12:25:57', 'MM/DD/YYYY HH24:MI:SS'));
Insert into TMP_RACCORDO_ATECO_2002_2007
   (ID_ATECO_02, COD_CATEGORIA_02, TIPO, ID_ATECO_07, COD_CATEGORIA_07, DT_LOAD)
 Values
   (54, '14.12.1', 'p', 69, '09.90.0', TO_DATE('03/14/2008 12:25:57', 'MM/DD/YYYY HH24:MI:SS'));
Insert into TMP_RACCORDO_ATECO_2002_2007
   (ID_ATECO_02, COD_CATEGORIA_02, TIPO, ID_ATECO_07, COD_CATEGORIA_07, DT_LOAD)
 Values
   (55, '14.12.2', 'p', 61, '08.11.0', TO_DATE('03/14/2008 12:25:57', 'MM/DD/YYYY HH24:MI:SS'));
Insert into TMP_RACCORDO_ATECO_2002_2007
   (ID_ATECO_02, COD_CATEGORIA_02, TIPO, ID_ATECO_07, COD_CATEGORIA_07, DT_LOAD)
 Values
   (55, '14.12.2', 'p', 69, '09.90.0', TO_DATE('03/14/2008 12:25:57', 'MM/DD/YYYY HH24:MI:SS'));
Insert into TMP_RACCORDO_ATECO_2002_2007
   (ID_ATECO_02, COD_CATEGORIA_02, TIPO, ID_ATECO_07, COD_CATEGORIA_07, DT_LOAD)
 Values
   (56, '14.13.0', 'p', 61, '08.11.0', TO_DATE('03/14/2008 12:25:57', 'MM/DD/YYYY HH24:MI:SS'));
Insert into TMP_RACCORDO_ATECO_2002_2007
   (ID_ATECO_02, COD_CATEGORIA_02, TIPO, ID_ATECO_07, COD_CATEGORIA_07, DT_LOAD)
 Values
   (56, '14.13.0', 'p', 69, '09.90.0', TO_DATE('03/14/2008 12:25:57', 'MM/DD/YYYY HH24:MI:SS'));
Insert into TMP_RACCORDO_ATECO_2002_2007
   (ID_ATECO_02, COD_CATEGORIA_02, TIPO, ID_ATECO_07, COD_CATEGORIA_07, DT_LOAD)
 Values
   (57, '14.21.0', 'p', 62, '08.12.0', TO_DATE('03/14/2008 12:25:57', 'MM/DD/YYYY HH24:MI:SS'));
Insert into TMP_RACCORDO_ATECO_2002_2007
   (ID_ATECO_02, COD_CATEGORIA_02, TIPO, ID_ATECO_07, COD_CATEGORIA_07, DT_LOAD)
 Values
   (57, '14.21.0', 'p', 69, '09.90.0', TO_DATE('03/14/2008 12:25:57', 'MM/DD/YYYY HH24:MI:SS'));
Insert into TMP_RACCORDO_ATECO_2002_2007
   (ID_ATECO_02, COD_CATEGORIA_02, TIPO, ID_ATECO_07, COD_CATEGORIA_07, DT_LOAD)
 Values
   (58, '14.22.0', 'p', 62, '08.12.0', TO_DATE('03/14/2008 12:25:57', 'MM/DD/YYYY HH24:MI:SS'));
Insert into TMP_RACCORDO_ATECO_2002_2007
   (ID_ATECO_02, COD_CATEGORIA_02, TIPO, ID_ATECO_07, COD_CATEGORIA_07, DT_LOAD)
 Values
   (58, '14.22.0', 'p', 69, '09.90.0', TO_DATE('03/14/2008 12:25:57', 'MM/DD/YYYY HH24:MI:SS'));
Insert into TMP_RACCORDO_ATECO_2002_2007
   (ID_ATECO_02, COD_CATEGORIA_02, TIPO, ID_ATECO_07, COD_CATEGORIA_07, DT_LOAD)
 Values
   (59, '14.30.1', 'p', 63, '08.91.0', TO_DATE('03/14/2008 12:25:57', 'MM/DD/YYYY HH24:MI:SS'));
Insert into TMP_RACCORDO_ATECO_2002_2007
   (ID_ATECO_02, COD_CATEGORIA_02, TIPO, ID_ATECO_07, COD_CATEGORIA_07, DT_LOAD)
 Values
   (59, '14.30.1', 'p', 69, '09.90.0', TO_DATE('03/14/2008 12:25:57', 'MM/DD/YYYY HH24:MI:SS'));
Insert into TMP_RACCORDO_ATECO_2002_2007
   (ID_ATECO_02, COD_CATEGORIA_02, TIPO, ID_ATECO_07, COD_CATEGORIA_07, DT_LOAD)
 Values
   (60, '14.30.2', 'p', 63, '08.91.0', TO_DATE('03/14/2008 12:25:57', 'MM/DD/YYYY HH24:MI:SS'));
Insert into TMP_RACCORDO_ATECO_2002_2007
   (ID_ATECO_02, COD_CATEGORIA_02, TIPO, ID_ATECO_07, COD_CATEGORIA_07, DT_LOAD)
 Values
   (60, '14.30.2', 'p', 69, '09.90.0', TO_DATE('03/14/2008 12:25:57', 'MM/DD/YYYY HH24:MI:SS'));
Insert into TMP_RACCORDO_ATECO_2002_2007
   (ID_ATECO_02, COD_CATEGORIA_02, TIPO, ID_ATECO_07, COD_CATEGORIA_07, DT_LOAD)
 Values
   (61, '14.30.3', 'p', 63, '08.91.0', TO_DATE('03/14/2008 12:25:57', 'MM/DD/YYYY HH24:MI:SS'));
Insert into TMP_RACCORDO_ATECO_2002_2007
   (ID_ATECO_02, COD_CATEGORIA_02, TIPO, ID_ATECO_07, COD_CATEGORIA_07, DT_LOAD)
 Values
   (61, '14.30.3', 'p', 69, '09.90.0', TO_DATE('03/14/2008 12:25:57', 'MM/DD/YYYY HH24:MI:SS'));
Insert into TMP_RACCORDO_ATECO_2002_2007
   (ID_ATECO_02, COD_CATEGORIA_02, TIPO, ID_ATECO_07, COD_CATEGORIA_07, DT_LOAD)
 Values
   (62, '14.40.0', 'p', 65, '08.93.0', TO_DATE('03/14/2008 12:25:57', 'MM/DD/YYYY HH24:MI:SS'));
Insert into TMP_RACCORDO_ATECO_2002_2007
   (ID_ATECO_02, COD_CATEGORIA_02, TIPO, ID_ATECO_07, COD_CATEGORIA_07, DT_LOAD)
 Values
   (62, '14.40.0', 'p', 69, '09.90.0', TO_DATE('03/14/2008 12:25:57', 'MM/DD/YYYY HH24:MI:SS'));
Insert into TMP_RACCORDO_ATECO_2002_2007
   (ID_ATECO_02, COD_CATEGORIA_02, TIPO, ID_ATECO_07, COD_CATEGORIA_07, DT_LOAD)
 Values
   (63, '14.50.1', 'p', 66, '08.99.0', TO_DATE('03/14/2008 12:25:57', 'MM/DD/YYYY HH24:MI:SS'));
Insert into TMP_RACCORDO_ATECO_2002_2007
   (ID_ATECO_02, COD_CATEGORIA_02, TIPO, ID_ATECO_07, COD_CATEGORIA_07, DT_LOAD)
 Values
   (63, '14.50.1', 'p', 69, '09.90.0', TO_DATE('03/14/2008 12:25:57', 'MM/DD/YYYY HH24:MI:SS'));
Insert into TMP_RACCORDO_ATECO_2002_2007
   (ID_ATECO_02, COD_CATEGORIA_02, TIPO, ID_ATECO_07, COD_CATEGORIA_07, DT_LOAD)
 Values
   (64, '14.50.2', 'p', 66, '08.99.0', TO_DATE('03/14/2008 12:25:57', 'MM/DD/YYYY HH24:MI:SS'));
Insert into TMP_RACCORDO_ATECO_2002_2007
   (ID_ATECO_02, COD_CATEGORIA_02, TIPO, ID_ATECO_07, COD_CATEGORIA_07, DT_LOAD)
 Values
   (64, '14.50.2', 'p', 69, '09.90.0', TO_DATE('03/14/2008 12:25:57', 'MM/DD/YYYY HH24:MI:SS'));
Insert into TMP_RACCORDO_ATECO_2002_2007
   (ID_ATECO_02, COD_CATEGORIA_02, ID_ATECO_07, COD_CATEGORIA_07, DT_LOAD)
 Values
   (65, '15.11.0', 71, '10.11.0', TO_DATE('03/14/2008 12:25:57', 'MM/DD/YYYY HH24:MI:SS'));
Insert into TMP_RACCORDO_ATECO_2002_2007
   (ID_ATECO_02, COD_CATEGORIA_02, TIPO, ID_ATECO_07, COD_CATEGORIA_07, DT_LOAD)
 Values
   (66, '15.12.0', 'p', 71, '10.11.0', TO_DATE('03/14/2008 12:25:57', 'MM/DD/YYYY HH24:MI:SS'));
Insert into TMP_RACCORDO_ATECO_2002_2007
   (ID_ATECO_02, COD_CATEGORIA_02, TIPO, ID_ATECO_07, COD_CATEGORIA_07, DT_LOAD)
 Values
   (66, '15.12.0', 'p', 72, '10.12.0', TO_DATE('03/14/2008 12:25:57', 'MM/DD/YYYY HH24:MI:SS'));
Insert into TMP_RACCORDO_ATECO_2002_2007
   (ID_ATECO_02, COD_CATEGORIA_02, TIPO, ID_ATECO_07, COD_CATEGORIA_07, DT_LOAD)
 Values
   (67, '15.13.0', 'p', 73, '10.13.0', TO_DATE('03/14/2008 12:25:57', 'MM/DD/YYYY HH24:MI:SS'));
Insert into TMP_RACCORDO_ATECO_2002_2007
   (ID_ATECO_02, COD_CATEGORIA_02, TIPO, ID_ATECO_07, COD_CATEGORIA_07, DT_LOAD)
 Values
   (67, '15.13.0', 'p', 99, '10.85.0', TO_DATE('03/14/2008 12:25:57', 'MM/DD/YYYY HH24:MI:SS'));
Insert into TMP_RACCORDO_ATECO_2002_2007
   (ID_ATECO_02, COD_CATEGORIA_02, TIPO, ID_ATECO_07, COD_CATEGORIA_07, DT_LOAD)
 Values
   (67, '15.13.0', 'p', 106, '10.89.0', TO_DATE('03/14/2008 12:25:57', 'MM/DD/YYYY HH24:MI:SS'));
Insert into TMP_RACCORDO_ATECO_2002_2007
   (ID_ATECO_02, COD_CATEGORIA_02, ID_ATECO_07, COD_CATEGORIA_07, DT_LOAD)
 Values
   (68, '15.20.1', 74, '10.20.0', TO_DATE('03/14/2008 12:25:57', 'MM/DD/YYYY HH24:MI:SS'));
Insert into TMP_RACCORDO_ATECO_2002_2007
   (ID_ATECO_02, COD_CATEGORIA_02, TIPO, ID_ATECO_07, COD_CATEGORIA_07, DT_LOAD)
 Values
   (69, '15.20.2', 'p', 74, '10.20.0', TO_DATE('03/14/2008 12:25:57', 'MM/DD/YYYY HH24:MI:SS'));
Insert into TMP_RACCORDO_ATECO_2002_2007
   (ID_ATECO_02, COD_CATEGORIA_02, TIPO, ID_ATECO_07, COD_CATEGORIA_07, DT_LOAD)
 Values
   (69, '15.20.2', 'p', 99, '10.85.0', TO_DATE('03/14/2008 12:25:57', 'MM/DD/YYYY HH24:MI:SS'));
Insert into TMP_RACCORDO_ATECO_2002_2007
   (ID_ATECO_02, COD_CATEGORIA_02, ID_ATECO_07, COD_CATEGORIA_07, DT_LOAD)
 Values
   (70, '15.31.0', 75, '10.31.0', TO_DATE('03/14/2008 12:25:57', 'MM/DD/YYYY HH24:MI:SS'));
Insert into TMP_RACCORDO_ATECO_2002_2007
   (ID_ATECO_02, COD_CATEGORIA_02, ID_ATECO_07, COD_CATEGORIA_07, DT_LOAD)
 Values
   (71, '15.32.0', 76, '10.32.0', TO_DATE('03/14/2008 12:25:57', 'MM/DD/YYYY HH24:MI:SS'));
Insert into TMP_RACCORDO_ATECO_2002_2007
   (ID_ATECO_02, COD_CATEGORIA_02, TIPO, ID_ATECO_07, COD_CATEGORIA_07, DT_LOAD)
 Values
   (72, '15.33.0', 'p', 77, '10.39.0', TO_DATE('03/14/2008 12:25:57', 'MM/DD/YYYY HH24:MI:SS'));
Insert into TMP_RACCORDO_ATECO_2002_2007
   (ID_ATECO_02, COD_CATEGORIA_02, TIPO, ID_ATECO_07, COD_CATEGORIA_07, DT_LOAD)
 Values
   (72, '15.33.0', 'p', 99, '10.85.0', TO_DATE('03/14/2008 12:25:57', 'MM/DD/YYYY HH24:MI:SS'));
Insert into TMP_RACCORDO_ATECO_2002_2007
   (ID_ATECO_02, COD_CATEGORIA_02, ID_ATECO_07, COD_CATEGORIA_07, DT_LOAD)
 Values
   (73, '15.41.1', 78, '10.41.1', TO_DATE('03/14/2008 12:25:57', 'MM/DD/YYYY HH24:MI:SS'));
Insert into TMP_RACCORDO_ATECO_2002_2007
   (ID_ATECO_02, COD_CATEGORIA_02, ID_ATECO_07, COD_CATEGORIA_07, DT_LOAD)
 Values
   (74, '15.41.2', 79, '10.41.2', TO_DATE('03/14/2008 12:25:57', 'MM/DD/YYYY HH24:MI:SS'));
Insert into TMP_RACCORDO_ATECO_2002_2007
   (ID_ATECO_02, COD_CATEGORIA_02, ID_ATECO_07, COD_CATEGORIA_07, DT_LOAD)
 Values
   (75, '15.41.3', 80, '10.41.3', TO_DATE('03/14/2008 12:25:57', 'MM/DD/YYYY HH24:MI:SS'));
Insert into TMP_RACCORDO_ATECO_2002_2007
   (ID_ATECO_02, COD_CATEGORIA_02, ID_ATECO_07, COD_CATEGORIA_07, DT_LOAD)
 Values
   (76, '15.42.1', 78, '10.41.1', TO_DATE('03/14/2008 12:25:57', 'MM/DD/YYYY HH24:MI:SS'));
Insert into TMP_RACCORDO_ATECO_2002_2007
   (ID_ATECO_02, COD_CATEGORIA_02, ID_ATECO_07, COD_CATEGORIA_07, DT_LOAD)
 Values
   (77, '15.42.2', 79, '10.41.2', TO_DATE('03/14/2008 12:25:57', 'MM/DD/YYYY HH24:MI:SS'));
Insert into TMP_RACCORDO_ATECO_2002_2007
   (ID_ATECO_02, COD_CATEGORIA_02, ID_ATECO_07, COD_CATEGORIA_07, DT_LOAD)
 Values
   (78, '15.42.3', 80, '10.41.3', TO_DATE('03/14/2008 12:25:57', 'MM/DD/YYYY HH24:MI:SS'));
Insert into TMP_RACCORDO_ATECO_2002_2007
   (ID_ATECO_02, COD_CATEGORIA_02, ID_ATECO_07, COD_CATEGORIA_07, DT_LOAD)
 Values
   (79, '15.43.0', 81, '10.42.0', TO_DATE('03/14/2008 12:25:57', 'MM/DD/YYYY HH24:MI:SS'));
Insert into TMP_RACCORDO_ATECO_2002_2007
   (ID_ATECO_02, COD_CATEGORIA_02, ID_ATECO_07, COD_CATEGORIA_07, DT_LOAD)
 Values
   (80, '15.51.1', 82, '10.51.1', TO_DATE('03/14/2008 12:25:57', 'MM/DD/YYYY HH24:MI:SS'));
Insert into TMP_RACCORDO_ATECO_2002_2007
   (ID_ATECO_02, COD_CATEGORIA_02, ID_ATECO_07, COD_CATEGORIA_07, DT_LOAD)
 Values
   (81, '15.51.2', 83, '10.51.2', TO_DATE('03/14/2008 12:25:57', 'MM/DD/YYYY HH24:MI:SS'));
Insert into TMP_RACCORDO_ATECO_2002_2007
   (ID_ATECO_02, COD_CATEGORIA_02, ID_ATECO_07, COD_CATEGORIA_07, DT_LOAD)
 Values
   (82, '15.52.0', 84, '10.52.0', TO_DATE('03/14/2008 12:25:57', 'MM/DD/YYYY HH24:MI:SS'));
Insert into TMP_RACCORDO_ATECO_2002_2007
   (ID_ATECO_02, COD_CATEGORIA_02, ID_ATECO_07, COD_CATEGORIA_07, DT_LOAD)
 Values
   (83, '15.61.1', 85, '10.61.1', TO_DATE('03/14/2008 12:25:57', 'MM/DD/YYYY HH24:MI:SS'));
Insert into TMP_RACCORDO_ATECO_2002_2007
   (ID_ATECO_02, COD_CATEGORIA_02, ID_ATECO_07, COD_CATEGORIA_07, DT_LOAD)
 Values
   (84, '15.61.2', 86, '10.61.2', TO_DATE('03/14/2008 12:25:57', 'MM/DD/YYYY HH24:MI:SS'));
Insert into TMP_RACCORDO_ATECO_2002_2007
   (ID_ATECO_02, COD_CATEGORIA_02, ID_ATECO_07, COD_CATEGORIA_07, DT_LOAD)
 Values
   (85, '15.61.3', 87, '10.61.3', TO_DATE('03/14/2008 12:25:57', 'MM/DD/YYYY HH24:MI:SS'));
Insert into TMP_RACCORDO_ATECO_2002_2007
   (ID_ATECO_02, COD_CATEGORIA_02, TIPO, ID_ATECO_07, COD_CATEGORIA_07, DT_LOAD)
 Values
   (86, '15.61.4', 'p', 43, '01.64.0', TO_DATE('03/14/2008 12:25:57', 'MM/DD/YYYY HH24:MI:SS'));
Insert into TMP_RACCORDO_ATECO_2002_2007
   (ID_ATECO_02, COD_CATEGORIA_02, TIPO, ID_ATECO_07, COD_CATEGORIA_07, DT_LOAD)
 Values
   (86, '15.61.4', 'p', 88, '10.61.4', TO_DATE('03/14/2008 12:25:57', 'MM/DD/YYYY HH24:MI:SS'));
Insert into TMP_RACCORDO_ATECO_2002_2007
   (ID_ATECO_02, COD_CATEGORIA_02, ID_ATECO_07, COD_CATEGORIA_07, DT_LOAD)
 Values
   (87, '15.62.0', 89, '10.62.0', TO_DATE('03/14/2008 12:25:57', 'MM/DD/YYYY HH24:MI:SS'));
Insert into TMP_RACCORDO_ATECO_2002_2007
   (ID_ATECO_02, COD_CATEGORIA_02, ID_ATECO_07, COD_CATEGORIA_07, DT_LOAD)
 Values
   (88, '15.71.0', 108, '10.91.0', TO_DATE('03/14/2008 12:25:57', 'MM/DD/YYYY HH24:MI:SS'));
Insert into TMP_RACCORDO_ATECO_2002_2007
   (ID_ATECO_02, COD_CATEGORIA_02, ID_ATECO_07, COD_CATEGORIA_07, DT_LOAD)
 Values
   (89, '15.72.0', 109, '10.92.0', TO_DATE('03/14/2008 12:25:57', 'MM/DD/YYYY HH24:MI:SS'));
Insert into TMP_RACCORDO_ATECO_2002_2007
   (ID_ATECO_02, COD_CATEGORIA_02, ID_ATECO_07, COD_CATEGORIA_07, DT_LOAD)
 Values
   (90, '15.81.1', 90, '10.71.1', TO_DATE('03/14/2008 12:25:57', 'MM/DD/YYYY HH24:MI:SS'));
Insert into TMP_RACCORDO_ATECO_2002_2007
   (ID_ATECO_02, COD_CATEGORIA_02, ID_ATECO_07, COD_CATEGORIA_07, DT_LOAD)
 Values
   (91, '15.81.2', 91, '10.71.2', TO_DATE('03/14/2008 12:25:57', 'MM/DD/YYYY HH24:MI:SS'));
Insert into TMP_RACCORDO_ATECO_2002_2007
   (ID_ATECO_02, COD_CATEGORIA_02, TIPO, ID_ATECO_07, COD_CATEGORIA_07, DT_LOAD)
 Values
   (92, '15.82.0', 'p', 92, '10.72.0', TO_DATE('03/14/2008 12:25:57', 'MM/DD/YYYY HH24:MI:SS'));
Insert into TMP_RACCORDO_ATECO_2002_2007
   (ID_ATECO_02, COD_CATEGORIA_02, TIPO, ID_ATECO_07, COD_CATEGORIA_07, DT_LOAD)
 Values
   (92, '15.82.0', 'p', 99, '10.85.0', TO_DATE('03/14/2008 12:25:57', 'MM/DD/YYYY HH24:MI:SS'));
Insert into TMP_RACCORDO_ATECO_2002_2007
   (ID_ATECO_02, COD_CATEGORIA_02, ID_ATECO_07, COD_CATEGORIA_07, DT_LOAD)
 Values
   (93, '15.83.0', 94, '10.81.0', TO_DATE('03/14/2008 12:25:57', 'MM/DD/YYYY HH24:MI:SS'));
Insert into TMP_RACCORDO_ATECO_2002_2007
   (ID_ATECO_02, COD_CATEGORIA_02, ID_ATECO_07, COD_CATEGORIA_07, DT_LOAD)
 Values
   (94, '15.84.0', 95, '10.82.0', TO_DATE('03/14/2008 12:25:57', 'MM/DD/YYYY HH24:MI:SS'));
Insert into TMP_RACCORDO_ATECO_2002_2007
   (ID_ATECO_02, COD_CATEGORIA_02, TIPO, ID_ATECO_07, COD_CATEGORIA_07, DT_LOAD)
 Values
   (95, '15.85.0', 'p', 93, '10.73.0', TO_DATE('03/14/2008 12:25:57', 'MM/DD/YYYY HH24:MI:SS'));
Insert into TMP_RACCORDO_ATECO_2002_2007
   (ID_ATECO_02, COD_CATEGORIA_02, TIPO, ID_ATECO_07, COD_CATEGORIA_07, DT_LOAD)
 Values
   (95, '15.85.0', 'p', 99, '10.85.0', TO_DATE('03/14/2008 12:25:57', 'MM/DD/YYYY HH24:MI:SS'));
Insert into TMP_RACCORDO_ATECO_2002_2007
   (ID_ATECO_02, COD_CATEGORIA_02, ID_ATECO_07, COD_CATEGORIA_07, DT_LOAD)
 Values
   (96, '15.86.0', 96, '10.83.0', TO_DATE('03/14/2008 12:25:57', 'MM/DD/YYYY HH24:MI:SS'));
Insert into TMP_RACCORDO_ATECO_2002_2007
   (ID_ATECO_02, COD_CATEGORIA_02, ID_ATECO_07, COD_CATEGORIA_07, DT_LOAD)
 Values
   (97, '15.87.0', 98, '10.84.0', TO_DATE('03/14/2008 12:25:57', 'MM/DD/YYYY HH24:MI:SS'));
Insert into TMP_RACCORDO_ATECO_2002_2007
   (ID_ATECO_02, COD_CATEGORIA_02, TIPO, ID_ATECO_07, COD_CATEGORIA_07, DT_LOAD)
 Values
   (98, '15.88.0', 'p', 98, '10.84.0', TO_DATE('03/14/2008 12:25:57', 'MM/DD/YYYY HH24:MI:SS'));
Insert into TMP_RACCORDO_ATECO_2002_2007
   (ID_ATECO_02, COD_CATEGORIA_02, TIPO, ID_ATECO_07, COD_CATEGORIA_07, DT_LOAD)
 Values
   (98, '15.88.0', 'p', 105, '10.86.0', TO_DATE('03/14/2008 12:25:57', 'MM/DD/YYYY HH24:MI:SS'));
Insert into TMP_RACCORDO_ATECO_2002_2007
   (ID_ATECO_02, COD_CATEGORIA_02, TIPO, ID_ATECO_07, COD_CATEGORIA_07, DT_LOAD)
 Values
   (99, '15.89.0', 'p', 99, '10.85.0', TO_DATE('03/14/2008 12:25:57', 'MM/DD/YYYY HH24:MI:SS'));
Insert into TMP_RACCORDO_ATECO_2002_2007
   (ID_ATECO_02, COD_CATEGORIA_02, TIPO, ID_ATECO_07, COD_CATEGORIA_07, DT_LOAD)
 Values
   (99, '15.89.0', 'p', 106, '10.89.0', TO_DATE('03/14/2008 12:25:57', 'MM/DD/YYYY HH24:MI:SS'));
Insert into TMP_RACCORDO_ATECO_2002_2007
   (ID_ATECO_02, COD_CATEGORIA_02, ID_ATECO_07, COD_CATEGORIA_07, DT_LOAD)
 Values
   (100, '15.91.0', 110, '11.01.0', TO_DATE('03/14/2008 12:25:57', 'MM/DD/YYYY HH24:MI:SS'));
Insert into TMP_RACCORDO_ATECO_2002_2007
   (ID_ATECO_02, COD_CATEGORIA_02, TIPO, ID_ATECO_07, COD_CATEGORIA_07, DT_LOAD)
 Values
   (101, '15.92.0', 'p', 110, '11.01.0', TO_DATE('03/14/2008 12:25:57', 'MM/DD/YYYY HH24:MI:SS'));
Insert into TMP_RACCORDO_ATECO_2002_2007
   (ID_ATECO_02, COD_CATEGORIA_02, TIPO, ID_ATECO_07, COD_CATEGORIA_07, DT_LOAD)
 Values
   (101, '15.92.0', 'p', 185, '20.14.0', TO_DATE('03/14/2008 12:25:57', 'MM/DD/YYYY HH24:MI:SS'));
Insert into TMP_RACCORDO_ATECO_2002_2007
   (ID_ATECO_02, COD_CATEGORIA_02, ID_ATECO_07, COD_CATEGORIA_07, DT_LOAD)
 Values
   (102, '15.93.1', 111, '11.02.1', TO_DATE('03/14/2008 12:25:57', 'MM/DD/YYYY HH24:MI:SS'));
Insert into TMP_RACCORDO_ATECO_2002_2007
   (ID_ATECO_02, COD_CATEGORIA_02, ID_ATECO_07, COD_CATEGORIA_07, DT_LOAD)
 Values
   (103, '15.93.2', 112, '11.02.2', TO_DATE('03/14/2008 12:25:57', 'MM/DD/YYYY HH24:MI:SS'));
Insert into TMP_RACCORDO_ATECO_2002_2007
   (ID_ATECO_02, COD_CATEGORIA_02, ID_ATECO_07, COD_CATEGORIA_07, DT_LOAD)
 Values
   (104, '15.94.0', 113, '11.03.0', TO_DATE('03/14/2008 12:25:57', 'MM/DD/YYYY HH24:MI:SS'));
Insert into TMP_RACCORDO_ATECO_2002_2007
   (ID_ATECO_02, COD_CATEGORIA_02, ID_ATECO_07, COD_CATEGORIA_07, DT_LOAD)
 Values
   (105, '15.95.0', 114, '11.04.0', TO_DATE('03/14/2008 12:25:57', 'MM/DD/YYYY HH24:MI:SS'));
Insert into TMP_RACCORDO_ATECO_2002_2007
   (ID_ATECO_02, COD_CATEGORIA_02, ID_ATECO_07, COD_CATEGORIA_07, DT_LOAD)
 Values
   (106, '15.96.0', 115, '11.05.0', TO_DATE('03/14/2008 12:25:57', 'MM/DD/YYYY HH24:MI:SS'));
Insert into TMP_RACCORDO_ATECO_2002_2007
   (ID_ATECO_02, COD_CATEGORIA_02, ID_ATECO_07, COD_CATEGORIA_07, DT_LOAD)
 Values
   (107, '15.97.0', 116, '11.06.0', TO_DATE('03/14/2008 12:25:57', 'MM/DD/YYYY HH24:MI:SS'));
Insert into TMP_RACCORDO_ATECO_2002_2007
   (ID_ATECO_02, COD_CATEGORIA_02, ID_ATECO_07, COD_CATEGORIA_07, DT_LOAD)
 Values
   (108, '15.98.0', 117, '11.07.0', TO_DATE('03/14/2008 12:25:57', 'MM/DD/YYYY HH24:MI:SS'));
Insert into TMP_RACCORDO_ATECO_2002_2007
   (ID_ATECO_02, COD_CATEGORIA_02, ID_ATECO_07, COD_CATEGORIA_07, DT_LOAD)
 Values
   (109, '16.00.0', 118, '12.00.0', TO_DATE('03/14/2008 12:25:57', 'MM/DD/YYYY HH24:MI:SS'));
Insert into TMP_RACCORDO_ATECO_2002_2007
   (ID_ATECO_02, COD_CATEGORIA_02, ID_ATECO_07, COD_CATEGORIA_07, DT_LOAD)
 Values
   (110, '17.11.0', 119, '13.10.0', TO_DATE('03/14/2008 12:25:57', 'MM/DD/YYYY HH24:MI:SS'));
Insert into TMP_RACCORDO_ATECO_2002_2007
   (ID_ATECO_02, COD_CATEGORIA_02, ID_ATECO_07, COD_CATEGORIA_07, DT_LOAD)
 Values
   (111, '17.12.1', 119, '13.10.0', TO_DATE('03/14/2008 12:25:57', 'MM/DD/YYYY HH24:MI:SS'));
Insert into TMP_RACCORDO_ATECO_2002_2007
   (ID_ATECO_02, COD_CATEGORIA_02, ID_ATECO_07, COD_CATEGORIA_07, DT_LOAD)
 Values
   (112, '17.12.2', 119, '13.10.0', TO_DATE('03/14/2008 12:25:57', 'MM/DD/YYYY HH24:MI:SS'));
Insert into TMP_RACCORDO_ATECO_2002_2007
   (ID_ATECO_02, COD_CATEGORIA_02, ID_ATECO_07, COD_CATEGORIA_07, DT_LOAD)
 Values
   (113, '17.13.1', 119, '13.10.0', TO_DATE('03/14/2008 12:25:57', 'MM/DD/YYYY HH24:MI:SS'));
Insert into TMP_RACCORDO_ATECO_2002_2007
   (ID_ATECO_02, COD_CATEGORIA_02, ID_ATECO_07, COD_CATEGORIA_07, DT_LOAD)
 Values
   (114, '17.13.2', 119, '13.10.0', TO_DATE('03/14/2008 12:25:57', 'MM/DD/YYYY HH24:MI:SS'));
Insert into TMP_RACCORDO_ATECO_2002_2007
   (ID_ATECO_02, COD_CATEGORIA_02, ID_ATECO_07, COD_CATEGORIA_07, DT_LOAD)
 Values
   (115, '17.14.0', 119, '13.10.0', TO_DATE('03/14/2008 12:25:57', 'MM/DD/YYYY HH24:MI:SS'));
Insert into TMP_RACCORDO_ATECO_2002_2007
   (ID_ATECO_02, COD_CATEGORIA_02, ID_ATECO_07, COD_CATEGORIA_07, DT_LOAD)
 Values
   (116, '17.15.0', 119, '13.10.0', TO_DATE('03/14/2008 12:25:57', 'MM/DD/YYYY HH24:MI:SS'));
Insert into TMP_RACCORDO_ATECO_2002_2007
   (ID_ATECO_02, COD_CATEGORIA_02, ID_ATECO_07, COD_CATEGORIA_07, DT_LOAD)
 Values
   (117, '17.16.0', 119, '13.10.0', TO_DATE('03/14/2008 12:25:57', 'MM/DD/YYYY HH24:MI:SS'));
Insert into TMP_RACCORDO_ATECO_2002_2007
   (ID_ATECO_02, COD_CATEGORIA_02, ID_ATECO_07, COD_CATEGORIA_07, DT_LOAD)
 Values
   (118, '17.17.0', 119, '13.10.0', TO_DATE('03/14/2008 12:25:57', 'MM/DD/YYYY HH24:MI:SS'));
Insert into TMP_RACCORDO_ATECO_2002_2007
   (ID_ATECO_02, COD_CATEGORIA_02, ID_ATECO_07, COD_CATEGORIA_07, DT_LOAD)
 Values
   (119, '17.21.0', 120, '13.20.0', TO_DATE('03/14/2008 12:25:57', 'MM/DD/YYYY HH24:MI:SS'));
Insert into TMP_RACCORDO_ATECO_2002_2007
   (ID_ATECO_02, COD_CATEGORIA_02, ID_ATECO_07, COD_CATEGORIA_07, DT_LOAD)
 Values
   (120, '17.22.0', 120, '13.20.0', TO_DATE('03/14/2008 12:25:57', 'MM/DD/YYYY HH24:MI:SS'));
Insert into TMP_RACCORDO_ATECO_2002_2007
   (ID_ATECO_02, COD_CATEGORIA_02, ID_ATECO_07, COD_CATEGORIA_07, DT_LOAD)
 Values
   (121, '17.23.0', 120, '13.20.0', TO_DATE('03/14/2008 12:25:57', 'MM/DD/YYYY HH24:MI:SS'));
Insert into TMP_RACCORDO_ATECO_2002_2007
   (ID_ATECO_02, COD_CATEGORIA_02, ID_ATECO_07, COD_CATEGORIA_07, DT_LOAD)
 Values
   (122, '17.24.0', 120, '13.20.0', TO_DATE('03/14/2008 12:25:57', 'MM/DD/YYYY HH24:MI:SS'));
Insert into TMP_RACCORDO_ATECO_2002_2007
   (ID_ATECO_02, COD_CATEGORIA_02, ID_ATECO_07, COD_CATEGORIA_07, DT_LOAD)
 Values
   (123, '17.25.0', 120, '13.20.0', TO_DATE('03/14/2008 12:25:57', 'MM/DD/YYYY HH24:MI:SS'));
Insert into TMP_RACCORDO_ATECO_2002_2007
   (ID_ATECO_02, COD_CATEGORIA_02, ID_ATECO_07, COD_CATEGORIA_07, DT_LOAD)
 Values
   (124, '17.30.0', 121, '13.30.0', TO_DATE('03/14/2008 12:25:57', 'MM/DD/YYYY HH24:MI:SS'));
Insert into TMP_RACCORDO_ATECO_2002_2007
   (ID_ATECO_02, COD_CATEGORIA_02, ID_ATECO_07, COD_CATEGORIA_07, DT_LOAD)
 Values
   (125, '17.40.1', 123, '13.92.1', TO_DATE('03/14/2008 12:25:57', 'MM/DD/YYYY HH24:MI:SS'));
Insert into TMP_RACCORDO_ATECO_2002_2007
   (ID_ATECO_02, COD_CATEGORIA_02, TIPO, ID_ATECO_07, COD_CATEGORIA_07, DT_LOAD)
 Values
   (126, '17.40.2', 'p', 124, '13.92.2', TO_DATE('03/14/2008 12:25:57', 'MM/DD/YYYY HH24:MI:SS'));
Insert into TMP_RACCORDO_ATECO_2002_2007
   (ID_ATECO_02, COD_CATEGORIA_02, TIPO, ID_ATECO_07, COD_CATEGORIA_07, DT_LOAD)
 Values
   (126, '17.40.2', 'p', 129, '13.96.2', TO_DATE('03/14/2008 12:25:57', 'MM/DD/YYYY HH24:MI:SS'));
Insert into TMP_RACCORDO_ATECO_2002_2007
   (ID_ATECO_02, COD_CATEGORIA_02, TIPO, ID_ATECO_07, COD_CATEGORIA_07, DT_LOAD)
 Values
   (126, '17.40.2', 'p', 472, '33.19.0', TO_DATE('03/14/2008 12:25:57', 'MM/DD/YYYY HH24:MI:SS'));
Insert into TMP_RACCORDO_ATECO_2002_2007
   (ID_ATECO_02, COD_CATEGORIA_02, ID_ATECO_07, COD_CATEGORIA_07, DT_LOAD)
 Values
   (127, '17.51.0', 125, '13.93.0', TO_DATE('03/14/2008 12:25:57', 'MM/DD/YYYY HH24:MI:SS'));
Insert into TMP_RACCORDO_ATECO_2002_2007
   (ID_ATECO_02, COD_CATEGORIA_02, TIPO, ID_ATECO_07, COD_CATEGORIA_07, DT_LOAD)
 Values
   (128, '17.52.0', 'p', 126, '13.94.0', TO_DATE('03/14/2008 12:25:57', 'MM/DD/YYYY HH24:MI:SS'));
Insert into TMP_RACCORDO_ATECO_2002_2007
   (ID_ATECO_02, COD_CATEGORIA_02, TIPO, ID_ATECO_07, COD_CATEGORIA_07, DT_LOAD)
 Values
   (128, '17.52.0', 'p', 472, '33.19.0', TO_DATE('03/14/2008 12:25:57', 'MM/DD/YYYY HH24:MI:SS'));
Insert into TMP_RACCORDO_ATECO_2002_2007
   (ID_ATECO_02, COD_CATEGORIA_02, ID_ATECO_07, COD_CATEGORIA_07, DT_LOAD)
 Values
   (129, '17.53.0', 127, '13.95.0', TO_DATE('03/14/2008 12:25:57', 'MM/DD/YYYY HH24:MI:SS'));
Insert into TMP_RACCORDO_ATECO_2002_2007
   (ID_ATECO_02, COD_CATEGORIA_02, TIPO, ID_ATECO_07, COD_CATEGORIA_07, DT_LOAD)
 Values
   (130, '17.54.1', 'p', 132, '13.99.9', TO_DATE('03/14/2008 12:25:57', 'MM/DD/YYYY HH24:MI:SS'));
Insert into TMP_RACCORDO_ATECO_2002_2007
   (ID_ATECO_02, COD_CATEGORIA_02, TIPO, ID_ATECO_07, COD_CATEGORIA_07, DT_LOAD)
 Values
   (130, '17.54.1', 'p', 164, '17.22.0', TO_DATE('03/14/2008 12:25:57', 'MM/DD/YYYY HH24:MI:SS'));
Insert into TMP_RACCORDO_ATECO_2002_2007
   (ID_ATECO_02, COD_CATEGORIA_02, TIPO, ID_ATECO_07, COD_CATEGORIA_07, DT_LOAD)
 Values
   (131, '17.54.2', 'p', 128, '13.96.1', TO_DATE('03/14/2008 12:25:57', 'MM/DD/YYYY HH24:MI:SS'));
Insert into TMP_RACCORDO_ATECO_2002_2007
   (ID_ATECO_02, COD_CATEGORIA_02, TIPO, ID_ATECO_07, COD_CATEGORIA_07, DT_LOAD)
 Values
   (723, '72.60.0', 'p', 1005, '74.10.2', TO_DATE('03/14/2008 12:25:57', 'MM/DD/YYYY HH24:MI:SS'));
Insert into TMP_RACCORDO_ATECO_2002_2007
   (ID_ATECO_02, COD_CATEGORIA_02, TIPO, ID_ATECO_07, COD_CATEGORIA_07, DT_LOAD)
 Values
   (724, '73.10.0', 'p', 996, '72.11.0', TO_DATE('03/14/2008 12:25:57', 'MM/DD/YYYY HH24:MI:SS'));
Insert into TMP_RACCORDO_ATECO_2002_2007
   (ID_ATECO_02, COD_CATEGORIA_02, TIPO, ID_ATECO_07, COD_CATEGORIA_07, DT_LOAD)
 Values
   (724, '73.10.0', 'p', 997, '72.19.0', TO_DATE('03/14/2008 12:25:57', 'MM/DD/YYYY HH24:MI:SS'));
Insert into TMP_RACCORDO_ATECO_2002_2007
   (ID_ATECO_02, COD_CATEGORIA_02, ID_ATECO_07, COD_CATEGORIA_07, DT_LOAD)
 Values
   (725, '73.20.0', 999, '72.20.0', TO_DATE('03/14/2008 12:25:57', 'MM/DD/YYYY HH24:MI:SS'));
Insert into TMP_RACCORDO_ATECO_2002_2007
   (ID_ATECO_02, COD_CATEGORIA_02, ID_ATECO_07, COD_CATEGORIA_07, DT_LOAD)
 Values
   (726, '74.11.1', 974, '69.10.1', TO_DATE('03/14/2008 12:25:57', 'MM/DD/YYYY HH24:MI:SS'));
Insert into TMP_RACCORDO_ATECO_2002_2007
   (ID_ATECO_02, COD_CATEGORIA_02, ID_ATECO_07, COD_CATEGORIA_07, DT_LOAD)
 Values
   (727, '74.11.2', 975, '69.10.2', TO_DATE('03/14/2008 12:25:57', 'MM/DD/YYYY HH24:MI:SS'));
Insert into TMP_RACCORDO_ATECO_2002_2007
   (ID_ATECO_02, COD_CATEGORIA_02, ID_ATECO_07, COD_CATEGORIA_07, DT_LOAD)
 Values
   (728, '74.12.1', 976, '69.20.1', TO_DATE('03/14/2008 12:25:57', 'MM/DD/YYYY HH24:MI:SS'));
Insert into TMP_RACCORDO_ATECO_2002_2007
   (ID_ATECO_02, COD_CATEGORIA_02, ID_ATECO_07, COD_CATEGORIA_07, DT_LOAD)
 Values
   (729, '74.12.2', 981, '69.20.2', TO_DATE('03/14/2008 12:25:57', 'MM/DD/YYYY HH24:MI:SS'));
Insert into TMP_RACCORDO_ATECO_2002_2007
   (ID_ATECO_02, COD_CATEGORIA_02, ID_ATECO_07, COD_CATEGORIA_07, DT_LOAD)
 Values
   (730, '74.12.3', 976, '69.20.1', TO_DATE('03/14/2008 12:25:57', 'MM/DD/YYYY HH24:MI:SS'));
Insert into TMP_RACCORDO_ATECO_2002_2007
   (ID_ATECO_02, COD_CATEGORIA_02, ID_ATECO_07, COD_CATEGORIA_07, DT_LOAD)
 Values
   (731, '74.13.0', 1003, '73.20.0', TO_DATE('03/14/2008 12:25:57', 'MM/DD/YYYY HH24:MI:SS'));
Insert into TMP_RACCORDO_ATECO_2002_2007
   (ID_ATECO_02, COD_CATEGORIA_02, ID_ATECO_07, COD_CATEGORIA_07, DT_LOAD)
 Values
   (732, '74.14.1', 985, '70.22.0', TO_DATE('03/14/2008 12:25:57', 'MM/DD/YYYY HH24:MI:SS'));
Insert into TMP_RACCORDO_ATECO_2002_2007
   (ID_ATECO_02, COD_CATEGORIA_02, ID_ATECO_07, COD_CATEGORIA_07, DT_LOAD)
 Values
   (733, '74.14.2', 982, '69.20.3', TO_DATE('03/14/2008 12:25:57', 'MM/DD/YYYY HH24:MI:SS'));
Insert into TMP_RACCORDO_ATECO_2002_2007
   (ID_ATECO_02, COD_CATEGORIA_02, ID_ATECO_07, COD_CATEGORIA_07, DT_LOAD)
 Values
   (734, '74.14.3', 1014, '74.90.1', TO_DATE('03/14/2008 12:25:57', 'MM/DD/YYYY HH24:MI:SS'));
Insert into TMP_RACCORDO_ATECO_2002_2007
   (ID_ATECO_02, COD_CATEGORIA_02, TIPO, ID_ATECO_07, COD_CATEGORIA_07, DT_LOAD)
 Values
   (735, '74.14.4', 'p', 985, '70.22.0', TO_DATE('03/14/2008 12:25:57', 'MM/DD/YYYY HH24:MI:SS'));
Insert into TMP_RACCORDO_ATECO_2002_2007
   (ID_ATECO_02, COD_CATEGORIA_02, TIPO, ID_ATECO_07, COD_CATEGORIA_07, DT_LOAD)
 Values
   (735, '74.14.4', 'p', 1119, '85.60.0', TO_DATE('03/14/2008 12:25:57', 'MM/DD/YYYY HH24:MI:SS'));
Insert into TMP_RACCORDO_ATECO_2002_2007
   (ID_ATECO_02, COD_CATEGORIA_02, ID_ATECO_07, COD_CATEGORIA_07, DT_LOAD)
 Values
   (736, '74.14.5', 984, '70.21.0', TO_DATE('03/14/2008 12:25:57', 'MM/DD/YYYY HH24:MI:SS'));
Insert into TMP_RACCORDO_ATECO_2002_2007
   (ID_ATECO_02, COD_CATEGORIA_02, ID_ATECO_07, COD_CATEGORIA_07, DT_LOAD)
 Values
   (737, '74.14.6', 1070, '82.91.2', TO_DATE('03/14/2008 12:25:57', 'MM/DD/YYYY HH24:MI:SS'));
Insert into TMP_RACCORDO_ATECO_2002_2007
   (ID_ATECO_02, COD_CATEGORIA_02, TIPO, ID_ATECO_07, COD_CATEGORIA_07, DT_LOAD)
 Values
   (738, '74.15.0', 'p', 935, '64.20.0', TO_DATE('03/14/2008 12:25:57', 'MM/DD/YYYY HH24:MI:SS'));
Insert into TMP_RACCORDO_ATECO_2002_2007
   (ID_ATECO_02, COD_CATEGORIA_02, TIPO, ID_ATECO_07, COD_CATEGORIA_07, DT_LOAD)
 Values
   (738, '74.15.0', 'p', 983, '70.10.0', TO_DATE('03/14/2008 12:25:57', 'MM/DD/YYYY HH24:MI:SS'));
Insert into TMP_RACCORDO_ATECO_2002_2007
   (ID_ATECO_02, COD_CATEGORIA_02, TIPO, ID_ATECO_07, COD_CATEGORIA_07, DT_LOAD)
 Values
   (739, '74.20.1', 'p', 987, '71.11.0', TO_DATE('03/14/2008 12:25:57', 'MM/DD/YYYY HH24:MI:SS'));
Insert into TMP_RACCORDO_ATECO_2002_2007
   (ID_ATECO_02, COD_CATEGORIA_02, TIPO, ID_ATECO_07, COD_CATEGORIA_07, DT_LOAD)
 Values
   (739, '74.20.1', 'p', 988, '71.12.1', TO_DATE('03/14/2008 12:25:57', 'MM/DD/YYYY HH24:MI:SS'));
Insert into TMP_RACCORDO_ATECO_2002_2007
   (ID_ATECO_02, COD_CATEGORIA_02, TIPO, ID_ATECO_07, COD_CATEGORIA_07, DT_LOAD)
 Values
   (739, '74.20.1', 'p', 990, '71.12.3', TO_DATE('03/14/2008 12:25:57', 'MM/DD/YYYY HH24:MI:SS'));
Insert into TMP_RACCORDO_ATECO_2002_2007
   (ID_ATECO_02, COD_CATEGORIA_02, ID_ATECO_07, COD_CATEGORIA_07, DT_LOAD)
 Values
   (740, '74.20.2', 989, '71.12.2', TO_DATE('03/14/2008 12:25:57', 'MM/DD/YYYY HH24:MI:SS'));
Insert into TMP_RACCORDO_ATECO_2002_2007
   (ID_ATECO_02, COD_CATEGORIA_02, TIPO, ID_ATECO_07, COD_CATEGORIA_07, DT_LOAD)
 Values
   (741, '74.20.3', 'p', 991, '71.12.4', TO_DATE('03/14/2008 12:25:57', 'MM/DD/YYYY HH24:MI:SS'));
Insert into TMP_RACCORDO_ATECO_2002_2007
   (ID_ATECO_02, COD_CATEGORIA_02, TIPO, ID_ATECO_07, COD_CATEGORIA_07, DT_LOAD)
 Values
   (741, '74.20.3', 'p', 1018, '74.90.9', TO_DATE('03/14/2008 12:25:57', 'MM/DD/YYYY HH24:MI:SS'));
Insert into TMP_RACCORDO_ATECO_2002_2007
   (ID_ATECO_02, COD_CATEGORIA_02, ID_ATECO_07, COD_CATEGORIA_07, DT_LOAD)
 Values
   (742, '74.20.4', 992, '71.12.5', TO_DATE('03/14/2008 12:25:57', 'MM/DD/YYYY HH24:MI:SS'));
Insert into TMP_RACCORDO_ATECO_2002_2007
   (ID_ATECO_02, COD_CATEGORIA_02, TIPO, ID_ATECO_07, COD_CATEGORIA_07, DT_LOAD)
 Values
   (743, '74.20.5', 'p', 1007, '74.10.3', TO_DATE('03/14/2008 12:25:57', 'MM/DD/YYYY HH24:MI:SS'));
Insert into TMP_RACCORDO_ATECO_2002_2007
   (ID_ATECO_02, COD_CATEGORIA_02, TIPO, ID_ATECO_07, COD_CATEGORIA_07, DT_LOAD)
 Values
   (743, '74.20.5', 'p', 1016, '74.90.2', TO_DATE('03/14/2008 12:25:57', 'MM/DD/YYYY HH24:MI:SS'));
Insert into TMP_RACCORDO_ATECO_2002_2007
   (ID_ATECO_02, COD_CATEGORIA_02, TIPO, ID_ATECO_07, COD_CATEGORIA_07, DT_LOAD)
 Values
   (743, '74.20.5', 'p', 1018, '74.90.9', TO_DATE('03/14/2008 12:25:57', 'MM/DD/YYYY HH24:MI:SS'));
Insert into TMP_RACCORDO_ATECO_2002_2007
   (ID_ATECO_02, COD_CATEGORIA_02, ID_ATECO_07, COD_CATEGORIA_07, DT_LOAD)
 Values
   (744, '74.30.1', 993, '71.20.1', TO_DATE('03/14/2008 12:25:57', 'MM/DD/YYYY HH24:MI:SS'));
Insert into TMP_RACCORDO_ATECO_2002_2007
   (ID_ATECO_02, COD_CATEGORIA_02, ID_ATECO_07, COD_CATEGORIA_07, DT_LOAD)
 Values
   (745, '74.30.2', 994, '71.20.2', TO_DATE('03/14/2008 12:25:57', 'MM/DD/YYYY HH24:MI:SS'));
Insert into TMP_RACCORDO_ATECO_2002_2007
   (ID_ATECO_02, COD_CATEGORIA_02, TIPO, ID_ATECO_07, COD_CATEGORIA_07, DT_LOAD)
 Values
   (746, '74.40.1', 'p', 1000, '73.11.0', TO_DATE('03/14/2008 12:25:57', 'MM/DD/YYYY HH24:MI:SS'));
Insert into TMP_RACCORDO_ATECO_2002_2007
   (ID_ATECO_02, COD_CATEGORIA_02, TIPO, ID_ATECO_07, COD_CATEGORIA_07, DT_LOAD)
 Values
   (746, '74.40.1', 'p', 1005, '74.10.2', TO_DATE('03/14/2008 12:25:57', 'MM/DD/YYYY HH24:MI:SS'));
Insert into TMP_RACCORDO_ATECO_2002_2007
   (ID_ATECO_02, COD_CATEGORIA_02, TIPO, ID_ATECO_07, COD_CATEGORIA_07, DT_LOAD)
 Values
   (747, '74.40.2', 'p', 1000, '73.11.0', TO_DATE('03/14/2008 12:25:57', 'MM/DD/YYYY HH24:MI:SS'));
Insert into TMP_RACCORDO_ATECO_2002_2007
   (ID_ATECO_02, COD_CATEGORIA_02, TIPO, ID_ATECO_07, COD_CATEGORIA_07, DT_LOAD)
 Values
   (747, '74.40.2', 'p', 1002, '73.12.0', TO_DATE('03/14/2008 12:25:57', 'MM/DD/YYYY HH24:MI:SS'));
Insert into TMP_RACCORDO_ATECO_2002_2007
   (ID_ATECO_02, COD_CATEGORIA_02, ID_ATECO_07, COD_CATEGORIA_07, DT_LOAD)
 Values
   (748, '74.50.1', 1044, '78.10.0', TO_DATE('03/14/2008 12:25:57', 'MM/DD/YYYY HH24:MI:SS'));
Insert into TMP_RACCORDO_ATECO_2002_2007
   (ID_ATECO_02, COD_CATEGORIA_02, TIPO, ID_ATECO_07, COD_CATEGORIA_07, DT_LOAD)
 Values
   (749, '74.50.2', 'p', 1045, '78.20.0', TO_DATE('03/14/2008 12:25:57', 'MM/DD/YYYY HH24:MI:SS'));
Insert into TMP_RACCORDO_ATECO_2002_2007
   (ID_ATECO_02, COD_CATEGORIA_02, TIPO, ID_ATECO_07, COD_CATEGORIA_07, DT_LOAD)
 Values
   (749, '74.50.2', 'p', 1046, '78.30.0', TO_DATE('03/14/2008 12:25:57', 'MM/DD/YYYY HH24:MI:SS'));
Insert into TMP_RACCORDO_ATECO_2002_2007
   (ID_ATECO_02, COD_CATEGORIA_02, TIPO, ID_ATECO_07, COD_CATEGORIA_07, DT_LOAD)
 Values
   (750, '74.60.1', 'p', 1016, '74.90.2', TO_DATE('03/14/2008 12:25:57', 'MM/DD/YYYY HH24:MI:SS'));
Insert into TMP_RACCORDO_ATECO_2002_2007
   (ID_ATECO_02, COD_CATEGORIA_02, TIPO, ID_ATECO_07, COD_CATEGORIA_07, DT_LOAD)
 Values
   (750, '74.60.1', 'p', 1052, '80.10.0', TO_DATE('03/14/2008 12:25:57', 'MM/DD/YYYY HH24:MI:SS'));
Insert into TMP_RACCORDO_ATECO_2002_2007
   (ID_ATECO_02, COD_CATEGORIA_02, TIPO, ID_ATECO_07, COD_CATEGORIA_07, DT_LOAD)
 Values
   (750, '74.60.1', 'p', 1053, '80.20.0', TO_DATE('03/14/2008 12:25:57', 'MM/DD/YYYY HH24:MI:SS'));
Insert into TMP_RACCORDO_ATECO_2002_2007
   (ID_ATECO_02, COD_CATEGORIA_02, ID_ATECO_07, COD_CATEGORIA_07, DT_LOAD)
 Values
   (751, '74.60.2', 1054, '80.30.0', TO_DATE('03/14/2008 12:25:57', 'MM/DD/YYYY HH24:MI:SS'));
Insert into TMP_RACCORDO_ATECO_2002_2007
   (ID_ATECO_02, COD_CATEGORIA_02, TIPO, ID_ATECO_07, COD_CATEGORIA_07, DT_LOAD)
 Values
   (752, '74.70.1', 'p', 1056, '81.21.0', TO_DATE('03/14/2008 12:25:57', 'MM/DD/YYYY HH24:MI:SS'));
Insert into TMP_RACCORDO_ATECO_2002_2007
   (ID_ATECO_02, COD_CATEGORIA_02, TIPO, ID_ATECO_07, COD_CATEGORIA_07, DT_LOAD)
 Values
   (752, '74.70.1', 'p', 1057, '81.22.0', TO_DATE('03/14/2008 12:25:57', 'MM/DD/YYYY HH24:MI:SS'));
Insert into TMP_RACCORDO_ATECO_2002_2007
   (ID_ATECO_02, COD_CATEGORIA_02, TIPO, ID_ATECO_07, COD_CATEGORIA_07, DT_LOAD)
 Values
   (752, '74.70.1', 'p', 1060, '81.29.9', TO_DATE('03/14/2008 12:25:57', 'MM/DD/YYYY HH24:MI:SS'));
Insert into TMP_RACCORDO_ATECO_2002_2007
   (ID_ATECO_02, COD_CATEGORIA_02, TIPO, ID_ATECO_07, COD_CATEGORIA_07, DT_LOAD)
 Values
   (753, '74.70.2', 'p', 1057, '81.22.0', TO_DATE('03/14/2008 12:25:57', 'MM/DD/YYYY HH24:MI:SS'));
Insert into TMP_RACCORDO_ATECO_2002_2007
   (ID_ATECO_02, COD_CATEGORIA_02, TIPO, ID_ATECO_07, COD_CATEGORIA_07, DT_LOAD)
 Values
   (753, '74.70.2', 'p', 1059, '81.29.1', TO_DATE('03/14/2008 12:25:57', 'MM/DD/YYYY HH24:MI:SS'));
Insert into TMP_RACCORDO_ATECO_2002_2007
   (ID_ATECO_02, COD_CATEGORIA_02, ID_ATECO_07, COD_CATEGORIA_07, DT_LOAD)
 Values
   (754, '74.81.1', 1009, '74.20.1', TO_DATE('03/14/2008 12:25:57', 'MM/DD/YYYY HH24:MI:SS'));
Insert into TMP_RACCORDO_ATECO_2002_2007
   (ID_ATECO_02, COD_CATEGORIA_02, ID_ATECO_07, COD_CATEGORIA_07, DT_LOAD)
 Values
   (755, '74.81.2', 1012, '74.20.2', TO_DATE('03/14/2008 12:25:57', 'MM/DD/YYYY HH24:MI:SS'));
Insert into TMP_RACCORDO_ATECO_2002_2007
   (ID_ATECO_02, COD_CATEGORIA_02, ID_ATECO_07, COD_CATEGORIA_07, DT_LOAD)
 Values
   (756, '74.81.3', 1009, '74.20.1', TO_DATE('03/14/2008 12:25:57', 'MM/DD/YYYY HH24:MI:SS'));
Insert into TMP_RACCORDO_ATECO_2002_2007
   (ID_ATECO_02, COD_CATEGORIA_02, ID_ATECO_07, COD_CATEGORIA_07, DT_LOAD)
 Values
   (757, '74.82.1', 1071, '82.92.1', TO_DATE('03/14/2008 12:25:57', 'MM/DD/YYYY HH24:MI:SS'));
Insert into TMP_RACCORDO_ATECO_2002_2007
   (ID_ATECO_02, COD_CATEGORIA_02, ID_ATECO_07, COD_CATEGORIA_07, DT_LOAD)
 Values
   (758, '74.82.2', 1072, '82.92.2', TO_DATE('03/14/2008 12:25:57', 'MM/DD/YYYY HH24:MI:SS'));
Insert into TMP_RACCORDO_ATECO_2002_2007
   (ID_ATECO_02, COD_CATEGORIA_02, TIPO, ID_ATECO_07, COD_CATEGORIA_07, DT_LOAD)
 Values
   (759, '74.85.1', 'p', 1065, '82.19.0', TO_DATE('03/14/2008 12:25:57', 'MM/DD/YYYY HH24:MI:SS'));
Insert into TMP_RACCORDO_ATECO_2002_2007
   (ID_ATECO_02, COD_CATEGORIA_02, TIPO, ID_ATECO_07, COD_CATEGORIA_07, DT_LOAD)
 Values
   (759, '74.85.1', 'p', 1077, '82.99.9', TO_DATE('03/14/2008 12:25:57', 'MM/DD/YYYY HH24:MI:SS'));
Insert into TMP_RACCORDO_ATECO_2002_2007
   (ID_ATECO_02, COD_CATEGORIA_02, ID_ATECO_07, COD_CATEGORIA_07, DT_LOAD)
 Values
   (760, '74.85.2', 1013, '74.30.0', TO_DATE('03/14/2008 12:25:57', 'MM/DD/YYYY HH24:MI:SS'));
Insert into TMP_RACCORDO_ATECO_2002_2007
   (ID_ATECO_02, COD_CATEGORIA_02, ID_ATECO_07, COD_CATEGORIA_07, DT_LOAD)
 Values
   (761, '74.85.3', 1076, '82.99.4', TO_DATE('03/14/2008 12:25:57', 'MM/DD/YYYY HH24:MI:SS'));
Insert into TMP_RACCORDO_ATECO_2002_2007
   (ID_ATECO_02, COD_CATEGORIA_02, ID_ATECO_07, COD_CATEGORIA_07, DT_LOAD)
 Values
   (762, '74.85.4', 1065, '82.19.0', TO_DATE('03/14/2008 12:25:57', 'MM/DD/YYYY HH24:MI:SS'));
Insert into TMP_RACCORDO_ATECO_2002_2007
   (ID_ATECO_02, COD_CATEGORIA_02, ID_ATECO_07, COD_CATEGORIA_07, DT_LOAD)
 Values
   (763, '74.86.0', 1067, '82.20.0', TO_DATE('03/14/2008 12:25:57', 'MM/DD/YYYY HH24:MI:SS'));
Insert into TMP_RACCORDO_ATECO_2002_2007
   (ID_ATECO_02, COD_CATEGORIA_02, ID_ATECO_07, COD_CATEGORIA_07, DT_LOAD)
 Values
   (764, '74.87.1', 1073, '82.99.1', TO_DATE('03/14/2008 12:25:57', 'MM/DD/YYYY HH24:MI:SS'));
Insert into TMP_RACCORDO_ATECO_2002_2007
   (ID_ATECO_02, COD_CATEGORIA_02, ID_ATECO_07, COD_CATEGORIA_07, DT_LOAD)
 Values
   (765, '74.87.2', 1069, '82.91.1', TO_DATE('03/14/2008 12:25:57', 'MM/DD/YYYY HH24:MI:SS'));
Insert into TMP_RACCORDO_ATECO_2002_2007
   (ID_ATECO_02, COD_CATEGORIA_02, ID_ATECO_07, COD_CATEGORIA_07, DT_LOAD)
 Values
   (766, '74.87.3', 1074, '82.99.2', TO_DATE('03/14/2008 12:25:57', 'MM/DD/YYYY HH24:MI:SS'));
Insert into TMP_RACCORDO_ATECO_2002_2007
   (ID_ATECO_02, COD_CATEGORIA_02, ID_ATECO_07, COD_CATEGORIA_07, DT_LOAD)
 Values
   (767, '74.87.4', 1075, '82.99.3', TO_DATE('03/14/2008 12:25:57', 'MM/DD/YYYY HH24:MI:SS'));
Insert into TMP_RACCORDO_ATECO_2002_2007
   (ID_ATECO_02, COD_CATEGORIA_02, TIPO, ID_ATECO_07, COD_CATEGORIA_07, DT_LOAD)
 Values
   (768, '74.87.5', 'p', 1004, '74.10.1', TO_DATE('03/14/2008 12:25:57', 'MM/DD/YYYY HH24:MI:SS'));
Insert into TMP_RACCORDO_ATECO_2002_2007
   (ID_ATECO_02, COD_CATEGORIA_02, TIPO, ID_ATECO_07, COD_CATEGORIA_07, DT_LOAD)
 Values
   (768, '74.87.5', 'p', 1008, '74.10.9', TO_DATE('03/14/2008 12:25:57', 'MM/DD/YYYY HH24:MI:SS'));
Insert into TMP_RACCORDO_ATECO_2002_2007
   (ID_ATECO_02, COD_CATEGORIA_02, TIPO, ID_ATECO_07, COD_CATEGORIA_07, DT_LOAD)
 Values
   (769, '74.87.6', 'p', 1063, '82.11.0', TO_DATE('03/14/2008 12:25:57', 'MM/DD/YYYY HH24:MI:SS'));
Insert into TMP_RACCORDO_ATECO_2002_2007
   (ID_ATECO_02, COD_CATEGORIA_02, TIPO, ID_ATECO_07, COD_CATEGORIA_07, DT_LOAD)
 Values
   (769, '74.87.6', 'p', 1068, '82.30.0', TO_DATE('03/14/2008 12:25:57', 'MM/DD/YYYY HH24:MI:SS'));
Insert into TMP_RACCORDO_ATECO_2002_2007
   (ID_ATECO_02, COD_CATEGORIA_02, TIPO, ID_ATECO_07, COD_CATEGORIA_07, DT_LOAD)
 Values
   (770, '74.87.7', 'p', 869, '52.29.2', TO_DATE('03/14/2008 12:25:57', 'MM/DD/YYYY HH24:MI:SS'));
Insert into TMP_RACCORDO_ATECO_2002_2007
   (ID_ATECO_02, COD_CATEGORIA_02, TIPO, ID_ATECO_07, COD_CATEGORIA_07, DT_LOAD)
 Values
   (770, '74.87.7', 'p', 985, '70.22.0', TO_DATE('03/14/2008 12:25:57', 'MM/DD/YYYY HH24:MI:SS'));
Insert into TMP_RACCORDO_ATECO_2002_2007
   (ID_ATECO_02, COD_CATEGORIA_02, TIPO, ID_ATECO_07, COD_CATEGORIA_07, DT_LOAD)
 Values
   (771, '74.87.8', 'p', 929, '63.99.0', TO_DATE('03/14/2008 12:25:57', 'MM/DD/YYYY HH24:MI:SS'));
Insert into TMP_RACCORDO_ATECO_2002_2007
   (ID_ATECO_02, COD_CATEGORIA_02, TIPO, ID_ATECO_07, COD_CATEGORIA_07, DT_LOAD)
 Values
   (771, '74.87.8', 'p', 1018, '74.90.9', TO_DATE('03/14/2008 12:25:57', 'MM/DD/YYYY HH24:MI:SS'));
Insert into TMP_RACCORDO_ATECO_2002_2007
   (ID_ATECO_02, COD_CATEGORIA_02, TIPO, ID_ATECO_07, COD_CATEGORIA_07, DT_LOAD)
 Values
   (771, '74.87.8', 'p', 1043, '77.40.0', TO_DATE('03/14/2008 12:25:57', 'MM/DD/YYYY HH24:MI:SS'));
Insert into TMP_RACCORDO_ATECO_2002_2007
   (ID_ATECO_02, COD_CATEGORIA_02, TIPO, ID_ATECO_07, COD_CATEGORIA_07, DT_LOAD)
 Values
   (771, '74.87.8', 'p', 1077, '82.99.9', TO_DATE('03/14/2008 12:25:57', 'MM/DD/YYYY HH24:MI:SS'));
Insert into TMP_RACCORDO_ATECO_2002_2007
   (ID_ATECO_02, COD_CATEGORIA_02, ID_ATECO_07, COD_CATEGORIA_07, DT_LOAD)
 Values
   (772, '75.11.1', 1079, '84.11.1', TO_DATE('03/14/2008 12:25:57', 'MM/DD/YYYY HH24:MI:SS'));
Insert into TMP_RACCORDO_ATECO_2002_2007
   (ID_ATECO_02, COD_CATEGORIA_02, ID_ATECO_07, COD_CATEGORIA_07, DT_LOAD)
 Values
   (773, '75.11.2', 1080, '84.11.2', TO_DATE('03/14/2008 12:25:57', 'MM/DD/YYYY HH24:MI:SS'));
Insert into TMP_RACCORDO_ATECO_2002_2007
   (ID_ATECO_02, COD_CATEGORIA_02, ID_ATECO_07, COD_CATEGORIA_07, DT_LOAD)
 Values
   (774, '75.12.1', 1081, '84.12.1', TO_DATE('03/14/2008 12:25:57', 'MM/DD/YYYY HH24:MI:SS'));
Insert into TMP_RACCORDO_ATECO_2002_2007
   (ID_ATECO_02, COD_CATEGORIA_02, ID_ATECO_07, COD_CATEGORIA_07, DT_LOAD)
 Values
   (775, '75.12.2', 1082, '84.12.2', TO_DATE('03/14/2008 12:25:57', 'MM/DD/YYYY HH24:MI:SS'));
Insert into TMP_RACCORDO_ATECO_2002_2007
   (ID_ATECO_02, COD_CATEGORIA_02, ID_ATECO_07, COD_CATEGORIA_07, DT_LOAD)
 Values
   (776, '75.12.3', 1083, '84.12.3', TO_DATE('03/14/2008 12:25:57', 'MM/DD/YYYY HH24:MI:SS'));
Insert into TMP_RACCORDO_ATECO_2002_2007
   (ID_ATECO_02, COD_CATEGORIA_02, ID_ATECO_07, COD_CATEGORIA_07, DT_LOAD)
 Values
   (777, '75.12.4', 1084, '84.12.4', TO_DATE('03/14/2008 12:25:57', 'MM/DD/YYYY HH24:MI:SS'));
Insert into TMP_RACCORDO_ATECO_2002_2007
   (ID_ATECO_02, COD_CATEGORIA_02, ID_ATECO_07, COD_CATEGORIA_07, DT_LOAD)
 Values
   (778, '75.13.1', 1085, '84.13.1', TO_DATE('03/14/2008 12:25:57', 'MM/DD/YYYY HH24:MI:SS'));
Insert into TMP_RACCORDO_ATECO_2002_2007
   (ID_ATECO_02, COD_CATEGORIA_02, ID_ATECO_07, COD_CATEGORIA_07, DT_LOAD)
 Values
   (779, '75.13.2', 1086, '84.13.2', TO_DATE('03/14/2008 12:25:57', 'MM/DD/YYYY HH24:MI:SS'));
Insert into TMP_RACCORDO_ATECO_2002_2007
   (ID_ATECO_02, COD_CATEGORIA_02, ID_ATECO_07, COD_CATEGORIA_07, DT_LOAD)
 Values
   (780, '75.13.3', 1087, '84.13.3', TO_DATE('03/14/2008 12:25:57', 'MM/DD/YYYY HH24:MI:SS'));
Insert into TMP_RACCORDO_ATECO_2002_2007
   (ID_ATECO_02, COD_CATEGORIA_02, ID_ATECO_07, COD_CATEGORIA_07, DT_LOAD)
 Values
   (781, '75.13.4', 1088, '84.13.4', TO_DATE('03/14/2008 12:25:57', 'MM/DD/YYYY HH24:MI:SS'));
Insert into TMP_RACCORDO_ATECO_2002_2007
   (ID_ATECO_02, COD_CATEGORIA_02, ID_ATECO_07, COD_CATEGORIA_07, DT_LOAD)
 Values
   (782, '75.13.5', 1089, '84.13.5', TO_DATE('03/14/2008 12:25:57', 'MM/DD/YYYY HH24:MI:SS'));
Insert into TMP_RACCORDO_ATECO_2002_2007
   (ID_ATECO_02, COD_CATEGORIA_02, ID_ATECO_07, COD_CATEGORIA_07, DT_LOAD)
 Values
   (783, '75.13.6', 1090, '84.13.6', TO_DATE('03/14/2008 12:25:57', 'MM/DD/YYYY HH24:MI:SS'));
Insert into TMP_RACCORDO_ATECO_2002_2007
   (ID_ATECO_02, COD_CATEGORIA_02, ID_ATECO_07, COD_CATEGORIA_07, DT_LOAD)
 Values
   (784, '75.13.7', 1091, '84.13.7', TO_DATE('03/14/2008 12:25:57', 'MM/DD/YYYY HH24:MI:SS'));
Insert into TMP_RACCORDO_ATECO_2002_2007
   (ID_ATECO_02, COD_CATEGORIA_02, ID_ATECO_07, COD_CATEGORIA_07, DT_LOAD)
 Values
   (785, '75.13.8', 1092, '84.13.8', TO_DATE('03/14/2008 12:25:57', 'MM/DD/YYYY HH24:MI:SS'));
Insert into TMP_RACCORDO_ATECO_2002_2007
   (ID_ATECO_02, COD_CATEGORIA_02, ID_ATECO_07, COD_CATEGORIA_07, DT_LOAD)
 Values
   (786, '75.13.9', 1093, '84.13.9', TO_DATE('03/14/2008 12:25:57', 'MM/DD/YYYY HH24:MI:SS'));
Insert into TMP_RACCORDO_ATECO_2002_2007
   (ID_ATECO_02, COD_CATEGORIA_02, TIPO, ID_ATECO_07, COD_CATEGORIA_07, DT_LOAD)
 Values
   (787, '75.14.0', 'p', 1079, '84.11.1', TO_DATE('03/14/2008 12:25:57', 'MM/DD/YYYY HH24:MI:SS'));
Insert into TMP_RACCORDO_ATECO_2002_2007
   (ID_ATECO_02, COD_CATEGORIA_02, TIPO, ID_ATECO_07, COD_CATEGORIA_07, DT_LOAD)
 Values
   (787, '75.14.0', 'p', 1158, '91.01.0', TO_DATE('03/14/2008 12:25:57', 'MM/DD/YYYY HH24:MI:SS'));
Insert into TMP_RACCORDO_ATECO_2002_2007
   (ID_ATECO_02, COD_CATEGORIA_02, TIPO, ID_ATECO_07, COD_CATEGORIA_07, DT_LOAD)
 Values
   (788, '75.21.0', 'p', 1094, '84.21.0', TO_DATE('03/14/2008 12:25:57', 'MM/DD/YYYY HH24:MI:SS'));
Insert into TMP_RACCORDO_ATECO_2002_2007
   (ID_ATECO_02, COD_CATEGORIA_02, TIPO, ID_ATECO_07, COD_CATEGORIA_07, DT_LOAD)
 Values
   (788, '75.21.0', 'p', 1148, '88.99.0', TO_DATE('03/14/2008 12:25:57', 'MM/DD/YYYY HH24:MI:SS'));
Insert into TMP_RACCORDO_ATECO_2002_2007
   (ID_ATECO_02, COD_CATEGORIA_02, ID_ATECO_07, COD_CATEGORIA_07, DT_LOAD)
 Values
   (789, '75.22.0', 1095, '84.22.0', TO_DATE('03/14/2008 12:25:57', 'MM/DD/YYYY HH24:MI:SS'));
Insert into TMP_RACCORDO_ATECO_2002_2007
   (ID_ATECO_02, COD_CATEGORIA_02, ID_ATECO_07, COD_CATEGORIA_07, DT_LOAD)
 Values
   (790, '75.23.0', 1096, '84.23.0', TO_DATE('03/14/2008 12:25:57', 'MM/DD/YYYY HH24:MI:SS'));
Insert into TMP_RACCORDO_ATECO_2002_2007
   (ID_ATECO_02, COD_CATEGORIA_02, TIPO, ID_ATECO_07, COD_CATEGORIA_07, DT_LOAD)
 Values
   (791, '75.24.0', 'p', 993, '71.20.1', TO_DATE('03/14/2008 12:25:57', 'MM/DD/YYYY HH24:MI:SS'));
Insert into TMP_RACCORDO_ATECO_2002_2007
   (ID_ATECO_02, COD_CATEGORIA_02, TIPO, ID_ATECO_07, COD_CATEGORIA_07, DT_LOAD)
 Values
   (791, '75.24.0', 'p', 1097, '84.24.0', TO_DATE('03/14/2008 12:25:57', 'MM/DD/YYYY HH24:MI:SS'));
Insert into TMP_RACCORDO_ATECO_2002_2007
   (ID_ATECO_02, COD_CATEGORIA_02, ID_ATECO_07, COD_CATEGORIA_07, DT_LOAD)
 Values
   (792, '75.25.1', 1098, '84.25.1', TO_DATE('03/14/2008 12:25:57', 'MM/DD/YYYY HH24:MI:SS'));
Insert into TMP_RACCORDO_ATECO_2002_2007
   (ID_ATECO_02, COD_CATEGORIA_02, ID_ATECO_07, COD_CATEGORIA_07, DT_LOAD)
 Values
   (793, '75.25.2', 1099, '84.25.2', TO_DATE('03/14/2008 12:25:57', 'MM/DD/YYYY HH24:MI:SS'));
Insert into TMP_RACCORDO_ATECO_2002_2007
   (ID_ATECO_02, COD_CATEGORIA_02, ID_ATECO_07, COD_CATEGORIA_07, DT_LOAD)
 Values
   (794, '75.30.0', 1100, '84.30.0', TO_DATE('03/14/2008 12:25:57', 'MM/DD/YYYY HH24:MI:SS'));
Insert into TMP_RACCORDO_ATECO_2002_2007
   (ID_ATECO_02, COD_CATEGORIA_02, ID_ATECO_07, COD_CATEGORIA_07, DT_LOAD)
 Values
   (795, '80.10.1', 1101, '85.10.0', TO_DATE('03/14/2008 12:25:57', 'MM/DD/YYYY HH24:MI:SS'));
Insert into TMP_RACCORDO_ATECO_2002_2007
   (ID_ATECO_02, COD_CATEGORIA_02, ID_ATECO_07, COD_CATEGORIA_07, DT_LOAD)
 Values
   (796, '80.10.2', 1102, '85.20.0', TO_DATE('03/14/2008 12:25:57', 'MM/DD/YYYY HH24:MI:SS'));
Insert into TMP_RACCORDO_ATECO_2002_2007
   (ID_ATECO_02, COD_CATEGORIA_02, ID_ATECO_07, COD_CATEGORIA_07, DT_LOAD)
 Values
   (797, '80.21.1', 1103, '85.31.1', TO_DATE('03/14/2008 12:25:57', 'MM/DD/YYYY HH24:MI:SS'));
Insert into TMP_RACCORDO_ATECO_2002_2007
   (ID_ATECO_02, COD_CATEGORIA_02, TIPO, ID_ATECO_07, COD_CATEGORIA_07, DT_LOAD)
 Values
   (798, '80.21.2', 'p', 1104, '85.31.2', TO_DATE('03/14/2008 12:25:57', 'MM/DD/YYYY HH24:MI:SS'));
Insert into TMP_RACCORDO_ATECO_2002_2007
   (ID_ATECO_02, COD_CATEGORIA_02, TIPO, ID_ATECO_07, COD_CATEGORIA_07, DT_LOAD)
 Values
   (798, '80.21.2', 'p', 1105, '85.32.0', TO_DATE('03/14/2008 12:25:57', 'MM/DD/YYYY HH24:MI:SS'));
Insert into TMP_RACCORDO_ATECO_2002_2007
   (ID_ATECO_02, COD_CATEGORIA_02, TIPO, ID_ATECO_07, COD_CATEGORIA_07, DT_LOAD)
 Values
   (799, '80.22.0', 'p', 1105, '85.32.0', TO_DATE('03/14/2008 12:25:57', 'MM/DD/YYYY HH24:MI:SS'));
Insert into TMP_RACCORDO_ATECO_2002_2007
   (ID_ATECO_02, COD_CATEGORIA_02, TIPO, ID_ATECO_07, COD_CATEGORIA_07, DT_LOAD)
 Values
   (799, '80.22.0', 'p', 1110, '85.42.0', TO_DATE('03/14/2008 12:25:57', 'MM/DD/YYYY HH24:MI:SS'));
Insert into TMP_RACCORDO_ATECO_2002_2007
   (ID_ATECO_02, COD_CATEGORIA_02, ID_ATECO_07, COD_CATEGORIA_07, DT_LOAD)
 Values
   (800, '80.30.1', 1110, '85.42.0', TO_DATE('03/14/2008 12:25:57', 'MM/DD/YYYY HH24:MI:SS'));
Insert into TMP_RACCORDO_ATECO_2002_2007
   (ID_ATECO_02, COD_CATEGORIA_02, ID_ATECO_07, COD_CATEGORIA_07, DT_LOAD)
 Values
   (801, '80.30.2', 1110, '85.42.0', TO_DATE('03/14/2008 12:25:57', 'MM/DD/YYYY HH24:MI:SS'));
Insert into TMP_RACCORDO_ATECO_2002_2007
   (ID_ATECO_02, COD_CATEGORIA_02, TIPO, ID_ATECO_07, COD_CATEGORIA_07, DT_LOAD)
 Values
   (802, '80.30.3', 'p', 1109, '85.41.0', TO_DATE('03/14/2008 12:25:57', 'MM/DD/YYYY HH24:MI:SS'));
Insert into TMP_RACCORDO_ATECO_2002_2007
   (ID_ATECO_02, COD_CATEGORIA_02, TIPO, ID_ATECO_07, COD_CATEGORIA_07, DT_LOAD)
 Values
   (802, '80.30.3', 'p', 1110, '85.42.0', TO_DATE('03/14/2008 12:25:57', 'MM/DD/YYYY HH24:MI:SS'));
Insert into TMP_RACCORDO_ATECO_2002_2007
   (ID_ATECO_02, COD_CATEGORIA_02, TIPO, ID_ATECO_07, COD_CATEGORIA_07, DT_LOAD)
 Values
   (803, '80.41.0', 'p', 1105, '85.32.0', TO_DATE('03/14/2008 12:25:57', 'MM/DD/YYYY HH24:MI:SS'));
Insert into TMP_RACCORDO_ATECO_2002_2007
   (ID_ATECO_02, COD_CATEGORIA_02, TIPO, ID_ATECO_07, COD_CATEGORIA_07, DT_LOAD)
 Values
   (803, '80.41.0', 'p', 1114, '85.53.0', TO_DATE('03/14/2008 12:25:57', 'MM/DD/YYYY HH24:MI:SS'));
Insert into TMP_RACCORDO_ATECO_2002_2007
   (ID_ATECO_02, COD_CATEGORIA_02, ID_ATECO_07, COD_CATEGORIA_07, DT_LOAD)
 Values
   (804, '80.42.1', 1115, '85.59.1', TO_DATE('03/14/2008 12:25:57', 'MM/DD/YYYY HH24:MI:SS'));
Insert into TMP_RACCORDO_ATECO_2002_2007
   (ID_ATECO_02, COD_CATEGORIA_02, TIPO, ID_ATECO_07, COD_CATEGORIA_07, DT_LOAD)
 Values
   (805, '80.42.2', 'p', 1105, '85.32.0', TO_DATE('03/14/2008 12:25:57', 'MM/DD/YYYY HH24:MI:SS'));
Insert into TMP_RACCORDO_ATECO_2002_2007
   (ID_ATECO_02, COD_CATEGORIA_02, TIPO, ID_ATECO_07, COD_CATEGORIA_07, DT_LOAD)
 Values
   (805, '80.42.2', 'p', 1109, '85.41.0', TO_DATE('03/14/2008 12:25:57', 'MM/DD/YYYY HH24:MI:SS'));
Insert into TMP_RACCORDO_ATECO_2002_2007
   (ID_ATECO_02, COD_CATEGORIA_02, TIPO, ID_ATECO_07, COD_CATEGORIA_07, DT_LOAD)
 Values
   (805, '80.42.2', 'p', 1116, '85.59.2', TO_DATE('03/14/2008 12:25:57', 'MM/DD/YYYY HH24:MI:SS'));
Insert into TMP_RACCORDO_ATECO_2002_2007
   (ID_ATECO_02, COD_CATEGORIA_02, ID_ATECO_07, COD_CATEGORIA_07, DT_LOAD)
 Values
   (806, '80.42.3', 1117, '85.59.3', TO_DATE('03/14/2008 12:25:57', 'MM/DD/YYYY HH24:MI:SS'));
Insert into TMP_RACCORDO_ATECO_2002_2007
   (ID_ATECO_02, COD_CATEGORIA_02, TIPO, ID_ATECO_07, COD_CATEGORIA_07, DT_LOAD)
 Values
   (807, '80.42.4', 'p', 1112, '85.52.0', TO_DATE('03/14/2008 12:25:57', 'MM/DD/YYYY HH24:MI:SS'));
Insert into TMP_RACCORDO_ATECO_2002_2007
   (ID_ATECO_02, COD_CATEGORIA_02, TIPO, ID_ATECO_07, COD_CATEGORIA_07, DT_LOAD)
 Values
   (807, '80.42.4', 'p', 1118, '85.59.9', TO_DATE('03/14/2008 12:25:57', 'MM/DD/YYYY HH24:MI:SS'));
Insert into TMP_RACCORDO_ATECO_2002_2007
   (ID_ATECO_02, COD_CATEGORIA_02, TIPO, ID_ATECO_07, COD_CATEGORIA_07, DT_LOAD)
 Values
   (807, '80.42.4', 'p', 1119, '85.60.0', TO_DATE('03/14/2008 12:25:57', 'MM/DD/YYYY HH24:MI:SS'));
Insert into TMP_RACCORDO_ATECO_2002_2007
   (ID_ATECO_02, COD_CATEGORIA_02, ID_ATECO_07, COD_CATEGORIA_07, DT_LOAD)
 Values
   (808, '85.11.1', 1121, '86.10.1', TO_DATE('03/14/2008 12:25:57', 'MM/DD/YYYY HH24:MI:SS'));
Insert into TMP_RACCORDO_ATECO_2002_2007
   (ID_ATECO_02, COD_CATEGORIA_02, ID_ATECO_07, COD_CATEGORIA_07, DT_LOAD)
 Values
   (809, '85.11.2', 1122, '86.10.2', TO_DATE('03/14/2008 12:25:57', 'MM/DD/YYYY HH24:MI:SS'));
Insert into TMP_RACCORDO_ATECO_2002_2007
   (ID_ATECO_02, COD_CATEGORIA_02, TIPO, ID_ATECO_07, COD_CATEGORIA_07, DT_LOAD)
 Values
   (810, '85.11.3', 'p', 1122, '86.10.2', TO_DATE('03/14/2008 12:25:57', 'MM/DD/YYYY HH24:MI:SS'));
Insert into TMP_RACCORDO_ATECO_2002_2007
   (ID_ATECO_02, COD_CATEGORIA_02, TIPO, ID_ATECO_07, COD_CATEGORIA_07, DT_LOAD)
 Values
   (810, '85.11.3', 'p', 1143, '87.20.0', TO_DATE('03/14/2008 12:25:57', 'MM/DD/YYYY HH24:MI:SS'));
Insert into TMP_RACCORDO_ATECO_2002_2007
   (ID_ATECO_02, COD_CATEGORIA_02, ID_ATECO_07, COD_CATEGORIA_07, DT_LOAD)
 Values
   (811, '85.11.4', 1123, '86.10.3', TO_DATE('03/14/2008 12:25:57', 'MM/DD/YYYY HH24:MI:SS'));
Insert into TMP_RACCORDO_ATECO_2002_2007
   (ID_ATECO_02, COD_CATEGORIA_02, ID_ATECO_07, COD_CATEGORIA_07, DT_LOAD)
 Values
   (812, '85.11.5', 1124, '86.10.4', TO_DATE('03/14/2008 12:25:57', 'MM/DD/YYYY HH24:MI:SS'));
Insert into TMP_RACCORDO_ATECO_2002_2007
   (ID_ATECO_02, COD_CATEGORIA_02, ID_ATECO_07, COD_CATEGORIA_07, DT_LOAD)
 Values
   (813, '85.12.1', 1125, '86.21.0', TO_DATE('03/14/2008 12:25:57', 'MM/DD/YYYY HH24:MI:SS'));
Insert into TMP_RACCORDO_ATECO_2002_2007
   (ID_ATECO_02, COD_CATEGORIA_02, ID_ATECO_07, COD_CATEGORIA_07, DT_LOAD)
 Values
   (814, '85.12.2', 1126, '86.22.0', TO_DATE('03/14/2008 12:25:57', 'MM/DD/YYYY HH24:MI:SS'));
Insert into TMP_RACCORDO_ATECO_2002_2007
   (ID_ATECO_02, COD_CATEGORIA_02, TIPO, ID_ATECO_07, COD_CATEGORIA_07, DT_LOAD)
 Values
   (815, '85.12.3', 'p', 1126, '86.22.0', TO_DATE('03/14/2008 12:25:57', 'MM/DD/YYYY HH24:MI:SS'));
Insert into TMP_RACCORDO_ATECO_2002_2007
   (ID_ATECO_02, COD_CATEGORIA_02, TIPO, ID_ATECO_07, COD_CATEGORIA_07, DT_LOAD)
 Values
   (815, '85.12.3', 'p', 1134, '86.90.1', TO_DATE('03/14/2008 12:25:57', 'MM/DD/YYYY HH24:MI:SS'));
Insert into TMP_RACCORDO_ATECO_2002_2007
   (ID_ATECO_02, COD_CATEGORIA_02, ID_ATECO_07, COD_CATEGORIA_07, DT_LOAD)
 Values
   (816, '85.12.4', 1143, '87.20.0', TO_DATE('03/14/2008 12:25:57', 'MM/DD/YYYY HH24:MI:SS'));
Insert into TMP_RACCORDO_ATECO_2002_2007
   (ID_ATECO_02, COD_CATEGORIA_02, TIPO, ID_ATECO_07, COD_CATEGORIA_07, DT_LOAD)
 Values
   (817, '85.12.5', 'p', 1126, '86.22.0', TO_DATE('03/14/2008 12:25:57', 'MM/DD/YYYY HH24:MI:SS'));
Insert into TMP_RACCORDO_ATECO_2002_2007
   (ID_ATECO_02, COD_CATEGORIA_02, TIPO, ID_ATECO_07, COD_CATEGORIA_07, DT_LOAD)
 Values
   (817, '85.12.5', 'p', 1140, '86.90.4', TO_DATE('03/14/2008 12:25:57', 'MM/DD/YYYY HH24:MI:SS'));
Insert into TMP_RACCORDO_ATECO_2002_2007
   (ID_ATECO_02, COD_CATEGORIA_02, ID_ATECO_07, COD_CATEGORIA_07, DT_LOAD)
 Values
   (818, '85.13.0', 1133, '86.23.0', TO_DATE('03/14/2008 12:25:57', 'MM/DD/YYYY HH24:MI:SS'));
Insert into TMP_RACCORDO_ATECO_2002_2007
   (ID_ATECO_02, COD_CATEGORIA_02, ID_ATECO_07, COD_CATEGORIA_07, DT_LOAD)
 Values
   (819, '85.14.1', 1134, '86.90.1', TO_DATE('03/14/2008 12:25:57', 'MM/DD/YYYY HH24:MI:SS'));
Insert into TMP_RACCORDO_ATECO_2002_2007
   (ID_ATECO_02, COD_CATEGORIA_02, TIPO, ID_ATECO_07, COD_CATEGORIA_07, DT_LOAD)
 Values
   (820, '85.14.2', 'p', 1126, '86.22.0', TO_DATE('03/14/2008 12:25:57', 'MM/DD/YYYY HH24:MI:SS'));
Insert into TMP_RACCORDO_ATECO_2002_2007
   (ID_ATECO_02, COD_CATEGORIA_02, TIPO, ID_ATECO_07, COD_CATEGORIA_07, DT_LOAD)
 Values
   (820, '85.14.2', 'p', 1137, '86.90.2', TO_DATE('03/14/2008 12:25:57', 'MM/DD/YYYY HH24:MI:SS'));
Insert into TMP_RACCORDO_ATECO_2002_2007
   (ID_ATECO_02, COD_CATEGORIA_02, ID_ATECO_07, COD_CATEGORIA_07, DT_LOAD)
 Values
   (821, '85.14.3', 1139, '86.90.3', TO_DATE('03/14/2008 12:25:57', 'MM/DD/YYYY HH24:MI:SS'));
Insert into TMP_RACCORDO_ATECO_2002_2007
   (ID_ATECO_02, COD_CATEGORIA_02, ID_ATECO_07, COD_CATEGORIA_07, DT_LOAD)
 Values
   (822, '85.14.4', 1140, '86.90.4', TO_DATE('03/14/2008 12:25:57', 'MM/DD/YYYY HH24:MI:SS'));
Insert into TMP_RACCORDO_ATECO_2002_2007
   (ID_ATECO_02, COD_CATEGORIA_02, ID_ATECO_07, COD_CATEGORIA_07, DT_LOAD)
 Values
   (823, '85.20.0', 1023, '75.00.0', TO_DATE('03/14/2008 12:25:57', 'MM/DD/YYYY HH24:MI:SS'));
Insert into TMP_RACCORDO_ATECO_2002_2007
   (ID_ATECO_02, COD_CATEGORIA_02, TIPO, ID_ATECO_07, COD_CATEGORIA_07, DT_LOAD)
 Values
   (824, '85.31.0', 'p', 1142, '87.10.0', TO_DATE('03/14/2008 12:25:57', 'MM/DD/YYYY HH24:MI:SS'));
Insert into TMP_RACCORDO_ATECO_2002_2007
   (ID_ATECO_02, COD_CATEGORIA_02, TIPO, ID_ATECO_07, COD_CATEGORIA_07, DT_LOAD)
 Values
   (824, '85.31.0', 'p', 1143, '87.20.0', TO_DATE('03/14/2008 12:25:57', 'MM/DD/YYYY HH24:MI:SS'));
Insert into TMP_RACCORDO_ATECO_2002_2007
   (ID_ATECO_02, COD_CATEGORIA_02, TIPO, ID_ATECO_07, COD_CATEGORIA_07, DT_LOAD)
 Values
   (824, '85.31.0', 'p', 1144, '87.30.0', TO_DATE('03/14/2008 12:25:57', 'MM/DD/YYYY HH24:MI:SS'));
Insert into TMP_RACCORDO_ATECO_2002_2007
   (ID_ATECO_02, COD_CATEGORIA_02, TIPO, ID_ATECO_07, COD_CATEGORIA_07, DT_LOAD)
 Values
   (824, '85.31.0', 'p', 1145, '87.90.0', TO_DATE('03/14/2008 12:25:57', 'MM/DD/YYYY HH24:MI:SS'));
Insert into TMP_RACCORDO_ATECO_2002_2007
   (ID_ATECO_02, COD_CATEGORIA_02, TIPO, ID_ATECO_07, COD_CATEGORIA_07, DT_LOAD)
 Values
   (825, '85.32.0', 'p', 1146, '88.10.0', TO_DATE('03/14/2008 12:25:57', 'MM/DD/YYYY HH24:MI:SS'));
Insert into TMP_RACCORDO_ATECO_2002_2007
   (ID_ATECO_02, COD_CATEGORIA_02, TIPO, ID_ATECO_07, COD_CATEGORIA_07, DT_LOAD)
 Values
   (825, '85.32.0', 'p', 1147, '88.91.0', TO_DATE('03/14/2008 12:25:57', 'MM/DD/YYYY HH24:MI:SS'));
Insert into TMP_RACCORDO_ATECO_2002_2007
   (ID_ATECO_02, COD_CATEGORIA_02, TIPO, ID_ATECO_07, COD_CATEGORIA_07, DT_LOAD)
 Values
   (825, '85.32.0', 'p', 1148, '88.99.0', TO_DATE('03/14/2008 12:25:57', 'MM/DD/YYYY HH24:MI:SS'));
Insert into TMP_RACCORDO_ATECO_2002_2007
   (ID_ATECO_02, COD_CATEGORIA_02, ID_ATECO_07, COD_CATEGORIA_07, DT_LOAD)
 Values
   (826, '90.01.0', 495, '37.00.0', TO_DATE('03/14/2008 12:25:57', 'MM/DD/YYYY HH24:MI:SS'));
Insert into TMP_RACCORDO_ATECO_2002_2007
   (ID_ATECO_02, COD_CATEGORIA_02, TIPO, ID_ATECO_07, COD_CATEGORIA_07, DT_LOAD)
 Values
   (827, '90.02.0', 'p', 496, '38.11.0', TO_DATE('03/14/2008 12:25:57', 'MM/DD/YYYY HH24:MI:SS'));
Insert into TMP_RACCORDO_ATECO_2002_2007
   (ID_ATECO_02, COD_CATEGORIA_02, TIPO, ID_ATECO_07, COD_CATEGORIA_07, DT_LOAD)
 Values
   (827, '90.02.0', 'p', 497, '38.12.0', TO_DATE('03/14/2008 12:25:57', 'MM/DD/YYYY HH24:MI:SS'));
Insert into TMP_RACCORDO_ATECO_2002_2007
   (ID_ATECO_02, COD_CATEGORIA_02, TIPO, ID_ATECO_07, COD_CATEGORIA_07, DT_LOAD)
 Values
   (827, '90.02.0', 'p', 498, '38.21.0', TO_DATE('03/14/2008 12:25:57', 'MM/DD/YYYY HH24:MI:SS'));
Insert into TMP_RACCORDO_ATECO_2002_2007
   (ID_ATECO_02, COD_CATEGORIA_02, TIPO, ID_ATECO_07, COD_CATEGORIA_07, DT_LOAD)
 Values
   (827, '90.02.0', 'p', 500, '38.22.0', TO_DATE('03/14/2008 12:25:57', 'MM/DD/YYYY HH24:MI:SS'));
Insert into TMP_RACCORDO_ATECO_2002_2007
   (ID_ATECO_02, COD_CATEGORIA_02, TIPO, ID_ATECO_07, COD_CATEGORIA_07, DT_LOAD)
 Values
   (827, '90.02.0', 'p', 1216, '96.09.0', TO_DATE('03/14/2008 12:25:57', 'MM/DD/YYYY HH24:MI:SS'));
Insert into TMP_RACCORDO_ATECO_2002_2007
   (ID_ATECO_02, COD_CATEGORIA_02, TIPO, ID_ATECO_07, COD_CATEGORIA_07, DT_LOAD)
 Values
   (828, '90.03.0', 'p', 496, '38.11.0', TO_DATE('03/14/2008 12:25:57', 'MM/DD/YYYY HH24:MI:SS'));
Insert into TMP_RACCORDO_ATECO_2002_2007
   (ID_ATECO_02, COD_CATEGORIA_02, TIPO, ID_ATECO_07, COD_CATEGORIA_07, DT_LOAD)
 Values
   (828, '90.03.0', 'p', 506, '39.00.0', TO_DATE('03/14/2008 12:25:57', 'MM/DD/YYYY HH24:MI:SS'));
Insert into TMP_RACCORDO_ATECO_2002_2007
   (ID_ATECO_02, COD_CATEGORIA_02, TIPO, ID_ATECO_07, COD_CATEGORIA_07, DT_LOAD)
 Values
   (828, '90.03.0', 'p', 1060, '81.29.9', TO_DATE('03/14/2008 12:25:57', 'MM/DD/YYYY HH24:MI:SS'));
Insert into TMP_RACCORDO_ATECO_2002_2007
   (ID_ATECO_02, COD_CATEGORIA_02, ID_ATECO_07, COD_CATEGORIA_07, DT_LOAD)
 Values
   (829, '91.11.1', 1180, '94.11.0', TO_DATE('03/14/2008 12:25:57', 'MM/DD/YYYY HH24:MI:SS'));
Insert into TMP_RACCORDO_ATECO_2002_2007
   (ID_ATECO_02, COD_CATEGORIA_02, ID_ATECO_07, COD_CATEGORIA_07, DT_LOAD)
 Values
   (830, '91.11.2', 1180, '94.11.0', TO_DATE('03/14/2008 12:25:57', 'MM/DD/YYYY HH24:MI:SS'));
Insert into TMP_RACCORDO_ATECO_2002_2007
   (ID_ATECO_02, COD_CATEGORIA_02, ID_ATECO_07, COD_CATEGORIA_07, DT_LOAD)
 Values
   (831, '91.11.3', 1093, '84.13.9', TO_DATE('03/14/2008 12:25:57', 'MM/DD/YYYY HH24:MI:SS'));
Insert into TMP_RACCORDO_ATECO_2002_2007
   (ID_ATECO_02, COD_CATEGORIA_02, ID_ATECO_07, COD_CATEGORIA_07, DT_LOAD)
 Values
   (832, '91.12.1', 1181, '94.12.1', TO_DATE('03/14/2008 12:25:57', 'MM/DD/YYYY HH24:MI:SS'));
Insert into TMP_RACCORDO_ATECO_2002_2007
   (ID_ATECO_02, COD_CATEGORIA_02, ID_ATECO_07, COD_CATEGORIA_07, DT_LOAD)
 Values
   (833, '91.12.2', 1182, '94.12.2', TO_DATE('03/14/2008 12:25:57', 'MM/DD/YYYY HH24:MI:SS'));
Insert into TMP_RACCORDO_ATECO_2002_2007
   (ID_ATECO_02, COD_CATEGORIA_02, ID_ATECO_07, COD_CATEGORIA_07, DT_LOAD)
 Values
   (834, '91.20.0', 1183, '94.20.0', TO_DATE('03/14/2008 12:25:57', 'MM/DD/YYYY HH24:MI:SS'));
Insert into TMP_RACCORDO_ATECO_2002_2007
   (ID_ATECO_02, COD_CATEGORIA_02, ID_ATECO_07, COD_CATEGORIA_07, DT_LOAD)
 Values
   (835, '91.31.0', 1184, '94.91.0', TO_DATE('03/14/2008 12:25:57', 'MM/DD/YYYY HH24:MI:SS'));
Insert into TMP_RACCORDO_ATECO_2002_2007
   (ID_ATECO_02, COD_CATEGORIA_02, ID_ATECO_07, COD_CATEGORIA_07, DT_LOAD)
 Values
   (836, '91.32.0', 1185, '94.92.0', TO_DATE('03/14/2008 12:25:57', 'MM/DD/YYYY HH24:MI:SS'));
Insert into TMP_RACCORDO_ATECO_2002_2007
   (ID_ATECO_02, COD_CATEGORIA_02, ID_ATECO_07, COD_CATEGORIA_07, DT_LOAD)
 Values
   (837, '91.33.1', 1186, '94.99.1', TO_DATE('03/14/2008 12:25:57', 'MM/DD/YYYY HH24:MI:SS'));
Insert into TMP_RACCORDO_ATECO_2002_2007
   (ID_ATECO_02, COD_CATEGORIA_02, ID_ATECO_07, COD_CATEGORIA_07, DT_LOAD)
 Values
   (838, '91.33.2', 1187, '94.99.2', TO_DATE('03/14/2008 12:25:57', 'MM/DD/YYYY HH24:MI:SS'));
Insert into TMP_RACCORDO_ATECO_2002_2007
   (ID_ATECO_02, COD_CATEGORIA_02, ID_ATECO_07, COD_CATEGORIA_07, DT_LOAD)
 Values
   (839, '91.33.3', 1188, '94.99.3', TO_DATE('03/14/2008 12:25:57', 'MM/DD/YYYY HH24:MI:SS'));
Insert into TMP_RACCORDO_ATECO_2002_2007
   (ID_ATECO_02, COD_CATEGORIA_02, ID_ATECO_07, COD_CATEGORIA_07, DT_LOAD)
 Values
   (840, '91.33.4', 1189, '94.99.4', TO_DATE('03/14/2008 12:25:57', 'MM/DD/YYYY HH24:MI:SS'));
Insert into TMP_RACCORDO_ATECO_2002_2007
   (ID_ATECO_02, COD_CATEGORIA_02, ID_ATECO_07, COD_CATEGORIA_07, DT_LOAD)
 Values
   (841, '91.33.5', 1190, '94.99.5', TO_DATE('03/14/2008 12:25:57', 'MM/DD/YYYY HH24:MI:SS'));
Insert into TMP_RACCORDO_ATECO_2002_2007
   (ID_ATECO_02, COD_CATEGORIA_02, ID_ATECO_07, COD_CATEGORIA_07, DT_LOAD)
 Values
   (842, '91.33.6', 994, '71.20.2', TO_DATE('03/14/2008 12:25:57', 'MM/DD/YYYY HH24:MI:SS'));
Insert into TMP_RACCORDO_ATECO_2002_2007
   (ID_ATECO_02, COD_CATEGORIA_02, ID_ATECO_07, COD_CATEGORIA_07, DT_LOAD)
 Values
   (843, '91.33.7', 1191, '94.99.6', TO_DATE('03/14/2008 12:25:57', 'MM/DD/YYYY HH24:MI:SS'));
Insert into TMP_RACCORDO_ATECO_2002_2007
   (ID_ATECO_02, COD_CATEGORIA_02, ID_ATECO_07, COD_CATEGORIA_07, DT_LOAD)
 Values
   (844, '91.33.8', 1192, '94.99.9', TO_DATE('03/14/2008 12:25:57', 'MM/DD/YYYY HH24:MI:SS'));
Insert into TMP_RACCORDO_ATECO_2002_2007
   (ID_ATECO_02, COD_CATEGORIA_02, TIPO, ID_ATECO_07, COD_CATEGORIA_07, DT_LOAD)
 Values
   (845, '92.11.0', 'p', 902, '59.11.0', TO_DATE('03/14/2008 12:25:57', 'MM/DD/YYYY HH24:MI:SS'));
Insert into TMP_RACCORDO_ATECO_2002_2007
   (ID_ATECO_02, COD_CATEGORIA_02, TIPO, ID_ATECO_07, COD_CATEGORIA_07, DT_LOAD)
 Values
   (845, '92.11.0', 'p', 903, '59.12.0', TO_DATE('03/14/2008 12:25:57', 'MM/DD/YYYY HH24:MI:SS'));
Insert into TMP_RACCORDO_ATECO_2002_2007
   (ID_ATECO_02, COD_CATEGORIA_02, TIPO, ID_ATECO_07, COD_CATEGORIA_07, DT_LOAD)
 Values
   (845, '92.11.0', 'p', 908, '59.20.3', TO_DATE('03/14/2008 12:25:57', 'MM/DD/YYYY HH24:MI:SS'));
Insert into TMP_RACCORDO_ATECO_2002_2007
   (ID_ATECO_02, COD_CATEGORIA_02, ID_ATECO_07, COD_CATEGORIA_07, DT_LOAD)
 Values
   (846, '92.12.0', 904, '59.13.0', TO_DATE('03/14/2008 12:25:57', 'MM/DD/YYYY HH24:MI:SS'));
Insert into TMP_RACCORDO_ATECO_2002_2007
   (ID_ATECO_02, COD_CATEGORIA_02, ID_ATECO_07, COD_CATEGORIA_07, DT_LOAD)
 Values
   (847, '92.13.0', 905, '59.14.0', TO_DATE('03/14/2008 12:25:57', 'MM/DD/YYYY HH24:MI:SS'));
Insert into TMP_RACCORDO_ATECO_2002_2007
   (ID_ATECO_02, COD_CATEGORIA_02, TIPO, ID_ATECO_07, COD_CATEGORIA_07, DT_LOAD)
 Values
   (848, '92.20.0', 'p', 902, '59.11.0', TO_DATE('03/14/2008 12:25:57', 'MM/DD/YYYY HH24:MI:SS'));
Insert into TMP_RACCORDO_ATECO_2002_2007
   (ID_ATECO_02, COD_CATEGORIA_02, TIPO, ID_ATECO_07, COD_CATEGORIA_07, DT_LOAD)
 Values
   (848, '92.20.0', 'p', 908, '59.20.3', TO_DATE('03/14/2008 12:25:57', 'MM/DD/YYYY HH24:MI:SS'));
Insert into TMP_RACCORDO_ATECO_2002_2007
   (ID_ATECO_02, COD_CATEGORIA_02, TIPO, ID_ATECO_07, COD_CATEGORIA_07, DT_LOAD)
 Values
   (848, '92.20.0', 'p', 909, '60.10.0', TO_DATE('03/14/2008 12:25:57', 'MM/DD/YYYY HH24:MI:SS'));
Insert into TMP_RACCORDO_ATECO_2002_2007
   (ID_ATECO_02, COD_CATEGORIA_02, TIPO, ID_ATECO_07, COD_CATEGORIA_07, DT_LOAD)
 Values
   (848, '92.20.0', 'p', 910, '60.20.0', TO_DATE('03/14/2008 12:25:57', 'MM/DD/YYYY HH24:MI:SS'));
Insert into TMP_RACCORDO_ATECO_2002_2007
   (ID_ATECO_02, COD_CATEGORIA_02, TIPO, ID_ATECO_07, COD_CATEGORIA_07, DT_LOAD)
 Values
   (849, '92.31.0', 'p', 1149, '90.01.0', TO_DATE('03/14/2008 12:25:57', 'MM/DD/YYYY HH24:MI:SS'));
Insert into TMP_RACCORDO_ATECO_2002_2007
   (ID_ATECO_02, COD_CATEGORIA_02, TIPO, ID_ATECO_07, COD_CATEGORIA_07, DT_LOAD)
 Values
   (849, '92.31.0', 'p', 1151, '90.02.0', TO_DATE('03/14/2008 12:25:57', 'MM/DD/YYYY HH24:MI:SS'));
Insert into TMP_RACCORDO_ATECO_2002_2007
   (ID_ATECO_02, COD_CATEGORIA_02, TIPO, ID_ATECO_07, COD_CATEGORIA_07, DT_LOAD)
 Values
   (849, '92.31.0', 'p', 1154, '90.03.0', TO_DATE('03/14/2008 12:25:57', 'MM/DD/YYYY HH24:MI:SS'));
Insert into TMP_RACCORDO_ATECO_2002_2007
   (ID_ATECO_02, COD_CATEGORIA_02, TIPO, ID_ATECO_07, COD_CATEGORIA_07, DT_LOAD)
 Values
   (850, '92.32.0', 'p', 1049, '79.90.1', TO_DATE('03/14/2008 12:25:57', 'MM/DD/YYYY HH24:MI:SS'));
Insert into TMP_RACCORDO_ATECO_2002_2007
   (ID_ATECO_02, COD_CATEGORIA_02, TIPO, ID_ATECO_07, COD_CATEGORIA_07, DT_LOAD)
 Values
   (850, '92.32.0', 'p', 1151, '90.02.0', TO_DATE('03/14/2008 12:25:57', 'MM/DD/YYYY HH24:MI:SS'));
Insert into TMP_RACCORDO_ATECO_2002_2007
   (ID_ATECO_02, COD_CATEGORIA_02, TIPO, ID_ATECO_07, COD_CATEGORIA_07, DT_LOAD)
 Values
   (850, '92.32.0', 'p', 1157, '90.04.0', TO_DATE('03/14/2008 12:25:57', 'MM/DD/YYYY HH24:MI:SS'));
Insert into TMP_RACCORDO_ATECO_2002_2007
   (ID_ATECO_02, COD_CATEGORIA_02, ID_ATECO_07, COD_CATEGORIA_07, DT_LOAD)
 Values
   (851, '92.33.0', 1175, '93.21.0', TO_DATE('03/14/2008 12:25:57', 'MM/DD/YYYY HH24:MI:SS'));
Insert into TMP_RACCORDO_ATECO_2002_2007
   (ID_ATECO_02, COD_CATEGORIA_02, TIPO, ID_ATECO_07, COD_CATEGORIA_07, DT_LOAD)
 Values
   (852, '92.34.1', 'p', 1112, '85.52.0', TO_DATE('03/14/2008 12:25:57', 'MM/DD/YYYY HH24:MI:SS'));
Insert into TMP_RACCORDO_ATECO_2002_2007
   (ID_ATECO_02, COD_CATEGORIA_02, TIPO, ID_ATECO_07, COD_CATEGORIA_07, DT_LOAD)
 Values
   (852, '92.34.1', 'p', 1176, '93.29.1', TO_DATE('03/14/2008 12:25:57', 'MM/DD/YYYY HH24:MI:SS'));
Insert into TMP_RACCORDO_ATECO_2002_2007
   (ID_ATECO_02, COD_CATEGORIA_02, ID_ATECO_07, COD_CATEGORIA_07, DT_LOAD)
 Values
   (853, '92.34.2', 1149, '90.01.0', TO_DATE('03/14/2008 12:25:57', 'MM/DD/YYYY HH24:MI:SS'));
Insert into TMP_RACCORDO_ATECO_2002_2007
   (ID_ATECO_02, COD_CATEGORIA_02, TIPO, ID_ATECO_07, COD_CATEGORIA_07, DT_LOAD)
 Values
   (854, '92.34.3', 'p', 1151, '90.02.0', TO_DATE('03/14/2008 12:25:57', 'MM/DD/YYYY HH24:MI:SS'));
Insert into TMP_RACCORDO_ATECO_2002_2007
   (ID_ATECO_02, COD_CATEGORIA_02, TIPO, ID_ATECO_07, COD_CATEGORIA_07, DT_LOAD)
 Values
   (854, '92.34.3', 'p', 1179, '93.29.9', TO_DATE('03/14/2008 12:25:57', 'MM/DD/YYYY HH24:MI:SS'));
Insert into TMP_RACCORDO_ATECO_2002_2007
   (ID_ATECO_02, COD_CATEGORIA_02, TIPO, ID_ATECO_07, COD_CATEGORIA_07, DT_LOAD)
 Values
   (855, '92.40.0', 'p', 928, '63.91.0', TO_DATE('03/14/2008 12:25:57', 'MM/DD/YYYY HH24:MI:SS'));
Insert into TMP_RACCORDO_ATECO_2002_2007
   (ID_ATECO_02, COD_CATEGORIA_02, TIPO, ID_ATECO_07, COD_CATEGORIA_07, DT_LOAD)
 Values
   (855, '92.40.0', 'p', 1009, '74.20.1', TO_DATE('03/14/2008 12:25:57', 'MM/DD/YYYY HH24:MI:SS'));
Insert into TMP_RACCORDO_ATECO_2002_2007
   (ID_ATECO_02, COD_CATEGORIA_02, TIPO, ID_ATECO_07, COD_CATEGORIA_07, DT_LOAD)
 Values
   (855, '92.40.0', 'p', 1154, '90.03.0', TO_DATE('03/14/2008 12:25:57', 'MM/DD/YYYY HH24:MI:SS'));
Insert into TMP_RACCORDO_ATECO_2002_2007
   (ID_ATECO_02, COD_CATEGORIA_02, ID_ATECO_07, COD_CATEGORIA_07, DT_LOAD)
 Values
   (856, '92.51.0', 1158, '91.01.0', TO_DATE('03/14/2008 12:25:57', 'MM/DD/YYYY HH24:MI:SS'));
Insert into TMP_RACCORDO_ATECO_2002_2007
   (ID_ATECO_02, COD_CATEGORIA_02, TIPO, ID_ATECO_07, COD_CATEGORIA_07, DT_LOAD)
 Values
   (857, '92.52.0', 'p', 1159, '91.02.0', TO_DATE('03/14/2008 12:25:57', 'MM/DD/YYYY HH24:MI:SS'));
Insert into TMP_RACCORDO_ATECO_2002_2007
   (ID_ATECO_02, COD_CATEGORIA_02, TIPO, ID_ATECO_07, COD_CATEGORIA_07, DT_LOAD)
 Values
   (857, '92.52.0', 'p', 1160, '91.03.0', TO_DATE('03/14/2008 12:25:57', 'MM/DD/YYYY HH24:MI:SS'));
Insert into TMP_RACCORDO_ATECO_2002_2007
   (ID_ATECO_02, COD_CATEGORIA_02, ID_ATECO_07, COD_CATEGORIA_07, DT_LOAD)
 Values
   (858, '92.53.0', 1161, '91.04.0', TO_DATE('03/14/2008 12:25:57', 'MM/DD/YYYY HH24:MI:SS'));
Insert into TMP_RACCORDO_ATECO_2002_2007
   (ID_ATECO_02, COD_CATEGORIA_02, ID_ATECO_07, COD_CATEGORIA_07, DT_LOAD)
 Values
   (859, '92.61.1', 1165, '93.11.1', TO_DATE('03/14/2008 12:25:57', 'MM/DD/YYYY HH24:MI:SS'));
Insert into TMP_RACCORDO_ATECO_2002_2007
   (ID_ATECO_02, COD_CATEGORIA_02, ID_ATECO_07, COD_CATEGORIA_07, DT_LOAD)
 Values
   (860, '92.61.2', 1166, '93.11.2', TO_DATE('03/14/2008 12:25:57', 'MM/DD/YYYY HH24:MI:SS'));
Insert into TMP_RACCORDO_ATECO_2002_2007
   (ID_ATECO_02, COD_CATEGORIA_02, ID_ATECO_07, COD_CATEGORIA_07, DT_LOAD)
 Values
   (861, '92.61.3', 1168, '93.11.9', TO_DATE('03/14/2008 12:25:57', 'MM/DD/YYYY HH24:MI:SS'));
Insert into TMP_RACCORDO_ATECO_2002_2007
   (ID_ATECO_02, COD_CATEGORIA_02, ID_ATECO_07, COD_CATEGORIA_07, DT_LOAD)
 Values
   (862, '92.61.4', 1167, '93.11.3', TO_DATE('03/14/2008 12:25:57', 'MM/DD/YYYY HH24:MI:SS'));
Insert into TMP_RACCORDO_ATECO_2002_2007
   (ID_ATECO_02, COD_CATEGORIA_02, ID_ATECO_07, COD_CATEGORIA_07, DT_LOAD)
 Values
   (863, '92.61.5', 1170, '93.13.0', TO_DATE('03/14/2008 12:25:57', 'MM/DD/YYYY HH24:MI:SS'));
Insert into TMP_RACCORDO_ATECO_2002_2007
   (ID_ATECO_02, COD_CATEGORIA_02, TIPO, ID_ATECO_07, COD_CATEGORIA_07, DT_LOAD)
 Values
   (864, '92.61.6', 'p', 838, '49.39.0', TO_DATE('03/14/2008 12:25:57', 'MM/DD/YYYY HH24:MI:SS'));
Insert into TMP_RACCORDO_ATECO_2002_2007
   (ID_ATECO_02, COD_CATEGORIA_02, TIPO, ID_ATECO_07, COD_CATEGORIA_07, DT_LOAD)
 Values
   (864, '92.61.6', 'p', 1168, '93.11.9', TO_DATE('03/14/2008 12:25:57', 'MM/DD/YYYY HH24:MI:SS'));
Insert into TMP_RACCORDO_ATECO_2002_2007
   (ID_ATECO_02, COD_CATEGORIA_02, ID_ATECO_07, COD_CATEGORIA_07, DT_LOAD)
 Values
   (865, '92.62.1', 1171, '93.19.1', TO_DATE('03/14/2008 12:25:57', 'MM/DD/YYYY HH24:MI:SS'));
Insert into TMP_RACCORDO_ATECO_2002_2007
   (ID_ATECO_02, COD_CATEGORIA_02, ID_ATECO_07, COD_CATEGORIA_07, DT_LOAD)
 Values
   (866, '92.62.2', 1172, '93.19.9', TO_DATE('03/14/2008 12:25:57', 'MM/DD/YYYY HH24:MI:SS'));
Insert into TMP_RACCORDO_ATECO_2002_2007
   (ID_ATECO_02, COD_CATEGORIA_02, TIPO, ID_ATECO_07, COD_CATEGORIA_07, DT_LOAD)
 Values
   (867, '92.62.3', 'p', 1111, '85.51.0', TO_DATE('03/14/2008 12:25:57', 'MM/DD/YYYY HH24:MI:SS'));
Insert into TMP_RACCORDO_ATECO_2002_2007
   (ID_ATECO_02, COD_CATEGORIA_02, TIPO, ID_ATECO_07, COD_CATEGORIA_07, DT_LOAD)
 Values
   (867, '92.62.3', 'p', 1172, '93.19.9', TO_DATE('03/14/2008 12:25:57', 'MM/DD/YYYY HH24:MI:SS'));
Insert into TMP_RACCORDO_ATECO_2002_2007
   (ID_ATECO_02, COD_CATEGORIA_02, TIPO, ID_ATECO_07, COD_CATEGORIA_07, DT_LOAD)
 Values
   (868, '92.62.4', 'p', 1111, '85.51.0', TO_DATE('03/14/2008 12:25:57', 'MM/DD/YYYY HH24:MI:SS'));
Insert into TMP_RACCORDO_ATECO_2002_2007
   (ID_ATECO_02, COD_CATEGORIA_02, TIPO, ID_ATECO_07, COD_CATEGORIA_07, DT_LOAD)
 Values
   (868, '92.62.4', 'p', 1169, '93.12.0', TO_DATE('03/14/2008 12:25:57', 'MM/DD/YYYY HH24:MI:SS'));
Insert into TMP_RACCORDO_ATECO_2002_2007
   (ID_ATECO_02, COD_CATEGORIA_02, TIPO, ID_ATECO_07, COD_CATEGORIA_07, DT_LOAD)
 Values
   (868, '92.62.4', 'p', 1172, '93.19.9', TO_DATE('03/14/2008 12:25:57', 'MM/DD/YYYY HH24:MI:SS'));
Insert into TMP_RACCORDO_ATECO_2002_2007
   (ID_ATECO_02, COD_CATEGORIA_02, ID_ATECO_07, COD_CATEGORIA_07, DT_LOAD)
 Values
   (869, '92.71.0', 1162, '92.00.0', TO_DATE('03/14/2008 12:25:57', 'MM/DD/YYYY HH24:MI:SS'));
Insert into TMP_RACCORDO_ATECO_2002_2007
   (ID_ATECO_02, COD_CATEGORIA_02, ID_ATECO_07, COD_CATEGORIA_07, DT_LOAD)
 Values
   (870, '92.72.1', 1177, '93.29.2', TO_DATE('03/14/2008 12:25:57', 'MM/DD/YYYY HH24:MI:SS'));
Insert into TMP_RACCORDO_ATECO_2002_2007
   (ID_ATECO_02, COD_CATEGORIA_02, ID_ATECO_07, COD_CATEGORIA_07, DT_LOAD)
 Values
   (871, '92.72.2', 1178, '93.29.3', TO_DATE('03/14/2008 12:25:57', 'MM/DD/YYYY HH24:MI:SS'));
Insert into TMP_RACCORDO_ATECO_2002_2007
   (ID_ATECO_02, COD_CATEGORIA_02, TIPO, ID_ATECO_07, COD_CATEGORIA_07, DT_LOAD)
 Values
   (872, '92.72.3', 'p', 1044, '78.10.0', TO_DATE('03/14/2008 12:25:57', 'MM/DD/YYYY HH24:MI:SS'));
Insert into TMP_RACCORDO_ATECO_2002_2007
   (ID_ATECO_02, COD_CATEGORIA_02, TIPO, ID_ATECO_07, COD_CATEGORIA_07, DT_LOAD)
 Values
   (872, '92.72.3', 'p', 1179, '93.29.9', TO_DATE('03/14/2008 12:25:57', 'MM/DD/YYYY HH24:MI:SS'));
Insert into TMP_RACCORDO_ATECO_2002_2007
   (ID_ATECO_02, COD_CATEGORIA_02, ID_ATECO_07, COD_CATEGORIA_07, DT_LOAD)
 Values
   (873, '93.01.1', 1208, '96.01.1', TO_DATE('03/14/2008 12:25:57', 'MM/DD/YYYY HH24:MI:SS'));
Insert into TMP_RACCORDO_ATECO_2002_2007
   (ID_ATECO_02, COD_CATEGORIA_02, ID_ATECO_07, COD_CATEGORIA_07, DT_LOAD)
 Values
   (874, '93.01.2', 1209, '96.01.2', TO_DATE('03/14/2008 12:25:57', 'MM/DD/YYYY HH24:MI:SS'));
Insert into TMP_RACCORDO_ATECO_2002_2007
   (ID_ATECO_02, COD_CATEGORIA_02, TIPO, ID_ATECO_07, COD_CATEGORIA_07, DT_LOAD)
 Values
   (875, '93.02.0', 'p', 1210, '96.02.0', TO_DATE('03/14/2008 12:25:57', 'MM/DD/YYYY HH24:MI:SS'));
Insert into TMP_RACCORDO_ATECO_2002_2007
   (ID_ATECO_02, COD_CATEGORIA_02, TIPO, ID_ATECO_07, COD_CATEGORIA_07, DT_LOAD)
 Values
   (875, '93.02.0', 'p', 1216, '96.09.0', TO_DATE('03/14/2008 12:25:57', 'MM/DD/YYYY HH24:MI:SS'));
Insert into TMP_RACCORDO_ATECO_2002_2007
   (ID_ATECO_02, COD_CATEGORIA_02, ID_ATECO_07, COD_CATEGORIA_07, DT_LOAD)
 Values
   (876, '93.03.0', 1213, '96.03.0', TO_DATE('03/14/2008 12:25:57', 'MM/DD/YYYY HH24:MI:SS'));
Insert into TMP_RACCORDO_ATECO_2002_2007
   (ID_ATECO_02, COD_CATEGORIA_02, ID_ATECO_07, COD_CATEGORIA_07, DT_LOAD)
 Values
   (877, '93.04.1', 1214, '96.04.1', TO_DATE('03/14/2008 12:25:57', 'MM/DD/YYYY HH24:MI:SS'));
Insert into TMP_RACCORDO_ATECO_2002_2007
   (ID_ATECO_02, COD_CATEGORIA_02, ID_ATECO_07, COD_CATEGORIA_07, DT_LOAD)
 Values
   (878, '93.04.2', 1215, '96.04.2', TO_DATE('03/14/2008 12:25:57', 'MM/DD/YYYY HH24:MI:SS'));
Insert into TMP_RACCORDO_ATECO_2002_2007
   (ID_ATECO_02, COD_CATEGORIA_02, ID_ATECO_07, COD_CATEGORIA_07, DT_LOAD)
 Values
   (879, '93.05.0', 1216, '96.09.0', TO_DATE('03/14/2008 12:25:57', 'MM/DD/YYYY HH24:MI:SS'));
Insert into TMP_RACCORDO_ATECO_2002_2007
   (ID_ATECO_02, COD_CATEGORIA_02, ID_ATECO_07, COD_CATEGORIA_07, DT_LOAD)
 Values
   (880, '95.00.0', 1221, '97.00.0', TO_DATE('03/14/2008 12:25:57', 'MM/DD/YYYY HH24:MI:SS'));
Insert into TMP_RACCORDO_ATECO_2002_2007
   (ID_ATECO_02, COD_CATEGORIA_02, ID_ATECO_07, COD_CATEGORIA_07, DT_LOAD)
 Values
   (881, '96.00.0', 1222, '98.10.0', TO_DATE('03/14/2008 12:25:57', 'MM/DD/YYYY HH24:MI:SS'));
Insert into TMP_RACCORDO_ATECO_2002_2007
   (ID_ATECO_02, COD_CATEGORIA_02, ID_ATECO_07, COD_CATEGORIA_07, DT_LOAD)
 Values
   (882, '97.00.0', 1223, '98.20.0', TO_DATE('03/14/2008 12:25:57', 'MM/DD/YYYY HH24:MI:SS'));
Insert into TMP_RACCORDO_ATECO_2002_2007
   (ID_ATECO_02, COD_CATEGORIA_02, ID_ATECO_07, COD_CATEGORIA_07, DT_LOAD)
 Values
   (883, '99.00.0', 1224, '99.00.0', TO_DATE('03/14/2008 12:25:57', 'MM/DD/YYYY HH24:MI:SS'));
Insert into TMP_RACCORDO_ATECO_2002_2007
   (ID_ATECO_02, COD_CATEGORIA_02, ID_ATECO_07, COD_CATEGORIA_07, DT_LOAD)
 Values
   (596, '52.50.2', 813, '47.79.2', TO_DATE('03/14/2008 12:25:57', 'MM/DD/YYYY HH24:MI:SS'));
Insert into TMP_RACCORDO_ATECO_2002_2007
   (ID_ATECO_02, COD_CATEGORIA_02, ID_ATECO_07, COD_CATEGORIA_07, DT_LOAD)
 Values
   (597, '52.50.3', 814, '47.79.3', TO_DATE('03/14/2008 12:25:57', 'MM/DD/YYYY HH24:MI:SS'));
Insert into TMP_RACCORDO_ATECO_2002_2007
   (ID_ATECO_02, COD_CATEGORIA_02, TIPO, ID_ATECO_07, COD_CATEGORIA_07, DT_LOAD)
 Values
   (598, '52.61.1', 'p', 829, '47.91.2', TO_DATE('03/14/2008 12:25:57', 'MM/DD/YYYY HH24:MI:SS'));
Insert into TMP_RACCORDO_ATECO_2002_2007
   (ID_ATECO_02, COD_CATEGORIA_02, TIPO, ID_ATECO_07, COD_CATEGORIA_07, DT_LOAD)
 Values
   (598, '52.61.1', 'p', 830, '47.91.3', TO_DATE('03/14/2008 12:25:57', 'MM/DD/YYYY HH24:MI:SS'));
Insert into TMP_RACCORDO_ATECO_2002_2007
   (ID_ATECO_02, COD_CATEGORIA_02, TIPO, ID_ATECO_07, COD_CATEGORIA_07, DT_LOAD)
 Values
   (599, '52.61.2', 'p', 829, '47.91.2', TO_DATE('03/14/2008 12:25:57', 'MM/DD/YYYY HH24:MI:SS'));
Insert into TMP_RACCORDO_ATECO_2002_2007
   (ID_ATECO_02, COD_CATEGORIA_02, TIPO, ID_ATECO_07, COD_CATEGORIA_07, DT_LOAD)
 Values
   (599, '52.61.2', 'p', 830, '47.91.3', TO_DATE('03/14/2008 12:25:57', 'MM/DD/YYYY HH24:MI:SS'));
Insert into TMP_RACCORDO_ATECO_2002_2007
   (ID_ATECO_02, COD_CATEGORIA_02, ID_ATECO_07, COD_CATEGORIA_07, DT_LOAD)
 Values
   (600, '52.61.3', 828, '47.91.1', TO_DATE('03/14/2008 12:25:57', 'MM/DD/YYYY HH24:MI:SS'));
Insert into TMP_RACCORDO_ATECO_2002_2007
   (ID_ATECO_02, COD_CATEGORIA_02, ID_ATECO_07, COD_CATEGORIA_07, DT_LOAD)
 Values
   (601, '52.61.4', 828, '47.91.1', TO_DATE('03/14/2008 12:25:57', 'MM/DD/YYYY HH24:MI:SS'));
Insert into TMP_RACCORDO_ATECO_2002_2007
   (ID_ATECO_02, COD_CATEGORIA_02, ID_ATECO_07, COD_CATEGORIA_07, DT_LOAD)
 Values
   (602, '52.62.1', 816, '47.81.0', TO_DATE('03/14/2008 12:25:57', 'MM/DD/YYYY HH24:MI:SS'));
Insert into TMP_RACCORDO_ATECO_2002_2007
   (ID_ATECO_02, COD_CATEGORIA_02, ID_ATECO_07, COD_CATEGORIA_07, DT_LOAD)
 Values
   (603, '52.62.2', 820, '47.82.0', TO_DATE('03/14/2008 12:25:57', 'MM/DD/YYYY HH24:MI:SS'));
Insert into TMP_RACCORDO_ATECO_2002_2007
   (ID_ATECO_02, COD_CATEGORIA_02, ID_ATECO_07, COD_CATEGORIA_07, DT_LOAD)
 Values
   (604, '52.62.3', 820, '47.82.0', TO_DATE('03/14/2008 12:25:57', 'MM/DD/YYYY HH24:MI:SS'));
Insert into TMP_RACCORDO_ATECO_2002_2007
   (ID_ATECO_02, COD_CATEGORIA_02, ID_ATECO_07, COD_CATEGORIA_07, DT_LOAD)
 Values
   (605, '52.62.4', 822, '47.89.0', TO_DATE('03/14/2008 12:25:57', 'MM/DD/YYYY HH24:MI:SS'));
Insert into TMP_RACCORDO_ATECO_2002_2007
   (ID_ATECO_02, COD_CATEGORIA_02, ID_ATECO_07, COD_CATEGORIA_07, DT_LOAD)
 Values
   (606, '52.62.5', 822, '47.89.0', TO_DATE('03/14/2008 12:25:57', 'MM/DD/YYYY HH24:MI:SS'));
Insert into TMP_RACCORDO_ATECO_2002_2007
   (ID_ATECO_02, COD_CATEGORIA_02, ID_ATECO_07, COD_CATEGORIA_07, DT_LOAD)
 Values
   (607, '52.62.6', 822, '47.89.0', TO_DATE('03/14/2008 12:25:57', 'MM/DD/YYYY HH24:MI:SS'));
Insert into TMP_RACCORDO_ATECO_2002_2007
   (ID_ATECO_02, COD_CATEGORIA_02, ID_ATECO_07, COD_CATEGORIA_07, DT_LOAD)
 Values
   (608, '52.63.1', 831, '47.99.1', TO_DATE('03/14/2008 12:25:57', 'MM/DD/YYYY HH24:MI:SS'));
Insert into TMP_RACCORDO_ATECO_2002_2007
   (ID_ATECO_02, COD_CATEGORIA_02, ID_ATECO_07, COD_CATEGORIA_07, DT_LOAD)
 Values
   (609, '52.63.2', 832, '47.99.2', TO_DATE('03/14/2008 12:25:57', 'MM/DD/YYYY HH24:MI:SS'));
Insert into TMP_RACCORDO_ATECO_2002_2007
   (ID_ATECO_02, COD_CATEGORIA_02, ID_ATECO_07, COD_CATEGORIA_07, DT_LOAD)
 Values
   (610, '52.63.3', 816, '47.81.0', TO_DATE('03/14/2008 12:25:57', 'MM/DD/YYYY HH24:MI:SS'));
Insert into TMP_RACCORDO_ATECO_2002_2007
   (ID_ATECO_02, COD_CATEGORIA_02, ID_ATECO_07, COD_CATEGORIA_07, DT_LOAD)
 Values
   (611, '52.63.4', 820, '47.82.0', TO_DATE('03/14/2008 12:25:57', 'MM/DD/YYYY HH24:MI:SS'));
Insert into TMP_RACCORDO_ATECO_2002_2007
   (ID_ATECO_02, COD_CATEGORIA_02, ID_ATECO_07, COD_CATEGORIA_07, DT_LOAD)
 Values
   (612, '52.63.5', 822, '47.89.0', TO_DATE('03/14/2008 12:25:57', 'MM/DD/YYYY HH24:MI:SS'));
Insert into TMP_RACCORDO_ATECO_2002_2007
   (ID_ATECO_02, COD_CATEGORIA_02, TIPO, ID_ATECO_07, COD_CATEGORIA_07, DT_LOAD)
 Values
   (613, '52.63.6', 'p', 815, '47.79.4', TO_DATE('03/14/2008 12:25:57', 'MM/DD/YYYY HH24:MI:SS'));
Insert into TMP_RACCORDO_ATECO_2002_2007
   (ID_ATECO_02, COD_CATEGORIA_02, TIPO, ID_ATECO_07, COD_CATEGORIA_07, DT_LOAD)
 Values
   (613, '52.63.6', 'p', 828, '47.91.1', TO_DATE('03/14/2008 12:25:57', 'MM/DD/YYYY HH24:MI:SS'));
Insert into TMP_RACCORDO_ATECO_2002_2007
   (ID_ATECO_02, COD_CATEGORIA_02, ID_ATECO_07, COD_CATEGORIA_07, DT_LOAD)
 Values
   (614, '52.71.0', 1199, '95.23.0', TO_DATE('03/14/2008 12:25:57', 'MM/DD/YYYY HH24:MI:SS'));
Insert into TMP_RACCORDO_ATECO_2002_2007
   (ID_ATECO_02, COD_CATEGORIA_02, TIPO, ID_ATECO_07, COD_CATEGORIA_07, DT_LOAD)
 Values
   (615, '52.72.0', 'p', 1196, '95.21.0', TO_DATE('03/14/2008 12:25:57', 'MM/DD/YYYY HH24:MI:SS'));
Insert into TMP_RACCORDO_ATECO_2002_2007
   (ID_ATECO_02, COD_CATEGORIA_02, TIPO, ID_ATECO_07, COD_CATEGORIA_07, DT_LOAD)
 Values
   (615, '52.72.0', 'p', 1197, '95.22.0', TO_DATE('03/14/2008 12:25:57', 'MM/DD/YYYY HH24:MI:SS'));
Insert into TMP_RACCORDO_ATECO_2002_2007
   (ID_ATECO_02, COD_CATEGORIA_02, ID_ATECO_07, COD_CATEGORIA_07, DT_LOAD)
 Values
   (616, '52.73.0', 1202, '95.25.0', TO_DATE('03/14/2008 12:25:57', 'MM/DD/YYYY HH24:MI:SS'));
Insert into TMP_RACCORDO_ATECO_2002_2007
   (ID_ATECO_02, COD_CATEGORIA_02, TIPO, ID_ATECO_07, COD_CATEGORIA_07, DT_LOAD)
 Values
   (617, '52.74.0', 'p', 1194, '95.12.0', TO_DATE('03/14/2008 12:25:57', 'MM/DD/YYYY HH24:MI:SS'));
Insert into TMP_RACCORDO_ATECO_2002_2007
   (ID_ATECO_02, COD_CATEGORIA_02, TIPO, ID_ATECO_07, COD_CATEGORIA_07, DT_LOAD)
 Values
   (617, '52.74.0', 'p', 1203, '95.29.0', TO_DATE('03/14/2008 12:25:57', 'MM/DD/YYYY HH24:MI:SS'));
Insert into TMP_RACCORDO_ATECO_2002_2007
   (ID_ATECO_02, COD_CATEGORIA_02, ID_ATECO_07, COD_CATEGORIA_07, DT_LOAD)
 Values
   (618, '55.10.0', 873, '55.10.0', TO_DATE('03/14/2008 12:25:57', 'MM/DD/YYYY HH24:MI:SS'));
Insert into TMP_RACCORDO_ATECO_2002_2007
   (ID_ATECO_02, COD_CATEGORIA_02, ID_ATECO_07, COD_CATEGORIA_07, DT_LOAD)
 Values
   (619, '55.21.1', 875, '55.20.2', TO_DATE('03/14/2008 12:25:57', 'MM/DD/YYYY HH24:MI:SS'));
Insert into TMP_RACCORDO_ATECO_2002_2007
   (ID_ATECO_02, COD_CATEGORIA_02, ID_ATECO_07, COD_CATEGORIA_07, DT_LOAD)
 Values
   (620, '55.21.2', 876, '55.20.3', TO_DATE('03/14/2008 12:25:57', 'MM/DD/YYYY HH24:MI:SS'));
Insert into TMP_RACCORDO_ATECO_2002_2007
   (ID_ATECO_02, COD_CATEGORIA_02, ID_ATECO_07, COD_CATEGORIA_07, DT_LOAD)
 Values
   (621, '55.22.0', 880, '55.30.0', TO_DATE('03/14/2008 12:25:57', 'MM/DD/YYYY HH24:MI:SS'));
Insert into TMP_RACCORDO_ATECO_2002_2007
   (ID_ATECO_02, COD_CATEGORIA_02, ID_ATECO_07, COD_CATEGORIA_07, DT_LOAD)
 Values
   (622, '55.23.1', 874, '55.20.1', TO_DATE('03/14/2008 12:25:57', 'MM/DD/YYYY HH24:MI:SS'));
Insert into TMP_RACCORDO_ATECO_2002_2007
   (ID_ATECO_02, COD_CATEGORIA_02, ID_ATECO_07, COD_CATEGORIA_07, DT_LOAD)
 Values
   (623, '55.23.2', 877, '55.20.4', TO_DATE('03/14/2008 12:25:57', 'MM/DD/YYYY HH24:MI:SS'));
Insert into TMP_RACCORDO_ATECO_2002_2007
   (ID_ATECO_02, COD_CATEGORIA_02, ID_ATECO_07, COD_CATEGORIA_07, DT_LOAD)
 Values
   (624, '55.23.3', 881, '55.90.1', TO_DATE('03/14/2008 12:25:57', 'MM/DD/YYYY HH24:MI:SS'));
Insert into TMP_RACCORDO_ATECO_2002_2007
   (ID_ATECO_02, COD_CATEGORIA_02, TIPO, ID_ATECO_07, COD_CATEGORIA_07, DT_LOAD)
 Values
   (625, '55.23.4', 'p', 878, '55.20.5', TO_DATE('03/14/2008 12:25:57', 'MM/DD/YYYY HH24:MI:SS'));
Insert into TMP_RACCORDO_ATECO_2002_2007
   (ID_ATECO_02, COD_CATEGORIA_02, TIPO, ID_ATECO_07, COD_CATEGORIA_07, DT_LOAD)
 Values
   (625, '55.23.4', 'p', 882, '55.90.2', TO_DATE('03/14/2008 12:25:57', 'MM/DD/YYYY HH24:MI:SS'));
Insert into TMP_RACCORDO_ATECO_2002_2007
   (ID_ATECO_02, COD_CATEGORIA_02, ID_ATECO_07, COD_CATEGORIA_07, DT_LOAD)
 Values
   (626, '55.23.5', 878, '55.20.5', TO_DATE('03/14/2008 12:25:57', 'MM/DD/YYYY HH24:MI:SS'));
Insert into TMP_RACCORDO_ATECO_2002_2007
   (ID_ATECO_02, COD_CATEGORIA_02, ID_ATECO_07, COD_CATEGORIA_07, DT_LOAD)
 Values
   (627, '55.23.6', 882, '55.90.2', TO_DATE('03/14/2008 12:25:57', 'MM/DD/YYYY HH24:MI:SS'));
Insert into TMP_RACCORDO_ATECO_2002_2007
   (ID_ATECO_02, COD_CATEGORIA_02, ID_ATECO_07, COD_CATEGORIA_07, DT_LOAD)
 Values
   (628, '55.30.1', 883, '56.10.1', TO_DATE('03/14/2008 12:25:57', 'MM/DD/YYYY HH24:MI:SS'));
Insert into TMP_RACCORDO_ATECO_2002_2007
   (ID_ATECO_02, COD_CATEGORIA_02, TIPO, ID_ATECO_07, COD_CATEGORIA_07, DT_LOAD)
 Values
   (629, '55.30.2', 'p', 885, '56.10.2', TO_DATE('03/14/2008 12:25:57', 'MM/DD/YYYY HH24:MI:SS'));
Insert into TMP_RACCORDO_ATECO_2002_2007
   (ID_ATECO_02, COD_CATEGORIA_02, TIPO, ID_ATECO_07, COD_CATEGORIA_07, DT_LOAD)
 Values
   (629, '55.30.2', 'p', 887, '56.10.4', TO_DATE('03/14/2008 12:25:57', 'MM/DD/YYYY HH24:MI:SS'));
Insert into TMP_RACCORDO_ATECO_2002_2007
   (ID_ATECO_02, COD_CATEGORIA_02, ID_ATECO_07, COD_CATEGORIA_07, DT_LOAD)
 Values
   (630, '55.30.3', 889, '56.10.5', TO_DATE('03/14/2008 12:25:57', 'MM/DD/YYYY HH24:MI:SS'));
Insert into TMP_RACCORDO_ATECO_2002_2007
   (ID_ATECO_02, COD_CATEGORIA_02, TIPO, ID_ATECO_07, COD_CATEGORIA_07, DT_LOAD)
 Values
   (631, '55.30.4', 'p', 886, '56.10.3', TO_DATE('03/14/2008 12:25:57', 'MM/DD/YYYY HH24:MI:SS'));
Insert into TMP_RACCORDO_ATECO_2002_2007
   (ID_ATECO_02, COD_CATEGORIA_02, TIPO, ID_ATECO_07, COD_CATEGORIA_07, DT_LOAD)
 Values
   (631, '55.30.4', 'p', 887, '56.10.4', TO_DATE('03/14/2008 12:25:57', 'MM/DD/YYYY HH24:MI:SS'));
Insert into TMP_RACCORDO_ATECO_2002_2007
   (ID_ATECO_02, COD_CATEGORIA_02, ID_ATECO_07, COD_CATEGORIA_07, DT_LOAD)
 Values
   (632, '55.40.0', 893, '56.30.0', TO_DATE('03/14/2008 12:25:57', 'MM/DD/YYYY HH24:MI:SS'));
Insert into TMP_RACCORDO_ATECO_2002_2007
   (ID_ATECO_02, COD_CATEGORIA_02, ID_ATECO_07, COD_CATEGORIA_07, DT_LOAD)
 Values
   (633, '55.51.0', 891, '56.29.1', TO_DATE('03/14/2008 12:25:57', 'MM/DD/YYYY HH24:MI:SS'));
Insert into TMP_RACCORDO_ATECO_2002_2007
   (ID_ATECO_02, COD_CATEGORIA_02, TIPO, ID_ATECO_07, COD_CATEGORIA_07, DT_LOAD)
 Values
   (634, '55.52.0', 'p', 890, '56.21.0', TO_DATE('03/14/2008 12:25:57', 'MM/DD/YYYY HH24:MI:SS'));
Insert into TMP_RACCORDO_ATECO_2002_2007
   (ID_ATECO_02, COD_CATEGORIA_02, TIPO, ID_ATECO_07, COD_CATEGORIA_07, DT_LOAD)
 Values
   (634, '55.52.0', 'p', 892, '56.29.2', TO_DATE('03/14/2008 12:25:57', 'MM/DD/YYYY HH24:MI:SS'));
Insert into TMP_RACCORDO_ATECO_2002_2007
   (ID_ATECO_02, COD_CATEGORIA_02, TIPO, ID_ATECO_07, COD_CATEGORIA_07, DT_LOAD)
 Values
   (635, '60.10.0', 'p', 833, '49.10.0', TO_DATE('03/14/2008 12:25:57', 'MM/DD/YYYY HH24:MI:SS'));
Insert into TMP_RACCORDO_ATECO_2002_2007
   (ID_ATECO_02, COD_CATEGORIA_02, TIPO, ID_ATECO_07, COD_CATEGORIA_07, DT_LOAD)
 Values
   (635, '60.10.0', 'p', 834, '49.20.0', TO_DATE('03/14/2008 12:25:57', 'MM/DD/YYYY HH24:MI:SS'));
Insert into TMP_RACCORDO_ATECO_2002_2007
   (ID_ATECO_02, COD_CATEGORIA_02, TIPO, ID_ATECO_07, COD_CATEGORIA_07, DT_LOAD)
 Values
   (636, '60.21.0', 'p', 835, '49.31.0', TO_DATE('03/14/2008 12:25:57', 'MM/DD/YYYY HH24:MI:SS'));
Insert into TMP_RACCORDO_ATECO_2002_2007
   (ID_ATECO_02, COD_CATEGORIA_02, TIPO, ID_ATECO_07, COD_CATEGORIA_07, DT_LOAD)
 Values
   (636, '60.21.0', 'p', 838, '49.39.0', TO_DATE('03/14/2008 12:25:57', 'MM/DD/YYYY HH24:MI:SS'));
Insert into TMP_RACCORDO_ATECO_2002_2007
   (ID_ATECO_02, COD_CATEGORIA_02, ID_ATECO_07, COD_CATEGORIA_07, DT_LOAD)
 Values
   (637, '60.22.1', 836, '49.32.1', TO_DATE('03/14/2008 12:25:57', 'MM/DD/YYYY HH24:MI:SS'));
Insert into TMP_RACCORDO_ATECO_2002_2007
   (ID_ATECO_02, COD_CATEGORIA_02, ID_ATECO_07, COD_CATEGORIA_07, DT_LOAD)
 Values
   (638, '60.22.2', 837, '49.32.2', TO_DATE('03/14/2008 12:25:57', 'MM/DD/YYYY HH24:MI:SS'));
Insert into TMP_RACCORDO_ATECO_2002_2007
   (ID_ATECO_02, COD_CATEGORIA_02, ID_ATECO_07, COD_CATEGORIA_07, DT_LOAD)
 Values
   (639, '60.23.0', 838, '49.39.0', TO_DATE('03/14/2008 12:25:57', 'MM/DD/YYYY HH24:MI:SS'));
Insert into TMP_RACCORDO_ATECO_2002_2007
   (ID_ATECO_02, COD_CATEGORIA_02, TIPO, ID_ATECO_07, COD_CATEGORIA_07, DT_LOAD)
 Values
   (640, '60.24.0', 'p', 840, '49.41.0', TO_DATE('03/14/2008 12:25:57', 'MM/DD/YYYY HH24:MI:SS'));
Insert into TMP_RACCORDO_ATECO_2002_2007
   (ID_ATECO_02, COD_CATEGORIA_02, TIPO, ID_ATECO_07, COD_CATEGORIA_07, DT_LOAD)
 Values
   (640, '60.24.0', 'p', 841, '49.42.0', TO_DATE('03/14/2008 12:25:57', 'MM/DD/YYYY HH24:MI:SS'));
Insert into TMP_RACCORDO_ATECO_2002_2007
   (ID_ATECO_02, COD_CATEGORIA_02, ID_ATECO_07, COD_CATEGORIA_07, DT_LOAD)
 Values
   (641, '60.30.1', 842, '49.50.1', TO_DATE('03/14/2008 12:25:57', 'MM/DD/YYYY HH24:MI:SS'));
Insert into TMP_RACCORDO_ATECO_2002_2007
   (ID_ATECO_02, COD_CATEGORIA_02, TIPO, ID_ATECO_07, COD_CATEGORIA_07, DT_LOAD)
 Values
   (642, '60.30.2', 'p', 842, '49.50.1', TO_DATE('03/14/2008 12:25:57', 'MM/DD/YYYY HH24:MI:SS'));
Insert into TMP_RACCORDO_ATECO_2002_2007
   (ID_ATECO_02, COD_CATEGORIA_02, TIPO, ID_ATECO_07, COD_CATEGORIA_07, DT_LOAD)
 Values
   (642, '60.30.2', 'p', 843, '49.50.2', TO_DATE('03/14/2008 12:25:57', 'MM/DD/YYYY HH24:MI:SS'));
Insert into TMP_RACCORDO_ATECO_2002_2007
   (ID_ATECO_02, COD_CATEGORIA_02, TIPO, ID_ATECO_07, COD_CATEGORIA_07, DT_LOAD)
 Values
   (643, '61.10.0', 'p', 844, '50.10.0', TO_DATE('03/14/2008 12:25:57', 'MM/DD/YYYY HH24:MI:SS'));
Insert into TMP_RACCORDO_ATECO_2002_2007
   (ID_ATECO_02, COD_CATEGORIA_02, TIPO, ID_ATECO_07, COD_CATEGORIA_07, DT_LOAD)
 Values
   (643, '61.10.0', 'p', 845, '50.20.0', TO_DATE('03/14/2008 12:25:57', 'MM/DD/YYYY HH24:MI:SS'));
Insert into TMP_RACCORDO_ATECO_2002_2007
   (ID_ATECO_02, COD_CATEGORIA_02, TIPO, ID_ATECO_07, COD_CATEGORIA_07, DT_LOAD)
 Values
   (643, '61.10.0', 'p', 861, '52.22.0', TO_DATE('03/14/2008 12:25:57', 'MM/DD/YYYY HH24:MI:SS'));
Insert into TMP_RACCORDO_ATECO_2002_2007
   (ID_ATECO_02, COD_CATEGORIA_02, TIPO, ID_ATECO_07, COD_CATEGORIA_07, DT_LOAD)
 Values
   (644, '61.20.0', 'p', 846, '50.30.0', TO_DATE('03/14/2008 12:25:57', 'MM/DD/YYYY HH24:MI:SS'));
Insert into TMP_RACCORDO_ATECO_2002_2007
   (ID_ATECO_02, COD_CATEGORIA_02, TIPO, ID_ATECO_07, COD_CATEGORIA_07, DT_LOAD)
 Values
   (644, '61.20.0', 'p', 847, '50.40.0', TO_DATE('03/14/2008 12:25:57', 'MM/DD/YYYY HH24:MI:SS'));
Insert into TMP_RACCORDO_ATECO_2002_2007
   (ID_ATECO_02, COD_CATEGORIA_02, TIPO, ID_ATECO_07, COD_CATEGORIA_07, DT_LOAD)
 Values
   (645, '62.10.0', 'p', 848, '51.10.1', TO_DATE('03/14/2008 12:25:57', 'MM/DD/YYYY HH24:MI:SS'));
Insert into TMP_RACCORDO_ATECO_2002_2007
   (ID_ATECO_02, COD_CATEGORIA_02, TIPO, ID_ATECO_07, COD_CATEGORIA_07, DT_LOAD)
 Values
   (645, '62.10.0', 'p', 849, '51.10.2', TO_DATE('03/14/2008 12:25:57', 'MM/DD/YYYY HH24:MI:SS'));
Insert into TMP_RACCORDO_ATECO_2002_2007
   (ID_ATECO_02, COD_CATEGORIA_02, TIPO, ID_ATECO_07, COD_CATEGORIA_07, DT_LOAD)
 Values
   (645, '62.10.0', 'p', 850, '51.21.0', TO_DATE('03/14/2008 12:25:57', 'MM/DD/YYYY HH24:MI:SS'));
Insert into TMP_RACCORDO_ATECO_2002_2007
   (ID_ATECO_02, COD_CATEGORIA_02, TIPO, ID_ATECO_07, COD_CATEGORIA_07, DT_LOAD)
 Values
   (646, '62.20.0', 'p', 849, '51.10.2', TO_DATE('03/14/2008 12:25:57', 'MM/DD/YYYY HH24:MI:SS'));
Insert into TMP_RACCORDO_ATECO_2002_2007
   (ID_ATECO_02, COD_CATEGORIA_02, TIPO, ID_ATECO_07, COD_CATEGORIA_07, DT_LOAD)
 Values
   (646, '62.20.0', 'p', 850, '51.21.0', TO_DATE('03/14/2008 12:25:57', 'MM/DD/YYYY HH24:MI:SS'));
Insert into TMP_RACCORDO_ATECO_2002_2007
   (ID_ATECO_02, COD_CATEGORIA_02, ID_ATECO_07, COD_CATEGORIA_07, DT_LOAD)
 Values
   (647, '62.30.0', 851, '51.22.0', TO_DATE('03/14/2008 12:25:57', 'MM/DD/YYYY HH24:MI:SS'));
Insert into TMP_RACCORDO_ATECO_2002_2007
   (ID_ATECO_02, COD_CATEGORIA_02, ID_ATECO_07, COD_CATEGORIA_07, DT_LOAD)
 Values
   (648, '63.11.1', 864, '52.24.1', TO_DATE('03/14/2008 12:25:57', 'MM/DD/YYYY HH24:MI:SS'));
Insert into TMP_RACCORDO_ATECO_2002_2007
   (ID_ATECO_02, COD_CATEGORIA_02, ID_ATECO_07, COD_CATEGORIA_07, DT_LOAD)
 Values
   (649, '63.11.2', 865, '52.24.2', TO_DATE('03/14/2008 12:25:57', 'MM/DD/YYYY HH24:MI:SS'));
Insert into TMP_RACCORDO_ATECO_2002_2007
   (ID_ATECO_02, COD_CATEGORIA_02, ID_ATECO_07, COD_CATEGORIA_07, DT_LOAD)
 Values
   (650, '63.11.3', 866, '52.24.3', TO_DATE('03/14/2008 12:25:57', 'MM/DD/YYYY HH24:MI:SS'));
Insert into TMP_RACCORDO_ATECO_2002_2007
   (ID_ATECO_02, COD_CATEGORIA_02, ID_ATECO_07, COD_CATEGORIA_07, DT_LOAD)
 Values
   (651, '63.11.4', 867, '52.24.4', TO_DATE('03/14/2008 12:25:57', 'MM/DD/YYYY HH24:MI:SS'));
Insert into TMP_RACCORDO_ATECO_2002_2007
   (ID_ATECO_02, COD_CATEGORIA_02, ID_ATECO_07, COD_CATEGORIA_07, DT_LOAD)
 Values
   (652, '63.12.1', 852, '52.10.1', TO_DATE('03/14/2008 12:25:57', 'MM/DD/YYYY HH24:MI:SS'));
Insert into TMP_RACCORDO_ATECO_2002_2007
   (ID_ATECO_02, COD_CATEGORIA_02, ID_ATECO_07, COD_CATEGORIA_07, DT_LOAD)
 Values
   (653, '63.12.2', 853, '52.10.2', TO_DATE('03/14/2008 12:25:57', 'MM/DD/YYYY HH24:MI:SS'));
Insert into TMP_RACCORDO_ATECO_2002_2007
   (ID_ATECO_02, COD_CATEGORIA_02, ID_ATECO_07, COD_CATEGORIA_07, DT_LOAD)
 Values
   (654, '63.21.1', 854, '52.21.1', TO_DATE('03/14/2008 12:25:57', 'MM/DD/YYYY HH24:MI:SS'));
Insert into TMP_RACCORDO_ATECO_2002_2007
   (ID_ATECO_02, COD_CATEGORIA_02, ID_ATECO_07, COD_CATEGORIA_07, DT_LOAD)
 Values
   (655, '63.21.2', 855, '52.21.2', TO_DATE('03/14/2008 12:25:57', 'MM/DD/YYYY HH24:MI:SS'));
Insert into TMP_RACCORDO_ATECO_2002_2007
   (ID_ATECO_02, COD_CATEGORIA_02, ID_ATECO_07, COD_CATEGORIA_07, DT_LOAD)
 Values
   (656, '63.21.3', 856, '52.21.3', TO_DATE('03/14/2008 12:25:57', 'MM/DD/YYYY HH24:MI:SS'));
Insert into TMP_RACCORDO_ATECO_2002_2007
   (ID_ATECO_02, COD_CATEGORIA_02, ID_ATECO_07, COD_CATEGORIA_07, DT_LOAD)
 Values
   (657, '63.21.4', 857, '52.21.4', TO_DATE('03/14/2008 12:25:57', 'MM/DD/YYYY HH24:MI:SS'));
Insert into TMP_RACCORDO_ATECO_2002_2007
   (ID_ATECO_02, COD_CATEGORIA_02, ID_ATECO_07, COD_CATEGORIA_07, DT_LOAD)
 Values
   (658, '63.21.5', 858, '52.21.5', TO_DATE('03/14/2008 12:25:57', 'MM/DD/YYYY HH24:MI:SS'));
Insert into TMP_RACCORDO_ATECO_2002_2007
   (ID_ATECO_02, COD_CATEGORIA_02, ID_ATECO_07, COD_CATEGORIA_07, DT_LOAD)
 Values
   (659, '63.21.6', 860, '52.21.9', TO_DATE('03/14/2008 12:25:57', 'MM/DD/YYYY HH24:MI:SS'));
Insert into TMP_RACCORDO_ATECO_2002_2007
   (ID_ATECO_02, COD_CATEGORIA_02, TIPO, ID_ATECO_07, COD_CATEGORIA_07, DT_LOAD)
 Values
   (660, '63.22.0', 'p', 861, '52.22.0', TO_DATE('03/14/2008 12:25:57', 'MM/DD/YYYY HH24:MI:SS'));
Insert into TMP_RACCORDO_ATECO_2002_2007
   (ID_ATECO_02, COD_CATEGORIA_02, TIPO, ID_ATECO_07, COD_CATEGORIA_07, DT_LOAD)
 Values
   (660, '63.22.0', 'p', 1105, '85.32.0', TO_DATE('03/14/2008 12:25:57', 'MM/DD/YYYY HH24:MI:SS'));
Insert into TMP_RACCORDO_ATECO_2002_2007
   (ID_ATECO_02, COD_CATEGORIA_02, TIPO, ID_ATECO_07, COD_CATEGORIA_07, DT_LOAD)
 Values
   (661, '63.23.0', 'p', 863, '52.23.0', TO_DATE('03/14/2008 12:25:57', 'MM/DD/YYYY HH24:MI:SS'));
Insert into TMP_RACCORDO_ATECO_2002_2007
   (ID_ATECO_02, COD_CATEGORIA_02, TIPO, ID_ATECO_07, COD_CATEGORIA_07, DT_LOAD)
 Values
   (661, '63.23.0', 'p', 1105, '85.32.0', TO_DATE('03/14/2008 12:25:57', 'MM/DD/YYYY HH24:MI:SS'));
Insert into TMP_RACCORDO_ATECO_2002_2007
   (ID_ATECO_02, COD_CATEGORIA_02, TIPO, ID_ATECO_07, COD_CATEGORIA_07, DT_LOAD)
 Values
   (662, '63.30.1', 'p', 1047, '79.11.0', TO_DATE('03/14/2008 12:25:57', 'MM/DD/YYYY HH24:MI:SS'));
Insert into TMP_RACCORDO_ATECO_2002_2007
   (ID_ATECO_02, COD_CATEGORIA_02, TIPO, ID_ATECO_07, COD_CATEGORIA_07, DT_LOAD)
 Values
   (662, '63.30.1', 'p', 1048, '79.12.0', TO_DATE('03/14/2008 12:25:57', 'MM/DD/YYYY HH24:MI:SS'));
Insert into TMP_RACCORDO_ATECO_2002_2007
   (ID_ATECO_02, COD_CATEGORIA_02, TIPO, ID_ATECO_07, COD_CATEGORIA_07, DT_LOAD)
 Values
   (662, '63.30.1', 'p', 1049, '79.90.1', TO_DATE('03/14/2008 12:25:57', 'MM/DD/YYYY HH24:MI:SS'));
Insert into TMP_RACCORDO_ATECO_2002_2007
   (ID_ATECO_02, COD_CATEGORIA_02, TIPO, ID_ATECO_07, COD_CATEGORIA_07, DT_LOAD)
 Values
   (663, '63.30.2', 'p', 1051, '79.90.2', TO_DATE('03/14/2008 12:25:57', 'MM/DD/YYYY HH24:MI:SS'));
Insert into TMP_RACCORDO_ATECO_2002_2007
   (ID_ATECO_02, COD_CATEGORIA_02, TIPO, ID_ATECO_07, COD_CATEGORIA_07, DT_LOAD)
 Values
   (663, '63.30.2', 'p', 1172, '93.19.9', TO_DATE('03/14/2008 12:25:57', 'MM/DD/YYYY HH24:MI:SS'));
Insert into TMP_RACCORDO_ATECO_2002_2007
   (ID_ATECO_02, COD_CATEGORIA_02, ID_ATECO_07, COD_CATEGORIA_07, DT_LOAD)
 Values
   (664, '63.40.1', 868, '52.29.1', TO_DATE('03/14/2008 12:25:57', 'MM/DD/YYYY HH24:MI:SS'));
Insert into TMP_RACCORDO_ATECO_2002_2007
   (ID_ATECO_02, COD_CATEGORIA_02, ID_ATECO_07, COD_CATEGORIA_07, DT_LOAD)
 Values
   (665, '63.40.2', 869, '52.29.2', TO_DATE('03/14/2008 12:25:57', 'MM/DD/YYYY HH24:MI:SS'));
Insert into TMP_RACCORDO_ATECO_2002_2007
   (ID_ATECO_02, COD_CATEGORIA_02, ID_ATECO_07, COD_CATEGORIA_07, DT_LOAD)
 Values
   (666, '64.11.0', 871, '53.10.0', TO_DATE('03/14/2008 12:25:57', 'MM/DD/YYYY HH24:MI:SS'));
Insert into TMP_RACCORDO_ATECO_2002_2007
   (ID_ATECO_02, COD_CATEGORIA_02, ID_ATECO_07, COD_CATEGORIA_07, DT_LOAD)
 Values
   (667, '64.12.0', 872, '53.20.0', TO_DATE('03/14/2008 12:25:57', 'MM/DD/YYYY HH24:MI:SS'));
Insert into TMP_RACCORDO_ATECO_2002_2007
   (ID_ATECO_02, COD_CATEGORIA_02, ID_ATECO_07, COD_CATEGORIA_07, DT_LOAD)
 Values
   (668, '64.20.1', 911, '61.10.0', TO_DATE('03/14/2008 12:25:57', 'MM/DD/YYYY HH24:MI:SS'));
Insert into TMP_RACCORDO_ATECO_2002_2007
   (ID_ATECO_02, COD_CATEGORIA_02, ID_ATECO_07, COD_CATEGORIA_07, DT_LOAD)
 Values
   (669, '64.20.2', 912, '61.20.0', TO_DATE('03/14/2008 12:25:57', 'MM/DD/YYYY HH24:MI:SS'));
Insert into TMP_RACCORDO_ATECO_2002_2007
   (ID_ATECO_02, COD_CATEGORIA_02, TIPO, ID_ATECO_07, COD_CATEGORIA_07, DT_LOAD)
 Values
   (670, '64.20.3', 'p', 911, '61.10.0', TO_DATE('03/14/2008 12:25:57', 'MM/DD/YYYY HH24:MI:SS'));
Insert into TMP_RACCORDO_ATECO_2002_2007
   (ID_ATECO_02, COD_CATEGORIA_02, TIPO, ID_ATECO_07, COD_CATEGORIA_07, DT_LOAD)
 Values
   (670, '64.20.3', 'p', 912, '61.20.0', TO_DATE('03/14/2008 12:25:57', 'MM/DD/YYYY HH24:MI:SS'));
Insert into TMP_RACCORDO_ATECO_2002_2007
   (ID_ATECO_02, COD_CATEGORIA_02, TIPO, ID_ATECO_07, COD_CATEGORIA_07, DT_LOAD)
 Values
   (670, '64.20.3', 'p', 913, '61.30.0', TO_DATE('03/14/2008 12:25:57', 'MM/DD/YYYY HH24:MI:SS'));
Insert into TMP_RACCORDO_ATECO_2002_2007
   (ID_ATECO_02, COD_CATEGORIA_02, TIPO, ID_ATECO_07, COD_CATEGORIA_07, DT_LOAD)
 Values
   (671, '64.20.4', 'p', 911, '61.10.0', TO_DATE('03/14/2008 12:25:57', 'MM/DD/YYYY HH24:MI:SS'));
Insert into TMP_RACCORDO_ATECO_2002_2007
   (ID_ATECO_02, COD_CATEGORIA_02, TIPO, ID_ATECO_07, COD_CATEGORIA_07, DT_LOAD)
 Values
   (671, '64.20.4', 'p', 912, '61.20.0', TO_DATE('03/14/2008 12:25:57', 'MM/DD/YYYY HH24:MI:SS'));
Insert into TMP_RACCORDO_ATECO_2002_2007
   (ID_ATECO_02, COD_CATEGORIA_02, TIPO, ID_ATECO_07, COD_CATEGORIA_07, DT_LOAD)
 Values
   (671, '64.20.4', 'p', 913, '61.30.0', TO_DATE('03/14/2008 12:25:57', 'MM/DD/YYYY HH24:MI:SS'));
Insert into TMP_RACCORDO_ATECO_2002_2007
   (ID_ATECO_02, COD_CATEGORIA_02, TIPO, ID_ATECO_07, COD_CATEGORIA_07, DT_LOAD)
 Values
   (672, '64.20.5', 'p', 911, '61.10.0', TO_DATE('03/14/2008 12:25:57', 'MM/DD/YYYY HH24:MI:SS'));
Insert into TMP_RACCORDO_ATECO_2002_2007
   (ID_ATECO_02, COD_CATEGORIA_02, TIPO, ID_ATECO_07, COD_CATEGORIA_07, DT_LOAD)
 Values
   (672, '64.20.5', 'p', 912, '61.20.0', TO_DATE('03/14/2008 12:25:57', 'MM/DD/YYYY HH24:MI:SS'));
Insert into TMP_RACCORDO_ATECO_2002_2007
   (ID_ATECO_02, COD_CATEGORIA_02, TIPO, ID_ATECO_07, COD_CATEGORIA_07, DT_LOAD)
 Values
   (672, '64.20.5', 'p', 913, '61.30.0', TO_DATE('03/14/2008 12:25:57', 'MM/DD/YYYY HH24:MI:SS'));
Insert into TMP_RACCORDO_ATECO_2002_2007
   (ID_ATECO_02, COD_CATEGORIA_02, TIPO, ID_ATECO_07, COD_CATEGORIA_07, DT_LOAD)
 Values
   (672, '64.20.5', 'p', 914, '61.90.1', TO_DATE('03/14/2008 12:25:57', 'MM/DD/YYYY HH24:MI:SS'));
Insert into TMP_RACCORDO_ATECO_2002_2007
   (ID_ATECO_02, COD_CATEGORIA_02, TIPO, ID_ATECO_07, COD_CATEGORIA_07, DT_LOAD)
 Values
   (673, '64.20.6', 'p', 915, '61.90.2', TO_DATE('03/14/2008 12:25:57', 'MM/DD/YYYY HH24:MI:SS'));
Insert into TMP_RACCORDO_ATECO_2002_2007
   (ID_ATECO_02, COD_CATEGORIA_02, TIPO, ID_ATECO_07, COD_CATEGORIA_07, DT_LOAD)
 Values
   (673, '64.20.6', 'p', 916, '61.90.9', TO_DATE('03/14/2008 12:25:57', 'MM/DD/YYYY HH24:MI:SS'));
Insert into TMP_RACCORDO_ATECO_2002_2007
   (ID_ATECO_02, COD_CATEGORIA_02, ID_ATECO_07, COD_CATEGORIA_07, DT_LOAD)
 Values
   (674, '65.11.0', 930, '64.11.0', TO_DATE('03/14/2008 12:25:57', 'MM/DD/YYYY HH24:MI:SS'));
Insert into TMP_RACCORDO_ATECO_2002_2007
   (ID_ATECO_02, COD_CATEGORIA_02, ID_ATECO_07, COD_CATEGORIA_07, DT_LOAD)
 Values
   (675, '65.12.1', 931, '64.19.1', TO_DATE('03/14/2008 12:25:57', 'MM/DD/YYYY HH24:MI:SS'));
Insert into TMP_RACCORDO_ATECO_2002_2007
   (ID_ATECO_02, COD_CATEGORIA_02, ID_ATECO_07, COD_CATEGORIA_07, DT_LOAD)
 Values
   (676, '65.12.2', 932, '64.19.2', TO_DATE('03/14/2008 12:25:57', 'MM/DD/YYYY HH24:MI:SS'));
Insert into TMP_RACCORDO_ATECO_2002_2007
   (ID_ATECO_02, COD_CATEGORIA_02, ID_ATECO_07, COD_CATEGORIA_07, DT_LOAD)
 Values
   (677, '65.12.3', 933, '64.19.3', TO_DATE('03/14/2008 12:25:57', 'MM/DD/YYYY HH24:MI:SS'));
Insert into TMP_RACCORDO_ATECO_2002_2007
   (ID_ATECO_02, COD_CATEGORIA_02, ID_ATECO_07, COD_CATEGORIA_07, DT_LOAD)
 Values
   (678, '65.21.0', 938, '64.91.0', TO_DATE('03/14/2008 12:25:57', 'MM/DD/YYYY HH24:MI:SS'));
Insert into TMP_RACCORDO_ATECO_2002_2007
   (ID_ATECO_02, COD_CATEGORIA_02, ID_ATECO_07, COD_CATEGORIA_07, DT_LOAD)
 Values
   (679, '65.22.1', 939, '64.92.0', TO_DATE('03/14/2008 12:25:57', 'MM/DD/YYYY HH24:MI:SS'));
Insert into TMP_RACCORDO_ATECO_2002_2007
   (ID_ATECO_02, COD_CATEGORIA_02, ID_ATECO_07, COD_CATEGORIA_07, DT_LOAD)
 Values
   (680, '65.22.2', 942, '64.99.2', TO_DATE('03/14/2008 12:25:57', 'MM/DD/YYYY HH24:MI:SS'));
Insert into TMP_RACCORDO_ATECO_2002_2007
   (ID_ATECO_02, COD_CATEGORIA_02, TIPO, ID_ATECO_07, COD_CATEGORIA_07, DT_LOAD)
 Values
   (681, '65.22.3', 'p', 934, '64.19.4', TO_DATE('03/14/2008 12:25:57', 'MM/DD/YYYY HH24:MI:SS'));
Insert into TMP_RACCORDO_ATECO_2002_2007
   (ID_ATECO_02, COD_CATEGORIA_02, TIPO, ID_ATECO_07, COD_CATEGORIA_07, DT_LOAD)
 Values
   (681, '65.22.3', 'p', 939, '64.92.0', TO_DATE('03/14/2008 12:25:57', 'MM/DD/YYYY HH24:MI:SS'));
Insert into TMP_RACCORDO_ATECO_2002_2007
   (ID_ATECO_02, COD_CATEGORIA_02, ID_ATECO_07, COD_CATEGORIA_07, DT_LOAD)
 Values
   (682, '65.23.1', 941, '64.99.1', TO_DATE('03/14/2008 12:25:57', 'MM/DD/YYYY HH24:MI:SS'));
Insert into TMP_RACCORDO_ATECO_2002_2007
   (ID_ATECO_02, COD_CATEGORIA_02, TIPO, ID_ATECO_07, COD_CATEGORIA_07, DT_LOAD)
 Values
   (683, '65.23.2', 'p', 936, '64.30.1', TO_DATE('03/14/2008 12:25:57', 'MM/DD/YYYY HH24:MI:SS'));
Insert into TMP_RACCORDO_ATECO_2002_2007
   (ID_ATECO_02, COD_CATEGORIA_02, TIPO, ID_ATECO_07, COD_CATEGORIA_07, DT_LOAD)
 Values
   (683, '65.23.2', 'p', 937, '64.30.2', TO_DATE('03/14/2008 12:25:57', 'MM/DD/YYYY HH24:MI:SS'));
Insert into TMP_RACCORDO_ATECO_2002_2007
   (ID_ATECO_02, COD_CATEGORIA_02, ID_ATECO_07, COD_CATEGORIA_07, DT_LOAD)
 Values
   (684, '65.23.3', 935, '64.20.0', TO_DATE('03/14/2008 12:25:57', 'MM/DD/YYYY HH24:MI:SS'));
Insert into TMP_RACCORDO_ATECO_2002_2007
   (ID_ATECO_02, COD_CATEGORIA_02, ID_ATECO_07, COD_CATEGORIA_07, DT_LOAD)
 Values
   (685, '65.23.4', 943, '64.99.3', TO_DATE('03/14/2008 12:25:57', 'MM/DD/YYYY HH24:MI:SS'));
Insert into TMP_RACCORDO_ATECO_2002_2007
   (ID_ATECO_02, COD_CATEGORIA_02, ID_ATECO_07, COD_CATEGORIA_07, DT_LOAD)
 Values
   (686, '65.23.5', 945, '64.99.5', TO_DATE('03/14/2008 12:25:57', 'MM/DD/YYYY HH24:MI:SS'));
Insert into TMP_RACCORDO_ATECO_2002_2007
   (ID_ATECO_02, COD_CATEGORIA_02, TIPO, ID_ATECO_07, COD_CATEGORIA_07, DT_LOAD)
 Values
   (687, '65.23.6', 'p', 944, '64.99.4', TO_DATE('03/14/2008 12:25:57', 'MM/DD/YYYY HH24:MI:SS'));
Insert into TMP_RACCORDO_ATECO_2002_2007
   (ID_ATECO_02, COD_CATEGORIA_02, TIPO, ID_ATECO_07, COD_CATEGORIA_07, DT_LOAD)
 Values
   (687, '65.23.6', 'p', 946, '64.99.6', TO_DATE('03/14/2008 12:25:57', 'MM/DD/YYYY HH24:MI:SS'));
Insert into TMP_RACCORDO_ATECO_2002_2007
   (ID_ATECO_02, COD_CATEGORIA_02, TIPO, ID_ATECO_07, COD_CATEGORIA_07, DT_LOAD)
 Values
   (688, '66.01.0', 'p', 947, '65.11.0', TO_DATE('03/14/2008 12:25:57', 'MM/DD/YYYY HH24:MI:SS'));
Insert into TMP_RACCORDO_ATECO_2002_2007
   (ID_ATECO_02, COD_CATEGORIA_02, TIPO, ID_ATECO_07, COD_CATEGORIA_07, DT_LOAD)
 Values
   (688, '66.01.0', 'p', 949, '65.20.0', TO_DATE('03/14/2008 12:25:57', 'MM/DD/YYYY HH24:MI:SS'));
Insert into TMP_RACCORDO_ATECO_2002_2007
   (ID_ATECO_02, COD_CATEGORIA_02, TIPO, ID_ATECO_07, COD_CATEGORIA_07, DT_LOAD)
 Values
   (689, '66.02.0', 'p', 947, '65.11.0', TO_DATE('03/14/2008 12:25:57', 'MM/DD/YYYY HH24:MI:SS'));
Insert into TMP_RACCORDO_ATECO_2002_2007
   (ID_ATECO_02, COD_CATEGORIA_02, TIPO, ID_ATECO_07, COD_CATEGORIA_07, DT_LOAD)
 Values
   (689, '66.02.0', 'p', 950, '65.30.1', TO_DATE('03/14/2008 12:25:57', 'MM/DD/YYYY HH24:MI:SS'));
Insert into TMP_RACCORDO_ATECO_2002_2007
   (ID_ATECO_02, COD_CATEGORIA_02, TIPO, ID_ATECO_07, COD_CATEGORIA_07, DT_LOAD)
 Values
   (689, '66.02.0', 'p', 951, '65.30.2', TO_DATE('03/14/2008 12:25:57', 'MM/DD/YYYY HH24:MI:SS'));
Insert into TMP_RACCORDO_ATECO_2002_2007
   (ID_ATECO_02, COD_CATEGORIA_02, TIPO, ID_ATECO_07, COD_CATEGORIA_07, DT_LOAD)
 Values
   (689, '66.02.0', 'p', 952, '65.30.3', TO_DATE('03/14/2008 12:25:57', 'MM/DD/YYYY HH24:MI:SS'));
Insert into TMP_RACCORDO_ATECO_2002_2007
   (ID_ATECO_02, COD_CATEGORIA_02, TIPO, ID_ATECO_07, COD_CATEGORIA_07, DT_LOAD)
 Values
   (690, '66.03.0', 'p', 948, '65.12.0', TO_DATE('03/14/2008 12:25:57', 'MM/DD/YYYY HH24:MI:SS'));
Insert into TMP_RACCORDO_ATECO_2002_2007
   (ID_ATECO_02, COD_CATEGORIA_02, TIPO, ID_ATECO_07, COD_CATEGORIA_07, DT_LOAD)
 Values
   (690, '66.03.0', 'p', 949, '65.20.0', TO_DATE('03/14/2008 12:25:57', 'MM/DD/YYYY HH24:MI:SS'));
Insert into TMP_RACCORDO_ATECO_2002_2007
   (ID_ATECO_02, COD_CATEGORIA_02, ID_ATECO_07, COD_CATEGORIA_07, DT_LOAD)
 Values
   (691, '67.11.1', 953, '66.11.0', TO_DATE('03/14/2008 12:25:57', 'MM/DD/YYYY HH24:MI:SS'));
Insert into TMP_RACCORDO_ATECO_2002_2007
   (ID_ATECO_02, COD_CATEGORIA_02, ID_ATECO_07, COD_CATEGORIA_07, DT_LOAD)
 Values
   (692, '67.11.2', 953, '66.11.0', TO_DATE('03/14/2008 12:25:57', 'MM/DD/YYYY HH24:MI:SS'));
Insert into TMP_RACCORDO_ATECO_2002_2007
   (ID_ATECO_02, COD_CATEGORIA_02, TIPO, ID_ATECO_07, COD_CATEGORIA_07, DT_LOAD)
 Values
   (693, '67.12.0', 'p', 954, '66.12.0', TO_DATE('03/14/2008 12:25:57', 'MM/DD/YYYY HH24:MI:SS'));
Insert into TMP_RACCORDO_ATECO_2002_2007
   (ID_ATECO_02, COD_CATEGORIA_02, TIPO, ID_ATECO_07, COD_CATEGORIA_07, DT_LOAD)
 Values
   (693, '67.12.0', 'p', 968, '66.30.0', TO_DATE('03/14/2008 12:25:57', 'MM/DD/YYYY HH24:MI:SS'));
Insert into TMP_RACCORDO_ATECO_2002_2007
   (ID_ATECO_02, COD_CATEGORIA_02, ID_ATECO_07, COD_CATEGORIA_07, DT_LOAD)
 Values
   (694, '67.13.1', 954, '66.12.0', TO_DATE('03/14/2008 12:25:57', 'MM/DD/YYYY HH24:MI:SS'));
Insert into TMP_RACCORDO_ATECO_2002_2007
   (ID_ATECO_02, COD_CATEGORIA_02, ID_ATECO_07, COD_CATEGORIA_07, DT_LOAD)
 Values
   (695, '67.13.2', 956, '66.19.2', TO_DATE('03/14/2008 12:25:57', 'MM/DD/YYYY HH24:MI:SS'));
Insert into TMP_RACCORDO_ATECO_2002_2007
   (ID_ATECO_02, COD_CATEGORIA_02, TIPO, ID_ATECO_07, COD_CATEGORIA_07, DT_LOAD)
 Values
   (696, '67.13.3', 'p', 939, '64.92.0', TO_DATE('03/14/2008 12:25:57', 'MM/DD/YYYY HH24:MI:SS'));
Insert into TMP_RACCORDO_ATECO_2002_2007
   (ID_ATECO_02, COD_CATEGORIA_02, TIPO, ID_ATECO_07, COD_CATEGORIA_07, DT_LOAD)
 Values
   (696, '67.13.3', 'p', 956, '66.19.2', TO_DATE('03/14/2008 12:25:57', 'MM/DD/YYYY HH24:MI:SS'));
Insert into TMP_RACCORDO_ATECO_2002_2007
   (ID_ATECO_02, COD_CATEGORIA_02, TIPO, ID_ATECO_07, COD_CATEGORIA_07, DT_LOAD)
 Values
   (696, '67.13.3', 'p', 959, '66.19.4', TO_DATE('03/14/2008 12:25:57', 'MM/DD/YYYY HH24:MI:SS'));
Insert into TMP_RACCORDO_ATECO_2002_2007
   (COD_CATEGORIA_02, ID_ATECO_07, COD_CATEGORIA_07, DT_LOAD)
 Values
   ('NULL', 955, '66.19.1', TO_DATE('03/14/2008 12:25:57', 'MM/DD/YYYY HH24:MI:SS'));
Insert into TMP_RACCORDO_ATECO_2002_2007
   (COD_CATEGORIA_02, ID_ATECO_07, COD_CATEGORIA_07, DT_LOAD)
 Values
   ('NULL', 958, '66.19.3', TO_DATE('03/14/2008 12:25:57', 'MM/DD/YYYY HH24:MI:SS'));
Insert into TMP_RACCORDO_ATECO_2002_2007
   (COD_CATEGORIA_02, ID_ATECO_07, COD_CATEGORIA_07, DT_LOAD)
 Values
   ('NULL', 960, '66.19.5', TO_DATE('03/14/2008 12:25:57', 'MM/DD/YYYY HH24:MI:SS'));
Insert into TMP_RACCORDO_ATECO_2002_2007
   (ID_ATECO_02, COD_CATEGORIA_02, TIPO, ID_ATECO_07, COD_CATEGORIA_07, DT_LOAD)
 Values
   (697, '67.20.1', 'p', 962, '66.22.0', TO_DATE('03/14/2008 12:25:57', 'MM/DD/YYYY HH24:MI:SS'));
Insert into TMP_RACCORDO_ATECO_2002_2007
   (ID_ATECO_02, COD_CATEGORIA_02, TIPO, ID_ATECO_07, COD_CATEGORIA_07, DT_LOAD)
 Values
   (697, '67.20.1', 'p', 966, '66.29.0', TO_DATE('03/14/2008 12:25:57', 'MM/DD/YYYY HH24:MI:SS'));
Insert into TMP_RACCORDO_ATECO_2002_2007
   (ID_ATECO_02, COD_CATEGORIA_02, ID_ATECO_07, COD_CATEGORIA_07, DT_LOAD)
 Values
   (698, '67.20.2', 961, '66.21.0', TO_DATE('03/14/2008 12:25:57', 'MM/DD/YYYY HH24:MI:SS'));
Insert into TMP_RACCORDO_ATECO_2002_2007
   (ID_ATECO_02, COD_CATEGORIA_02, ID_ATECO_07, COD_CATEGORIA_07, DT_LOAD)
 Values
   (699, '67.20.3', 966, '66.29.0', TO_DATE('03/14/2008 12:25:57', 'MM/DD/YYYY HH24:MI:SS'));
Insert into TMP_RACCORDO_ATECO_2002_2007
   (ID_ATECO_02, COD_CATEGORIA_02, TIPO, ID_ATECO_07, COD_CATEGORIA_07, DT_LOAD)
 Values
   (700, '70.11.0', 'p', 508, '41.10.0', TO_DATE('03/14/2008 12:25:57', 'MM/DD/YYYY HH24:MI:SS'));
Insert into TMP_RACCORDO_ATECO_2002_2007
   (ID_ATECO_02, COD_CATEGORIA_02, TIPO, ID_ATECO_07, COD_CATEGORIA_07, DT_LOAD)
 Values
   (700, '70.11.0', 'p', 516, '42.99.0', TO_DATE('03/14/2008 12:25:57', 'MM/DD/YYYY HH24:MI:SS'));
Insert into TMP_RACCORDO_ATECO_2002_2007
   (ID_ATECO_02, COD_CATEGORIA_02, TIPO, ID_ATECO_07, COD_CATEGORIA_07, DT_LOAD)
 Values
   (700, '70.11.0', 'p', 969, '68.10.0', TO_DATE('03/14/2008 12:25:57', 'MM/DD/YYYY HH24:MI:SS'));
Insert into TMP_RACCORDO_ATECO_2002_2007
   (ID_ATECO_02, COD_CATEGORIA_02, ID_ATECO_07, COD_CATEGORIA_07, DT_LOAD)
 Values
   (701, '70.12.0', 969, '68.10.0', TO_DATE('03/14/2008 12:25:57', 'MM/DD/YYYY HH24:MI:SS'));
Insert into TMP_RACCORDO_ATECO_2002_2007
   (ID_ATECO_02, COD_CATEGORIA_02, ID_ATECO_07, COD_CATEGORIA_07, DT_LOAD)
 Values
   (702, '70.20.0', 970, '68.20.0', TO_DATE('03/14/2008 12:25:57', 'MM/DD/YYYY HH24:MI:SS'));
Insert into TMP_RACCORDO_ATECO_2002_2007
   (ID_ATECO_02, COD_CATEGORIA_02, ID_ATECO_07, COD_CATEGORIA_07, DT_LOAD)
 Values
   (703, '70.31.0', 972, '68.31.0', TO_DATE('03/14/2008 12:25:57', 'MM/DD/YYYY HH24:MI:SS'));
Insert into TMP_RACCORDO_ATECO_2002_2007
   (ID_ATECO_02, COD_CATEGORIA_02, TIPO, ID_ATECO_07, COD_CATEGORIA_07, DT_LOAD)
 Values
   (704, '70.32.0', 'p', 973, '68.32.0', TO_DATE('03/14/2008 12:25:57', 'MM/DD/YYYY HH24:MI:SS'));
Insert into TMP_RACCORDO_ATECO_2002_2007
   (ID_ATECO_02, COD_CATEGORIA_02, TIPO, ID_ATECO_07, COD_CATEGORIA_07, DT_LOAD)
 Values
   (704, '70.32.0', 'p', 1055, '81.10.0', TO_DATE('03/14/2008 12:25:57', 'MM/DD/YYYY HH24:MI:SS'));
Insert into TMP_RACCORDO_ATECO_2002_2007
   (ID_ATECO_02, COD_CATEGORIA_02, ID_ATECO_07, COD_CATEGORIA_07, DT_LOAD)
 Values
   (705, '71.10.0', 1024, '77.11.0', TO_DATE('03/14/2008 12:25:57', 'MM/DD/YYYY HH24:MI:SS'));
Insert into TMP_RACCORDO_ATECO_2002_2007
   (ID_ATECO_02, COD_CATEGORIA_02, TIPO, ID_ATECO_07, COD_CATEGORIA_07, DT_LOAD)
 Values
   (706, '71.21.0', 'p', 1025, '77.12.0', TO_DATE('03/14/2008 12:25:57', 'MM/DD/YYYY HH24:MI:SS'));
Insert into TMP_RACCORDO_ATECO_2002_2007
   (ID_ATECO_02, COD_CATEGORIA_02, TIPO, ID_ATECO_07, COD_CATEGORIA_07, DT_LOAD)
 Values
   (706, '71.21.0', 'p', 1037, '77.39.1', TO_DATE('03/14/2008 12:25:57', 'MM/DD/YYYY HH24:MI:SS'));
Insert into TMP_RACCORDO_ATECO_2002_2007
   (ID_ATECO_02, COD_CATEGORIA_02, TIPO, ID_ATECO_07, COD_CATEGORIA_07, DT_LOAD)
 Values
   (706, '71.21.0', 'p', 1038, '77.39.9', TO_DATE('03/14/2008 12:25:57', 'MM/DD/YYYY HH24:MI:SS'));
Insert into TMP_RACCORDO_ATECO_2002_2007
   (ID_ATECO_02, COD_CATEGORIA_02, ID_ATECO_07, COD_CATEGORIA_07, DT_LOAD)
 Values
   (707, '71.22.0', 1035, '77.34.0', TO_DATE('03/14/2008 12:25:57', 'MM/DD/YYYY HH24:MI:SS'));
Insert into TMP_RACCORDO_ATECO_2002_2007
   (ID_ATECO_02, COD_CATEGORIA_02, ID_ATECO_07, COD_CATEGORIA_07, DT_LOAD)
 Values
   (708, '71.23.0', 1036, '77.35.0', TO_DATE('03/14/2008 12:25:57', 'MM/DD/YYYY HH24:MI:SS'));
Insert into TMP_RACCORDO_ATECO_2002_2007
   (ID_ATECO_02, COD_CATEGORIA_02, ID_ATECO_07, COD_CATEGORIA_07, DT_LOAD)
 Values
   (709, '71.31.0', 1032, '77.31.0', TO_DATE('03/14/2008 12:25:57', 'MM/DD/YYYY HH24:MI:SS'));
Insert into TMP_RACCORDO_ATECO_2002_2007
   (ID_ATECO_02, COD_CATEGORIA_02, TIPO, ID_ATECO_07, COD_CATEGORIA_07, DT_LOAD)
 Values
   (710, '71.32.0', 'p', 1033, '77.32.0', TO_DATE('03/14/2008 12:25:57', 'MM/DD/YYYY HH24:MI:SS'));
Insert into TMP_RACCORDO_ATECO_2002_2007
   (ID_ATECO_02, COD_CATEGORIA_02, TIPO, ID_ATECO_07, COD_CATEGORIA_07, DT_LOAD)
 Values
   (710, '71.32.0', 'p', 1038, '77.39.9', TO_DATE('03/14/2008 12:25:57', 'MM/DD/YYYY HH24:MI:SS'));
Insert into TMP_RACCORDO_ATECO_2002_2007
   (ID_ATECO_02, COD_CATEGORIA_02, ID_ATECO_07, COD_CATEGORIA_07, DT_LOAD)
 Values
   (711, '71.33.0', 1034, '77.33.0', TO_DATE('03/14/2008 12:25:57', 'MM/DD/YYYY HH24:MI:SS'));
Insert into TMP_RACCORDO_ATECO_2002_2007
   (ID_ATECO_02, COD_CATEGORIA_02, ID_ATECO_07, COD_CATEGORIA_07, DT_LOAD)
 Values
   (712, '71.34.0', 1038, '77.39.9', TO_DATE('03/14/2008 12:25:57', 'MM/DD/YYYY HH24:MI:SS'));
Insert into TMP_RACCORDO_ATECO_2002_2007
   (ID_ATECO_02, COD_CATEGORIA_02, ID_ATECO_07, COD_CATEGORIA_07, DT_LOAD)
 Values
   (713, '71.40.1', 1030, '77.29.1', TO_DATE('03/14/2008 12:25:57', 'MM/DD/YYYY HH24:MI:SS'));
Insert into TMP_RACCORDO_ATECO_2002_2007
   (ID_ATECO_02, COD_CATEGORIA_02, ID_ATECO_07, COD_CATEGORIA_07, DT_LOAD)
 Values
   (714, '71.40.2', 1026, '77.21.0', TO_DATE('03/14/2008 12:25:57', 'MM/DD/YYYY HH24:MI:SS'));
Insert into TMP_RACCORDO_ATECO_2002_2007
   (ID_ATECO_02, COD_CATEGORIA_02, ID_ATECO_07, COD_CATEGORIA_07, DT_LOAD)
 Values
   (715, '71.40.3', 1029, '77.22.0', TO_DATE('03/14/2008 12:25:57', 'MM/DD/YYYY HH24:MI:SS'));
Insert into TMP_RACCORDO_ATECO_2002_2007
   (ID_ATECO_02, COD_CATEGORIA_02, ID_ATECO_07, COD_CATEGORIA_07, DT_LOAD)
 Values
   (716, '71.40.4', 1031, '77.29.9', TO_DATE('03/14/2008 12:25:57', 'MM/DD/YYYY HH24:MI:SS'));
Insert into TMP_RACCORDO_ATECO_2002_2007
   (ID_ATECO_02, COD_CATEGORIA_02, ID_ATECO_07, COD_CATEGORIA_07, DT_LOAD)
 Values
   (717, '72.10.0', 919, '62.02.0', TO_DATE('03/14/2008 12:25:57', 'MM/DD/YYYY HH24:MI:SS'));
Insert into TMP_RACCORDO_ATECO_2002_2007
   (ID_ATECO_02, COD_CATEGORIA_02, TIPO, ID_ATECO_07, COD_CATEGORIA_07, DT_LOAD)
 Values
   (718, '72.21.0', 'p', 900, '58.21.0', TO_DATE('03/14/2008 12:25:57', 'MM/DD/YYYY HH24:MI:SS'));
Insert into TMP_RACCORDO_ATECO_2002_2007
   (ID_ATECO_02, COD_CATEGORIA_02, TIPO, ID_ATECO_07, COD_CATEGORIA_07, DT_LOAD)
 Values
   (718, '72.21.0', 'p', 901, '58.29.0', TO_DATE('03/14/2008 12:25:57', 'MM/DD/YYYY HH24:MI:SS'));
Insert into TMP_RACCORDO_ATECO_2002_2007
   (ID_ATECO_02, COD_CATEGORIA_02, TIPO, ID_ATECO_07, COD_CATEGORIA_07, DT_LOAD)
 Values
   (719, '72.22.0', 'p', 918, '62.01.0', TO_DATE('03/14/2008 12:25:57', 'MM/DD/YYYY HH24:MI:SS'));
Insert into TMP_RACCORDO_ATECO_2002_2007
   (ID_ATECO_02, COD_CATEGORIA_02, TIPO, ID_ATECO_07, COD_CATEGORIA_07, DT_LOAD)
 Values
   (719, '72.22.0', 'p', 919, '62.02.0', TO_DATE('03/14/2008 12:25:57', 'MM/DD/YYYY HH24:MI:SS'));
Insert into TMP_RACCORDO_ATECO_2002_2007
   (ID_ATECO_02, COD_CATEGORIA_02, TIPO, ID_ATECO_07, COD_CATEGORIA_07, DT_LOAD)
 Values
   (719, '72.22.0', 'p', 921, '62.09.0', TO_DATE('03/14/2008 12:25:57', 'MM/DD/YYYY HH24:MI:SS'));
Insert into TMP_RACCORDO_ATECO_2002_2007
   (ID_ATECO_02, COD_CATEGORIA_02, ID_ATECO_07, COD_CATEGORIA_07, DT_LOAD)
 Values
   (720, '72.30.0', 923, '63.11.1', TO_DATE('03/14/2008 12:25:57', 'MM/DD/YYYY HH24:MI:SS'));
Insert into TMP_RACCORDO_ATECO_2002_2007
   (ID_ATECO_02, COD_CATEGORIA_02, TIPO, ID_ATECO_07, COD_CATEGORIA_07, DT_LOAD)
 Values
   (721, '72.40.0', 'p', 895, '58.12.0', TO_DATE('03/14/2008 12:25:57', 'MM/DD/YYYY HH24:MI:SS'));
Insert into TMP_RACCORDO_ATECO_2002_2007
   (ID_ATECO_02, COD_CATEGORIA_02, TIPO, ID_ATECO_07, COD_CATEGORIA_07, DT_LOAD)
 Values
   (721, '72.40.0', 'p', 925, '63.11.2', TO_DATE('03/14/2008 12:25:57', 'MM/DD/YYYY HH24:MI:SS'));
Insert into TMP_RACCORDO_ATECO_2002_2007
   (ID_ATECO_02, COD_CATEGORIA_02, TIPO, ID_ATECO_07, COD_CATEGORIA_07, DT_LOAD)
 Values
   (721, '72.40.0', 'p', 927, '63.12.0', TO_DATE('03/14/2008 12:25:57', 'MM/DD/YYYY HH24:MI:SS'));
Insert into TMP_RACCORDO_ATECO_2002_2007
   (ID_ATECO_02, COD_CATEGORIA_02, TIPO, ID_ATECO_07, COD_CATEGORIA_07, DT_LOAD)
 Values
   (722, '72.50.0', 'p', 452, '33.12.5', TO_DATE('03/14/2008 12:25:57', 'MM/DD/YYYY HH24:MI:SS'));
Insert into TMP_RACCORDO_ATECO_2002_2007
   (ID_ATECO_02, COD_CATEGORIA_02, TIPO, ID_ATECO_07, COD_CATEGORIA_07, DT_LOAD)
 Values
   (722, '72.50.0', 'p', 1193, '95.11.0', TO_DATE('03/14/2008 12:25:57', 'MM/DD/YYYY HH24:MI:SS'));
Insert into TMP_RACCORDO_ATECO_2002_2007
   (ID_ATECO_02, COD_CATEGORIA_02, TIPO, ID_ATECO_07, COD_CATEGORIA_07, DT_LOAD)
 Values
   (723, '72.60.0', 'p', 920, '62.03.0', TO_DATE('03/14/2008 12:25:57', 'MM/DD/YYYY HH24:MI:SS'));
Insert into TMP_RACCORDO_ATECO_2002_2007
   (ID_ATECO_02, COD_CATEGORIA_02, TIPO, ID_ATECO_07, COD_CATEGORIA_07, DT_LOAD)
 Values
   (723, '72.60.0', 'p', 921, '62.09.0', TO_DATE('03/14/2008 12:25:57', 'MM/DD/YYYY HH24:MI:SS'));
Insert into TMP_RACCORDO_ATECO_2002_2007
   (ID_ATECO_02, COD_CATEGORIA_02, TIPO, ID_ATECO_07, COD_CATEGORIA_07, DT_LOAD)
 Values
   (723, '72.60.0', 'p', 926, '63.11.3', TO_DATE('03/14/2008 12:25:57', 'MM/DD/YYYY HH24:MI:SS'));
COMMIT;

SET DEFINE OFF;
Insert into TMP_SPESE_GEBARIC_GEFO
   (CODICE_GEBARIC, CODICE_SPESA)
 Values
   ('RI1A', '10');
Insert into TMP_SPESE_GEBARIC_GEFO
   (CODICE_GEBARIC, CODICE_SPESA)
 Values
   ('1', '14');
Insert into TMP_SPESE_GEBARIC_GEFO
   (CODICE_GEBARIC, CODICE_SPESA)
 Values
   ('2', '12--1');
Insert into TMP_SPESE_GEBARIC_GEFO
   (CODICE_GEBARIC, CODICE_SPESA)
 Values
   ('3', '24');
Insert into TMP_SPESE_GEBARIC_GEFO
   (CODICE_GEBARIC, CODICE_SPESA)
 Values
   ('4', '11');
Insert into TMP_SPESE_GEBARIC_GEFO
   (CODICE_GEBARIC, CODICE_SPESA)
 Values
   ('5', '13--1');
Insert into TMP_SPESE_GEBARIC_GEFO
   (CODICE_GEBARIC, CODICE_SPESA)
 Values
   ('6', '10');
Insert into TMP_SPESE_GEBARIC_GEFO
   (CODICE_GEBARIC, CODICE_SPESA)
 Values
   ('7', '17--1');
Insert into TMP_SPESE_GEBARIC_GEFO
   (CODICE_GEBARIC, CODICE_SPESA)
 Values
   ('8', '18--1');
Insert into TMP_SPESE_GEBARIC_GEFO
   (CODICE_GEBARIC, CODICE_SPESA)
 Values
   ('9', '14');
COMMIT;


update pbandi_t_documento_index set id_entita =
(select id_entita from pbandi_c_entita where nome_entita = 'PBANDI_T_DICHIARAZIONE_SPESA');

delete from pbandi_c_entita where flag_index = 'S';

commit;

alter table pbandi_c_entita 
drop (flag_index);

INSERT INTO PBANDI_D_ERRORE_BATCH T (CODICE_ERRORE, DESCRIZIONE)
  VALUES ('E074', 'Errore generico flusso GEBARIC');
INSERT INTO PBANDI_D_ERRORE_BATCH T (CODICE_ERRORE, DESCRIZIONE)
  VALUES ('E075', 'Domanda non presente sul flusso GEBARIC');
INSERT INTO PBANDI_D_ERRORE_BATCH T (CODICE_ERRORE, DESCRIZIONE)
  VALUES ('E076', 'Errore nell' || CHR(39) || 'inserimento del soggetto ente giuridico del flusso GEBARIC');
INSERT INTO PBANDI_D_ERRORE_BATCH T (CODICE_ERRORE, DESCRIZIONE)
  VALUES ('E077', 'Errore nell' || CHR(39) || 'inserimento dei soggetti correlati del flusso GEBARIC');
INSERT INTO PBANDI_D_ERRORE_BATCH T (CODICE_ERRORE, DESCRIZIONE)
  VALUES ('E078', 'Errore nell' || CHR(39) || 'inserimento del soggetto persona fisica del flusso GEBARIC');
INSERT INTO PBANDI_D_ERRORE_BATCH T (CODICE_ERRORE, DESCRIZIONE)
  VALUES ('E079', 'Errore nell' || CHR(39) || 'inserimento della domanda del flusso GEBARIC');
INSERT INTO PBANDI_D_ERRORE_BATCH T (CODICE_ERRORE, DESCRIZIONE)
  VALUES ('E080', 'Errore nell' || CHR(39) || 'inserimento del raggruppamento del flusso GEBARIC');
INSERT INTO PBANDI_D_ERRORE_BATCH T (CODICE_ERRORE, DESCRIZIONE)
  VALUES ('E081', 'Errore nell' || CHR(39) || 'inserimento del conto economico del flusso GEBARIC');
INSERT INTO PBANDI_D_ERRORE_BATCH T (CODICE_ERRORE, DESCRIZIONE)
  VALUES ('E082', 'Errore nell' || CHR(39) || 'inserimento del rigo conto economico del flusso GEBARIC');
INSERT INTO PBANDI_D_ERRORE_BATCH T (CODICE_ERRORE, DESCRIZIONE)
  VALUES ('E083', 'Errore nell' || CHR(39) || 'inserimento del conto economico modalita' || CHR(39) || ' agevolazione del flusso GEBARIC');
INSERT INTO PBANDI_D_ERRORE_BATCH T (CODICE_ERRORE, DESCRIZIONE)
  VALUES ('E084', 'Errore nell' || CHR(39) || 'inserimento della soggetto domanda del flusso GEBARIC');
INSERT INTO PBANDI_D_ERRORE_BATCH T (CODICE_ERRORE, DESCRIZIONE)
  VALUES ('E085', 'Errore nell' || CHR(39) || 'aggiornamento del soggetto capofila del flusso GEBARIC');
INSERT INTO PBANDI_D_ERRORE_BATCH T (CODICE_ERRORE, DESCRIZIONE)
  VALUES ('E086', 'Errore nel caricamento del progetto del flusso GEBARIC');
INSERT INTO PBANDI_D_ERRORE_BATCH T (CODICE_ERRORE, DESCRIZIONE)
  VALUES ('W036', 'Impossibile valorizzare il codice ateco del flusso GEBARIC');
INSERT INTO PBANDI_D_ERRORE_BATCH T (CODICE_ERRORE, DESCRIZIONE)
  VALUES ('W037', 'Impossibile risalire al tipo soggetto correlato del flusso GEBARIC');
INSERT INTO PBANDI_D_ERRORE_BATCH T (CODICE_ERRORE, DESCRIZIONE)
  VALUES ('W038', 'Impossibile risalire alla qualifica del flusso GEBARIC');
INSERT INTO PBANDI_D_ERRORE_BATCH T (CODICE_ERRORE, DESCRIZIONE)
  VALUES ('W039', 'Impossibile risalire allo stato domanda del flusso GEBARIC');
INSERT INTO PBANDI_D_ERRORE_BATCH T (CODICE_ERRORE, DESCRIZIONE)
  VALUES ('W040', 'Impossibile inserire il coordinatore del flusso GEBARIC');
INSERT INTO PBANDI_D_ERRORE_BATCH T (CODICE_ERRORE, DESCRIZIONE)
  VALUES ('W041', 'Impossibile risalire all' || CHR(39) || 'area scientifica del flusso GEBARIC');
INSERT INTO PBANDI_D_ERRORE_BATCH T (CODICE_ERRORE, DESCRIZIONE)
  VALUES ('W042', 'Impossibile risalire alla tematica del flusso GEBARIC');
INSERT INTO PBANDI_D_ERRORE_BATCH T (CODICE_ERRORE, DESCRIZIONE)
  VALUES ('W043', 'Impossibile risalire alla descrizione breve tipo ente di competenza del flusso GEBARIC');
COMMIT;

-- dopo ferie
SET DEFINE OFF;
Insert into PBANDI_D_STATO_PROPOSTA_CERTIF
   (ID_STATO_PROPOSTA_CERTIF, DESC_BREVE_STATO_PROPOSTA_CERT, DESC_STATO_PROPOSTA_CERTIF, DT_INIZIO_VALIDITA)
 Values
   (1, '00coda', 'in coda', TO_DATE('01/01/2009 00:00:00', 'MM/DD/YYYY HH24:MI:SS'));
Insert into PBANDI_D_STATO_PROPOSTA_CERTIF
   (ID_STATO_PROPOSTA_CERTIF, DESC_BREVE_STATO_PROPOSTA_CERT, DESC_STATO_PROPOSTA_CERTIF, DT_INIZIO_VALIDITA)
 Values
   (2, '03elab', 'in elaborazione', TO_DATE('01/01/2009 00:00:00', 'MM/DD/YYYY HH24:MI:SS'));
Insert into PBANDI_D_STATO_PROPOSTA_CERTIF
   (ID_STATO_PROPOSTA_CERTIF, DESC_BREVE_STATO_PROPOSTA_CERT, DESC_STATO_PROPOSTA_CERTIF, DT_INIZIO_VALIDITA)
 Values
   (3, '04err', 'errore durante l''elaborazione', TO_DATE('01/01/2009 00:00:00', 'MM/DD/YYYY HH24:MI:SS'));
Insert into PBANDI_D_STATO_PROPOSTA_CERTIF
   (ID_STATO_PROPOSTA_CERTIF, DESC_BREVE_STATO_PROPOSTA_CERT, DESC_STATO_PROPOSTA_CERTIF, DT_INIZIO_VALIDITA)
 Values
   (5, '06annu', 'annullata', TO_DATE('01/01/2009 00:00:00', 'MM/DD/YYYY HH24:MI:SS'));
Insert into PBANDI_D_STATO_PROPOSTA_CERTIF
   (ID_STATO_PROPOSTA_CERTIF, DESC_BREVE_STATO_PROPOSTA_CERT, DESC_STATO_PROPOSTA_CERTIF, DT_INIZIO_VALIDITA)
 Values
   (6, '07appr', 'approvata', TO_DATE('01/01/2009 00:00:00', 'MM/DD/YYYY HH24:MI:SS'));
Insert into PBANDI_D_STATO_PROPOSTA_CERTIF
   (ID_STATO_PROPOSTA_CERTIF, DESC_BREVE_STATO_PROPOSTA_CERT, DESC_STATO_PROPOSTA_CERTIF, DT_INIZIO_VALIDITA)
 Values
   (7, '09resp', 'respinta', TO_DATE('01/01/2009 00:00:00', 'MM/DD/YYYY HH24:MI:SS'));
Insert into PBANDI_D_STATO_PROPOSTA_CERTIF
   (ID_STATO_PROPOSTA_CERTIF, DESC_BREVE_STATO_PROPOSTA_CERT, DESC_STATO_PROPOSTA_CERTIF, DT_INIZIO_VALIDITA)
 Values
   (4, '05open', 'aperta', TO_DATE('01/01/2009 00:00:00', 'MM/DD/YYYY HH24:MI:SS'));
COMMIT;


update PBANDI_D_ATTIVITA_ATECO
set id_attivita_economica = 2
where cod_ateco like '01%';

update PBANDI_D_ATTIVITA_ATECO
set id_attivita_economica = 2
where cod_ateco like '02%';

update PBANDI_D_ATTIVITA_ATECO
set id_attivita_economica = 3
where cod_ateco like '03%';

update PBANDI_D_ATTIVITA_ATECO
set id_attivita_economica = 8
where cod_ateco like '05%';

update PBANDI_D_ATTIVITA_ATECO
set id_attivita_economica = 8
where cod_ateco like '06%';

update PBANDI_D_ATTIVITA_ATECO
set id_attivita_economica = 8
where cod_ateco like '07%';

update PBANDI_D_ATTIVITA_ATECO
set id_attivita_economica = 8
where cod_ateco like '08%';

update PBANDI_D_ATTIVITA_ATECO
set id_attivita_economica = 8
where cod_ateco like '09%';

update PBANDI_D_ATTIVITA_ATECO
set id_attivita_economica = 4
where cod_ateco like '10%';

update PBANDI_D_ATTIVITA_ATECO
set id_attivita_economica = 4
where cod_ateco like '11%';

update PBANDI_D_ATTIVITA_ATECO
set id_attivita_economica = 4
where cod_ateco like '12%';

update PBANDI_D_ATTIVITA_ATECO
set id_attivita_economica = 5
where cod_ateco like '13%';

update PBANDI_D_ATTIVITA_ATECO
set id_attivita_economica = 5
where cod_ateco like '14%';

update PBANDI_D_ATTIVITA_ATECO
set id_attivita_economica = 5
where cod_ateco like '15%';

update PBANDI_D_ATTIVITA_ATECO
set id_attivita_economica = 7
where cod_ateco like '16%';

update PBANDI_D_ATTIVITA_ATECO
set id_attivita_economica = 7
where cod_ateco like '17%';

update PBANDI_D_ATTIVITA_ATECO
set id_attivita_economica = 7
where cod_ateco like '18%';

update PBANDI_D_ATTIVITA_ATECO
set id_attivita_economica = 7
where cod_ateco like '19%';

update PBANDI_D_ATTIVITA_ATECO
set id_attivita_economica = 7
where cod_ateco like '20%';

update PBANDI_D_ATTIVITA_ATECO
set id_attivita_economica = 7
where cod_ateco like '21%';

update PBANDI_D_ATTIVITA_ATECO
set id_attivita_economica = 7
where cod_ateco like '22%';

update PBANDI_D_ATTIVITA_ATECO
set id_attivita_economica = 7
where cod_ateco like '23%';

update PBANDI_D_ATTIVITA_ATECO
set id_attivita_economica = 7
where cod_ateco like '24%';

update PBANDI_D_ATTIVITA_ATECO
set id_attivita_economica = 7
where cod_ateco like '25%';

update PBANDI_D_ATTIVITA_ATECO
set id_attivita_economica = 7
where cod_ateco like '26%';

update PBANDI_D_ATTIVITA_ATECO
set id_attivita_economica = 7
where cod_ateco like '27%';

update PBANDI_D_ATTIVITA_ATECO
set id_attivita_economica = 7
where cod_ateco like '28.1%';

update PBANDI_D_ATTIVITA_ATECO
set id_attivita_economica = 7
where cod_ateco like '28.2%';

update PBANDI_D_ATTIVITA_ATECO
set id_attivita_economica = 6
where cod_ateco like '28.30.1%';

update PBANDI_D_ATTIVITA_ATECO
set id_attivita_economica = 7
where cod_ateco like '28.30.9%';

update PBANDI_D_ATTIVITA_ATECO
set id_attivita_economica = 7
where cod_ateco like '28.4%';

update PBANDI_D_ATTIVITA_ATECO
set id_attivita_economica = 7
where cod_ateco like '28.91%';

update PBANDI_D_ATTIVITA_ATECO
set id_attivita_economica = 6
where cod_ateco = '28.92.01';

update PBANDI_D_ATTIVITA_ATECO
set id_attivita_economica = 7
where cod_ateco = '28.92.09';

update PBANDI_D_ATTIVITA_ATECO
set id_attivita_economica = 7
where cod_ateco like '28.93%';

update PBANDI_D_ATTIVITA_ATECO
set id_attivita_economica = 7
where cod_ateco like '28.94%';

update PBANDI_D_ATTIVITA_ATECO
set id_attivita_economica = 7
where cod_ateco like '28.95%';

update PBANDI_D_ATTIVITA_ATECO
set id_attivita_economica = 7
where cod_ateco like '28.96%';

update PBANDI_D_ATTIVITA_ATECO
set id_attivita_economica = 7
where cod_ateco like '28.99%';

update PBANDI_D_ATTIVITA_ATECO
set id_attivita_economica = 7
where cod_ateco like '28.93%';

update PBANDI_D_ATTIVITA_ATECO
set id_attivita_economica = 6
where cod_ateco like '29.10%';

update PBANDI_D_ATTIVITA_ATECO
set id_attivita_economica = 7
where cod_ateco like '29.2%';

update PBANDI_D_ATTIVITA_ATECO
set id_attivita_economica = 7
where cod_ateco like '29.3%';

update PBANDI_D_ATTIVITA_ATECO
set id_attivita_economica = 7
where cod_ateco = '30.11.01';

update PBANDI_D_ATTIVITA_ATECO
set id_attivita_economica = 6
where cod_ateco in ('30.11.02','30.12.00');

update PBANDI_D_ATTIVITA_ATECO
set id_attivita_economica = 7
where cod_ateco = '30.20.01';

update PBANDI_D_ATTIVITA_ATECO
set id_attivita_economica = 6
where cod_ateco = '30.20.02';

update PBANDI_D_ATTIVITA_ATECO
set id_attivita_economica = 7
where cod_ateco like '30.30%';

update PBANDI_D_ATTIVITA_ATECO
set id_attivita_economica = 6
where cod_ateco in ('30.40.00',
'30.91.12',
'30.92.10',
'30.92.30',
'30.99.00');

update PBANDI_D_ATTIVITA_ATECO
set id_attivita_economica = 7
where cod_ateco in ('30.91.11',
'30.91.20',
'30.92.20',
'30.92.40');

update PBANDI_D_ATTIVITA_ATECO
set id_attivita_economica = 7
where cod_ateco like '31%';

update PBANDI_D_ATTIVITA_ATECO
set id_attivita_economica = 7
where cod_ateco like '32%';

update PBANDI_D_ATTIVITA_ATECO
set id_attivita_economica = 7
where cod_ateco like '33%';

update PBANDI_D_ATTIVITA_ATECO
set id_attivita_economica = 9
where cod_ateco like '35%';

update PBANDI_D_ATTIVITA_ATECO
set id_attivita_economica = 10
where cod_ateco like '36%';

update PBANDI_D_ATTIVITA_ATECO
set id_attivita_economica = 10
where cod_ateco like '37%';

update PBANDI_D_ATTIVITA_ATECO
set id_attivita_economica = 22
where cod_ateco like '38.1%';

update PBANDI_D_ATTIVITA_ATECO
set id_attivita_economica = 22
where cod_ateco like '38.2%';

update PBANDI_D_ATTIVITA_ATECO
set id_attivita_economica = 7
where cod_ateco like '38.31%';

update PBANDI_D_ATTIVITA_ATECO
set id_attivita_economica = 22
where cod_ateco like '38.32%';

update PBANDI_D_ATTIVITA_ATECO
set id_attivita_economica = 22
where cod_ateco like '39%';

update PBANDI_D_ATTIVITA_ATECO
set id_attivita_economica = 13
where cod_ateco like '41%';

update PBANDI_D_ATTIVITA_ATECO
set id_attivita_economica = 13
where cod_ateco like '42%';

update PBANDI_D_ATTIVITA_ATECO
set id_attivita_economica = 13
where cod_ateco like '43%';

update PBANDI_D_ATTIVITA_ATECO
set id_attivita_economica = 14
where cod_ateco like '45%';

update PBANDI_D_ATTIVITA_ATECO
set id_attivita_economica = 14
where cod_ateco like '46%';

update PBANDI_D_ATTIVITA_ATECO
set id_attivita_economica = 14
where cod_ateco like '47%';

update PBANDI_D_ATTIVITA_ATECO
set id_attivita_economica = 12
where cod_ateco like '49%';

update PBANDI_D_ATTIVITA_ATECO
set id_attivita_economica = 12
where cod_ateco like '50%';

update PBANDI_D_ATTIVITA_ATECO
set id_attivita_economica = 12
where cod_ateco like '51%';

update PBANDI_D_ATTIVITA_ATECO
set id_attivita_economica = 12
where cod_ateco like '52%';

update PBANDI_D_ATTIVITA_ATECO
set id_attivita_economica = 11
where cod_ateco like '53%';

update PBANDI_D_ATTIVITA_ATECO
set id_attivita_economica = 15
where cod_ateco like '55.10%';

update PBANDI_D_ATTIVITA_ATECO
set id_attivita_economica = 23
where cod_ateco like '55.2%';

update PBANDI_D_ATTIVITA_ATECO
set id_attivita_economica = 23
where cod_ateco like '55.3%';

update PBANDI_D_ATTIVITA_ATECO
set id_attivita_economica = 23
where cod_ateco like '55.9%';

update PBANDI_D_ATTIVITA_ATECO
set id_attivita_economica = 15
where cod_ateco like '56.10.1%';

update PBANDI_D_ATTIVITA_ATECO
set id_attivita_economica = 15
where cod_ateco like '56.10.2%';

update PBANDI_D_ATTIVITA_ATECO
set id_attivita_economica = 23
where cod_ateco in ('56.10.30','56.10.41');

update PBANDI_D_ATTIVITA_ATECO
set id_attivita_economica = 15
where cod_ateco in ('56.10.42');

update PBANDI_D_ATTIVITA_ATECO
set id_attivita_economica = 15
where cod_ateco like '56.10.5%';

update PBANDI_D_ATTIVITA_ATECO
set id_attivita_economica = 15
where cod_ateco like '56.2%';

update PBANDI_D_ATTIVITA_ATECO
set id_attivita_economica = 23
where cod_ateco like '56.3%';

update PBANDI_D_ATTIVITA_ATECO
set id_attivita_economica = 7
where cod_ateco like '58%';

update PBANDI_D_ATTIVITA_ATECO
set id_attivita_economica = 7
where cod_ateco like '59%';

update PBANDI_D_ATTIVITA_ATECO
set id_attivita_economica = 7
where cod_ateco like '60%';

update PBANDI_D_ATTIVITA_ATECO
set id_attivita_economica = 11
where cod_ateco like '61%';

update PBANDI_D_ATTIVITA_ATECO
set id_attivita_economica = 7
where cod_ateco like '62.01%';

update PBANDI_D_ATTIVITA_ATECO
set id_attivita_economica = 23
where cod_ateco like '62.02%';

update PBANDI_D_ATTIVITA_ATECO
set id_attivita_economica = 23
where cod_ateco like '62.03%';

update PBANDI_D_ATTIVITA_ATECO
set id_attivita_economica = 23
where cod_ateco like '62.09%';

update PBANDI_D_ATTIVITA_ATECO
set id_attivita_economica = 23
where cod_ateco like '63%';

update PBANDI_D_ATTIVITA_ATECO
set id_attivita_economica = 16
where cod_ateco like '64%';

update PBANDI_D_ATTIVITA_ATECO
set id_attivita_economica = 16
where cod_ateco like '65%';

update PBANDI_D_ATTIVITA_ATECO
set id_attivita_economica = 16
where cod_ateco like '66%';

update PBANDI_D_ATTIVITA_ATECO
set id_attivita_economica = 17
where cod_ateco like '68%';

update PBANDI_D_ATTIVITA_ATECO
set id_attivita_economica = 23
where cod_ateco like '69.1%';

update PBANDI_D_ATTIVITA_ATECO
set id_attivita_economica = 23
where cod_ateco in ('69.20.11','69.20.12');

update PBANDI_D_ATTIVITA_ATECO
set id_attivita_economica = 17
where cod_ateco in ('69.20.13');

update PBANDI_D_ATTIVITA_ATECO
set id_attivita_economica = 23
where cod_ateco in ('69.20.14');

update PBANDI_D_ATTIVITA_ATECO
set id_attivita_economica = 17
where cod_ateco in ('69.20.15','69.20.20','69.20.30');

update PBANDI_D_ATTIVITA_ATECO
set id_attivita_economica = 17
where cod_ateco like '70%';

update PBANDI_D_ATTIVITA_ATECO
set id_attivita_economica = 23
where cod_ateco like '71.1%';

update PBANDI_D_ATTIVITA_ATECO
set id_attivita_economica = 17
where cod_ateco like '71.2%';

update PBANDI_D_ATTIVITA_ATECO
set id_attivita_economica = 17
where cod_ateco like '72%';

update PBANDI_D_ATTIVITA_ATECO
set id_attivita_economica = 17
where cod_ateco like '73%';

update PBANDI_D_ATTIVITA_ATECO
set id_attivita_economica = 17
where cod_ateco like '74.1%';

update PBANDI_D_ATTIVITA_ATECO
set id_attivita_economica = 23
where cod_ateco like '74.2%';

update PBANDI_D_ATTIVITA_ATECO
set id_attivita_economica = 17
where cod_ateco like '74.3%';

update PBANDI_D_ATTIVITA_ATECO
set id_attivita_economica = 17
where cod_ateco like '74.90.1%';

update PBANDI_D_ATTIVITA_ATECO
set id_attivita_economica = 17
where cod_ateco like '74.90.2%';

update PBANDI_D_ATTIVITA_ATECO
set id_attivita_economica = 17
where cod_ateco like '74.90.91%';

update PBANDI_D_ATTIVITA_ATECO
set id_attivita_economica = 23
where cod_ateco like '74.90.92%';

update PBANDI_D_ATTIVITA_ATECO
set id_attivita_economica = 17
where cod_ateco like '74.90.93%';

update PBANDI_D_ATTIVITA_ATECO
set id_attivita_economica = 23
where cod_ateco like '74.90.94%';

update PBANDI_D_ATTIVITA_ATECO
set id_attivita_economica = 23
where cod_ateco like '74.90.99%';

update PBANDI_D_ATTIVITA_ATECO
set id_attivita_economica = 23
where cod_ateco like '75%';

update PBANDI_D_ATTIVITA_ATECO
set id_attivita_economica = 17
where cod_ateco like '77%';

update PBANDI_D_ATTIVITA_ATECO
set id_attivita_economica = 17
where cod_ateco like '78%';

update PBANDI_D_ATTIVITA_ATECO
set id_attivita_economica = 23
where cod_ateco like '79%';

update PBANDI_D_ATTIVITA_ATECO
set id_attivita_economica = 17
where cod_ateco like '80%';

update PBANDI_D_ATTIVITA_ATECO
set id_attivita_economica = 17
where cod_ateco like '81.1%';

update PBANDI_D_ATTIVITA_ATECO
set id_attivita_economica = 17
where cod_ateco like '81.21%';

update PBANDI_D_ATTIVITA_ATECO
set id_attivita_economica = 23
where cod_ateco like '81.22.01%';

update PBANDI_D_ATTIVITA_ATECO
set id_attivita_economica = 17
where cod_ateco like '81.22.02%';

update PBANDI_D_ATTIVITA_ATECO
set id_attivita_economica = 23
where cod_ateco like '81.29%';

update PBANDI_D_ATTIVITA_ATECO
set id_attivita_economica = 23
where cod_ateco like '81.3%';

update PBANDI_D_ATTIVITA_ATECO
set id_attivita_economica = 17
where cod_ateco like '82.1%';

update PBANDI_D_ATTIVITA_ATECO
set id_attivita_economica = 17
where cod_ateco like '82.2%';

update PBANDI_D_ATTIVITA_ATECO
set id_attivita_economica = 17
where cod_ateco like '82.91%';

update PBANDI_D_ATTIVITA_ATECO
set id_attivita_economica = 23
where cod_ateco like '82.92%';

update PBANDI_D_ATTIVITA_ATECO
set id_attivita_economica = 23
where cod_ateco like '82.99.1%';

update PBANDI_D_ATTIVITA_ATECO
set id_attivita_economica = 23
where cod_ateco like '82.99.2%';

update PBANDI_D_ATTIVITA_ATECO
set id_attivita_economica = 23
where cod_ateco like '82.99.4%';

update PBANDI_D_ATTIVITA_ATECO
set id_attivita_economica = 23
where cod_ateco like '82.99.91%';

update PBANDI_D_ATTIVITA_ATECO
set id_attivita_economica = 17
where cod_ateco like '82.99.99%';

update PBANDI_D_ATTIVITA_ATECO
set id_attivita_economica = 18
where cod_ateco like '84%';

update PBANDI_D_ATTIVITA_ATECO
set id_attivita_economica = 19
where cod_ateco like '85%';

update PBANDI_D_ATTIVITA_ATECO
set id_attivita_economica = 20
where cod_ateco like '86%';

update PBANDI_D_ATTIVITA_ATECO
set id_attivita_economica = 21
where cod_ateco like '87%';

update PBANDI_D_ATTIVITA_ATECO
set id_attivita_economica = 21
where cod_ateco like '88%';

update PBANDI_D_ATTIVITA_ATECO
set id_attivita_economica = 23
where cod_ateco like '90%';

update PBANDI_D_ATTIVITA_ATECO
set id_attivita_economica = 23
where cod_ateco like '91%';

update PBANDI_D_ATTIVITA_ATECO
set id_attivita_economica = 23
where cod_ateco like '92%';

update PBANDI_D_ATTIVITA_ATECO
set id_attivita_economica = 23
where cod_ateco like '93%';

update PBANDI_D_ATTIVITA_ATECO
set id_attivita_economica = 23
where cod_ateco like '94%';

update PBANDI_D_ATTIVITA_ATECO
set id_attivita_economica = 23
where cod_ateco like '95%';

update PBANDI_D_ATTIVITA_ATECO
set id_attivita_economica = 23
where cod_ateco like '96.01%';

update PBANDI_D_ATTIVITA_ATECO
set id_attivita_economica = 23
where cod_ateco like '96.02%';

update PBANDI_D_ATTIVITA_ATECO
set id_attivita_economica = 23
where cod_ateco like '96.03%';

update PBANDI_D_ATTIVITA_ATECO
set id_attivita_economica = 23
where cod_ateco like '96.04%';

update PBANDI_D_ATTIVITA_ATECO
set id_attivita_economica = 23
where cod_ateco like '96.09.01%';

update PBANDI_D_ATTIVITA_ATECO
set id_attivita_economica = 23
where cod_ateco like '96.09.02%';

update PBANDI_D_ATTIVITA_ATECO
set id_attivita_economica = 23
where cod_ateco like '96.09.03%';

update PBANDI_D_ATTIVITA_ATECO
set id_attivita_economica = 23
where cod_ateco like '96.09.04%';

update PBANDI_D_ATTIVITA_ATECO
set id_attivita_economica = 21
where cod_ateco like '96.09.09%';

update PBANDI_D_ATTIVITA_ATECO
set id_attivita_economica = 23
where cod_ateco like '97%';

update PBANDI_D_ATTIVITA_ATECO
set id_attivita_economica = 7
where cod_ateco like '98.1%';

update PBANDI_D_ATTIVITA_ATECO
set id_attivita_economica = 23
where cod_ateco like '98.2%';

update PBANDI_D_ATTIVITA_ATECO
set id_attivita_economica = 18
where cod_ateco like '99%';

update PBANDI_D_ATTIVITA_ATECO
set id_attivita_economica = 7
where cod_ateco in ('28',
'28.03.00',
'28.30.00',
'28.09.00',
'28.92',
'28.92.0',
'29',
'30.03.00',
'30.91',
'30.91.1',
'30.91.2',
'30.92.4',
'30.99',
'28.3',
'28.30',
'28.9',
'30.3');

update PBANDI_D_ATTIVITA_ATECO
set id_attivita_economica = 6
where cod_ateco in (
'29.01.00',
'30',
'30.01.00',
'30.11.00',
'30.11.00',
'30.12.00',
'30.12.00',
'30.02.00',
'30.20.00',
'30.20.00',
'30.04.00',
'30.40.00',
'30.40.00',
'30.09.00',
'30.92',
'30.92.1',
'30.92.2',
'30.92.3',
'30.99.0',
'29.1',
'30.1',
'30.11',
'30.11.0',
'30.12',
'30.12.0',
'30.2',
'30.20',
'30.20.0',
'30.4',
'30.40',
'30.40.0',
'30.9');

update PBANDI_D_ATTIVITA_ATECO
set id_attivita_economica = 22
where cod_ateco in (
'38',
'38.03.00',
'38.3');

update PBANDI_D_ATTIVITA_ATECO
set id_attivita_economica = 23
where cod_ateco in (
'55',
'56.10.03',
'56.10.04',
'62',
'62.00.00',
'69',
'69.02.00',
'69.20.00',
'69.20.01',
'69.20.02',
'69.20.03',
'71',
'74',
'74.09.00',
'74.90',
'74.90.9',
'81',
'81.02.00',
'81.22.00',
'81.22.00',
'82.99.3',
'82.99.30',
'98',
'56.10.3',
'56.10.4',
'62.0',
'81.22',
'81.22.0',
'69.2',
'69.20',
'69.20.1',
'69.20.2',
'69.20.3',
'74.9',
'81.2'
);

update PBANDI_D_ATTIVITA_ATECO
set id_attivita_economica = 15
where cod_ateco in (
'55.01.00',
'56',
'56.01.00',
'56.10.00',
'55.1',
'56.1',
'56.10');

update PBANDI_D_ATTIVITA_ATECO
set id_attivita_economica = 17
where cod_ateco in ('82',
'82.03.00',
'82.30.00',
'82.30.00',
'82.30.00',
'82.09.00',
'82.99',
'82.99.9',
'82.9',
'82.3',
'82.30',
'82.30.0'
);

update PBANDI_D_ATTIVITA_ATECO
set id_attivita_economica = 21
where cod_ateco in (
'96',
'96.00.00',
'96.09.00',
'96.09.00',
'96.0',
'96.09',
'96.09.0');


commit;


alter table PBANDI_D_ATTIVITA_ATECO
modify id_attivita_economica not null;

INSERT INTO PBANDI_D_IND_RISULTATO_PROGRAM (ID_IND_RISULTATO_PROGRAM, COD_IGRUE_T20, DESC_IND_RISULTATO_PROGRAMMA, DT_INIZIO_VALIDITA) VALUES (1 ,1 ,'Produttivita'' innovativa dei progetti: domande di brevetto scaturite dai progetti di ricerca finanziati sul numero totale dei progetti di ricerca finanziati - %',                              to_date('01/01/2009','dd/mm/yyyy'));
INSERT INTO PBANDI_D_IND_RISULTATO_PROGRAM (ID_IND_RISULTATO_PROGRAM, COD_IGRUE_T20, DESC_IND_RISULTATO_PROGRAMMA, DT_INIZIO_VALIDITA) VALUES (2 ,2 ,'Imprese innovatrici - %',                                                                                                                                                                        to_date('01/01/2009','dd/mm/yyyy'));
INSERT INTO PBANDI_D_IND_RISULTATO_PROGRAM (ID_IND_RISULTATO_PROGRAM, COD_IGRUE_T20, DESC_IND_RISULTATO_PROGRAMMA, DT_INIZIO_VALIDITA) VALUES (3 ,3 ,'Spesa totale per innovazione per addetto - Euro',                                                                                                                                                to_date('01/01/2009','dd/mm/yyyy'));
INSERT INTO PBANDI_D_IND_RISULTATO_PROGRAM (ID_IND_RISULTATO_PROGRAM, COD_IGRUE_T20, DESC_IND_RISULTATO_PROGRAMMA, DT_INIZIO_VALIDITA) VALUES (4 ,4 ,'Intensita'' brevettuale: brevetti registrati allo European Patent Office (EPO) per milione di abitanti - n.',                                                                                    to_date('01/01/2009','dd/mm/yyyy'));
INSERT INTO PBANDI_D_IND_RISULTATO_PROGRAM (ID_IND_RISULTATO_PROGRAM, COD_IGRUE_T20, DESC_IND_RISULTATO_PROGRAMMA, DT_INIZIO_VALIDITA) VALUES (5 ,5 ,'Imprese che hanno introdotto innovazione di prodotto e/o di processo - % sul totale delle imprese innovatrici',                                                                                  to_date('01/01/2009','dd/mm/yyyy'));
INSERT INTO PBANDI_D_IND_RISULTATO_PROGRAM (ID_IND_RISULTATO_PROGRAM, COD_IGRUE_T20, DESC_IND_RISULTATO_PROGRAMMA, DT_INIZIO_VALIDITA) VALUES (6 ,6 ,'Competitivita'': incremento % del fatturato delle imprese che hanno introdotto innovazione in seguito al programma (dopo 5 anni) - %',                                                           to_date('01/01/2009','dd/mm/yyyy'));
INSERT INTO PBANDI_D_IND_RISULTATO_PROGRAM (ID_IND_RISULTATO_PROGRAM, COD_IGRUE_T20, DESC_IND_RISULTATO_PROGRAMMA, DT_INIZIO_VALIDITA) VALUES (7 ,7 ,'Addetti alla Ricerca e Sviluppo: Addetti alla ricerca e sviluppo per 1.000 abitanti - %',                                                                                                        to_date('01/01/2009','dd/mm/yyyy'));
INSERT INTO PBANDI_D_IND_RISULTATO_PROGRAM (ID_IND_RISULTATO_PROGRAM, COD_IGRUE_T20, DESC_IND_RISULTATO_PROGRAMMA, DT_INIZIO_VALIDITA) VALUES (8 ,8 ,'Brevetti ad alta tecnologia depositati all''UEB per milione di abitanti - n.',                                                                                                                   to_date('01/01/2009','dd/mm/yyyy'));
INSERT INTO PBANDI_D_IND_RISULTATO_PROGRAM (ID_IND_RISULTATO_PROGRAM, COD_IGRUE_T20, DESC_IND_RISULTATO_PROGRAMMA, DT_INIZIO_VALIDITA) VALUES (9 ,9 ,'Spesa in R&S per addetto in R&S: Spesa totale sostenuta in Piemonte per la R&S su il numero di addetti nella R&S - Euro',                                                                        to_date('01/01/2009','dd/mm/yyyy'));
INSERT INTO PBANDI_D_IND_RISULTATO_PROGRAM (ID_IND_RISULTATO_PROGRAM, COD_IGRUE_T20, DESC_IND_RISULTATO_PROGRAMMA, DT_INIZIO_VALIDITA) VALUES (10,10,'Unita'' locali di imprese ICT sul totale delle unita'' locali  %',                                                                                                                              to_date('01/01/2009','dd/mm/yyyy')); 
INSERT INTO PBANDI_D_IND_RISULTATO_PROGRAM (ID_IND_RISULTATO_PROGRAM, COD_IGRUE_T20, DESC_IND_RISULTATO_PROGRAMMA, DT_INIZIO_VALIDITA) VALUES (11,11,'Imprese che hanno ricevuto ordini on line - %',                                                                                                                                                  to_date('01/01/2009','dd/mm/yyyy'));
INSERT INTO PBANDI_D_IND_RISULTATO_PROGRAM (ID_IND_RISULTATO_PROGRAM, COD_IGRUE_T20, DESC_IND_RISULTATO_PROGRAMMA, DT_INIZIO_VALIDITA) VALUES (12,12,'Imprese che hanno effettuato ordini on line - %',                                                                                                                                                to_date('01/01/2009','dd/mm/yyyy'));
INSERT INTO PBANDI_D_IND_RISULTATO_PROGRAM (ID_IND_RISULTATO_PROGRAM, COD_IGRUE_T20, DESC_IND_RISULTATO_PROGRAMMA, DT_INIZIO_VALIDITA) VALUES (13,13,'Consumi di energia elettrica coperti da fonti rinnovabili - % senza idroelettrico',                                                                                                              to_date('01/01/2009','dd/mm/yyyy'));
INSERT INTO PBANDI_D_IND_RISULTATO_PROGRAM (ID_IND_RISULTATO_PROGRAM, COD_IGRUE_T20, DESC_IND_RISULTATO_PROGRAMMA, DT_INIZIO_VALIDITA) VALUES (14,14,'Produzione di energie rinnovabili: biomasse per produzione elettrica - GWh',                                                                                                                     to_date('01/01/2009','dd/mm/yyyy'));
INSERT INTO PBANDI_D_IND_RISULTATO_PROGRAM (ID_IND_RISULTATO_PROGRAM, COD_IGRUE_T20, DESC_IND_RISULTATO_PROGRAMMA, DT_INIZIO_VALIDITA) VALUES (15,15,'Produzione di beni strumentali per l''energia rinnovabile: incremento % del fatturato delle imprese che hanno prodotto beni strumentali per l''energia rinnovabile in seguito al programma - %', to_date('01/01/2009','dd/mm/yyyy'));
INSERT INTO PBANDI_D_IND_RISULTATO_PROGRAM (ID_IND_RISULTATO_PROGRAM, COD_IGRUE_T20, DESC_IND_RISULTATO_PROGRAMMA, DT_INIZIO_VALIDITA) VALUES (16,16,'Aumento dell''efficienza energetica: riduzione dei consumi energetici del settore manifatturiero. Consumi finali  - Ktep',                                                                       to_date('01/01/2009','dd/mm/yyyy'));
INSERT INTO PBANDI_D_IND_RISULTATO_PROGRAM (ID_IND_RISULTATO_PROGRAM, COD_IGRUE_T20, DESC_IND_RISULTATO_PROGRAMMA, DT_INIZIO_VALIDITA) VALUES (17,17,'Intensita'' del consumo energetico: intensita'' energetica dell''industria (migliaia di TEP per milioni di euro di valore aggiunto prodotto dall''industria) - Ktep',                            to_date('01/01/2009','dd/mm/yyyy'));   
INSERT INTO PBANDI_D_IND_RISULTATO_PROGRAM (ID_IND_RISULTATO_PROGRAM, COD_IGRUE_T20, DESC_IND_RISULTATO_PROGRAMMA, DT_INIZIO_VALIDITA) VALUES (18,18,'Capacita'' aggiuntiva di produzione di energia rinnovabile - Ktep',                                                                                                                              to_date('01/01/2009','dd/mm/yyyy'));
INSERT INTO PBANDI_D_IND_RISULTATO_PROGRAM (ID_IND_RISULTATO_PROGRAM, COD_IGRUE_T20, DESC_IND_RISULTATO_PROGRAMMA, DT_INIZIO_VALIDITA) VALUES (19,19,'Attrattivita'' turistica - giornate di presenza (italiani e straneri) nel complesso degli esercizi ricettivi per abitante',                                                                      to_date('01/01/2009','dd/mm/yyyy'));
INSERT INTO PBANDI_D_IND_RISULTATO_PROGRAM (ID_IND_RISULTATO_PROGRAM, COD_IGRUE_T20, DESC_IND_RISULTATO_PROGRAMMA, DT_INIZIO_VALIDITA) VALUES (20,20,'Incremento dei visitatori nelle strutture e nelle aree oggetto di riqualificazione - %',                                                                                                         to_date('01/01/2009','dd/mm/yyyy'));
INSERT INTO PBANDI_D_IND_RISULTATO_PROGRAM (ID_IND_RISULTATO_PROGRAM, COD_IGRUE_T20, DESC_IND_RISULTATO_PROGRAMMA, DT_INIZIO_VALIDITA) VALUES (21,21,'Numero di imprese di servizi avanzati attratte nelle aree dismesse recuperate - n.',                                                                                                             to_date('01/01/2009','dd/mm/yyyy'));
INSERT INTO PBANDI_D_IND_RISULTATO_PROGRAM (ID_IND_RISULTATO_PROGRAM, COD_IGRUE_T20, DESC_IND_RISULTATO_PROGRAMMA, DT_INIZIO_VALIDITA) VALUES (22,22,'Posti di lavoro creati nell''ambito di progetti integrati - n.',                                                                                                                                 to_date('01/01/2009','dd/mm/yyyy'));
INSERT INTO PBANDI_D_IND_RISULTATO_PROGRAM (ID_IND_RISULTATO_PROGRAM, COD_IGRUE_T20, DESC_IND_RISULTATO_PROGRAMMA, DT_INIZIO_VALIDITA) VALUES (23,23,'Quota di popolazione interessata da interventi di riqualificazione urbana - n.',                                                                                                                 to_date('01/01/2009','dd/mm/yyyy'));
INSERT INTO PBANDI_D_IND_RISULTATO_PROGRAM (ID_IND_RISULTATO_PROGRAM, COD_IGRUE_T20, DESC_IND_RISULTATO_PROGRAMMA, DT_INIZIO_VALIDITA) VALUES (24,24,'Superficie interessata da interventi di riqualificazione urbana - mq',                                                                                                                           to_date('01/01/2009','dd/mm/yyyy'));
INSERT INTO PBANDI_D_IND_RISULTATO_PROGRAM (ID_IND_RISULTATO_PROGRAM, COD_IGRUE_T20, DESC_IND_RISULTATO_PROGRAMMA, DT_INIZIO_VALIDITA) VALUES (25,25,'Diminuzione dei tempi di istruttoria dei progetti',                                                                                                                                              to_date('01/01/2009','dd/mm/yyyy'));
INSERT INTO PBANDI_D_IND_RISULTATO_PROGRAM (ID_IND_RISULTATO_PROGRAM, COD_IGRUE_T20, DESC_IND_RISULTATO_PROGRAMMA, DT_INIZIO_VALIDITA) VALUES (26,26,'Tempistica di aggiornamento dei dati di monitoraggio',                                                                                                                                           to_date('01/01/2009','dd/mm/yyyy'));
INSERT INTO PBANDI_D_IND_RISULTATO_PROGRAM (ID_IND_RISULTATO_PROGRAM, COD_IGRUE_T20, DESC_IND_RISULTATO_PROGRAMMA, DT_INIZIO_VALIDITA) VALUES (27,27,'Quota di popolazione raggiunta dalle azioni di informazione e pubblicita'' - %',                                                                                                                 to_date('01/01/2009','dd/mm/yyyy'));

commit;

insert into pbandi_r_linea_interv_mapping(id_linea_di_intervento_attuale,id_linea_di_intervento_migrata) values(5 ,1 );
insert into pbandi_r_linea_interv_mapping(id_linea_di_intervento_attuale,id_linea_di_intervento_migrata) values(17,2 );
insert into pbandi_r_linea_interv_mapping(id_linea_di_intervento_attuale,id_linea_di_intervento_migrata) values(22,3 );
insert into pbandi_r_linea_interv_mapping(id_linea_di_intervento_attuale,id_linea_di_intervento_migrata) values(24,4 );
insert into pbandi_r_linea_interv_mapping(id_linea_di_intervento_attuale,id_linea_di_intervento_migrata) values(22,18);
insert into pbandi_r_linea_interv_mapping(id_linea_di_intervento_attuale,id_linea_di_intervento_migrata) values(24,19);
insert into pbandi_r_linea_interv_mapping(id_linea_di_intervento_attuale,id_linea_di_intervento_migrata) values(22,13);
insert into pbandi_r_linea_interv_mapping(id_linea_di_intervento_attuale,id_linea_di_intervento_migrata) values(24,14);
insert into pbandi_r_linea_interv_mapping(id_linea_di_intervento_attuale,id_linea_di_intervento_migrata) values(24,15);
insert into pbandi_r_linea_interv_mapping(id_linea_di_intervento_attuale,id_linea_di_intervento_migrata) values(24,16);

commit;




insert into pbandi_r_bando_lin_tipo_aiuto
(id_tipo_aiuto,progr_bando_linea_intervento)
(select id_tipo_aiuto,5 from pbandi_d_tipo_aiuto where COD_IGRUE_T1 = 'C');

insert into pbandi_r_bando_lin_tipo_aiuto
(id_tipo_aiuto,progr_bando_linea_intervento)
(select id_tipo_aiuto,6 from pbandi_d_tipo_aiuto where COD_IGRUE_T1 = 'C');

insert into pbandi_r_bando_lin_tipo_aiuto
(id_tipo_aiuto,progr_bando_linea_intervento)
(select id_tipo_aiuto,7 from pbandi_d_tipo_aiuto where COD_IGRUE_T1 = 'C');

insert into pbandi_r_bando_lin_tipo_aiuto
(id_tipo_aiuto,progr_bando_linea_intervento)
(select id_tipo_aiuto,2 from pbandi_d_tipo_aiuto where COD_IGRUE_T1 = 'C');

insert into pbandi_r_bando_lin_tipo_aiuto
(id_tipo_aiuto,progr_bando_linea_intervento)
(select id_tipo_aiuto,3 from pbandi_d_tipo_aiuto where COD_IGRUE_T1 = 'C');

insert into pbandi_r_bando_lin_tipo_aiuto
(id_tipo_aiuto,progr_bando_linea_intervento)
(select id_tipo_aiuto,6 from pbandi_d_tipo_aiuto where COD_IGRUE_T1 = 'B');

insert into pbandi_r_bando_lin_tipo_aiuto
(id_tipo_aiuto,progr_bando_linea_intervento)
(select id_tipo_aiuto,2 from pbandi_d_tipo_aiuto where COD_IGRUE_T1 = 'B');

insert into pbandi_r_bando_lin_tipo_aiuto
(id_tipo_aiuto,progr_bando_linea_intervento)
(select id_tipo_aiuto,3 from pbandi_d_tipo_aiuto where COD_IGRUE_T1 = 'B');

insert into pbandi_r_bando_lin_tipo_aiuto
(id_tipo_aiuto,progr_bando_linea_intervento)
(select id_tipo_aiuto,4 from pbandi_d_tipo_aiuto where COD_IGRUE_T1 = 'B');

insert into pbandi_r_bando_lin_tipo_aiuto
(id_tipo_aiuto,progr_bando_linea_intervento)
(select id_tipo_aiuto,1 from pbandi_d_tipo_aiuto where COD_IGRUE_T1 = 'D');

insert into pbandi_r_bando_lin_tipo_aiuto
(id_tipo_aiuto,progr_bando_linea_intervento)
(select id_tipo_aiuto,2 from pbandi_d_tipo_aiuto where COD_IGRUE_T1 = 'D');

insert into pbandi_r_bando_lin_tipo_aiuto
(id_tipo_aiuto,progr_bando_linea_intervento)
(select id_tipo_aiuto,4 from pbandi_d_tipo_aiuto where COD_IGRUE_T1 = 'D');

insert into pbandi_r_bando_lin_tipo_aiuto
(id_tipo_aiuto,progr_bando_linea_intervento)
(select id_tipo_aiuto,8 from pbandi_d_tipo_aiuto where COD_IGRUE_T1 = 'D');

insert into pbandi_r_bando_lin_tipo_aiuto
(id_tipo_aiuto,progr_bando_linea_intervento)
(select id_tipo_aiuto,1 from pbandi_d_tipo_aiuto where COD_IGRUE_T1 = 'F');

insert into pbandi_r_bando_lin_tipo_aiuto
(id_tipo_aiuto,progr_bando_linea_intervento)
(select id_tipo_aiuto,8 from pbandi_d_tipo_aiuto where COD_IGRUE_T1 = 'F');

SET DEFINE OFF;
Insert into PBANDI_R_BANDO_LIN_TIPO_AIUTO
   (ID_TIPO_AIUTO, PROGR_BANDO_LINEA_INTERVENTO)
 Values
   (3, 9);
COMMIT;



update pbandi_t_bando
set id_settore_cpt = 9
where id_bando in (1,5,6,7);

update pbandi_t_bando
set id_settore_cpt = 5
where id_bando in (2,3,4);


update pbandi_t_domanda
set id_tipo_aiuto = (select id_tipo_aiuto from pbandi_d_tipo_aiuto where COD_IGRUE_T1 = 'C')
where PROGR_BANDO_LINEA_INTERVENTO in (5,7);

update pbandi_t_progetto
set id_tipo_operazione = 3;

insert into PBANDI_R_BANDO_INDICATORI
(ID_BANDO,ID_INDICATORI,ID_UTENTE_INS)
values
(5,33,0);

insert into PBANDI_R_BANDO_INDICATORI
(ID_BANDO,ID_INDICATORI,ID_UTENTE_INS)
values
(1,33,0);

insert into PBANDI_R_BANDO_INDICATORI
(ID_BANDO,ID_INDICATORI,ID_UTENTE_INS)
values
(2,33,0);

insert into PBANDI_R_BANDO_INDICATORI
(ID_BANDO,ID_INDICATORI,ID_UTENTE_INS)
values
(3,33,0);

insert into PBANDI_R_BANDO_INDICATORI
(ID_BANDO,ID_INDICATORI,ID_UTENTE_INS)
values
(6,33,0);

insert into PBANDI_R_BANDO_INDICATORI
(ID_BANDO,ID_INDICATORI,ID_UTENTE_INS)
values
(5,19,0);

insert into PBANDI_R_BANDO_INDICATORI
(ID_BANDO,ID_INDICATORI,ID_UTENTE_INS)
values
(2,35,0);

insert into PBANDI_R_BANDO_INDICATORI
(ID_BANDO,ID_INDICATORI,ID_UTENTE_INS)
values
(3,19,0);

insert into PBANDI_R_BANDO_INDICATORI
(ID_BANDO,ID_INDICATORI,ID_UTENTE_INS)
values
(4,19,0);

insert into PBANDI_R_BANDO_INDICATORI
(ID_BANDO,ID_INDICATORI,ID_UTENTE_INS)
(select id_bando,44,0 from pbandi_t_bando);

insert into PBANDI_R_BANDO_INDICATORI
(ID_BANDO,ID_INDICATORI,ID_UTENTE_INS)
(select id_bando,43,0 from pbandi_t_bando);

insert into PBANDI_R_BANDO_INDICATORI
(ID_BANDO,ID_INDICATORI,ID_UTENTE_INS)
(select 5,id_indicatori,0 
 from PBANDI_D_INDICATORI
 where cod_igrue in ('1778','1782','1783'));
 
 insert into PBANDI_R_BANDO_INDICATORI
(ID_BANDO,ID_INDICATORI,ID_UTENTE_INS)
(select 6,id_indicatori,0 
 from PBANDI_D_INDICATORI
 where cod_igrue in ('1778','1782','1783'));
 
insert into PBANDI_R_BANDO_INDICATORI
(ID_BANDO,ID_INDICATORI,ID_UTENTE_INS)
(select 1,id_indicatori,0 
 from PBANDI_D_INDICATORI
 where cod_igrue in ('1777','1178','1780','1781'));
 
insert into PBANDI_R_BANDO_INDICATORI
(ID_BANDO,ID_INDICATORI,ID_UTENTE_INS)
(select 2,id_indicatori,0 
 from PBANDI_D_INDICATORI
 where cod_igrue in ('1791','1792','1793'));
 
insert into PBANDI_R_BANDO_INDICATORI
(ID_BANDO,ID_INDICATORI,ID_UTENTE_INS)
(select 3,id_indicatori,0 
 from PBANDI_D_INDICATORI
 where cod_igrue in ('1791','1792','1793'));
 
insert into PBANDI_R_BANDO_INDICATORI
(ID_BANDO,ID_INDICATORI,ID_UTENTE_INS)
(select 4,id_indicatori,0 
 from PBANDI_D_INDICATORI
 where cod_igrue in ('1791')); 
 
insert into PBANDI_R_BANDO_INDICATORI
(ID_BANDO,ID_INDICATORI,ID_UTENTE_INS)
(select 7,id_indicatori,0 
 from PBANDI_D_INDICATORI
 where cod_igrue in ('799','1779'));  
 
commit; 

insert into pbandi_r_bando_lin_ind_ris_pro(ID_IND_RISULTATO_PROGRAM,PROGR_BANDO_LINEA_INTERVENTO) values (1,5);
insert into pbandi_r_bando_lin_ind_ris_pro(ID_IND_RISULTATO_PROGRAM,PROGR_BANDO_LINEA_INTERVENTO) values (2,5);
insert into pbandi_r_bando_lin_ind_ris_pro(ID_IND_RISULTATO_PROGRAM,PROGR_BANDO_LINEA_INTERVENTO) values (3,5);
insert into pbandi_r_bando_lin_ind_ris_pro(ID_IND_RISULTATO_PROGRAM,PROGR_BANDO_LINEA_INTERVENTO) values (4,5);
insert into pbandi_r_bando_lin_ind_ris_pro(ID_IND_RISULTATO_PROGRAM,PROGR_BANDO_LINEA_INTERVENTO) values (5,5);
insert into pbandi_r_bando_lin_ind_ris_pro(ID_IND_RISULTATO_PROGRAM,PROGR_BANDO_LINEA_INTERVENTO) values (6,5);
insert into pbandi_r_bando_lin_ind_ris_pro(ID_IND_RISULTATO_PROGRAM,PROGR_BANDO_LINEA_INTERVENTO) values (7,5);
insert into pbandi_r_bando_lin_ind_ris_pro(ID_IND_RISULTATO_PROGRAM,PROGR_BANDO_LINEA_INTERVENTO) values (8,5);
insert into pbandi_r_bando_lin_ind_ris_pro(ID_IND_RISULTATO_PROGRAM,PROGR_BANDO_LINEA_INTERVENTO) values (9,5);
insert into pbandi_r_bando_lin_ind_ris_pro(ID_IND_RISULTATO_PROGRAM,PROGR_BANDO_LINEA_INTERVENTO) values (1,6);
insert into pbandi_r_bando_lin_ind_ris_pro(ID_IND_RISULTATO_PROGRAM,PROGR_BANDO_LINEA_INTERVENTO) values (2,6);
insert into pbandi_r_bando_lin_ind_ris_pro(ID_IND_RISULTATO_PROGRAM,PROGR_BANDO_LINEA_INTERVENTO) values (3,6);
insert into pbandi_r_bando_lin_ind_ris_pro(ID_IND_RISULTATO_PROGRAM,PROGR_BANDO_LINEA_INTERVENTO) values (4,6);
insert into pbandi_r_bando_lin_ind_ris_pro(ID_IND_RISULTATO_PROGRAM,PROGR_BANDO_LINEA_INTERVENTO) values (5,6);
insert into pbandi_r_bando_lin_ind_ris_pro(ID_IND_RISULTATO_PROGRAM,PROGR_BANDO_LINEA_INTERVENTO) values (6,6);
insert into pbandi_r_bando_lin_ind_ris_pro(ID_IND_RISULTATO_PROGRAM,PROGR_BANDO_LINEA_INTERVENTO) values (7,6);
insert into pbandi_r_bando_lin_ind_ris_pro(ID_IND_RISULTATO_PROGRAM,PROGR_BANDO_LINEA_INTERVENTO) values (8,6);
insert into pbandi_r_bando_lin_ind_ris_pro(ID_IND_RISULTATO_PROGRAM,PROGR_BANDO_LINEA_INTERVENTO) values (9,6);
insert into pbandi_r_bando_lin_ind_ris_pro(ID_IND_RISULTATO_PROGRAM,PROGR_BANDO_LINEA_INTERVENTO) values (1,7);
insert into pbandi_r_bando_lin_ind_ris_pro(ID_IND_RISULTATO_PROGRAM,PROGR_BANDO_LINEA_INTERVENTO) values (2,7);
insert into pbandi_r_bando_lin_ind_ris_pro(ID_IND_RISULTATO_PROGRAM,PROGR_BANDO_LINEA_INTERVENTO) values (3,7);
insert into pbandi_r_bando_lin_ind_ris_pro(ID_IND_RISULTATO_PROGRAM,PROGR_BANDO_LINEA_INTERVENTO) values (4,7);
insert into pbandi_r_bando_lin_ind_ris_pro(ID_IND_RISULTATO_PROGRAM,PROGR_BANDO_LINEA_INTERVENTO) values (5,7);
insert into pbandi_r_bando_lin_ind_ris_pro(ID_IND_RISULTATO_PROGRAM,PROGR_BANDO_LINEA_INTERVENTO) values (6,7);
insert into pbandi_r_bando_lin_ind_ris_pro(ID_IND_RISULTATO_PROGRAM,PROGR_BANDO_LINEA_INTERVENTO) values (7,7);
insert into pbandi_r_bando_lin_ind_ris_pro(ID_IND_RISULTATO_PROGRAM,PROGR_BANDO_LINEA_INTERVENTO) values (8,7);
insert into pbandi_r_bando_lin_ind_ris_pro(ID_IND_RISULTATO_PROGRAM,PROGR_BANDO_LINEA_INTERVENTO) values (9,7);
insert into pbandi_r_bando_lin_ind_ris_pro(ID_IND_RISULTATO_PROGRAM,PROGR_BANDO_LINEA_INTERVENTO) values (10,7);
insert into pbandi_r_bando_lin_ind_ris_pro(ID_IND_RISULTATO_PROGRAM,PROGR_BANDO_LINEA_INTERVENTO) values (11,7);
insert into pbandi_r_bando_lin_ind_ris_pro(ID_IND_RISULTATO_PROGRAM,PROGR_BANDO_LINEA_INTERVENTO) values (12,7);
insert into pbandi_r_bando_lin_ind_ris_pro(ID_IND_RISULTATO_PROGRAM,PROGR_BANDO_LINEA_INTERVENTO) values (1,1);
insert into pbandi_r_bando_lin_ind_ris_pro(ID_IND_RISULTATO_PROGRAM,PROGR_BANDO_LINEA_INTERVENTO) values (7,1);
insert into pbandi_r_bando_lin_ind_ris_pro(ID_IND_RISULTATO_PROGRAM,PROGR_BANDO_LINEA_INTERVENTO) values (8,1);
insert into pbandi_r_bando_lin_ind_ris_pro(ID_IND_RISULTATO_PROGRAM,PROGR_BANDO_LINEA_INTERVENTO) values (9,1);
insert into pbandi_r_bando_lin_ind_ris_pro(ID_IND_RISULTATO_PROGRAM,PROGR_BANDO_LINEA_INTERVENTO) values (13,2);
insert into pbandi_r_bando_lin_ind_ris_pro(ID_IND_RISULTATO_PROGRAM,PROGR_BANDO_LINEA_INTERVENTO) values (14,2);
insert into pbandi_r_bando_lin_ind_ris_pro(ID_IND_RISULTATO_PROGRAM,PROGR_BANDO_LINEA_INTERVENTO) values (16,2);
insert into pbandi_r_bando_lin_ind_ris_pro(ID_IND_RISULTATO_PROGRAM,PROGR_BANDO_LINEA_INTERVENTO) values (17,2);
insert into pbandi_r_bando_lin_ind_ris_pro(ID_IND_RISULTATO_PROGRAM,PROGR_BANDO_LINEA_INTERVENTO) values (18,2);
insert into pbandi_r_bando_lin_ind_ris_pro(ID_IND_RISULTATO_PROGRAM,PROGR_BANDO_LINEA_INTERVENTO) values (13,3);
insert into pbandi_r_bando_lin_ind_ris_pro(ID_IND_RISULTATO_PROGRAM,PROGR_BANDO_LINEA_INTERVENTO) values (14,3);
insert into pbandi_r_bando_lin_ind_ris_pro(ID_IND_RISULTATO_PROGRAM,PROGR_BANDO_LINEA_INTERVENTO) values (15,3);
insert into pbandi_r_bando_lin_ind_ris_pro(ID_IND_RISULTATO_PROGRAM,PROGR_BANDO_LINEA_INTERVENTO) values (16,3);
insert into pbandi_r_bando_lin_ind_ris_pro(ID_IND_RISULTATO_PROGRAM,PROGR_BANDO_LINEA_INTERVENTO) values (17,3);
insert into pbandi_r_bando_lin_ind_ris_pro(ID_IND_RISULTATO_PROGRAM,PROGR_BANDO_LINEA_INTERVENTO) values (18,3);
insert into pbandi_r_bando_lin_ind_ris_pro(ID_IND_RISULTATO_PROGRAM,PROGR_BANDO_LINEA_INTERVENTO) values (13,4);
insert into pbandi_r_bando_lin_ind_ris_pro(ID_IND_RISULTATO_PROGRAM,PROGR_BANDO_LINEA_INTERVENTO) values (16,4);
insert into pbandi_r_bando_lin_ind_ris_pro(ID_IND_RISULTATO_PROGRAM,PROGR_BANDO_LINEA_INTERVENTO) values (17,4);
insert into pbandi_r_bando_lin_ind_ris_pro(ID_IND_RISULTATO_PROGRAM,PROGR_BANDO_LINEA_INTERVENTO) values (18,4);
insert into pbandi_r_bando_lin_ind_ris_pro(ID_IND_RISULTATO_PROGRAM,PROGR_BANDO_LINEA_INTERVENTO) values (1,8);
insert into pbandi_r_bando_lin_ind_ris_pro(ID_IND_RISULTATO_PROGRAM,PROGR_BANDO_LINEA_INTERVENTO) values (2,8);
insert into pbandi_r_bando_lin_ind_ris_pro(ID_IND_RISULTATO_PROGRAM,PROGR_BANDO_LINEA_INTERVENTO) values (3,8);
insert into pbandi_r_bando_lin_ind_ris_pro(ID_IND_RISULTATO_PROGRAM,PROGR_BANDO_LINEA_INTERVENTO) values (4,8);
insert into pbandi_r_bando_lin_ind_ris_pro(ID_IND_RISULTATO_PROGRAM,PROGR_BANDO_LINEA_INTERVENTO) values (5,8);
insert into pbandi_r_bando_lin_ind_ris_pro(ID_IND_RISULTATO_PROGRAM,PROGR_BANDO_LINEA_INTERVENTO) values (6,8);
insert into pbandi_r_bando_lin_ind_ris_pro(ID_IND_RISULTATO_PROGRAM,PROGR_BANDO_LINEA_INTERVENTO) values (7,8);
insert into pbandi_r_bando_lin_ind_ris_pro(ID_IND_RISULTATO_PROGRAM,PROGR_BANDO_LINEA_INTERVENTO) values (1,9);
insert into pbandi_r_bando_lin_ind_ris_pro(ID_IND_RISULTATO_PROGRAM,PROGR_BANDO_LINEA_INTERVENTO) values (2,9);
insert into pbandi_r_bando_lin_ind_ris_pro(ID_IND_RISULTATO_PROGRAM,PROGR_BANDO_LINEA_INTERVENTO) values (3,9);
insert into pbandi_r_bando_lin_ind_ris_pro(ID_IND_RISULTATO_PROGRAM,PROGR_BANDO_LINEA_INTERVENTO) values (4,9);
insert into pbandi_r_bando_lin_ind_ris_pro(ID_IND_RISULTATO_PROGRAM,PROGR_BANDO_LINEA_INTERVENTO) values (5,9);
insert into pbandi_r_bando_lin_ind_ris_pro(ID_IND_RISULTATO_PROGRAM,PROGR_BANDO_LINEA_INTERVENTO) values (6,9);
insert into pbandi_r_bando_lin_ind_ris_pro(ID_IND_RISULTATO_PROGRAM,PROGR_BANDO_LINEA_INTERVENTO) values (7,9);
insert into pbandi_r_bando_lin_ind_ris_pro(ID_IND_RISULTATO_PROGRAM,PROGR_BANDO_LINEA_INTERVENTO) values (8,9);
insert into pbandi_r_bando_lin_ind_ris_pro(ID_IND_RISULTATO_PROGRAM,PROGR_BANDO_LINEA_INTERVENTO) values (9,9);

INSERT INTO PBANDI_R_BAN_LINEA_INT_TEM_PRI (ID_TEMA_PRIORITARIO,PROGR_BANDO_LINEA_INTERVENTO,ID_UTENTE_INS) VALUES (14,7,0);
INSERT INTO PBANDI_R_BAN_LINEA_INT_TEM_PRI (ID_TEMA_PRIORITARIO,PROGR_BANDO_LINEA_INTERVENTO,ID_UTENTE_INS) VALUES (7,1,0);
INSERT INTO PBANDI_R_BAN_LINEA_INT_TEM_PRI (ID_TEMA_PRIORITARIO,PROGR_BANDO_LINEA_INTERVENTO,ID_UTENTE_INS) VALUES (43,2,0);
INSERT INTO PBANDI_R_BAN_LINEA_INT_TEM_PRI (ID_TEMA_PRIORITARIO,PROGR_BANDO_LINEA_INTERVENTO,ID_UTENTE_INS) VALUES (42,3,0);
INSERT INTO PBANDI_R_BAN_LINEA_INT_TEM_PRI (ID_TEMA_PRIORITARIO,PROGR_BANDO_LINEA_INTERVENTO,ID_UTENTE_INS) VALUES (40,4,0);
INSERT INTO PBANDI_R_BAN_LINEA_INT_TEM_PRI (ID_TEMA_PRIORITARIO,PROGR_BANDO_LINEA_INTERVENTO,ID_UTENTE_INS) VALUES (7,8,0);
INSERT INTO PBANDI_R_BAN_LINEA_INT_TEM_PRI (ID_TEMA_PRIORITARIO,PROGR_BANDO_LINEA_INTERVENTO,ID_UTENTE_INS) VALUES (7,9,0);


INSERT INTO PBANDI_R_BANDO_LIN_INDICAT_QSN (ID_INDICATORE_QSN, PROGR_BANDO_LINEA_INTERVENTO) VALUES (12,7);
INSERT INTO PBANDI_R_BANDO_LIN_INDICAT_QSN (ID_INDICATORE_QSN, PROGR_BANDO_LINEA_INTERVENTO) VALUES (13,7);
INSERT INTO PBANDI_R_BANDO_LIN_INDICAT_QSN (ID_INDICATORE_QSN, PROGR_BANDO_LINEA_INTERVENTO) VALUES (14,7);
INSERT INTO PBANDI_R_BANDO_LIN_INDICAT_QSN (ID_INDICATORE_QSN, PROGR_BANDO_LINEA_INTERVENTO) VALUES (15,7);
INSERT INTO PBANDI_R_BANDO_LIN_INDICAT_QSN (ID_INDICATORE_QSN, PROGR_BANDO_LINEA_INTERVENTO) VALUES (10,1);
INSERT INTO PBANDI_R_BANDO_LIN_INDICAT_QSN (ID_INDICATORE_QSN, PROGR_BANDO_LINEA_INTERVENTO) VALUES (11,1);
INSERT INTO PBANDI_R_BANDO_LIN_INDICAT_QSN (ID_INDICATORE_QSN, PROGR_BANDO_LINEA_INTERVENTO) VALUES (12,1);
INSERT INTO PBANDI_R_BANDO_LIN_INDICAT_QSN (ID_INDICATORE_QSN, PROGR_BANDO_LINEA_INTERVENTO) VALUES (13,1);
INSERT INTO PBANDI_R_BANDO_LIN_INDICAT_QSN (ID_INDICATORE_QSN, PROGR_BANDO_LINEA_INTERVENTO) VALUES (19,2);
INSERT INTO PBANDI_R_BANDO_LIN_INDICAT_QSN (ID_INDICATORE_QSN, PROGR_BANDO_LINEA_INTERVENTO) VALUES (20,2);
INSERT INTO PBANDI_R_BANDO_LIN_INDICAT_QSN (ID_INDICATORE_QSN, PROGR_BANDO_LINEA_INTERVENTO) VALUES (23,2);
INSERT INTO PBANDI_R_BANDO_LIN_INDICAT_QSN (ID_INDICATORE_QSN, PROGR_BANDO_LINEA_INTERVENTO) VALUES (21,2);
INSERT INTO PBANDI_R_BANDO_LIN_INDICAT_QSN (ID_INDICATORE_QSN, PROGR_BANDO_LINEA_INTERVENTO) VALUES (22,2);
INSERT INTO PBANDI_R_BANDO_LIN_INDICAT_QSN (ID_INDICATORE_QSN, PROGR_BANDO_LINEA_INTERVENTO) VALUES (19,3);
INSERT INTO PBANDI_R_BANDO_LIN_INDICAT_QSN (ID_INDICATORE_QSN, PROGR_BANDO_LINEA_INTERVENTO) VALUES (20,3);
INSERT INTO PBANDI_R_BANDO_LIN_INDICAT_QSN (ID_INDICATORE_QSN, PROGR_BANDO_LINEA_INTERVENTO) VALUES (23,3);
INSERT INTO PBANDI_R_BANDO_LIN_INDICAT_QSN (ID_INDICATORE_QSN, PROGR_BANDO_LINEA_INTERVENTO) VALUES (21,3);
INSERT INTO PBANDI_R_BANDO_LIN_INDICAT_QSN (ID_INDICATORE_QSN, PROGR_BANDO_LINEA_INTERVENTO) VALUES (22,3);
INSERT INTO PBANDI_R_BANDO_LIN_INDICAT_QSN (ID_INDICATORE_QSN, PROGR_BANDO_LINEA_INTERVENTO) VALUES (20,4);
INSERT INTO PBANDI_R_BANDO_LIN_INDICAT_QSN (ID_INDICATORE_QSN, PROGR_BANDO_LINEA_INTERVENTO) VALUES (21,4);
INSERT INTO PBANDI_R_BANDO_LIN_INDICAT_QSN (ID_INDICATORE_QSN, PROGR_BANDO_LINEA_INTERVENTO) VALUES (22,4);
INSERT INTO PBANDI_R_BANDO_LIN_INDICAT_QSN (ID_INDICATORE_QSN, PROGR_BANDO_LINEA_INTERVENTO) VALUES (12,8);
INSERT INTO PBANDI_R_BANDO_LIN_INDICAT_QSN (ID_INDICATORE_QSN, PROGR_BANDO_LINEA_INTERVENTO) VALUES (13,8);
INSERT INTO PBANDI_R_BANDO_LIN_INDICAT_QSN (ID_INDICATORE_QSN, PROGR_BANDO_LINEA_INTERVENTO) VALUES (14,8);
INSERT INTO PBANDI_R_BANDO_LIN_INDICAT_QSN (ID_INDICATORE_QSN, PROGR_BANDO_LINEA_INTERVENTO) VALUES (18,9);
INSERT INTO PBANDI_R_BANDO_LIN_INDICAT_QSN (ID_INDICATORE_QSN, PROGR_BANDO_LINEA_INTERVENTO) VALUES (13,9);

update PBANDI_T_PROGETTO
set ID_OBIETTIVO_SPECIF_QSN = 14
where id_progetto in (SELECT distinct pbandi_t_progetto.ID_PROGETTO
  FROM pbandi_t_progetto,
       pbandi_t_domanda,
       pbandi_r_bando_linea_intervent,
       pbandi_t_bando
 WHERE pbandi_t_domanda.id_domanda = pbandi_t_progetto.id_domanda
 AND  pbandi_r_bando_linea_intervent.progr_bando_linea_intervento = pbandi_t_domanda.progr_bando_linea_intervento
 AND  pbandi_t_bando.id_bando = pbandi_r_bando_linea_intervent.id_bando
 and  pbandi_r_bando_linea_intervent.progr_bando_linea_intervento in (1,7,8));

update PBANDI_T_PROGETTO
set ID_OBIETTIVO_SPECIF_QSN = 18
where id_progetto in (SELECT distinct pbandi_t_progetto.ID_PROGETTO
  FROM pbandi_t_progetto,
       pbandi_t_domanda,
       pbandi_r_bando_linea_intervent,
       pbandi_t_bando
 WHERE pbandi_t_domanda.id_domanda = pbandi_t_progetto.id_domanda
 AND  pbandi_r_bando_linea_intervent.progr_bando_linea_intervento = pbandi_t_domanda.progr_bando_linea_intervento
 AND  pbandi_t_bando.id_bando = pbandi_r_bando_linea_intervent.id_bando
 and  pbandi_r_bando_linea_intervent.progr_bando_linea_intervento in (3,4));
 
 UPDATE pbandi_t_bando
 SET id_tipologia_attivazione = 1;
 
 ALTER TABLE pbandi_t_bando
 MODIFY id_tipologia_attivazione NOT NULL;
 
 commit;
 
 update PBANDI_D_MODALITA_AGEVOLAZIONE
set DESC_BREVE_MODALITA_AGEVOLAZ= 'CapitaleRischio'
where ID_MODALITA_AGEVOLAZIONE= 3;

update PBANDI_D_MODALITA_AGEVOLAZIONE
set DESC_BREVE_MODALITA_AGEVOLAZ= 'AiutiFondoRotativo'
where ID_MODALITA_AGEVOLAZIONE= 5;

SET DEFINE OFF;
Insert into PBANDI_D_NOME_BATCH
   (ID_NOME_BATCH, NOME_BATCH, DESC_BATCH)
 Values
   (5, 'PBAN-POR-FESR', 'Invio dati POR-FESR Monitoraggio');

commit;

SET DEFINE OFF;
Insert into PBANDI_D_ERRORE_BATCH
   (CODICE_ERRORE, DESCRIZIONE)
 Values
   ('E087', 'Errore popolamento dei dati del progetto');
Insert into PBANDI_D_ERRORE_BATCH
   (CODICE_ERRORE, DESCRIZIONE)
 Values
   ('E088', 'Errore popolamento dati identificativi del progetto nel sistema CUP');


update PBANDI_D_LINEA_DI_INTERVENTO
set  ID_TIPO_STRUMENTO_PROGR = 1
where ID_LINEA_DI_INTERVENTO = 5;

COMMIT;

 
 SET DEFINE OFF;
Insert into PBANDI_D_MODALITA_EROGAZIONE
   (ID_MODALITA_EROGAZIONE, DESC_BREVE_MODALITA_EROGAZIONE, DESC_MODALITA_EROGAZIONE, DT_INIZIO_VALIDITA)
 Values
   (1, 'CB', 'CONTO CORRENTE BANCARIO', TO_DATE('01/01/2000 00:00:00', 'MM/DD/YYYY HH24:MI:SS'));
Insert into PBANDI_D_MODALITA_EROGAZIONE
   (ID_MODALITA_EROGAZIONE, DESC_BREVE_MODALITA_EROGAZIONE, DESC_MODALITA_EROGAZIONE, DT_INIZIO_VALIDITA)
 Values
   (2, 'CT', 'CONTANTI O QUIETANZA DIRETTA', TO_DATE('01/01/2000 00:00:00', 'MM/DD/YYYY HH24:MI:SS'));
Insert into PBANDI_D_MODALITA_EROGAZIONE
   (ID_MODALITA_EROGAZIONE, DESC_BREVE_MODALITA_EROGAZIONE, DESC_MODALITA_EROGAZIONE, DT_INIZIO_VALIDITA)
 Values
   (3, 'AB', 'ASSEGNO DI BONIFICO', TO_DATE('01/01/2000 00:00:00', 'MM/DD/YYYY HH24:MI:SS'));
Insert into PBANDI_D_MODALITA_EROGAZIONE
   (ID_MODALITA_EROGAZIONE, DESC_BREVE_MODALITA_EROGAZIONE, DESC_MODALITA_EROGAZIONE, DT_INIZIO_VALIDITA)
 Values
   (4, 'AS', 'ASSEGNO CIRCOLARE', TO_DATE('01/01/2000 00:00:00', 'MM/DD/YYYY HH24:MI:SS'));
Insert into PBANDI_D_MODALITA_EROGAZIONE
   (ID_MODALITA_EROGAZIONE, DESC_BREVE_MODALITA_EROGAZIONE, DESC_MODALITA_EROGAZIONE, DT_INIZIO_VALIDITA)
 Values
   (5, 'CP', 'CONTO CORRENTE POSTALE', TO_DATE('01/01/2000 00:00:00', 'MM/DD/YYYY HH24:MI:SS'));

   
update PBANDI_R_BANDO_LINEA_ENTE_COMP
set ID_ENTE_COMPETENZA = 28
where ID_RUOLO_ENTE_COMPETENZA in (2,6)
and ID_ENTE_COMPETENZA = 1;



insert into pbandi_c_versione
(versione_db)
values
('1.3.0');
   
COMMIT;

SET DEFINE OFF;
Insert into PBANDI_C_REGOLA
   (ID_REGOLA, DESC_BREVE_REGOLA, DESC_REGOLA, DT_INIZIO_VALIDITA)
 Values
   (seq_PBANDI_C_REGOLA.nextval, 'BR09', 'Associazione delle quietanze di mandato all''atto di liquidazione.', TO_DATE('01/01/2009 00:00:00', 'MM/DD/YYYY HH24:MI:SS'));

Insert into PBANDI_R_REGOLA_BANDO_LINEA
   (ID_REGOLA, PROGR_BANDO_LINEA_INTERVENTO)
 Values
   (seq_PBANDI_C_REGOLA.currval, 1);
COMMIT;
   
SET DEFINE OFF;
Insert into PBANDI_C_REGOLA
   (ID_REGOLA, DESC_BREVE_REGOLA, DESC_REGOLA, DT_INIZIO_VALIDITA)
 Values
   (seq_PBANDI_C_REGOLA.nextval, 'BR10', 'Erogazioni su progetto capofila', TO_DATE('10/01/2009 17:55:23', 'MM/DD/YYYY HH24:MI:SS'));

Insert into PBANDI_R_REGOLA_BANDO_LINEA
   (ID_REGOLA, PROGR_BANDO_LINEA_INTERVENTO)
 Values
   (seq_PBANDI_C_REGOLA.currval, 8);
   

   
update PBANDI_D_TIPO_ANAGRAFICA
set DESC_BREVE_TIPO_ANAGRAFICA = 'ADC-CERT',
	DESC_TIPO_ANAGRAFICA	   = 'Operatore dell''autorita'' di certificazione'
where ID_TIPO_ANAGRAFICA	   = 10	;

update PBANDI_D_TIPO_ANAGRAFICA
set DESC_BREVE_TIPO_ANAGRAFICA = 'ADG-CERT',
	DESC_TIPO_ANAGRAFICA	   = 'Operatore dell''autorita'' di gestione'
where ID_TIPO_ANAGRAFICA	   = 11;

COMMIT;

SET DEFINE OFF;
Insert into PBANDI_D_ERRORE_BATCH
   (CODICE_ERRORE, DESCRIZIONE)
 Values
   ('E091', 'Domanda non presente sul flusso GEFO per la domanda base');
Insert into PBANDI_D_ERRORE_BATCH
   (CODICE_ERRORE, DESCRIZIONE)
 Values
   ('E092', 'Domanda non presente sul flusso GEFO per la domanda del capofila');
Insert into PBANDI_D_ERRORE_BATCH
   (CODICE_ERRORE, DESCRIZIONE)
 Values
   ('E093', 'Domanda non presente sul flusso GEFO per le domande dei partecipanti');
Insert into PBANDI_D_ERRORE_BATCH
   (CODICE_ERRORE, DESCRIZIONE)
 Values
   ('E094', 'Errore nel reperimento del record soggetto progetto del flusso GEFO');
Insert into PBANDI_D_ERRORE_BATCH
   (CODICE_ERRORE, DESCRIZIONE)
 Values
   ('E095', 'Errore nella gestione della domanda base del flusso GEFO');
Insert into PBANDI_D_ERRORE_BATCH
   (CODICE_ERRORE, DESCRIZIONE)
 Values
   ('E096', 'Errore nel recupero del raggruppamento per il flusso GEFO');
Insert into PBANDI_D_ERRORE_BATCH
   (CODICE_ERRORE, DESCRIZIONE)
 Values
   ('E097', 'Errore nella gestione delle erogazioni per il flusso GEFO');
Insert into PBANDI_D_ERRORE_BATCH
   (CODICE_ERRORE, DESCRIZIONE)
 Values
   ('E098', 'Errore nel recupero del soggetto per natura giuridica diversa da "NA" e "Di" per il flusso GEFO');   
Insert into PBANDI_D_ERRORE_BATCH
   (CODICE_ERRORE, DESCRIZIONE)
 Values
   ('W044', 'Errore nell''inserimento del tracciamento');
Insert into PBANDI_D_ERRORE_BATCH
   (CODICE_ERRORE, DESCRIZIONE)
 Values
   ('W045', 'Errore nell''inserimento/aggiornamento PBANDI_R_PROG_SOGG_FINANZIAT del flusso GEFO');   
   
Insert into PBANDI_D_ERRORE_BATCH
   (CODICE_ERRORE, DESCRIZIONE)
 Values
   ('W046', 'Assenza del piano di spesa del flusso GEFO');      

delete PBANDI_R_REGOLA_BANDO_LINEA   
where  id_regola                    = 1 
and    progr_bando_linea_intervento = 9;
   
COMMIT;

SET DEFINE OFF;
Insert into PBANDI_C_OPERAZIONE
   (ID_OPERAZIONE, DESC_LOGICA, DESC_FISICA, FLAG_DA_TRACCIARE, DT_INIZIO_VALIDITA)
 Values
   (0, 'Aggiornamento da procedura GEFO', 'Aggiornamento da procedura GEFO', 'S', TO_DATE('10/09/2009 12:07:16', 'MM/DD/YYYY HH24:MI:SS'));


update PBANDI_C_ATTRIBUTO
set FLAG_DA_TRACCIARE = 'S'
where ID_ATTRIBUTO in (241,890);

commit; 

SET DEFINE OFF;
Insert into PBANDI_C_TIPO_DOCUMENTO_INDEX
   (ID_TIPO_DOCUMENTO_INDEX, DESC_BREVE_TIPO_DOC_INDEX, DESC_TIPO_DOC_INDEX)
 Values
   (3, 'CLC', 'CHECK LIST CERTIFICAZIONE');
Insert into PBANDI_C_TIPO_DOCUMENTO_INDEX
   (ID_TIPO_DOCUMENTO_INDEX, DESC_BREVE_TIPO_DOC_INDEX, DESC_TIPO_DOC_INDEX)
 Values
   (4, 'CLCP', 'CHECK LIST CERTIFICAZIONE');
Insert into PBANDI_C_TIPO_DOCUMENTO_INDEX
   (ID_TIPO_DOCUMENTO_INDEX, DESC_BREVE_TIPO_DOC_INDEX, DESC_TIPO_DOC_INDEX)
 Values
   (5, 'DFC', 'DICHIARAZIONE FINALE DI CERTIFICAZIONE');
COMMIT;

SET DEFINE OFF;
Insert into PBANDI_D_STRUMENTO_ATTUATIVO
   (ID_STRUMENTO_ATTUATIVO, TIPOLOGIA, DESC_STRUMENTO_ATTUATIVO, RESPONSABILE, COD_IGRUE_T21, DT_APPROVAZIONE, DT_INIZIO_VALIDITA)
 Values
   (1, 'Strumenti di attuazione diretta', 'Programma Operativo', 'IGRUE', '1', TO_DATE('09/20/2009 00:00:00', 'MM/DD/YYYY HH24:MI:SS'), TO_DATE('01/01/2009 00:00:00', 'MM/DD/YYYY HH24:MI:SS'));

UPDATE PBANDI_D_LINEA_DI_INTERVENTO
SET  ID_STRUMENTO_ATTUATIVO = 1
WHERE COD_IGRUE_T13_T14 = '2007IT162PO011'  ;
   
COMMIT;

update PBANDI_D_STATO_PROGETTO
set FLAG_CERTIFICAZIONE = 'N'
where ID_STATO_PROGETTO in (2,3,12,13,14);

update PBANDI_D_STATO_PROGETTO
set FLAG_CERTIFICAZIONE = 'S'
where ID_STATO_PROGETTO not in (2,3,12,13,14);

alter table PBANDI_D_STATO_PROGETTO
modify FLAG_CERTIFICAZIONE not null;

commit;

INSERT INTO TMP_NUM_DOMANDA_GEFO(PROGR_BANDO_LINEA_INTERVENTO,COD_FONDO_GEFO) VALUES(1 ,'0115');
INSERT INTO TMP_NUM_DOMANDA_GEFO(PROGR_BANDO_LINEA_INTERVENTO,COD_FONDO_GEFO) VALUES(2 ,'0111');
INSERT INTO TMP_NUM_DOMANDA_GEFO(PROGR_BANDO_LINEA_INTERVENTO,COD_FONDO_GEFO) VALUES(3 ,'0112');
INSERT INTO TMP_NUM_DOMANDA_GEFO(PROGR_BANDO_LINEA_INTERVENTO,COD_FONDO_GEFO) VALUES(4 ,'0120');
INSERT INTO TMP_NUM_DOMANDA_GEFO(PROGR_BANDO_LINEA_INTERVENTO,COD_FONDO_GEFO) VALUES(5 ,'0100');
INSERT INTO TMP_NUM_DOMANDA_GEFO(PROGR_BANDO_LINEA_INTERVENTO,COD_FONDO_GEFO) VALUES(6 ,'0100');
INSERT INTO TMP_NUM_DOMANDA_GEFO(PROGR_BANDO_LINEA_INTERVENTO,COD_FONDO_GEFO) VALUES(7 ,'0100');
INSERT INTO TMP_NUM_DOMANDA_GEFO(PROGR_BANDO_LINEA_INTERVENTO,COD_FONDO_GEFO) VALUES(8 ,'0127');
INSERT INTO TMP_NUM_DOMANDA_GEFO(PROGR_BANDO_LINEA_INTERVENTO,COD_FONDO_GEFO) VALUES(9 ,NULL	);
INSERT INTO TMP_NUM_DOMANDA_GEFO(PROGR_BANDO_LINEA_INTERVENTO,COD_FONDO_GEFO) VALUES(10,'0092');
INSERT INTO TMP_NUM_DOMANDA_GEFO(PROGR_BANDO_LINEA_INTERVENTO,COD_FONDO_GEFO) VALUES(11,'0104');
INSERT INTO TMP_NUM_DOMANDA_GEFO(PROGR_BANDO_LINEA_INTERVENTO,COD_FONDO_GEFO) VALUES(12,'0136');

COMMIT;

INSERT INTO PBANDI_R_BANDO_CAUSALE_EROGAZ (ID_BANDO, ID_CAUSALE_EROGAZIONE, PERC_SOGLIA_SPESA_QUIETANZATA, ID_UTENTE_INS, PROGR_BANDO_CAUSALE_EROGAZ, PERC_EROGAZIONE, PERC_LIMITE, ID_DIMENSIONE_IMPRESA, ID_FORMA_GIURIDICA) VALUES (8 ,1,30 ,0,seq_pbandi_r_bando_causale_ero.nextval,30,0   ,null,null);   
INSERT INTO PBANDI_R_BANDO_CAUSALE_EROGAZ (ID_BANDO, ID_CAUSALE_EROGAZIONE, PERC_SOGLIA_SPESA_QUIETANZATA, ID_UTENTE_INS, PROGR_BANDO_CAUSALE_EROGAZ, PERC_EROGAZIONE, PERC_LIMITE, ID_DIMENSIONE_IMPRESA, ID_FORMA_GIURIDICA) VALUES (8 ,2,80 ,0,seq_pbandi_r_bando_causale_ero.nextval,50,0   ,null,null);   
INSERT INTO PBANDI_R_BANDO_CAUSALE_EROGAZ (ID_BANDO, ID_CAUSALE_EROGAZIONE, PERC_SOGLIA_SPESA_QUIETANZATA, ID_UTENTE_INS, PROGR_BANDO_CAUSALE_EROGAZ, PERC_EROGAZIONE, PERC_LIMITE, ID_DIMENSIONE_IMPRESA, ID_FORMA_GIURIDICA) VALUES (8 ,4,100,0,seq_pbandi_r_bando_causale_ero.nextval,20,0   ,null,null);   
INSERT INTO PBANDI_R_BANDO_CAUSALE_EROGAZ (ID_BANDO, ID_CAUSALE_EROGAZIONE, PERC_SOGLIA_SPESA_QUIETANZATA, ID_UTENTE_INS, PROGR_BANDO_CAUSALE_EROGAZ, PERC_EROGAZIONE, PERC_LIMITE, ID_DIMENSIONE_IMPRESA, ID_FORMA_GIURIDICA) VALUES (9 ,1,50 ,0,seq_pbandi_r_bando_causale_ero.nextval,50,0   ,null,null);   
INSERT INTO PBANDI_R_BANDO_CAUSALE_EROGAZ (ID_BANDO, ID_CAUSALE_EROGAZIONE, PERC_SOGLIA_SPESA_QUIETANZATA, ID_UTENTE_INS, PROGR_BANDO_CAUSALE_EROGAZ, PERC_EROGAZIONE, PERC_LIMITE, ID_DIMENSIONE_IMPRESA, ID_FORMA_GIURIDICA) VALUES (9 ,4,100,0,seq_pbandi_r_bando_causale_ero.nextval,50,0   ,null,null);   
INSERT INTO PBANDI_R_BANDO_CAUSALE_EROGAZ (ID_BANDO, ID_CAUSALE_EROGAZIONE, PERC_SOGLIA_SPESA_QUIETANZATA, ID_UTENTE_INS, PROGR_BANDO_CAUSALE_EROGAZ, PERC_EROGAZIONE, PERC_LIMITE, ID_DIMENSIONE_IMPRESA, ID_FORMA_GIURIDICA) VALUES (10,1,0  ,0,seq_pbandi_r_bando_causale_ero.nextval,40,null,null,50  );
INSERT INTO PBANDI_R_BANDO_CAUSALE_EROGAZ (ID_BANDO, ID_CAUSALE_EROGAZIONE, PERC_SOGLIA_SPESA_QUIETANZATA, ID_UTENTE_INS, PROGR_BANDO_CAUSALE_EROGAZ, PERC_EROGAZIONE, PERC_LIMITE, ID_DIMENSIONE_IMPRESA, ID_FORMA_GIURIDICA) VALUES (10,1,0  ,0,seq_pbandi_r_bando_causale_ero.nextval,40,null,null,51  );
INSERT INTO PBANDI_R_BANDO_CAUSALE_EROGAZ (ID_BANDO, ID_CAUSALE_EROGAZIONE, PERC_SOGLIA_SPESA_QUIETANZATA, ID_UTENTE_INS, PROGR_BANDO_CAUSALE_EROGAZ, PERC_EROGAZIONE, PERC_LIMITE, ID_DIMENSIONE_IMPRESA, ID_FORMA_GIURIDICA) VALUES (10,2,40 ,0,seq_pbandi_r_bando_causale_ero.nextval,40,null,null,50  );
INSERT INTO PBANDI_R_BANDO_CAUSALE_EROGAZ (ID_BANDO, ID_CAUSALE_EROGAZIONE, PERC_SOGLIA_SPESA_QUIETANZATA, ID_UTENTE_INS, PROGR_BANDO_CAUSALE_EROGAZ, PERC_EROGAZIONE, PERC_LIMITE, ID_DIMENSIONE_IMPRESA, ID_FORMA_GIURIDICA) VALUES (10,2,40 ,0,seq_pbandi_r_bando_causale_ero.nextval,40,null,null,51  );
INSERT INTO PBANDI_R_BANDO_CAUSALE_EROGAZ (ID_BANDO, ID_CAUSALE_EROGAZIONE, PERC_SOGLIA_SPESA_QUIETANZATA, ID_UTENTE_INS, PROGR_BANDO_CAUSALE_EROGAZ, PERC_EROGAZIONE, PERC_LIMITE, ID_DIMENSIONE_IMPRESA, ID_FORMA_GIURIDICA) VALUES (10,4,100,0,seq_pbandi_r_bando_causale_ero.nextval,20,null,null,50  );
INSERT INTO PBANDI_R_BANDO_CAUSALE_EROGAZ (ID_BANDO, ID_CAUSALE_EROGAZIONE, PERC_SOGLIA_SPESA_QUIETANZATA, ID_UTENTE_INS, PROGR_BANDO_CAUSALE_EROGAZ, PERC_EROGAZIONE, PERC_LIMITE, ID_DIMENSIONE_IMPRESA, ID_FORMA_GIURIDICA) VALUES (10,4,100,0,seq_pbandi_r_bando_causale_ero.nextval,20,null,null,51  );
INSERT INTO PBANDI_R_BANDO_CAUSALE_EROGAZ (ID_BANDO, ID_CAUSALE_EROGAZIONE, PERC_SOGLIA_SPESA_QUIETANZATA, ID_UTENTE_INS, PROGR_BANDO_CAUSALE_EROGAZ, PERC_EROGAZIONE, PERC_LIMITE, ID_DIMENSIONE_IMPRESA, ID_FORMA_GIURIDICA) VALUES (10,1,0  ,0,seq_pbandi_r_bando_causale_ero.nextval,90,null,4   ,null);  
INSERT INTO PBANDI_R_BANDO_CAUSALE_EROGAZ (ID_BANDO, ID_CAUSALE_EROGAZIONE, PERC_SOGLIA_SPESA_QUIETANZATA, ID_UTENTE_INS, PROGR_BANDO_CAUSALE_EROGAZ, PERC_EROGAZIONE, PERC_LIMITE, ID_DIMENSIONE_IMPRESA, ID_FORMA_GIURIDICA) VALUES (10,4,100,0,seq_pbandi_r_bando_causale_ero.nextval,10,null,4   ,null);  
INSERT INTO PBANDI_R_BANDO_CAUSALE_EROGAZ (ID_BANDO, ID_CAUSALE_EROGAZIONE, PERC_SOGLIA_SPESA_QUIETANZATA, ID_UTENTE_INS, PROGR_BANDO_CAUSALE_EROGAZ, PERC_EROGAZIONE, PERC_LIMITE, ID_DIMENSIONE_IMPRESA, ID_FORMA_GIURIDICA) VALUES (10,1,50 ,0,seq_pbandi_r_bando_causale_ero.nextval,50,null,1   ,null);  
INSERT INTO PBANDI_R_BANDO_CAUSALE_EROGAZ (ID_BANDO, ID_CAUSALE_EROGAZIONE, PERC_SOGLIA_SPESA_QUIETANZATA, ID_UTENTE_INS, PROGR_BANDO_CAUSALE_EROGAZ, PERC_EROGAZIONE, PERC_LIMITE, ID_DIMENSIONE_IMPRESA, ID_FORMA_GIURIDICA) VALUES (10,1,50 ,0,seq_pbandi_r_bando_causale_ero.nextval,50,null,2   ,null);  
INSERT INTO PBANDI_R_BANDO_CAUSALE_EROGAZ (ID_BANDO, ID_CAUSALE_EROGAZIONE, PERC_SOGLIA_SPESA_QUIETANZATA, ID_UTENTE_INS, PROGR_BANDO_CAUSALE_EROGAZ, PERC_EROGAZIONE, PERC_LIMITE, ID_DIMENSIONE_IMPRESA, ID_FORMA_GIURIDICA) VALUES (10,1,50 ,0,seq_pbandi_r_bando_causale_ero.nextval,50,null,3   ,null);  
INSERT INTO PBANDI_R_BANDO_CAUSALE_EROGAZ (ID_BANDO, ID_CAUSALE_EROGAZIONE, PERC_SOGLIA_SPESA_QUIETANZATA, ID_UTENTE_INS, PROGR_BANDO_CAUSALE_EROGAZ, PERC_EROGAZIONE, PERC_LIMITE, ID_DIMENSIONE_IMPRESA, ID_FORMA_GIURIDICA) VALUES (10,4,100,0,seq_pbandi_r_bando_causale_ero.nextval,50,null,1   ,null);  
INSERT INTO PBANDI_R_BANDO_CAUSALE_EROGAZ (ID_BANDO, ID_CAUSALE_EROGAZIONE, PERC_SOGLIA_SPESA_QUIETANZATA, ID_UTENTE_INS, PROGR_BANDO_CAUSALE_EROGAZ, PERC_EROGAZIONE, PERC_LIMITE, ID_DIMENSIONE_IMPRESA, ID_FORMA_GIURIDICA) VALUES (10,4,100,0,seq_pbandi_r_bando_causale_ero.nextval,50,null,2   ,null);  
INSERT INTO PBANDI_R_BANDO_CAUSALE_EROGAZ (ID_BANDO, ID_CAUSALE_EROGAZIONE, PERC_SOGLIA_SPESA_QUIETANZATA, ID_UTENTE_INS, PROGR_BANDO_CAUSALE_EROGAZ, PERC_EROGAZIONE, PERC_LIMITE, ID_DIMENSIONE_IMPRESA, ID_FORMA_GIURIDICA) VALUES (10,4,100,0,seq_pbandi_r_bando_causale_ero.nextval,50,null,3   ,null);  

update PBANDI_R_BANDO_CAUSALE_EROGAZ
set ID_CAUSALE_EROGAZIONE = 2
where ID_CAUSALE_EROGAZIONE = 3
and id_bando in (7,2,3,4);

commit;

INSERT INTO PBANDI_D_TIPO_ALLEGATO (ID_TIPO_ALLEGATO, DESC_BREVE_TIPO_ALLEGATO, DESC_TIPO_ALLEGATO, DT_INIZIO_VALIDITA) VALUES (1,'A1' ,'(Solo per i soggetti privati) Fideiussione bancaria o polizza assicurativa di importo pari all''anticipazione richiesta.',to_date('01/01/2009','dd/mm/yyyy'));
INSERT INTO PBANDI_D_TIPO_ALLEGATO (ID_TIPO_ALLEGATO, DESC_BREVE_TIPO_ALLEGATO, DESC_TIPO_ALLEGATO, DT_INIZIO_VALIDITA) VALUES (2,'A2' ,'Fideiussione bancaria o polizza assicurativa irrevocabile di importo corrispondente all''anticipazione richiesta e della durata di sei mesi con espresso riconoscimento di rinnovo automatico fino alla data in cui Finpiemonte abbia ricevuto e verificato (autorizzando lo svincolo della garanzia) una rendicontazione di spesa almeno pari all''importo dell''anticipazione.',to_date('01/01/2009','dd/mm/yyyy'));
INSERT INTO PBANDI_D_TIPO_ALLEGATO (ID_TIPO_ALLEGATO, DESC_BREVE_TIPO_ALLEGATO, DESC_TIPO_ALLEGATO, DT_INIZIO_VALIDITA) VALUES (3,'A3' ,'Relazione tecnica finale.',to_date('01/01/2009','dd/mm/yyyy'));
INSERT INTO PBANDI_D_TIPO_ALLEGATO (ID_TIPO_ALLEGATO, DESC_BREVE_TIPO_ALLEGATO, DESC_TIPO_ALLEGATO, DT_INIZIO_VALIDITA) VALUES (4,'A4' ,'Fideiussione bancaria o polizza assicurativa, in favore della Regione, di importo pari al contributo anticipato.',to_date('01/01/2009','dd/mm/yyyy'));
INSERT INTO PBANDI_D_TIPO_ALLEGATO (ID_TIPO_ALLEGATO, DESC_BREVE_TIPO_ALLEGATO, DESC_TIPO_ALLEGATO, DT_INIZIO_VALIDITA) VALUES (5,'A5' ,'Certificato di iscrizione al Registro delle Imprese (per i gestori che siano imprese), in originale, di data non anteriore a 6 mesi, con indicazione che nei confronti del beneficiario non sono in corso procedure fallimentari o concorsuali, e corredato della dicitura antimafia.',to_date('01/01/2009','dd/mm/yyyy'));
INSERT INTO PBANDI_D_TIPO_ALLEGATO (ID_TIPO_ALLEGATO, DESC_BREVE_TIPO_ALLEGATO, DESC_TIPO_ALLEGATO, DT_INIZIO_VALIDITA) VALUES (6,'A6' ,'Documento unico di regolarita'' contributiva - DURC, ai sensi dell''art.10, comma 7 del decreto legge 30 settembre 2005, n.203, convertito in legge n.248/2005.',to_date('01/01/2009','dd/mm/yyyy'));
INSERT INTO PBANDI_D_TIPO_ALLEGATO (ID_TIPO_ALLEGATO, DESC_BREVE_TIPO_ALLEGATO, DESC_TIPO_ALLEGATO, DT_INIZIO_VALIDITA) VALUES (7,'A7' ,'Copia autentica delle fatture emesse dai fornitori e degli altri documenti probatori equivalenti, delle bollette doganali d''importazione nel caso di acquisto di beni provenienti dai Paesi extracomunitari.',to_date('01/01/2009','dd/mm/yyyy'));
INSERT INTO PBANDI_D_TIPO_ALLEGATO (ID_TIPO_ALLEGATO, DESC_BREVE_TIPO_ALLEGATO, DESC_TIPO_ALLEGATO, DT_INIZIO_VALIDITA) VALUES (8,'A8' ,'Copia dei bonifici bancari/postali relativi ai pagamenti effettuati e/o degli estratti conto della banca con evidenziati i relativi movimenti.',to_date('01/01/2009','dd/mm/yyyy'));
INSERT INTO PBANDI_D_TIPO_ALLEGATO (ID_TIPO_ALLEGATO, DESC_BREVE_TIPO_ALLEGATO, DESC_TIPO_ALLEGATO, DT_INIZIO_VALIDITA) VALUES (9,'A9' ,'Certificato di iscrizione al Registro delle Imprese (per i gestori che siano imprese), in originale, di data non anteriore a 6 mesi, con indicazione che nei confronti del beneficiario non sono in corso procedure fallimentari o concorsuali, e corredato della dicitura antimafia.',to_date('01/01/2009','dd/mm/yyyy'));
INSERT INTO PBANDI_D_TIPO_ALLEGATO (ID_TIPO_ALLEGATO, DESC_BREVE_TIPO_ALLEGATO, DESC_TIPO_ALLEGATO, DT_INIZIO_VALIDITA) VALUES (10,'A10','Documento unico di regolarita'' contributiva - DURC, ai sensi dell''art.10, comma 7 del decreto legge 30 settembre 2005, n.203, convertito in legge n.248/2005.',to_date('01/01/2009','dd/mm/yyyy'));
INSERT INTO PBANDI_D_TIPO_ALLEGATO (ID_TIPO_ALLEGATO, DESC_BREVE_TIPO_ALLEGATO, DESC_TIPO_ALLEGATO, DT_INIZIO_VALIDITA) VALUES (11,'A11','Copia autentica delle fatture emesse dai fornitori e degli altri documenti probatori equivalenti, delle bollette doganali d''importazione nel caso di acquisto di beni provenienti dai Paesi extracomunitari.',to_date('01/01/2009','dd/mm/yyyy'));
INSERT INTO PBANDI_D_TIPO_ALLEGATO (ID_TIPO_ALLEGATO, DESC_BREVE_TIPO_ALLEGATO, DESC_TIPO_ALLEGATO, DT_INIZIO_VALIDITA) VALUES (12,'A12','Copia dei bonifici bancari/postali relativi ai pagamenti effettuati e/o degli estratti conto della banca con evidenziati i relativi movimenti.',to_date('01/01/2009','dd/mm/yyyy'));
INSERT INTO PBANDI_D_TIPO_ALLEGATO (ID_TIPO_ALLEGATO, DESC_BREVE_TIPO_ALLEGATO, DESC_TIPO_ALLEGATO, DT_INIZIO_VALIDITA) VALUES (13,'A13','Certificato di iscrizione al Registro delle Imprese (per i gestori che siano imprese), in originale, di data non anteriore a 6 mesi, con indicazione che nei confronti del beneficiario non sono in corso procedure fallimentari o concorsuali, e corredato della dicitura antimafia.',to_date('01/01/2009','dd/mm/yyyy'));
INSERT INTO PBANDI_D_TIPO_ALLEGATO (ID_TIPO_ALLEGATO, DESC_BREVE_TIPO_ALLEGATO, DESC_TIPO_ALLEGATO, DT_INIZIO_VALIDITA) VALUES (14,'A14','Documento unico di regolarita'' contributiva - DURC, ai sensi dell''art.10, comma 7 del decreto legge 30 settembre 2005, n.203, convertito in legge n.248/2005.',to_date('01/01/2009','dd/mm/yyyy'));
INSERT INTO PBANDI_D_TIPO_ALLEGATO (ID_TIPO_ALLEGATO, DESC_BREVE_TIPO_ALLEGATO, DESC_TIPO_ALLEGATO, DT_INIZIO_VALIDITA) VALUES (15,'A15','Copia autentica delle fatture emesse dai fornitori e degli altri documenti probatori equivalenti, delle bollette doganali d''importazione nel caso di acquisto di beni provenienti dai Paesi extracomunitari.',to_date('01/01/2009','dd/mm/yyyy'));
INSERT INTO PBANDI_D_TIPO_ALLEGATO (ID_TIPO_ALLEGATO, DESC_BREVE_TIPO_ALLEGATO, DESC_TIPO_ALLEGATO, DT_INIZIO_VALIDITA) VALUES (16,'A16','Copia dei bonifici bancari/postali relativi ai pagamenti effettuati e/o degli estratti conto della banca con evidenziati i relativi movimenti.',to_date('01/01/2009','dd/mm/yyyy'));
INSERT INTO PBANDI_D_TIPO_ALLEGATO (ID_TIPO_ALLEGATO, DESC_BREVE_TIPO_ALLEGATO, DESC_TIPO_ALLEGATO, DT_INIZIO_VALIDITA) VALUES (17,'A17','Dichiarazione che attesti che tutte le fatture o titoli equivalenti afferenti l''intero Programma di attività sono state pagate e quietanzate.',to_date('01/01/2009','dd/mm/yyyy'));
INSERT INTO PBANDI_D_TIPO_ALLEGATO (ID_TIPO_ALLEGATO, DESC_BREVE_TIPO_ALLEGATO, DESC_TIPO_ALLEGATO, DT_INIZIO_VALIDITA) VALUES (18,'A18','Dichiarazione circa l''avvenuto perfezionamento dell''accordo contrattuale fra i partner di progetto fornendo una sintetica descrizione.',to_date('01/01/2009','dd/mm/yyyy'));
INSERT INTO PBANDI_D_TIPO_ALLEGATO (ID_TIPO_ALLEGATO, DESC_BREVE_TIPO_ALLEGATO, DESC_TIPO_ALLEGATO, DT_INIZIO_VALIDITA) VALUES (19,'A19','(A fronte di un''anticipazione fino all''80% del contributo richiesto) Fideiussione bancaria o polizza assicurativa irrevocabile di importo corrispondente all''anticipazione richiesta e della durata di sei mesi con espresso riconoscimento di rinnovo automatico fino alla data in cui Finpiemonte abbia ricevuto e verificato (autorizzando lo svincolo della garanzia) una rendicontazione di spesa almeno pari all''importo dell''anticipazione.',to_date('01/01/2009','dd/mm/yyyy'));

insert into pbandi_r_bando_caus_er_tip_all(id_bando,id_causale_erogazione,id_tipo_allegato,id_utente_ins) values(1 ,1,(select id_tipo_allegato from pbandi_d_tipo_allegato where desc_breve_tipo_allegato = 'A1' ),0);
insert into pbandi_r_bando_caus_er_tip_all(id_bando,id_causale_erogazione,id_tipo_allegato,id_utente_ins) values(10,1,(select id_tipo_allegato from pbandi_d_tipo_allegato where desc_breve_tipo_allegato = 'A1' ),0);
insert into pbandi_r_bando_caus_er_tip_all(id_bando,id_causale_erogazione,id_tipo_allegato,id_utente_ins) values(6 ,1,(select id_tipo_allegato from pbandi_d_tipo_allegato where desc_breve_tipo_allegato = 'A2' ),0);
insert into pbandi_r_bando_caus_er_tip_all(id_bando,id_causale_erogazione,id_tipo_allegato,id_utente_ins) values(6 ,4,(select id_tipo_allegato from pbandi_d_tipo_allegato where desc_breve_tipo_allegato = 'A3' ),0);
insert into pbandi_r_bando_caus_er_tip_all(id_bando,id_causale_erogazione,id_tipo_allegato,id_utente_ins) values(7 ,1,(select id_tipo_allegato from pbandi_d_tipo_allegato where desc_breve_tipo_allegato = 'A4' ),0);
insert into pbandi_r_bando_caus_er_tip_all(id_bando,id_causale_erogazione,id_tipo_allegato,id_utente_ins) values(7 ,1,(select id_tipo_allegato from pbandi_d_tipo_allegato where desc_breve_tipo_allegato = 'A5' ),0);
insert into pbandi_r_bando_caus_er_tip_all(id_bando,id_causale_erogazione,id_tipo_allegato,id_utente_ins) values(7 ,1,(select id_tipo_allegato from pbandi_d_tipo_allegato where desc_breve_tipo_allegato = 'A6' ),0);
insert into pbandi_r_bando_caus_er_tip_all(id_bando,id_causale_erogazione,id_tipo_allegato,id_utente_ins) values(7 ,1,(select id_tipo_allegato from pbandi_d_tipo_allegato where desc_breve_tipo_allegato = 'A7' ),0);
insert into pbandi_r_bando_caus_er_tip_all(id_bando,id_causale_erogazione,id_tipo_allegato,id_utente_ins) values(7 ,1,(select id_tipo_allegato from pbandi_d_tipo_allegato where desc_breve_tipo_allegato = 'A8' ),0);
insert into pbandi_r_bando_caus_er_tip_all(id_bando,id_causale_erogazione,id_tipo_allegato,id_utente_ins) values(7 ,2,(select id_tipo_allegato from pbandi_d_tipo_allegato where desc_breve_tipo_allegato = 'A9' ),0);
insert into pbandi_r_bando_caus_er_tip_all(id_bando,id_causale_erogazione,id_tipo_allegato,id_utente_ins) values(7 ,2,(select id_tipo_allegato from pbandi_d_tipo_allegato where desc_breve_tipo_allegato = 'A10'),0);
insert into pbandi_r_bando_caus_er_tip_all(id_bando,id_causale_erogazione,id_tipo_allegato,id_utente_ins) values(7 ,2,(select id_tipo_allegato from pbandi_d_tipo_allegato where desc_breve_tipo_allegato = 'A11'),0);
insert into pbandi_r_bando_caus_er_tip_all(id_bando,id_causale_erogazione,id_tipo_allegato,id_utente_ins) values(7 ,2,(select id_tipo_allegato from pbandi_d_tipo_allegato where desc_breve_tipo_allegato = 'A12'),0);
insert into pbandi_r_bando_caus_er_tip_all(id_bando,id_causale_erogazione,id_tipo_allegato,id_utente_ins) values(7 ,4,(select id_tipo_allegato from pbandi_d_tipo_allegato where desc_breve_tipo_allegato = 'A13'),0);
insert into pbandi_r_bando_caus_er_tip_all(id_bando,id_causale_erogazione,id_tipo_allegato,id_utente_ins) values(7 ,4,(select id_tipo_allegato from pbandi_d_tipo_allegato where desc_breve_tipo_allegato = 'A14'),0);
insert into pbandi_r_bando_caus_er_tip_all(id_bando,id_causale_erogazione,id_tipo_allegato,id_utente_ins) values(7 ,4,(select id_tipo_allegato from pbandi_d_tipo_allegato where desc_breve_tipo_allegato = 'A15'),0);	      
insert into pbandi_r_bando_caus_er_tip_all(id_bando,id_causale_erogazione,id_tipo_allegato,id_utente_ins) values(7 ,4,(select id_tipo_allegato from pbandi_d_tipo_allegato where desc_breve_tipo_allegato = 'A16'),0);
insert into pbandi_r_bando_caus_er_tip_all(id_bando,id_causale_erogazione,id_tipo_allegato,id_utente_ins) values(7 ,4,(select id_tipo_allegato from pbandi_d_tipo_allegato where desc_breve_tipo_allegato = 'A17'),0);
insert into pbandi_r_bando_caus_er_tip_all(id_bando,id_causale_erogazione,id_tipo_allegato,id_utente_ins) values(8 ,1,(select id_tipo_allegato from pbandi_d_tipo_allegato where desc_breve_tipo_allegato = 'A18'),0);
insert into pbandi_r_bando_caus_er_tip_all(id_bando,id_causale_erogazione,id_tipo_allegato,id_utente_ins) values(9 ,1,(select id_tipo_allegato from pbandi_d_tipo_allegato where desc_breve_tipo_allegato = 'A18'),0);
insert into pbandi_r_bando_caus_er_tip_all(id_bando,id_causale_erogazione,id_tipo_allegato,id_utente_ins) values(8 ,1,(select id_tipo_allegato from pbandi_d_tipo_allegato where desc_breve_tipo_allegato = 'A19'),0);
insert into pbandi_r_bando_caus_er_tip_all(id_bando,id_causale_erogazione,id_tipo_allegato,id_utente_ins) values(9 ,1,(select id_tipo_allegato from pbandi_d_tipo_allegato where desc_breve_tipo_allegato = 'A19'),0);

commit;

update PBANDI_D_VOCE_DI_SPESA
set COD_TIPO_VOCE_DI_SPESA = '14'
where ID_VOCE_DI_SPESA = 119;

update PBANDI_D_VOCE_DI_SPESA
set COD_TIPO_VOCE_DI_SPESA = '24'
where ID_VOCE_DI_SPESA = 121;

update PBANDI_D_VOCE_DI_SPESA
set COD_TIPO_VOCE_DI_SPESA = '11'
where ID_VOCE_DI_SPESA = 122;

update PBANDI_D_VOCE_DI_SPESA
set COD_TIPO_VOCE_DI_SPESA = '10'
where ID_VOCE_DI_SPESA = 124;

INSERT INTO PBANDI_D_VOCE_DI_SPESA (ID_VOCE_DI_SPESA, DESC_VOCE_DI_SPESA, PROGR_ORDINAMENTO, DT_INIZIO_VALIDITA, COD_TIPO_VOCE_DI_SPESA, ID_VOCE_DI_SPESA_MONIT) VALUES (SEQ_PBANDI_D_VOCE_DI_SPESA.nextval,'Contratti di collaborazione con Atenei e organismi di ricerca',10,to_date('01/01/2009','dd/mm/yyyy'),'21'   ,5);
INSERT INTO PBANDI_R_BANDO_VOCE_SPESA(ID_BANDO,ID_VOCE_DI_SPESA,ID_UTENTE_INS) VALUES(6,SEQ_PBANDI_D_VOCE_DI_SPESA.CURRVAL,0);


INSERT INTO PBANDI_D_VOCE_DI_SPESA (ID_VOCE_DI_SPESA, DESC_VOCE_DI_SPESA, PROGR_ORDINAMENTO, DT_INIZIO_VALIDITA, COD_TIPO_VOCE_DI_SPESA, ID_VOCE_DI_SPESA_MONIT) VALUES (SEQ_PBANDI_D_VOCE_DI_SPESA.nextval,'Spese per personale a tempo indeterminato'                    ,11,to_date('01/01/2009','dd/mm/yyyy'),'29--1',7);
INSERT INTO PBANDI_R_BANDO_VOCE_SPESA(ID_BANDO,ID_VOCE_DI_SPESA,ID_UTENTE_INS) VALUES(6,SEQ_PBANDI_D_VOCE_DI_SPESA.CURRVAL,0);

INSERT INTO PBANDI_D_VOCE_DI_SPESA (ID_VOCE_DI_SPESA, DESC_VOCE_DI_SPESA, PROGR_ORDINAMENTO, DT_INIZIO_VALIDITA, COD_TIPO_VOCE_DI_SPESA, ID_VOCE_DI_SPESA_MONIT) VALUES (SEQ_PBANDI_D_VOCE_DI_SPESA.nextval,'Spese personale tempo determinato'                            ,12,to_date('01/01/2009','dd/mm/yyyy'),'30--1',7);
INSERT INTO PBANDI_R_BANDO_VOCE_SPESA(ID_BANDO,ID_VOCE_DI_SPESA,ID_UTENTE_INS) VALUES(6,SEQ_PBANDI_D_VOCE_DI_SPESA.CURRVAL,0);

commit;


insert into PBANDI_C_DEFINIZIONE_PROCESSO
(ID_DEFINIZIONE_PROCESSO,UUID_PROCESSO)
values
(SEQ_PBANDI_C_DEFINIZ_PROCESSO.nextval,'PROCESSO PBANDI-1.2-PROCESSO_PBANDI-1.2');

update PBANDI_R_BANDO_LINEA_INTERVENT
set ID_DEFINIZIONE_PROCESSO = SEQ_PBANDI_C_DEFINIZ_PROCESSO.currval;

insert into PBANDI_C_RUOLO_PROCESSO
(ID_RUOLO_PROCESSO, CODICE_RUOLO, ID_TIPO_ANAGRAFICA, ID_TIPO_BENEFICIARIO, ID_DEFINIZIONE_PROCESSO)
(select ID_RUOLO_PROCESSO+200, CODICE_RUOLO, ID_TIPO_ANAGRAFICA, ID_TIPO_BENEFICIARIO, SEQ_PBANDI_C_DEFINIZ_PROCESSO.currval
 from PBANDI_C_RUOLO_PROCESSO
 where  ID_DEFINIZIONE_PROCESSO = 7);

update PBANDI_D_CAUSALE_EROGAZIONE set id_tipo_trattamento = 3 where iD_CAUSALE_EROGAZIONE = 7;
update PBANDI_D_CAUSALE_EROGAZIONE set id_tipo_trattamento = 2 where iD_CAUSALE_EROGAZIONE = 6;
update PBANDI_D_CAUSALE_EROGAZIONE set id_tipo_trattamento = 1 where iD_CAUSALE_EROGAZIONE = 1;
update PBANDI_D_CAUSALE_EROGAZIONE set id_tipo_trattamento = 2 where iD_CAUSALE_EROGAZIONE = 2;
update PBANDI_D_CAUSALE_EROGAZIONE set id_tipo_trattamento = 2 where iD_CAUSALE_EROGAZIONE = 3;
update PBANDI_D_CAUSALE_EROGAZIONE set id_tipo_trattamento = 3 where iD_CAUSALE_EROGAZIONE = 4;
update PBANDI_D_CAUSALE_EROGAZIONE set id_tipo_trattamento = 2 where iD_CAUSALE_EROGAZIONE = 5;
 
 
commit;

update pbandi_d_comune
set ID_DIMENSIONE_TERRITOR = 3
where COD_ISTAT_COMUNE in (
'001003',
'001007',
'001010',
'001011',
'001019',
'001022',
'001026',
'001029',
'001032',
'001036',
'001040',
'001044',
'001052',
'001054',
'001055',
'001057',
'001067',
'001072',
'001073',
'001074',
'001075',
'001076',
'001079',
'001080',
'001081',
'001084',
'001087',
'001088',
'001089',
'001091',
'001093',
'001094',
'001100',
'001103',
'001107',
'001108',
'001113',
'001114',
'001115',
'001117',
'001118',
'001121',
'001122',
'001124',
'001131',
'001134',
'001145',
'001147',
'001149',
'001151',
'001152',
'001155',
'001157',
'001165',
'001167',
'001169',
'001175',
'001184',
'001186',
'001188',
'001190',
'001198',
'001199',
'001200',
'001201',
'001202',
'001204',
'001205',
'001207',
'001210',
'001212',
'001224',
'001226',
'001227',
'001229',
'001230',
'001232',
'001234',
'001239',
'001242',
'001245',
'001250',
'001256',
'001258',
'001259',
'001263',
'001266',
'001267',
'001270',
'001271',
'001275',
'001277',
'001278',
'001279',
'001281',
'001282',
'001283',
'001284',
'001285',
'001288',
'001291',
'001297',
'001305',
'001306',
'001307',
'001313',
'002002',
'002008',
'002014',
'002016',
'002019',
'002025',
'002029',
'002038',
'002041',
'002043',
'002048',
'002057',
'002066',
'002078',
'002096',
'002097',
'002102',
'002107',
'002110',
'002111',
'002112',
'002113',
'002114',
'002121',
'002123',
'002134',
'002135',
'002152',
'002156',
'002166',
'004001',
'004002',
'004005',
'004006',
'004008',
'004015',
'004017',
'004022',
'004025',
'004028',
'004031',
'004033',
'004038',
'004039',
'004044',
'004047',
'004053',
'004054',
'004060',
'004064',
'004068',
'004077',
'004079',
'004082',
'004083',
'004084',
'004090',
'004091',
'004092',
'004093',
'004095',
'004103',
'004110',
'004111',
'004112',
'004119',
'004122',
'004123',
'004127',
'004134',
'004138',
'004139',
'004141',
'004153',
'004154',
'004155',
'004156',
'004157',
'004159',
'004162',
'004163',
'004167',
'004172',
'004173',
'004174',
'004175',
'004177',
'004182',
'004183',
'004185',
'004186',
'004187',
'004190',
'004191',
'004192',
'004197',
'004204',
'004205',
'004207',
'004209',
'004216',
'004224',
'004227',
'004233',
'004234',
'004235',
'004236',
'004237',
'004239',
'004243',
'004247',
'004248',
'004249',
'006002',
'006022',
'006025',
'006028',
'006034',
'006067',
'006069',
'006083',
'006100',
'006102',
'006146',
'006148',
'006190',
'103001',
'103002',
'103003',
'103004',
'103005',
'103006',
'103007',
'103008',
'103009',
'103010',
'103011',
'103012',
'103013',
'103014',
'103015',
'103016',
'103017',
'103018',
'103019',
'103020',
'103021',
'103022',
'103023',
'103024',
'103025',
'103026',
'103027',
'103028',
'103029',
'103030',
'103031',
'103032',
'103033',
'103034',
'103035',
'103036',
'103037',
'103038',
'103040',
'103041',
'103042',
'103043',
'103044',
'103045',
'103046',
'103047',
'103048',
'103049',
'103050',
'103051',
'103052',
'103053',
'103054',
'103055',
'103056',
'103057',
'103058',
'103059',
'103060',
'103061',
'103062',
'103063',
'103064',
'103065',
'103066',
'103067',
'103068',
'103069',
'103070',
'103071',
'103073',
'103074',
'103075',
'103076',
'103077',
'096001',
'096002',
'096008',
'096009',
'096011',
'096013',
'096019',
'096024',
'096028',
'096034',
'096038',
'096039',
'096041',
'096044',
'096046',
'096048',
'096049',
'096050',
'096052',
'096055',
'096056',
'096060',
'096063',
'096066',
'096068',
'096070',
'096073',
'096075',
'096084',
'003002',
'003006',
'003093',
'003098',
'003103',
'003112',
'003115',
'003116',
'003120',
'003133');

commit;

update pbandi_t_bando
set ID_SOTTO_SETTORE_CIPE = (select ssc.ID_SOTTO_SETTORE_CIPE
							 from   PBANDI_D_SOTTO_SETTORE_CIPE ssc,PBANDI_D_SETTORE_CIPE sc
							 where  ssc.ID_SETTORE_CIPE 	   = sc.ID_SETTORE_CIPE
							 and    sc.COD_SETTORE_CIPE 	   = '08'
							 and    ssc.COD_SOTTO_SETTORE_CIPE = '62')
where id_bando in (1,3,5,6,8,9,10);

update pbandi_t_bando
set ID_SOTTO_SETTORE_CIPE = (select ssc.ID_SOTTO_SETTORE_CIPE
							 from   PBANDI_D_SOTTO_SETTORE_CIPE ssc,PBANDI_D_SETTORE_CIPE sc
							 where  ssc.ID_SETTORE_CIPE 	   = sc.ID_SETTORE_CIPE
							 and    sc.COD_SETTORE_CIPE 	   = '06'
							 and    ssc.COD_SOTTO_SETTORE_CIPE = '39')
where id_bando in (2);

update pbandi_t_bando
set ID_SOTTO_SETTORE_CIPE = (select ssc.ID_SOTTO_SETTORE_CIPE
							 from   PBANDI_D_SOTTO_SETTORE_CIPE ssc,PBANDI_D_SETTORE_CIPE sc
							 where  ssc.ID_SETTORE_CIPE 	   = sc.ID_SETTORE_CIPE
							 and    sc.COD_SETTORE_CIPE 	   = '03'
							 and    ssc.COD_SOTTO_SETTORE_CIPE = '06')
where id_bando in (4);

update pbandi_t_bando
set ID_SOTTO_SETTORE_CIPE = (select ssc.ID_SOTTO_SETTORE_CIPE
							 from   PBANDI_D_SOTTO_SETTORE_CIPE ssc,PBANDI_D_SETTORE_CIPE sc
							 where  ssc.ID_SETTORE_CIPE 	   = sc.ID_SETTORE_CIPE
							 and    sc.COD_SETTORE_CIPE 	   = '08'
							 and    ssc.COD_SOTTO_SETTORE_CIPE = '60')
where id_bando in (7);

update pbandi_t_bando
set ID_natura_cipe = (select id_natura_cipe 
					  from pbandi_d_natura_cipe
					  where COD_NATURA_CIPE = '07')
where id_bando in (1,2,3,4,5,6,8,9,10);

update pbandi_t_bando
set ID_natura_cipe = (select id_natura_cipe 
					  from pbandi_d_natura_cipe
					  where COD_NATURA_CIPE = '06')
where id_bando in (7);	

insert into PBANDI_R_BANDO_SOGG_FINANZIAT
(ID_BANDO,ID_SOGGETTO_FINANZIATORE,ID_UTENTE_INS)
(select ID_BANDO,ID_SOGGETTO_FINANZIATORE,pbandi_t_bando.ID_UTENTE_INS
 from pbandi_t_bando,PBANDI_D_SOGGETTO_FINANZIATORE
 where 	ID_SOGGETTO_FINANZIATORE in (1,12,2,13));
 
update pbandi_t_bando
set    ID_SETTORE_CPT = (select ID_SETTORE_CPT
   					     from   PBANDI_D_SETTORE_CPT
						 where  COD_IGRUE_T3 = '09')
where id_bando in (8,9,10);						 
						  
insert into PBANDI_R_BANDO_INDICATORI
(ID_BANDO,ID_INDICATORI,ID_UTENTE_INS)
(select id_bando,id_indicatori,id_utente_ins 
 from pbandi_t_bando,PBANDI_D_INDICATORI
 where cod_igrue in ('799')
and  id_bando in (8,9,10)); 
 
insert into PBANDI_R_BANDO_INDICATORI
(ID_BANDO,ID_INDICATORI,ID_UTENTE_INS)
(select id_bando,id_indicatori,id_utente_ins 
 from pbandi_t_bando,PBANDI_D_INDICATORI
 where cod_igrue in ('1781','1782','1783')
and  id_bando in (8,9)); 

insert into PBANDI_R_BANDO_INDICATORI
(ID_BANDO,ID_INDICATORI,ID_UTENTE_INS)
(select id_bando,id_indicatori,id_utente_ins 
 from pbandi_t_bando,PBANDI_D_INDICATORI
 where cod_igrue in ('1777','1178','1780','1781')
and  id_bando in (10)); 

insert into pbandi_r_bando_lin_tipo_aiuto
(id_tipo_aiuto,progr_bando_linea_intervento)
(select id_tipo_aiuto,10 from pbandi_d_tipo_aiuto where COD_IGRUE_T1 = 'C');

insert into pbandi_r_bando_lin_tipo_aiuto
(id_tipo_aiuto,progr_bando_linea_intervento)
(select id_tipo_aiuto,12 from pbandi_d_tipo_aiuto where COD_IGRUE_T1 in ('D','F'));


INSERT INTO PBANDI_R_BAN_LINEA_INT_TEM_PRI 
(ID_TEMA_PRIORITARIO,PROGR_BANDO_LINEA_INTERVENTO,ID_UTENTE_INS) 
(select ID_TEMA_PRIORITARIO,5,1
 from PBANDI_D_TEMA_PRIORITARIO
 where COD_IGRUE_T4 = '09');
 
INSERT INTO PBANDI_R_BAN_LINEA_INT_TEM_PRI 
(ID_TEMA_PRIORITARIO,PROGR_BANDO_LINEA_INTERVENTO,ID_UTENTE_INS) 
(select ID_TEMA_PRIORITARIO,6,1
 from PBANDI_D_TEMA_PRIORITARIO
 where COD_IGRUE_T4 = '06'); 
 

 
 INSERT INTO PBANDI_R_BAN_LINEA_INT_TEM_PRI 
(ID_TEMA_PRIORITARIO,PROGR_BANDO_LINEA_INTERVENTO,ID_UTENTE_INS) 
(select ID_TEMA_PRIORITARIO,10,1
 from PBANDI_D_TEMA_PRIORITARIO
 where COD_IGRUE_T4 = '07'); 
 
  INSERT INTO PBANDI_R_BAN_LINEA_INT_TEM_PRI 
(ID_TEMA_PRIORITARIO,PROGR_BANDO_LINEA_INTERVENTO,ID_UTENTE_INS) 
(select ID_TEMA_PRIORITARIO,11,1
 from PBANDI_D_TEMA_PRIORITARIO
 where COD_IGRUE_T4 = '07'); 
 
  INSERT INTO PBANDI_R_BAN_LINEA_INT_TEM_PRI 
(ID_TEMA_PRIORITARIO,PROGR_BANDO_LINEA_INTERVENTO,ID_UTENTE_INS) 
(select ID_TEMA_PRIORITARIO,12,1
 from PBANDI_D_TEMA_PRIORITARIO
 where COD_IGRUE_T4 = '07'); 
 
 insert into PBANDI_R_BANDO_LIN_INDICAT_QSN
 (PROGR_BANDO_LINEA_INTERVENTO,ID_INDICATORE_QSN)
 (select PROGR_BANDO_LINEA_INTERVENTO,ID_INDICATORE_QSN
  from PBANDI_D_INDICATORE_QSN,PBANDI_R_BANDO_LINEA_INTERVENT
  where COD_IGRUE_T12 in (12,13,14) 
  and PROGR_BANDO_LINEA_INTERVENTO in (5,6,11));
  
  insert into PBANDI_R_BANDO_LIN_INDICAT_QSN
 (PROGR_BANDO_LINEA_INTERVENTO,ID_INDICATORE_QSN)
 (select PROGR_BANDO_LINEA_INTERVENTO,ID_INDICATORE_QSN
  from PBANDI_D_INDICATORE_QSN,PBANDI_R_BANDO_LINEA_INTERVENT
  where COD_IGRUE_T12 in (13,14) 
  and PROGR_BANDO_LINEA_INTERVENTO in (10));
  
  insert into PBANDI_R_BANDO_LIN_INDICAT_QSN
 (PROGR_BANDO_LINEA_INTERVENTO,ID_INDICATORE_QSN)
 (select PROGR_BANDO_LINEA_INTERVENTO,ID_INDICATORE_QSN
  from PBANDI_D_INDICATORE_QSN,PBANDI_R_BANDO_LINEA_INTERVENT
  where COD_IGRUE_T12 in (10,11,12,13) 
  and PROGR_BANDO_LINEA_INTERVENTO in (12));
  
  insert into pbandi_r_bando_lin_ind_ris_pro
  (ID_IND_RISULTATO_PROGRAM,PROGR_BANDO_LINEA_INTERVENTO)
  (select ID_IND_RISULTATO_PROGRAM,PROGR_BANDO_LINEA_INTERVENTO
   from PBANDI_R_BANDO_LINEA_INTERVENT,PBANDI_D_IND_RISULTATO_PROGRAM
   where COD_IGRUE_T20 in (1,2,3,4,5,6,7,8,9)	
   and   PROGR_BANDO_LINEA_INTERVENTO in (10,11));
   
  insert into pbandi_r_bando_lin_ind_ris_pro
  (ID_IND_RISULTATO_PROGRAM,PROGR_BANDO_LINEA_INTERVENTO)
  (select ID_IND_RISULTATO_PROGRAM,PROGR_BANDO_LINEA_INTERVENTO
   from PBANDI_R_BANDO_LINEA_INTERVENT,PBANDI_D_IND_RISULTATO_PROGRAM
   where COD_IGRUE_T20 in (1,7,8,9)	
   and   PROGR_BANDO_LINEA_INTERVENTO in (12));   

declare
cursor c1 is
SELECT distinct PBANDI_R_BAN_LINEA_INT_TEM_PRI.ID_tema_prioritario,pbandi_t_progetto.ID_PROGETTO
  FROM pbandi_t_progetto,
       pbandi_t_domanda,
       pbandi_r_bando_linea_intervent,
       pbandi_t_bando,
	   PBANDI_R_BAN_LINEA_INT_TEM_PRI
 WHERE pbandi_t_domanda.id_domanda = pbandi_t_progetto.id_domanda
 AND  pbandi_r_bando_linea_intervent.progr_bando_linea_intervento = pbandi_t_domanda.progr_bando_linea_intervento
 AND  pbandi_t_bando.id_bando = pbandi_r_bando_linea_intervent.id_bando
 and  PBANDI_R_BAN_LINEA_INT_TEM_PRI.PROGR_BANDO_LINEA_INTERVENTO = pbandi_r_bando_linea_intervent.PROGR_BANDO_LINEA_INTERVENTO;
begin
  for r1 in c1 loop
    update  pbandi_t_progetto
    set id_tema_prioritario = r1.id_tema_prioritario
    where ID_PROGETTO = r1.ID_PROGETTO;
  end loop;
end;    
/

update pbandi_t_progetto
set ID_IND_RISULTATO_PROGRAM = (select ID_IND_RISULTATO_PROGRAM from PBANDI_D_IND_RISULTATO_PROGRAM
								where COD_IGRUE_T20 = 1)				
where ID_PROGETTO in ( SELECT distinct pbandi_t_progetto.ID_PROGETTO
					  FROM pbandi_t_progetto,
						   pbandi_t_domanda,
						   pbandi_r_bando_linea_intervent,
						   pbandi_t_bando
					 WHERE pbandi_t_domanda.id_domanda = pbandi_t_progetto.id_domanda
					 AND  pbandi_r_bando_linea_intervent.progr_bando_linea_intervento = pbandi_t_domanda.progr_bando_linea_intervento
					 AND  pbandi_t_bando.id_bando = pbandi_r_bando_linea_intervent.id_bando
					 and  pbandi_r_bando_linea_intervent.PROGR_BANDO_LINEA_INTERVENTO in (1,8,12));
					 
update pbandi_t_progetto
set ID_IND_RISULTATO_PROGRAM = (select ID_IND_RISULTATO_PROGRAM from PBANDI_D_IND_RISULTATO_PROGRAM
								where COD_IGRUE_T20 = 13)				
where ID_PROGETTO in ( SELECT distinct pbandi_t_progetto.ID_PROGETTO
					  FROM pbandi_t_progetto,
						   pbandi_t_domanda,
						   pbandi_r_bando_linea_intervent,
						   pbandi_t_bando
					 WHERE pbandi_t_domanda.id_domanda = pbandi_t_progetto.id_domanda
					 AND  pbandi_r_bando_linea_intervent.progr_bando_linea_intervento = pbandi_t_domanda.progr_bando_linea_intervento
					 AND  pbandi_t_bando.id_bando = pbandi_r_bando_linea_intervent.id_bando
					 and  pbandi_r_bando_linea_intervent.PROGR_BANDO_LINEA_INTERVENTO = 2);	
					 
update pbandi_t_progetto
set ID_IND_RISULTATO_PROGRAM = (select ID_IND_RISULTATO_PROGRAM from PBANDI_D_IND_RISULTATO_PROGRAM
								where COD_IGRUE_T20 = 15)				
where ID_PROGETTO in ( SELECT distinct pbandi_t_progetto.ID_PROGETTO
					  FROM pbandi_t_progetto,
						   pbandi_t_domanda,
						   pbandi_r_bando_linea_intervent,
						   pbandi_t_bando
					 WHERE pbandi_t_domanda.id_domanda = pbandi_t_progetto.id_domanda
					 AND  pbandi_r_bando_linea_intervent.progr_bando_linea_intervento = pbandi_t_domanda.progr_bando_linea_intervento
					 AND  pbandi_t_bando.id_bando = pbandi_r_bando_linea_intervent.id_bando
					 and  pbandi_r_bando_linea_intervent.PROGR_BANDO_LINEA_INTERVENTO = 3);
					 
update pbandi_t_progetto
set ID_IND_RISULTATO_PROGRAM = (select ID_IND_RISULTATO_PROGRAM from PBANDI_D_IND_RISULTATO_PROGRAM
								where COD_IGRUE_T20 = 18)				
where ID_PROGETTO in ( SELECT distinct pbandi_t_progetto.ID_PROGETTO
					  FROM pbandi_t_progetto,
						   pbandi_t_domanda,
						   pbandi_r_bando_linea_intervent,
						   pbandi_t_bando
					 WHERE pbandi_t_domanda.id_domanda = pbandi_t_progetto.id_domanda
					 AND  pbandi_r_bando_linea_intervent.progr_bando_linea_intervento = pbandi_t_domanda.progr_bando_linea_intervento
					 AND  pbandi_t_bando.id_bando = pbandi_r_bando_linea_intervent.id_bando
					 and  pbandi_r_bando_linea_intervent.PROGR_BANDO_LINEA_INTERVENTO = 4);
					 
update pbandi_t_progetto
set ID_IND_RISULTATO_PROGRAM = (select ID_IND_RISULTATO_PROGRAM from PBANDI_D_IND_RISULTATO_PROGRAM
								where COD_IGRUE_T20 = 3)				
where ID_PROGETTO in ( SELECT distinct pbandi_t_progetto.ID_PROGETTO
					  FROM pbandi_t_progetto,
						   pbandi_t_domanda,
						   pbandi_r_bando_linea_intervent,
						   pbandi_t_bando
					 WHERE pbandi_t_domanda.id_domanda = pbandi_t_progetto.id_domanda
					 AND  pbandi_r_bando_linea_intervent.progr_bando_linea_intervento = pbandi_t_domanda.progr_bando_linea_intervento
					 AND  pbandi_t_bando.id_bando = pbandi_r_bando_linea_intervent.id_bando
					 and  pbandi_r_bando_linea_intervent.PROGR_BANDO_LINEA_INTERVENTO in (5,6));
					 
update pbandi_t_progetto
set ID_IND_RISULTATO_PROGRAM = (select ID_IND_RISULTATO_PROGRAM from PBANDI_D_IND_RISULTATO_PROGRAM
								where COD_IGRUE_T20 = 11)				
where ID_PROGETTO in ( SELECT distinct pbandi_t_progetto.ID_PROGETTO
					  FROM pbandi_t_progetto,
						   pbandi_t_domanda,
						   pbandi_r_bando_linea_intervent,
						   pbandi_t_bando
					 WHERE pbandi_t_domanda.id_domanda = pbandi_t_progetto.id_domanda
					 AND  pbandi_r_bando_linea_intervent.progr_bando_linea_intervento = pbandi_t_domanda.progr_bando_linea_intervento
					 AND  pbandi_t_bando.id_bando = pbandi_r_bando_linea_intervent.id_bando
					 and  pbandi_r_bando_linea_intervent.PROGR_BANDO_LINEA_INTERVENTO = 7);
					 
update pbandi_t_progetto
set ID_IND_RISULTATO_PROGRAM = (select ID_IND_RISULTATO_PROGRAM from PBANDI_D_IND_RISULTATO_PROGRAM
								where COD_IGRUE_T20 = 6)				
where ID_PROGETTO in ( SELECT distinct pbandi_t_progetto.ID_PROGETTO
					  FROM pbandi_t_progetto,
						   pbandi_t_domanda,
						   pbandi_r_bando_linea_intervent,
						   pbandi_t_bando
					 WHERE pbandi_t_domanda.id_domanda = pbandi_t_progetto.id_domanda
					 AND  pbandi_r_bando_linea_intervent.progr_bando_linea_intervento = pbandi_t_domanda.progr_bando_linea_intervento
					 AND  pbandi_t_bando.id_bando = pbandi_r_bando_linea_intervent.id_bando
					 and  pbandi_r_bando_linea_intervent.PROGR_BANDO_LINEA_INTERVENTO in (9,10,11));					 

update PBANDI_T_PROGETTO
set ID_OBIETTIVO_SPECIF_QSN = (SELECT pbandi_d_obiettivo_specif_qsn.id_obiettivo_specif_qsn
							  FROM pbandi_d_priorita_qsn,
								   pbandi_d_obiettivo_gen_qsn,
								   pbandi_d_obiettivo_specif_qsn
							 WHERE pbandi_d_priorita_qsn.id_priorita_qsn = pbandi_d_obiettivo_gen_qsn.id_priorita_qsn
							 AND   pbandi_d_obiettivo_gen_qsn.id_obiettivo_gen_qsn = pbandi_d_obiettivo_specif_qsn.id_obiettivo_gen_qsn
							 and   COD_IGRUE_T12 = 3
							 and   pbandi_d_obiettivo_gen_qsn.COD_IGRUE_T2 = '1'
							 and   pbandi_d_obiettivo_specif_qsn.COD_IGRUE_T2 = '3')
where id_progetto in (SELECT distinct pbandi_t_progetto.ID_PROGETTO
  FROM pbandi_t_progetto,
       pbandi_t_domanda,
       pbandi_r_bando_linea_intervent,
       pbandi_t_bando
 WHERE pbandi_t_domanda.id_domanda = pbandi_t_progetto.id_domanda
 AND  pbandi_r_bando_linea_intervent.progr_bando_linea_intervento = pbandi_t_domanda.progr_bando_linea_intervento
 AND  pbandi_t_bando.id_bando = pbandi_r_bando_linea_intervent.id_bando
 and  pbandi_r_bando_linea_intervent.progr_bando_linea_intervento in (2));  
  
update PBANDI_T_PROGETTO
set ID_OBIETTIVO_SPECIF_QSN = (SELECT pbandi_d_obiettivo_specif_qsn.id_obiettivo_specif_qsn
							  FROM pbandi_d_priorita_qsn,
								   pbandi_d_obiettivo_gen_qsn,
								   pbandi_d_obiettivo_specif_qsn
							 WHERE pbandi_d_priorita_qsn.id_priorita_qsn = pbandi_d_obiettivo_gen_qsn.id_priorita_qsn
							 AND   pbandi_d_obiettivo_gen_qsn.id_obiettivo_gen_qsn = pbandi_d_obiettivo_specif_qsn.id_obiettivo_gen_qsn
							 and   COD_IGRUE_T12 = 2
							 and   pbandi_d_obiettivo_gen_qsn.COD_IGRUE_T2 = '1'
							 and   pbandi_d_obiettivo_specif_qsn.COD_IGRUE_T2 = '3')
where id_progetto in (SELECT distinct pbandi_t_progetto.ID_PROGETTO
  FROM pbandi_t_progetto,
       pbandi_t_domanda,
       pbandi_r_bando_linea_intervent,
       pbandi_t_bando
 WHERE pbandi_t_domanda.id_domanda = pbandi_t_progetto.id_domanda
 AND  pbandi_r_bando_linea_intervent.progr_bando_linea_intervento = pbandi_t_domanda.progr_bando_linea_intervento
 AND  pbandi_t_bando.id_bando = pbandi_r_bando_linea_intervent.id_bando
 and  pbandi_r_bando_linea_intervent.progr_bando_linea_intervento in (5,6,8,9,10,11,12)); 
  
 update pbandi_t_progetto
set ID_INDICATORE_QSN = (select ID_INDICATORE_QSN from PBANDI_D_INDICATORE_QSN
						 where COD_IGRUE_T12 = 12)				
where ID_PROGETTO in ( SELECT distinct pbandi_t_progetto.ID_PROGETTO
					  FROM pbandi_t_progetto,
						   pbandi_t_domanda,
						   pbandi_r_bando_linea_intervent,
						   pbandi_t_bando
					 WHERE pbandi_t_domanda.id_domanda = pbandi_t_progetto.id_domanda
					 AND  pbandi_r_bando_linea_intervent.progr_bando_linea_intervento = pbandi_t_domanda.progr_bando_linea_intervento
					 AND  pbandi_t_bando.id_bando = pbandi_r_bando_linea_intervent.id_bando
					 and  pbandi_r_bando_linea_intervent.PROGR_BANDO_LINEA_INTERVENTO in (1,5,6,7,8,11,12));
					 
update pbandi_t_progetto
set ID_INDICATORE_QSN = (select ID_INDICATORE_QSN from PBANDI_D_INDICATORE_QSN
						 where COD_IGRUE_T12 = 20)				
where ID_PROGETTO in ( SELECT distinct pbandi_t_progetto.ID_PROGETTO
					  FROM pbandi_t_progetto,
						   pbandi_t_domanda,
						   pbandi_r_bando_linea_intervent,
						   pbandi_t_bando
					 WHERE pbandi_t_domanda.id_domanda = pbandi_t_progetto.id_domanda
					 AND  pbandi_r_bando_linea_intervent.progr_bando_linea_intervento = pbandi_t_domanda.progr_bando_linea_intervento
					 AND  pbandi_t_bando.id_bando = pbandi_r_bando_linea_intervent.id_bando
					 and  pbandi_r_bando_linea_intervent.PROGR_BANDO_LINEA_INTERVENTO = 2);
					 
update pbandi_t_progetto
set ID_INDICATORE_QSN = (select ID_INDICATORE_QSN from PBANDI_D_INDICATORE_QSN
						 where COD_IGRUE_T12 = 19)				
where ID_PROGETTO in ( SELECT distinct pbandi_t_progetto.ID_PROGETTO
					  FROM pbandi_t_progetto,
						   pbandi_t_domanda,
						   pbandi_r_bando_linea_intervent,
						   pbandi_t_bando
					 WHERE pbandi_t_domanda.id_domanda = pbandi_t_progetto.id_domanda
					 AND  pbandi_r_bando_linea_intervent.progr_bando_linea_intervento = pbandi_t_domanda.progr_bando_linea_intervento
					 AND  pbandi_t_bando.id_bando = pbandi_r_bando_linea_intervent.id_bando
					 and  pbandi_r_bando_linea_intervent.PROGR_BANDO_LINEA_INTERVENTO = 3);
					 
update pbandi_t_progetto
set ID_INDICATORE_QSN = (select ID_INDICATORE_QSN from PBANDI_D_INDICATORE_QSN
						 where COD_IGRUE_T12 = 22)				
where ID_PROGETTO in ( SELECT distinct pbandi_t_progetto.ID_PROGETTO
					  FROM pbandi_t_progetto,
						   pbandi_t_domanda,
						   pbandi_r_bando_linea_intervent,
						   pbandi_t_bando
					 WHERE pbandi_t_domanda.id_domanda = pbandi_t_progetto.id_domanda
					 AND  pbandi_r_bando_linea_intervent.progr_bando_linea_intervento = pbandi_t_domanda.progr_bando_linea_intervento
					 AND  pbandi_t_bando.id_bando = pbandi_r_bando_linea_intervent.id_bando
					 and  pbandi_r_bando_linea_intervent.PROGR_BANDO_LINEA_INTERVENTO = 4);
					 
update pbandi_t_progetto
set ID_INDICATORE_QSN = (select ID_INDICATORE_QSN from PBANDI_D_INDICATORE_QSN
						 where COD_IGRUE_T12 = 13)				
where ID_PROGETTO in ( SELECT distinct pbandi_t_progetto.ID_PROGETTO
					  FROM pbandi_t_progetto,
						   pbandi_t_domanda,
						   pbandi_r_bando_linea_intervent,
						   pbandi_t_bando
					 WHERE pbandi_t_domanda.id_domanda = pbandi_t_progetto.id_domanda
					 AND  pbandi_r_bando_linea_intervent.progr_bando_linea_intervento = pbandi_t_domanda.progr_bando_linea_intervento
					 AND  pbandi_t_bando.id_bando = pbandi_r_bando_linea_intervent.id_bando
					 and  pbandi_r_bando_linea_intervent.PROGR_BANDO_LINEA_INTERVENTO in (9,10));

update pbandi_t_progetto
set id_tipo_operazione = 3;

update pbandi_t_progetto
set ID_CATEGORIA_CIPE = (select ID_CATEGORIA_CIPE from PBANDI_D_CATEGORIA_CIPE
						 where COD_CATEGORIA_CIPE = '627')				
where ID_PROGETTO in ( SELECT distinct pbandi_t_progetto.ID_PROGETTO
					  FROM pbandi_t_progetto,
						   pbandi_t_domanda,
						   pbandi_r_bando_linea_intervent,
						   pbandi_t_bando
					 WHERE pbandi_t_domanda.id_domanda = pbandi_t_progetto.id_domanda
					 AND  pbandi_r_bando_linea_intervent.progr_bando_linea_intervento = pbandi_t_domanda.progr_bando_linea_intervento
					 AND  pbandi_t_bando.id_bando = pbandi_r_bando_linea_intervent.id_bando
					 and  pbandi_r_bando_linea_intervent.PROGR_BANDO_LINEA_INTERVENTO in (1));
					 
update pbandi_t_progetto
set ID_CATEGORIA_CIPE = (select ID_CATEGORIA_CIPE 
                         from PBANDI_D_CATEGORIA_CIPE cc,PBANDI_D_SOTTO_SETTORE_CIPE ssc,pbandi_t_bando b
						 where cc.COD_CATEGORIA_CIPE = '627'
						 and   cc.ID_SOTTO_SETTORE_CIPE = ssc.ID_SOTTO_SETTORE_CIPE
						 and   ssc.ID_SOTTO_SETTORE_CIPE = b.ID_SOTTO_SETTORE_CIPE
						 and   b.id_bando = 2)		
where ID_PROGETTO in ( SELECT distinct pbandi_t_progetto.ID_PROGETTO
					  FROM pbandi_t_progetto,
						   pbandi_t_domanda,
						   pbandi_r_bando_linea_intervent,
						   pbandi_t_bando
					 WHERE pbandi_t_domanda.id_domanda = pbandi_t_progetto.id_domanda
					 AND  pbandi_r_bando_linea_intervent.progr_bando_linea_intervento = pbandi_t_domanda.progr_bando_linea_intervento
					 AND  pbandi_t_bando.id_bando = pbandi_r_bando_linea_intervent.id_bando
					 and  pbandi_r_bando_linea_intervent.PROGR_BANDO_LINEA_INTERVENTO in (2));	

update pbandi_t_progetto
set ID_CATEGORIA_CIPE = (select ID_CATEGORIA_CIPE 
                         from PBANDI_D_CATEGORIA_CIPE cc,PBANDI_D_SOTTO_SETTORE_CIPE ssc,pbandi_t_bando b
						 where cc.COD_CATEGORIA_CIPE = '626'
						 and   cc.ID_SOTTO_SETTORE_CIPE = ssc.ID_SOTTO_SETTORE_CIPE
						 and   ssc.ID_SOTTO_SETTORE_CIPE = b.ID_SOTTO_SETTORE_CIPE
						 and   b.id_bando = 3)		
where ID_PROGETTO in ( SELECT distinct pbandi_t_progetto.ID_PROGETTO
					  FROM pbandi_t_progetto,
						   pbandi_t_domanda,
						   pbandi_r_bando_linea_intervent,
						   pbandi_t_bando
					 WHERE pbandi_t_domanda.id_domanda = pbandi_t_progetto.id_domanda
					 AND  pbandi_r_bando_linea_intervent.progr_bando_linea_intervento = pbandi_t_domanda.progr_bando_linea_intervento
					 AND  pbandi_t_bando.id_bando = pbandi_r_bando_linea_intervent.id_bando
					 and  pbandi_r_bando_linea_intervent.PROGR_BANDO_LINEA_INTERVENTO in (3));
					 
update pbandi_t_progetto
set ID_CATEGORIA_CIPE = (select ID_CATEGORIA_CIPE 
                         from PBANDI_D_CATEGORIA_CIPE cc,PBANDI_D_SOTTO_SETTORE_CIPE ssc,pbandi_t_bando b
						 where cc.COD_CATEGORIA_CIPE = '998'
						 and   cc.ID_SOTTO_SETTORE_CIPE = ssc.ID_SOTTO_SETTORE_CIPE
						 and   ssc.ID_SOTTO_SETTORE_CIPE = b.ID_SOTTO_SETTORE_CIPE
						 and   b.id_bando = 4)		
where ID_PROGETTO in ( SELECT distinct pbandi_t_progetto.ID_PROGETTO
					  FROM pbandi_t_progetto,
						   pbandi_t_domanda,
						   pbandi_r_bando_linea_intervent,
						   pbandi_t_bando
					 WHERE pbandi_t_domanda.id_domanda = pbandi_t_progetto.id_domanda
					 AND  pbandi_r_bando_linea_intervent.progr_bando_linea_intervento = pbandi_t_domanda.progr_bando_linea_intervento
					 AND  pbandi_t_bando.id_bando = pbandi_r_bando_linea_intervent.id_bando
					 and  pbandi_r_bando_linea_intervent.PROGR_BANDO_LINEA_INTERVENTO in (4));

update pbandi_t_progetto
set ID_CATEGORIA_CIPE = (select ID_CATEGORIA_CIPE 
                         from PBANDI_D_CATEGORIA_CIPE cc,PBANDI_D_SOTTO_SETTORE_CIPE ssc,pbandi_t_bando b
						 where cc.COD_CATEGORIA_CIPE = '999'
						 and   cc.ID_SOTTO_SETTORE_CIPE = ssc.ID_SOTTO_SETTORE_CIPE
						 and   ssc.ID_SOTTO_SETTORE_CIPE = b.ID_SOTTO_SETTORE_CIPE
						 and   b.id_bando = 5)		
where ID_PROGETTO in ( SELECT distinct pbandi_t_progetto.ID_PROGETTO
					  FROM pbandi_t_progetto,
						   pbandi_t_domanda,
						   pbandi_r_bando_linea_intervent,
						   pbandi_t_bando
					 WHERE pbandi_t_domanda.id_domanda = pbandi_t_progetto.id_domanda
					 AND  pbandi_r_bando_linea_intervent.progr_bando_linea_intervento = pbandi_t_domanda.progr_bando_linea_intervento
					 AND  pbandi_t_bando.id_bando = pbandi_r_bando_linea_intervent.id_bando
					 and  pbandi_r_bando_linea_intervent.PROGR_BANDO_LINEA_INTERVENTO in (5,6,7));
					 
update pbandi_t_progetto
set ID_CATEGORIA_CIPE = (select ID_CATEGORIA_CIPE 
                         from PBANDI_D_CATEGORIA_CIPE cc,PBANDI_D_SOTTO_SETTORE_CIPE ssc,pbandi_t_bando b
						 where cc.COD_CATEGORIA_CIPE = '999'
						 and   cc.ID_SOTTO_SETTORE_CIPE = ssc.ID_SOTTO_SETTORE_CIPE
						 and   ssc.ID_SOTTO_SETTORE_CIPE = b.ID_SOTTO_SETTORE_CIPE
						 and   b.id_bando = 6)		
where ID_PROGETTO in ( SELECT distinct pbandi_t_progetto.ID_PROGETTO
					  FROM pbandi_t_progetto,
						   pbandi_t_domanda,
						   pbandi_r_bando_linea_intervent,
						   pbandi_t_bando
					 WHERE pbandi_t_domanda.id_domanda = pbandi_t_progetto.id_domanda
					 AND  pbandi_r_bando_linea_intervent.progr_bando_linea_intervento = pbandi_t_domanda.progr_bando_linea_intervento
					 AND  pbandi_t_bando.id_bando = pbandi_r_bando_linea_intervent.id_bando
					 and  pbandi_r_bando_linea_intervent.PROGR_BANDO_LINEA_INTERVENTO in (8));					 
					 
update pbandi_t_progetto
set ID_CATEGORIA_CIPE = (select ID_CATEGORIA_CIPE 
                         from PBANDI_D_CATEGORIA_CIPE cc,PBANDI_D_SOTTO_SETTORE_CIPE ssc,pbandi_t_bando b
						 where cc.COD_CATEGORIA_CIPE = '607'
						 and   cc.ID_SOTTO_SETTORE_CIPE = ssc.ID_SOTTO_SETTORE_CIPE
						 and   ssc.ID_SOTTO_SETTORE_CIPE = b.ID_SOTTO_SETTORE_CIPE
						 and   b.id_bando = 7)		
where ID_PROGETTO in ( SELECT distinct pbandi_t_progetto.ID_PROGETTO
					  FROM pbandi_t_progetto,
						   pbandi_t_domanda,
						   pbandi_r_bando_linea_intervent,
						   pbandi_t_bando
					 WHERE pbandi_t_domanda.id_domanda = pbandi_t_progetto.id_domanda
					 AND  pbandi_r_bando_linea_intervent.progr_bando_linea_intervento = pbandi_t_domanda.progr_bando_linea_intervento
					 AND  pbandi_t_bando.id_bando = pbandi_r_bando_linea_intervent.id_bando
					 and  pbandi_r_bando_linea_intervent.PROGR_BANDO_LINEA_INTERVENTO in (9));

update pbandi_t_progetto
set ID_CATEGORIA_CIPE = (select ID_CATEGORIA_CIPE 
                         from PBANDI_D_CATEGORIA_CIPE cc,PBANDI_D_SOTTO_SETTORE_CIPE ssc,pbandi_t_bando b
						 where cc.COD_CATEGORIA_CIPE = '999'
						 and   cc.ID_SOTTO_SETTORE_CIPE = ssc.ID_SOTTO_SETTORE_CIPE
						 and   ssc.ID_SOTTO_SETTORE_CIPE = b.ID_SOTTO_SETTORE_CIPE
						 and   b.id_bando = 8)		
where ID_PROGETTO in ( SELECT distinct pbandi_t_progetto.ID_PROGETTO
					  FROM pbandi_t_progetto,
						   pbandi_t_domanda,
						   pbandi_r_bando_linea_intervent,
						   pbandi_t_bando
					 WHERE pbandi_t_domanda.id_domanda = pbandi_t_progetto.id_domanda
					 AND  pbandi_r_bando_linea_intervent.progr_bando_linea_intervento = pbandi_t_domanda.progr_bando_linea_intervento
					 AND  pbandi_t_bando.id_bando = pbandi_r_bando_linea_intervent.id_bando
					 and  pbandi_r_bando_linea_intervent.PROGR_BANDO_LINEA_INTERVENTO in (10));

update pbandi_t_progetto
set ID_CATEGORIA_CIPE = (select ID_CATEGORIA_CIPE 
                         from PBANDI_D_CATEGORIA_CIPE cc,PBANDI_D_SOTTO_SETTORE_CIPE ssc,pbandi_t_bando b
						 where cc.COD_CATEGORIA_CIPE = '999'
						 and   cc.ID_SOTTO_SETTORE_CIPE = ssc.ID_SOTTO_SETTORE_CIPE
						 and   ssc.ID_SOTTO_SETTORE_CIPE = b.ID_SOTTO_SETTORE_CIPE
						 and   b.id_bando = 9)		
where ID_PROGETTO in ( SELECT distinct pbandi_t_progetto.ID_PROGETTO
					  FROM pbandi_t_progetto,
						   pbandi_t_domanda,
						   pbandi_r_bando_linea_intervent,
						   pbandi_t_bando
					 WHERE pbandi_t_domanda.id_domanda = pbandi_t_progetto.id_domanda
					 AND  pbandi_r_bando_linea_intervent.progr_bando_linea_intervento = pbandi_t_domanda.progr_bando_linea_intervento
					 AND  pbandi_t_bando.id_bando = pbandi_r_bando_linea_intervent.id_bando
					 and  pbandi_r_bando_linea_intervent.PROGR_BANDO_LINEA_INTERVENTO in (11));
					 
update pbandi_t_progetto
set ID_CATEGORIA_CIPE = (select ID_CATEGORIA_CIPE 
                         from PBANDI_D_CATEGORIA_CIPE cc,PBANDI_D_SOTTO_SETTORE_CIPE ssc,pbandi_t_bando b
						 where cc.COD_CATEGORIA_CIPE = '621'
						 and   cc.ID_SOTTO_SETTORE_CIPE = ssc.ID_SOTTO_SETTORE_CIPE
						 and   ssc.ID_SOTTO_SETTORE_CIPE = b.ID_SOTTO_SETTORE_CIPE
						 and   b.id_bando = 10)		
where ID_PROGETTO in ( SELECT distinct pbandi_t_progetto.ID_PROGETTO
					  FROM pbandi_t_progetto,
						   pbandi_t_domanda,
						   pbandi_r_bando_linea_intervent,
						   pbandi_t_bando
					 WHERE pbandi_t_domanda.id_domanda = pbandi_t_progetto.id_domanda
					 AND  pbandi_r_bando_linea_intervent.progr_bando_linea_intervento = pbandi_t_domanda.progr_bando_linea_intervento
					 AND  pbandi_t_bando.id_bando = pbandi_r_bando_linea_intervent.id_bando
					 and  pbandi_r_bando_linea_intervent.PROGR_BANDO_LINEA_INTERVENTO in (12));
					 
update pbandi_t_progetto
set ID_TIPOLOGIA_CIPE = (select ID_TIPOLOGIA_CIPE
                         from PBANDI_D_TIPOLOGIA_CIPE tc,PBANDI_D_NATURA_CIPE nc,pbandi_t_bando b
						 where tc.COD_TIPOLOGIA_CIPE = '20'
						 and   tc.ID_NATURA_CIPE = nc.ID_NATURA_CIPE
						 and   nc.ID_NATURA_CIPE = b.ID_NATURA_CIPE
						 and   b.id_bando = 1)		
where ID_PROGETTO in ( SELECT distinct pbandi_t_progetto.ID_PROGETTO
					  FROM pbandi_t_progetto,
						   pbandi_t_domanda,
						   pbandi_r_bando_linea_intervent,
						   pbandi_t_bando
					 WHERE pbandi_t_domanda.id_domanda = pbandi_t_progetto.id_domanda
					 AND  pbandi_r_bando_linea_intervent.progr_bando_linea_intervento = pbandi_t_domanda.progr_bando_linea_intervento
					 AND  pbandi_t_bando.id_bando = pbandi_r_bando_linea_intervent.id_bando
					 and  pbandi_r_bando_linea_intervent.PROGR_BANDO_LINEA_INTERVENTO in (1));
					 
update pbandi_t_progetto
set ID_TIPOLOGIA_CIPE = (select ID_TIPOLOGIA_CIPE
                         from PBANDI_D_TIPOLOGIA_CIPE tc,PBANDI_D_NATURA_CIPE nc,pbandi_t_bando b
						 where tc.COD_TIPOLOGIA_CIPE = '01'
						 and   tc.ID_NATURA_CIPE = nc.ID_NATURA_CIPE
						 and   nc.ID_NATURA_CIPE = b.ID_NATURA_CIPE
						 and   b.id_bando = 2)		
where ID_PROGETTO in ( SELECT distinct pbandi_t_progetto.ID_PROGETTO
					  FROM pbandi_t_progetto,
						   pbandi_t_domanda,
						   pbandi_r_bando_linea_intervent,
						   pbandi_t_bando
					 WHERE pbandi_t_domanda.id_domanda = pbandi_t_progetto.id_domanda
					 AND  pbandi_r_bando_linea_intervent.progr_bando_linea_intervento = pbandi_t_domanda.progr_bando_linea_intervento
					 AND  pbandi_t_bando.id_bando = pbandi_r_bando_linea_intervent.id_bando
					 and  pbandi_r_bando_linea_intervent.PROGR_BANDO_LINEA_INTERVENTO in (2));

update pbandi_t_progetto
set ID_TIPOLOGIA_CIPE = (select ID_TIPOLOGIA_CIPE
                         from PBANDI_D_TIPOLOGIA_CIPE tc,PBANDI_D_NATURA_CIPE nc,pbandi_t_bando b
						 where tc.COD_TIPOLOGIA_CIPE = '16'
						 and   tc.ID_NATURA_CIPE = nc.ID_NATURA_CIPE
						 and   nc.ID_NATURA_CIPE = b.ID_NATURA_CIPE
						 and   b.id_bando = 3)		
where ID_PROGETTO in ( SELECT distinct pbandi_t_progetto.ID_PROGETTO
					  FROM pbandi_t_progetto,
						   pbandi_t_domanda,
						   pbandi_r_bando_linea_intervent,
						   pbandi_t_bando
					 WHERE pbandi_t_domanda.id_domanda = pbandi_t_progetto.id_domanda
					 AND  pbandi_r_bando_linea_intervent.progr_bando_linea_intervento = pbandi_t_domanda.progr_bando_linea_intervento
					 AND  pbandi_t_bando.id_bando = pbandi_r_bando_linea_intervent.id_bando
					 and  pbandi_r_bando_linea_intervent.PROGR_BANDO_LINEA_INTERVENTO in (3));

update pbandi_t_progetto
set ID_TIPOLOGIA_CIPE = (select ID_TIPOLOGIA_CIPE
                         from PBANDI_D_TIPOLOGIA_CIPE tc,PBANDI_D_NATURA_CIPE nc,pbandi_t_bando b
						 where tc.COD_TIPOLOGIA_CIPE = '16'
						 and   tc.ID_NATURA_CIPE = nc.ID_NATURA_CIPE
						 and   nc.ID_NATURA_CIPE = b.ID_NATURA_CIPE
						 and   b.id_bando = 4)		
where ID_PROGETTO in ( SELECT distinct pbandi_t_progetto.ID_PROGETTO
					  FROM pbandi_t_progetto,
						   pbandi_t_domanda,
						   pbandi_r_bando_linea_intervent,
						   pbandi_t_bando
					 WHERE pbandi_t_domanda.id_domanda = pbandi_t_progetto.id_domanda
					 AND  pbandi_r_bando_linea_intervent.progr_bando_linea_intervento = pbandi_t_domanda.progr_bando_linea_intervento
					 AND  pbandi_t_bando.id_bando = pbandi_r_bando_linea_intervent.id_bando
					 and  pbandi_r_bando_linea_intervent.PROGR_BANDO_LINEA_INTERVENTO in (4));

update pbandi_t_progetto
set ID_TIPOLOGIA_CIPE = (select ID_TIPOLOGIA_CIPE
                         from PBANDI_D_TIPOLOGIA_CIPE tc,PBANDI_D_NATURA_CIPE nc,pbandi_t_bando b
						 where tc.COD_TIPOLOGIA_CIPE = '15'
						 and   tc.ID_NATURA_CIPE = nc.ID_NATURA_CIPE
						 and   nc.ID_NATURA_CIPE = b.ID_NATURA_CIPE
						 and   b.id_bando = 5)		
where ID_PROGETTO in ( SELECT distinct pbandi_t_progetto.ID_PROGETTO
					  FROM pbandi_t_progetto,
						   pbandi_t_domanda,
						   pbandi_r_bando_linea_intervent,
						   pbandi_t_bando
					 WHERE pbandi_t_domanda.id_domanda = pbandi_t_progetto.id_domanda
					 AND  pbandi_r_bando_linea_intervent.progr_bando_linea_intervento = pbandi_t_domanda.progr_bando_linea_intervento
					 AND  pbandi_t_bando.id_bando = pbandi_r_bando_linea_intervent.id_bando
					 and  pbandi_r_bando_linea_intervent.PROGR_BANDO_LINEA_INTERVENTO in (5,6,7));					 

update pbandi_t_progetto
set ID_TIPOLOGIA_CIPE = (select ID_TIPOLOGIA_CIPE
                         from PBANDI_D_TIPOLOGIA_CIPE tc,PBANDI_D_NATURA_CIPE nc,pbandi_t_bando b
						 where tc.COD_TIPOLOGIA_CIPE = '20'
						 and   tc.ID_NATURA_CIPE = nc.ID_NATURA_CIPE
						 and   nc.ID_NATURA_CIPE = b.ID_NATURA_CIPE
						 and   b.id_bando = 6)		
where ID_PROGETTO in ( SELECT distinct pbandi_t_progetto.ID_PROGETTO
					  FROM pbandi_t_progetto,
						   pbandi_t_domanda,
						   pbandi_r_bando_linea_intervent,
						   pbandi_t_bando
					 WHERE pbandi_t_domanda.id_domanda = pbandi_t_progetto.id_domanda
					 AND  pbandi_r_bando_linea_intervent.progr_bando_linea_intervento = pbandi_t_domanda.progr_bando_linea_intervento
					 AND  pbandi_t_bando.id_bando = pbandi_r_bando_linea_intervent.id_bando
					 and  pbandi_r_bando_linea_intervent.PROGR_BANDO_LINEA_INTERVENTO in (8));
					 
update pbandi_t_progetto
set ID_TIPOLOGIA_CIPE = (select ID_TIPOLOGIA_CIPE
                         from PBANDI_D_TIPOLOGIA_CIPE tc,PBANDI_D_NATURA_CIPE nc,pbandi_t_bando b
						 where tc.COD_TIPOLOGIA_CIPE = '01'
						 and   tc.ID_NATURA_CIPE = nc.ID_NATURA_CIPE
						 and   nc.ID_NATURA_CIPE = b.ID_NATURA_CIPE
						 and   b.id_bando = 7)		
where ID_PROGETTO in ( SELECT distinct pbandi_t_progetto.ID_PROGETTO
					  FROM pbandi_t_progetto,
						   pbandi_t_domanda,
						   pbandi_r_bando_linea_intervent,
						   pbandi_t_bando
					 WHERE pbandi_t_domanda.id_domanda = pbandi_t_progetto.id_domanda
					 AND  pbandi_r_bando_linea_intervent.progr_bando_linea_intervento = pbandi_t_domanda.progr_bando_linea_intervento
					 AND  pbandi_t_bando.id_bando = pbandi_r_bando_linea_intervent.id_bando
					 and  pbandi_r_bando_linea_intervent.PROGR_BANDO_LINEA_INTERVENTO in (9));

update pbandi_t_progetto
set ID_TIPOLOGIA_CIPE = (select ID_TIPOLOGIA_CIPE
                         from PBANDI_D_TIPOLOGIA_CIPE tc,PBANDI_D_NATURA_CIPE nc,pbandi_t_bando b
						 where tc.COD_TIPOLOGIA_CIPE = '20'
						 and   tc.ID_NATURA_CIPE = nc.ID_NATURA_CIPE
						 and   nc.ID_NATURA_CIPE = b.ID_NATURA_CIPE
						 and   b.id_bando = 8)		
where ID_PROGETTO in ( SELECT distinct pbandi_t_progetto.ID_PROGETTO
					  FROM pbandi_t_progetto,
						   pbandi_t_domanda,
						   pbandi_r_bando_linea_intervent,
						   pbandi_t_bando
					 WHERE pbandi_t_domanda.id_domanda = pbandi_t_progetto.id_domanda
					 AND  pbandi_r_bando_linea_intervent.progr_bando_linea_intervento = pbandi_t_domanda.progr_bando_linea_intervento
					 AND  pbandi_t_bando.id_bando = pbandi_r_bando_linea_intervent.id_bando
					 and  pbandi_r_bando_linea_intervent.PROGR_BANDO_LINEA_INTERVENTO in (10));
					 
update pbandi_t_progetto
set ID_TIPOLOGIA_CIPE = (select ID_TIPOLOGIA_CIPE
                         from PBANDI_D_TIPOLOGIA_CIPE tc,PBANDI_D_NATURA_CIPE nc,pbandi_t_bando b
						 where tc.COD_TIPOLOGIA_CIPE = '20'
						 and   tc.ID_NATURA_CIPE = nc.ID_NATURA_CIPE
						 and   nc.ID_NATURA_CIPE = b.ID_NATURA_CIPE
						 and   b.id_bando = 9)		
where ID_PROGETTO in ( SELECT distinct pbandi_t_progetto.ID_PROGETTO
					  FROM pbandi_t_progetto,
						   pbandi_t_domanda,
						   pbandi_r_bando_linea_intervent,
						   pbandi_t_bando
					 WHERE pbandi_t_domanda.id_domanda = pbandi_t_progetto.id_domanda
					 AND  pbandi_r_bando_linea_intervent.progr_bando_linea_intervento = pbandi_t_domanda.progr_bando_linea_intervento
					 AND  pbandi_t_bando.id_bando = pbandi_r_bando_linea_intervent.id_bando
					 and  pbandi_r_bando_linea_intervent.PROGR_BANDO_LINEA_INTERVENTO in (11));
					 
update pbandi_t_progetto
set ID_TIPOLOGIA_CIPE = (select ID_TIPOLOGIA_CIPE
                         from PBANDI_D_TIPOLOGIA_CIPE tc,PBANDI_D_NATURA_CIPE nc,pbandi_t_bando b
						 where tc.COD_TIPOLOGIA_CIPE = '20'
						 and   tc.ID_NATURA_CIPE = nc.ID_NATURA_CIPE
						 and   nc.ID_NATURA_CIPE = b.ID_NATURA_CIPE
						 and   b.id_bando = 10)		
where ID_PROGETTO in ( SELECT distinct pbandi_t_progetto.ID_PROGETTO
					  FROM pbandi_t_progetto,
						   pbandi_t_domanda,
						   pbandi_r_bando_linea_intervent,
						   pbandi_t_bando
					 WHERE pbandi_t_domanda.id_domanda = pbandi_t_progetto.id_domanda
					 AND  pbandi_r_bando_linea_intervent.progr_bando_linea_intervento = pbandi_t_domanda.progr_bando_linea_intervento
					 AND  pbandi_t_bando.id_bando = pbandi_r_bando_linea_intervent.id_bando
					 and  pbandi_r_bando_linea_intervent.PROGR_BANDO_LINEA_INTERVENTO in (12));					 

insert into PBANDI_C_ENTITA
(ID_ENTITA, NOME_ENTITA, FLAG_DA_TRACCIARE) 
(select seq_PBANDI_C_ENTITA.nextval,tabs.TABLE_NAME,'S'
from all_tables tabs
where tabs.OWNER = (select decode(instr(user,'_RW'),0,user,replace(user,'_RW',null)) from dual)
and tabs.TABLE_NAME like 'PBANDI_%'
and not exists (select 'x' from pbandi_c_entita where tabs.TABLE_NAME = NOME_ENTITA));

commit;

declare
  cursor curAttr is select col.COLUMN_NAME,en.id_ENTITA,col.TABLE_NAME
                    from all_tab_cols col,PBANDI_C_ENTITA en
                    where col.owner = (select decode(instr(user,'_RW'),0,user,replace(user,'_RW',null)) from dual)
                    and col.TABLE_NAME like 'PBANDI_%'
                    and col.COLUMN_NAME not like 'SYS_%'
                    and col.TABLE_NAME = en.NOME_ENTITA
                    and not exists (select 'x' from PBANDI_C_ATTRIBUTO att 
                                    where col.COLUMN_NAME = att.NOME_ATTRIBUTO
                                    and att.id_entita = en.id_ENTITA);
                                    
  nPosiz  PLS_INTEGER := NULL;                                                                          
begin
  for recAttr in curAttr loop

    BEGIN
      SELECT POSITION
      INTO   nPosiz 
      FROM   all_CONSTRAINTS A,all_CONS_COLUMNS B
      WHERE  A.CONSTRAINT_TYPE = 'P'
      AND    A.TABLE_NAME      = recAttr.TABLE_NAME
      AND    A.CONSTRAINT_NAME = B.CONSTRAINT_NAME
      AND    COLUMN_NAME       = recAttr.COLUMN_NAME;
    EXCEPTION
      WHEN NO_DATA_FOUND THEN
        nPosiz := NULL;
    END;
    
    insert into PBANDI_C_ATTRIBUTO
    (ID_ATTRIBUTO, 
     NOME_ATTRIBUTO, 
     FLAG_DA_TRACCIARE, 
     ID_ENTITA,
     KEY_POSITION_ID) 
    values
    (SEQ_PBANDI_C_ATTRIBUTO.NEXTVAL,
     recAttr.COLUMN_NAME,
     'N',
     recAttr.id_ENTITA,
     nPosiz);
  end loop;
  COMMIT;
end;
/

SET DEFINE OFF;
Insert into PBANDI_C_REGOLA
   (ID_REGOLA, DESC_BREVE_REGOLA, DESC_REGOLA, DT_INIZIO_VALIDITA)
 Values
   (seq_PBANDI_C_REGOLA.nextval, 'BR11', 'Regola che specifica con quali partner popolare combo (legata alla BR08)', TO_DATE('10/01/2009 00:00:00', 'MM/DD/YYYY HH24:MI:SS'));

Insert into PBANDI_R_REGOLA_BANDO_LINEA
   (ID_REGOLA, PROGR_BANDO_LINEA_INTERVENTO)
 Values
   (seq_PBANDI_C_REGOLA.currval, 8);

Insert into PBANDI_R_REGOLA_TIPO_ANAG
   (ID_REGOLA, ID_TIPO_ANAGRAFICA, ID_TIPO_BENEFICIARIO)
 Values
   (seq_PBANDI_C_REGOLA.currval, 1, 5);
Insert into PBANDI_R_REGOLA_TIPO_ANAG
   (ID_REGOLA, ID_TIPO_ANAGRAFICA, ID_TIPO_BENEFICIARIO)
 Values
   (seq_PBANDI_C_REGOLA.currval, 1, 6);
Insert into PBANDI_R_REGOLA_TIPO_ANAG
   (ID_REGOLA, ID_TIPO_ANAGRAFICA, ID_TIPO_BENEFICIARIO)
 Values
   (seq_PBANDI_C_REGOLA.currval, 1, 8);
   
COMMIT;
				 
SET DEFINE OFF;
Insert into PBANDI_D_LINEA_DI_INTERVENTO
   (ID_LINEA_DI_INTERVENTO, ID_LINEA_DI_INTERVENTO_PADRE, DESC_BREVE_LINEA, DESC_LINEA, DT_INIZIO_VALIDITA, ID_TIPO_LINEA_INTERVENTO,COD_IGRUE_T13_T14)
 Values
   (46, 21, '2', 'Promuovere i processi di apprendimento della struttura tecnico operativa lungo la fase di attuazione del Programma migliorandone i livelli di efficacia', TO_DATE('01/01/2008 00:00:00', 'MM/DD/YYYY HH24:MI:SS'), 3,'9');
Insert into PBANDI_D_LINEA_DI_INTERVENTO
   (ID_LINEA_DI_INTERVENTO, ID_LINEA_DI_INTERVENTO_PADRE, DESC_BREVE_LINEA, DESC_LINEA, DT_INIZIO_VALIDITA, ID_TIPO_LINEA_INTERVENTO,COD_IGRUE_T13_T14)
 Values
   (47, 21, '3', 'Promuovere la massima visibilità del Programma incrementando i livelli di trasparenza e diffusione delle informazioni ad esso collegate', TO_DATE('01/01/2008 00:00:00', 'MM/DD/YYYY HH24:MI:SS'), 3,'10');
COMMIT;

update 	PBANDI_D_LINEA_DI_INTERVENTO
set DESC_LINEA = 'Migliorare e consolidare l''efficienza della struttura tecnico-operativa della Regione nelle fasi di preparazione e attuazione del Programma, supportandola nelle attività connesse a tali fasi'
where ID_LINEA_DI_INTERVENTO = 38;

update 	PBANDI_D_LINEA_DI_INTERVENTO
set DESC_BREVE_LINEA = '2'
where ID_LINEA_DI_INTERVENTO = 41;

update 	PBANDI_D_LINEA_DI_INTERVENTO
set DESC_BREVE_LINEA = '3'
where ID_LINEA_DI_INTERVENTO = 43;

update 	PBANDI_D_LINEA_DI_INTERVENTO
set DESC_BREVE_LINEA = '1',
    ID_LINEA_DI_INTERVENTO_PADRE = 46
where ID_LINEA_DI_INTERVENTO = 40;

update 	PBANDI_D_LINEA_DI_INTERVENTO
set DESC_BREVE_LINEA = '2',
    ID_LINEA_DI_INTERVENTO_PADRE = 46
where ID_LINEA_DI_INTERVENTO = 44;

update 	PBANDI_D_LINEA_DI_INTERVENTO
set DESC_BREVE_LINEA = '1',
    ID_LINEA_DI_INTERVENTO_PADRE = 47,
	DESC_LINEA = 'Informazione e pubblicita'''	
where ID_LINEA_DI_INTERVENTO = 42;

commit;


SET DEFINE OFF;
Insert into PBANDI_R_ITER_PROC_ATT
   (ID_STEP_ATTIVAZIONE, DT_PREVISTA, DT_INIZIO_VALIDITA, ID_BANDO)
 Values
   (1, TO_DATE('11/21/2008 00:00:00', 'MM/DD/YYYY HH24:MI:SS'), TO_DATE('10/28/2009 00:00:00', 'MM/DD/YYYY HH24:MI:SS'), 1);
Insert into PBANDI_R_ITER_PROC_ATT
   (ID_STEP_ATTIVAZIONE, DT_PREVISTA, DT_INIZIO_VALIDITA, ID_BANDO)
 Values
   (2, TO_DATE('01/24/2008 00:00:00', 'MM/DD/YYYY HH24:MI:SS'), TO_DATE('10/28/2009 00:00:00', 'MM/DD/YYYY HH24:MI:SS'), 1);
Insert into PBANDI_R_ITER_PROC_ATT
   (ID_STEP_ATTIVAZIONE, DT_PREVISTA, DT_INIZIO_VALIDITA, ID_BANDO)
 Values
   (3, TO_DATE('02/29/2008 00:00:00', 'MM/DD/YYYY HH24:MI:SS'), TO_DATE('10/28/2009 00:00:00', 'MM/DD/YYYY HH24:MI:SS'), 1);
Insert into PBANDI_R_ITER_PROC_ATT
   (ID_STEP_ATTIVAZIONE, DT_PREVISTA, IMPORTO_FINALE, DT_INIZIO_VALIDITA, ID_BANDO)
 Values
   (4, TO_DATE('11/27/2008 00:00:00', 'MM/DD/YYYY HH24:MI:SS'), 29942000.82, TO_DATE('10/28/2009 00:00:00', 'MM/DD/YYYY HH24:MI:SS'), 1);
Insert into PBANDI_R_ITER_PROC_ATT
   (ID_STEP_ATTIVAZIONE, DT_PREVISTA, DT_INIZIO_VALIDITA, ID_BANDO)
 Values
   (5, TO_DATE('11/27/2011 00:00:00', 'MM/DD/YYYY HH24:MI:SS'), TO_DATE('10/28/2009 00:00:00', 'MM/DD/YYYY HH24:MI:SS'), 1);
Insert into PBANDI_R_ITER_PROC_ATT
   (ID_STEP_ATTIVAZIONE, DT_PREVISTA, DT_INIZIO_VALIDITA, ID_BANDO)
 Values
   (1, TO_DATE('11/21/2008 00:00:00', 'MM/DD/YYYY HH24:MI:SS'), TO_DATE('10/28/2009 00:00:00', 'MM/DD/YYYY HH24:MI:SS'), 2);
Insert into PBANDI_R_ITER_PROC_ATT
   (ID_STEP_ATTIVAZIONE, DT_PREVISTA, DT_INIZIO_VALIDITA, ID_BANDO)
 Values
   (2, TO_DATE('04/30/2008 00:00:00', 'MM/DD/YYYY HH24:MI:SS'), TO_DATE('10/28/2009 00:00:00', 'MM/DD/YYYY HH24:MI:SS'), 2);
Insert into PBANDI_R_ITER_PROC_ATT
   (ID_STEP_ATTIVAZIONE, DT_PREVISTA, DT_INIZIO_VALIDITA, ID_BANDO)
 Values
   (3, TO_DATE('12/31/2015 00:00:00', 'MM/DD/YYYY HH24:MI:SS'), TO_DATE('10/28/2009 00:00:00', 'MM/DD/YYYY HH24:MI:SS'), 2);
Insert into PBANDI_R_ITER_PROC_ATT
   (ID_STEP_ATTIVAZIONE, DT_PREVISTA, IMPORTO_FINALE, DT_INIZIO_VALIDITA, ID_BANDO)
 Values
   (4, TO_DATE('07/31/2008 00:00:00', 'MM/DD/YYYY HH24:MI:SS'), 47867398.19, TO_DATE('10/28/2009 00:00:00', 'MM/DD/YYYY HH24:MI:SS'), 2);
Insert into PBANDI_R_ITER_PROC_ATT
   (ID_STEP_ATTIVAZIONE, DT_PREVISTA, DT_INIZIO_VALIDITA, ID_BANDO)
 Values
   (5, TO_DATE('07/31/2010 00:00:00', 'MM/DD/YYYY HH24:MI:SS'), TO_DATE('10/28/2009 00:00:00', 'MM/DD/YYYY HH24:MI:SS'), 2);
Insert into PBANDI_R_ITER_PROC_ATT
   (ID_STEP_ATTIVAZIONE, DT_PREVISTA, DT_INIZIO_VALIDITA, ID_BANDO)
 Values
   (1, TO_DATE('11/21/2008 00:00:00', 'MM/DD/YYYY HH24:MI:SS'), TO_DATE('10/28/2009 00:00:00', 'MM/DD/YYYY HH24:MI:SS'), 3);
Insert into PBANDI_R_ITER_PROC_ATT
   (ID_STEP_ATTIVAZIONE, DT_PREVISTA, DT_INIZIO_VALIDITA, ID_BANDO)
 Values
   (2, TO_DATE('04/30/2008 00:00:00', 'MM/DD/YYYY HH24:MI:SS'), TO_DATE('10/28/2009 00:00:00', 'MM/DD/YYYY HH24:MI:SS'), 3);
Insert into PBANDI_R_ITER_PROC_ATT
   (ID_STEP_ATTIVAZIONE, DT_PREVISTA, DT_INIZIO_VALIDITA, ID_BANDO)
 Values
   (3, TO_DATE('12/31/2015 00:00:00', 'MM/DD/YYYY HH24:MI:SS'), TO_DATE('10/28/2009 00:00:00', 'MM/DD/YYYY HH24:MI:SS'), 3);
Insert into PBANDI_R_ITER_PROC_ATT
   (ID_STEP_ATTIVAZIONE, DT_PREVISTA, IMPORTO_FINALE, DT_INIZIO_VALIDITA, ID_BANDO)
 Values
   (4, TO_DATE('11/26/2008 00:00:00', 'MM/DD/YYYY HH24:MI:SS'), 8784475.05, TO_DATE('10/28/2009 00:00:00', 'MM/DD/YYYY HH24:MI:SS'), 3);
Insert into PBANDI_R_ITER_PROC_ATT
   (ID_STEP_ATTIVAZIONE, DT_PREVISTA, DT_INIZIO_VALIDITA, ID_BANDO)
 Values
   (5, TO_DATE('11/26/2010 00:00:00', 'MM/DD/YYYY HH24:MI:SS'), TO_DATE('10/28/2009 00:00:00', 'MM/DD/YYYY HH24:MI:SS'), 3);
Insert into PBANDI_R_ITER_PROC_ATT
   (ID_STEP_ATTIVAZIONE, DT_PREVISTA, DT_INIZIO_VALIDITA, ID_BANDO)
 Values
   (1, TO_DATE('11/21/2008 00:00:00', 'MM/DD/YYYY HH24:MI:SS'), TO_DATE('10/28/2009 00:00:00', 'MM/DD/YYYY HH24:MI:SS'), 4);
Insert into PBANDI_R_ITER_PROC_ATT
   (ID_STEP_ATTIVAZIONE, DT_PREVISTA, DT_INIZIO_VALIDITA, ID_BANDO)
 Values
   (2, TO_DATE('10/09/2008 00:00:00', 'MM/DD/YYYY HH24:MI:SS'), TO_DATE('10/28/2009 00:00:00', 'MM/DD/YYYY HH24:MI:SS'), 4);
Insert into PBANDI_R_ITER_PROC_ATT
   (ID_STEP_ATTIVAZIONE, DT_PREVISTA, DT_INIZIO_VALIDITA, ID_BANDO)
 Values
   (3, TO_DATE('12/31/2015 00:00:00', 'MM/DD/YYYY HH24:MI:SS'), TO_DATE('10/28/2009 00:00:00', 'MM/DD/YYYY HH24:MI:SS'), 4);
Insert into PBANDI_R_ITER_PROC_ATT
   (ID_STEP_ATTIVAZIONE, DT_PREVISTA, DT_INIZIO_VALIDITA, ID_BANDO)
 Values
   (1, TO_DATE('11/21/2008 00:00:00', 'MM/DD/YYYY HH24:MI:SS'), TO_DATE('10/28/2009 00:00:00', 'MM/DD/YYYY HH24:MI:SS'), 5);
Insert into PBANDI_R_ITER_PROC_ATT
   (ID_STEP_ATTIVAZIONE, DT_PREVISTA, DT_INIZIO_VALIDITA, ID_BANDO)
 Values
   (2, TO_DATE('01/24/2008 00:00:00', 'MM/DD/YYYY HH24:MI:SS'), TO_DATE('10/28/2009 00:00:00', 'MM/DD/YYYY HH24:MI:SS'), 5);
Insert into PBANDI_R_ITER_PROC_ATT
   (ID_STEP_ATTIVAZIONE, DT_PREVISTA, DT_INIZIO_VALIDITA, ID_BANDO)
 Values
   (3, TO_DATE('02/28/2008 00:00:00', 'MM/DD/YYYY HH24:MI:SS'), TO_DATE('10/28/2009 00:00:00', 'MM/DD/YYYY HH24:MI:SS'), 5);
Insert into PBANDI_R_ITER_PROC_ATT
   (ID_STEP_ATTIVAZIONE, DT_PREVISTA, IMPORTO_FINALE, DT_INIZIO_VALIDITA, ID_BANDO)
 Values
   (4, TO_DATE('06/13/2008 00:00:00', 'MM/DD/YYYY HH24:MI:SS'), 13658577.2, TO_DATE('10/28/2009 00:00:00', 'MM/DD/YYYY HH24:MI:SS'), 5);
Insert into PBANDI_R_ITER_PROC_ATT
   (ID_STEP_ATTIVAZIONE, DT_PREVISTA, DT_INIZIO_VALIDITA, ID_BANDO)
 Values
   (5, TO_DATE('06/13/2010 00:00:00', 'MM/DD/YYYY HH24:MI:SS'), TO_DATE('10/28/2009 00:00:00', 'MM/DD/YYYY HH24:MI:SS'), 5);
Insert into PBANDI_R_ITER_PROC_ATT
   (ID_STEP_ATTIVAZIONE, DT_PREVISTA, DT_INIZIO_VALIDITA, ID_BANDO)
 Values
   (1, TO_DATE('11/21/2008 00:00:00', 'MM/DD/YYYY HH24:MI:SS'), TO_DATE('10/28/2009 00:00:00', 'MM/DD/YYYY HH24:MI:SS'), 6);
Insert into PBANDI_R_ITER_PROC_ATT
   (ID_STEP_ATTIVAZIONE, DT_PREVISTA, DT_INIZIO_VALIDITA, ID_BANDO)
 Values
   (2, TO_DATE('04/10/2008 00:00:00', 'MM/DD/YYYY HH24:MI:SS'), TO_DATE('10/28/2009 00:00:00', 'MM/DD/YYYY HH24:MI:SS'), 6);
Insert into PBANDI_R_ITER_PROC_ATT
   (ID_STEP_ATTIVAZIONE, DT_PREVISTA, DT_INIZIO_VALIDITA, ID_BANDO)
 Values
   (3, TO_DATE('06/13/2008 00:00:00', 'MM/DD/YYYY HH24:MI:SS'), TO_DATE('10/28/2009 00:00:00', 'MM/DD/YYYY HH24:MI:SS'), 6);
Insert into PBANDI_R_ITER_PROC_ATT
   (ID_STEP_ATTIVAZIONE, DT_PREVISTA, IMPORTO_FINALE, DT_INIZIO_VALIDITA, ID_BANDO)
 Values
   (4, TO_DATE('12/23/2008 00:00:00', 'MM/DD/YYYY HH24:MI:SS'), 20000000, TO_DATE('10/28/2009 00:00:00', 'MM/DD/YYYY HH24:MI:SS'), 6);
Insert into PBANDI_R_ITER_PROC_ATT
   (ID_STEP_ATTIVAZIONE, DT_PREVISTA, DT_INIZIO_VALIDITA, ID_BANDO)
 Values
   (5, TO_DATE('12/23/2011 00:00:00', 'MM/DD/YYYY HH24:MI:SS'), TO_DATE('10/28/2009 00:00:00', 'MM/DD/YYYY HH24:MI:SS'), 6);
Insert into PBANDI_R_ITER_PROC_ATT
   (ID_STEP_ATTIVAZIONE, DT_PREVISTA, DT_INIZIO_VALIDITA, ID_BANDO)
 Values
   (1, TO_DATE('11/21/2008 00:00:00', 'MM/DD/YYYY HH24:MI:SS'), TO_DATE('10/28/2009 00:00:00', 'MM/DD/YYYY HH24:MI:SS'), 7);
Insert into PBANDI_R_ITER_PROC_ATT
   (ID_STEP_ATTIVAZIONE, DT_PREVISTA, DT_INIZIO_VALIDITA, ID_BANDO)
 Values
   (2, TO_DATE('09/25/2008 00:00:00', 'MM/DD/YYYY HH24:MI:SS'), TO_DATE('10/28/2009 00:00:00', 'MM/DD/YYYY HH24:MI:SS'), 7);
Insert into PBANDI_R_ITER_PROC_ATT
   (ID_STEP_ATTIVAZIONE, DT_PREVISTA, DT_INIZIO_VALIDITA, ID_BANDO)
 Values
   (3, TO_DATE('11/03/2008 00:00:00', 'MM/DD/YYYY HH24:MI:SS'), TO_DATE('10/28/2009 00:00:00', 'MM/DD/YYYY HH24:MI:SS'), 7);
Insert into PBANDI_R_ITER_PROC_ATT
   (ID_STEP_ATTIVAZIONE, DT_PREVISTA, IMPORTO_FINALE, DT_INIZIO_VALIDITA, ID_BANDO)
 Values
   (4, TO_DATE('03/31/2009 00:00:00', 'MM/DD/YYYY HH24:MI:SS'), 1800000, TO_DATE('10/28/2009 00:00:00', 'MM/DD/YYYY HH24:MI:SS'), 7);
Insert into PBANDI_R_ITER_PROC_ATT
   (ID_STEP_ATTIVAZIONE, DT_PREVISTA, DT_INIZIO_VALIDITA, ID_BANDO)
 Values
   (5, TO_DATE('03/31/2014 00:00:00', 'MM/DD/YYYY HH24:MI:SS'), TO_DATE('10/28/2009 00:00:00', 'MM/DD/YYYY HH24:MI:SS'), 7);
Insert into PBANDI_R_ITER_PROC_ATT
   (ID_STEP_ATTIVAZIONE, DT_PREVISTA, DT_INIZIO_VALIDITA, ID_BANDO)
 Values
   (1, TO_DATE('11/21/2008 00:00:00', 'MM/DD/YYYY HH24:MI:SS'), TO_DATE('10/28/2009 00:00:00', 'MM/DD/YYYY HH24:MI:SS'), 8);
Insert into PBANDI_R_ITER_PROC_ATT
   (ID_STEP_ATTIVAZIONE, DT_PREVISTA, DT_INIZIO_VALIDITA, ID_BANDO)
 Values
   (2, TO_DATE('04/19/2007 00:00:00', 'MM/DD/YYYY HH24:MI:SS'), TO_DATE('10/28/2009 00:00:00', 'MM/DD/YYYY HH24:MI:SS'), 8);
Insert into PBANDI_R_ITER_PROC_ATT
   (ID_STEP_ATTIVAZIONE, DT_PREVISTA, DT_INIZIO_VALIDITA, ID_BANDO)
 Values
   (3, TO_DATE('10/01/2007 00:00:00', 'MM/DD/YYYY HH24:MI:SS'), TO_DATE('10/28/2009 00:00:00', 'MM/DD/YYYY HH24:MI:SS'), 8);
Insert into PBANDI_R_ITER_PROC_ATT
   (ID_STEP_ATTIVAZIONE, DT_PREVISTA, IMPORTO_FINALE, DT_INIZIO_VALIDITA, ID_BANDO)
 Values
   (4, TO_DATE('12/10/2007 00:00:00', 'MM/DD/YYYY HH24:MI:SS'), 4371400, TO_DATE('10/28/2009 00:00:00', 'MM/DD/YYYY HH24:MI:SS'), 8);
Insert into PBANDI_R_ITER_PROC_ATT
   (ID_STEP_ATTIVAZIONE, DT_PREVISTA, DT_INIZIO_VALIDITA, ID_BANDO)
 Values
   (5, TO_DATE('12/10/2009 00:00:00', 'MM/DD/YYYY HH24:MI:SS'), TO_DATE('10/28/2009 00:00:00', 'MM/DD/YYYY HH24:MI:SS'), 8);
Insert into PBANDI_R_ITER_PROC_ATT
   (ID_STEP_ATTIVAZIONE, DT_PREVISTA, DT_INIZIO_VALIDITA, ID_BANDO)
 Values
   (1, TO_DATE('11/21/2008 00:00:00', 'MM/DD/YYYY HH24:MI:SS'), TO_DATE('10/28/2009 00:00:00', 'MM/DD/YYYY HH24:MI:SS'), 9);
Insert into PBANDI_R_ITER_PROC_ATT
   (ID_STEP_ATTIVAZIONE, DT_PREVISTA, DT_INIZIO_VALIDITA, ID_BANDO)
 Values
   (2, TO_DATE('01/24/2008 00:00:00', 'MM/DD/YYYY HH24:MI:SS'), TO_DATE('10/28/2009 00:00:00', 'MM/DD/YYYY HH24:MI:SS'), 9);
Insert into PBANDI_R_ITER_PROC_ATT
   (ID_STEP_ATTIVAZIONE, DT_PREVISTA, DT_INIZIO_VALIDITA, ID_BANDO)
 Values
   (3, TO_DATE('09/19/2008 00:00:00', 'MM/DD/YYYY HH24:MI:SS'), TO_DATE('10/28/2009 00:00:00', 'MM/DD/YYYY HH24:MI:SS'), 9);
Insert into PBANDI_R_ITER_PROC_ATT
   (ID_STEP_ATTIVAZIONE, DT_PREVISTA, IMPORTO_FINALE, DT_INIZIO_VALIDITA, ID_BANDO)
 Values
   (4, TO_DATE('11/24/2008 00:00:00', 'MM/DD/YYYY HH24:MI:SS'), 7524435.5, TO_DATE('10/28/2009 00:00:00', 'MM/DD/YYYY HH24:MI:SS'), 9);
Insert into PBANDI_R_ITER_PROC_ATT
   (ID_STEP_ATTIVAZIONE, DT_PREVISTA, DT_INIZIO_VALIDITA, ID_BANDO)
 Values
   (5, TO_DATE('11/24/2011 00:00:00', 'MM/DD/YYYY HH24:MI:SS'), TO_DATE('10/28/2009 00:00:00', 'MM/DD/YYYY HH24:MI:SS'), 9);
Insert into PBANDI_R_ITER_PROC_ATT
   (ID_STEP_ATTIVAZIONE, DT_PREVISTA, DT_INIZIO_VALIDITA, ID_BANDO)
 Values
   (1, TO_DATE('11/21/2008 00:00:00', 'MM/DD/YYYY HH24:MI:SS'), TO_DATE('10/28/2009 00:00:00', 'MM/DD/YYYY HH24:MI:SS'), 10);
Insert into PBANDI_R_ITER_PROC_ATT
   (ID_STEP_ATTIVAZIONE, DT_PREVISTA, DT_INIZIO_VALIDITA, ID_BANDO)
 Values
   (2, TO_DATE('08/20/2009 00:00:00', 'MM/DD/YYYY HH24:MI:SS'), TO_DATE('10/28/2009 00:00:00', 'MM/DD/YYYY HH24:MI:SS'), 10);
Insert into PBANDI_R_ITER_PROC_ATT
   (ID_STEP_ATTIVAZIONE, DT_PREVISTA, DT_INIZIO_VALIDITA, ID_BANDO)
 Values
   (3, TO_DATE('09/30/2008 00:00:00', 'MM/DD/YYYY HH24:MI:SS'), TO_DATE('10/28/2009 00:00:00', 'MM/DD/YYYY HH24:MI:SS'), 10);
Insert into PBANDI_R_ITER_PROC_ATT
   (ID_STEP_ATTIVAZIONE, DT_PREVISTA, IMPORTO_FINALE, DT_INIZIO_VALIDITA, ID_BANDO)
 Values
   (4, TO_DATE('06/09/2009 00:00:00', 'MM/DD/YYYY HH24:MI:SS'), 19996727.11, TO_DATE('10/28/2009 00:00:00', 'MM/DD/YYYY HH24:MI:SS'), 10);
Insert into PBANDI_R_ITER_PROC_ATT
   (ID_STEP_ATTIVAZIONE, DT_PREVISTA, DT_INIZIO_VALIDITA, ID_BANDO)
 Values
   (5, TO_DATE('06/09/2012 00:00:00', 'MM/DD/YYYY HH24:MI:SS'), TO_DATE('10/28/2009 00:00:00', 'MM/DD/YYYY HH24:MI:SS'), 10);
COMMIT;

