/*******************************************************************************
* Copyright Regione Piemonte - 2024
* SPDX-License-Identifier: EUPL-1.2
******************************************************************************/

--PBANDI_D_ERRORE_BATCH
Insert into PBANDI_D_ERRORE_BATCH
   (CODICE_ERRORE, DESCRIZIONE)
 Values
   ('W102', 'Progetto chiuso');
   

Insert into PBANDI_D_ERRORE_BATCH
   (CODICE_ERRORE, DESCRIZIONE)
 Values
   ('W103', 'Errore su configurazione soggetti finanziatori su bando');
COMMIT;
   
COMMIT;


--PBANDI_T_UTENTE
Insert into PBANDI_T_UTENTE
   (ID_UTENTE, CODICE_UTENTE, ID_TIPO_ACCESSO, DT_INSERIMENTO)
 Values
   (-11, 'CRUS', 5, TO_DATE('11/18/2020 00:00:00', 'MM/DD/YYYY HH24:MI:SS'));

--PBANDI_T_PROCESSO
Insert into PBANDI_T_PROCESSO
   (ID_PROCESSO, DESCR_PROCESSO)
 Values
   (3, 'BANDI CULTURA');
COMMIT;


--PBANDI_D_LINEA_DI_INTERVENTO

Insert into PBANDI_D_LINEA_DI_INTERVENTO
   (ID_LINEA_DI_INTERVENTO, DESC_BREVE_LINEA, DESC_LINEA, DT_INIZIO_VALIDITA, ID_TIPO_LINEA_INTERVENTO, ID_TIPO_STRUMENTO_PROGR, ID_STRUMENTO_ATTUATIVO, ID_PROCESSO)
 Values
   (277, 'LR11/18-LR13/20', 'LR 11/2018 e LR 13/2020 Leggi reg 1/8/2018,n.11 e 29/5/2020,n.13', TO_DATE('10/26/2020 00:00:00', 'MM/DD/YYYY HH24:MI:SS'), 
    1, 6, 1, 3);
Insert into PBANDI_D_LINEA_DI_INTERVENTO
   (ID_LINEA_DI_INTERVENTO, ID_LINEA_DI_INTERVENTO_PADRE, DESC_BREVE_LINEA, DESC_LINEA, DT_INIZIO_VALIDITA, ID_TIPO_LINEA_INTERVENTO, ID_PROCESSO)
 Values
   (278, 277, 'LR11A_140', 'Promozione della conservazione e della valorizzazione dei beni librari e delle stampe di interesse culturale', TO_DATE('10/26/2020 00:00:00', 'MM/DD/YYYY HH24:MI:SS'), 
    2, 3);
Insert into PBANDI_D_LINEA_DI_INTERVENTO
   (ID_LINEA_DI_INTERVENTO, ID_LINEA_DI_INTERVENTO_PADRE, DESC_BREVE_LINEA, DESC_LINEA, DT_INIZIO_VALIDITA, ID_TIPO_LINEA_INTERVENTO, ID_PROCESSO)
 Values
   (279, 277, 'LR11B_141', 'Promozione del libro e della lettura, dei premi e dei concorsi letterari e valorizzazione delle istituzioni culturali piemontesi', TO_DATE('10/26/2020 00:00:00', 'MM/DD/YYYY HH24:MI:SS'), 
    2, 3);
Insert into PBANDI_D_LINEA_DI_INTERVENTO
   (ID_LINEA_DI_INTERVENTO, ID_LINEA_DI_INTERVENTO_PADRE, DESC_BREVE_LINEA, DESC_LINEA, DT_INIZIO_VALIDITA, ID_TIPO_LINEA_INTERVENTO, ID_PROCESSO)
 Values
   (280, 277, 'LR11C_142', 'Promozione della valorizzazione e digitalizzazione del patrimonio archivistico e documentale', TO_DATE('10/26/2020 00:00:00', 'MM/DD/YYYY HH24:MI:SS'), 
    2, 3);
Insert into PBANDI_D_LINEA_DI_INTERVENTO
   (ID_LINEA_DI_INTERVENTO, ID_LINEA_DI_INTERVENTO_PADRE, DESC_BREVE_LINEA, DESC_LINEA, DT_INIZIO_VALIDITA, ID_TIPO_LINEA_INTERVENTO, ID_PROCESSO)
 Values
   (281, 277, 'LR11B_143', 'Attività cinematografiche, audiovisive e multimediali', TO_DATE('11/04/2020 00:00:00', 'MM/DD/YYYY HH24:MI:SS'), 
    2, 3);
Insert into PBANDI_D_LINEA_DI_INTERVENTO
   (ID_LINEA_DI_INTERVENTO, ID_LINEA_DI_INTERVENTO_PADRE, DESC_BREVE_LINEA, DESC_LINEA, DT_INIZIO_VALIDITA, ID_TIPO_LINEA_INTERVENTO, ID_PROCESSO)
 Values
   (282, 277, 'LR11C_144', 'Attività di danza', TO_DATE('11/04/2020 00:00:00', 'MM/DD/YYYY HH24:MI:SS'), 
    2, 3);
Insert into PBANDI_D_LINEA_DI_INTERVENTO
   (ID_LINEA_DI_INTERVENTO, ID_LINEA_DI_INTERVENTO_PADRE, DESC_BREVE_LINEA, DESC_LINEA, DT_INIZIO_VALIDITA, ID_TIPO_LINEA_INTERVENTO, ID_PROCESSO)
 Values
   (283, 277, 'LR11C_145', 'Attività musicali (esclusa la musica popolare tradizionale e amatoriale)', TO_DATE('11/04/2020 00:00:00', 'MM/DD/YYYY HH24:MI:SS'), 
    2, 3);
Insert into PBANDI_D_LINEA_DI_INTERVENTO
   (ID_LINEA_DI_INTERVENTO, ID_LINEA_DI_INTERVENTO_PADRE, DESC_BREVE_LINEA, DESC_LINEA, DT_INIZIO_VALIDITA, ID_TIPO_LINEA_INTERVENTO, ID_PROCESSO)
 Values
   (284, 277, 'LR11C_146', 'Attività teatrali (Teatro professionale e promozione delle attività teatrali)', TO_DATE('11/04/2020 00:00:00', 'MM/DD/YYYY HH24:MI:SS'), 
    2, 3);
Insert into PBANDI_D_LINEA_DI_INTERVENTO
   (ID_LINEA_DI_INTERVENTO, ID_LINEA_DI_INTERVENTO_PADRE, DESC_BREVE_LINEA, DESC_LINEA, DT_INIZIO_VALIDITA, ID_TIPO_LINEA_INTERVENTO, ID_PROCESSO)
 Values
   (285, 277, 'LR11C_147', 'Attività di Spettacolo di strada e circo contemporaneo', TO_DATE('11/04/2020 00:00:00', 'MM/DD/YYYY HH24:MI:SS'), 
    2, 3);

--PBANDI_R_LINEA_FORMA_GIURIDICA
Insert into PBANDI_R_LINEA_FORMA_GIURIDICA
   (ID_FORMA_GIURIDICA, ID_LINEA_DI_INTERVENTO)
 Values
   (1, 277);
Insert into PBANDI_R_LINEA_FORMA_GIURIDICA
   (ID_FORMA_GIURIDICA, ID_LINEA_DI_INTERVENTO)
 Values
   (2, 277);
Insert into PBANDI_R_LINEA_FORMA_GIURIDICA
   (ID_FORMA_GIURIDICA, ID_LINEA_DI_INTERVENTO)
 Values
   (3, 277);
Insert into PBANDI_R_LINEA_FORMA_GIURIDICA
   (ID_FORMA_GIURIDICA, ID_LINEA_DI_INTERVENTO)
 Values
   (4, 277);
Insert into PBANDI_R_LINEA_FORMA_GIURIDICA
   (ID_FORMA_GIURIDICA, ID_LINEA_DI_INTERVENTO)
 Values
   (5, 277);
Insert into PBANDI_R_LINEA_FORMA_GIURIDICA
   (ID_FORMA_GIURIDICA, ID_LINEA_DI_INTERVENTO)
 Values
   (6, 277);
Insert into PBANDI_R_LINEA_FORMA_GIURIDICA
   (ID_FORMA_GIURIDICA, ID_LINEA_DI_INTERVENTO)
 Values
   (7, 277);
Insert into PBANDI_R_LINEA_FORMA_GIURIDICA
   (ID_FORMA_GIURIDICA, ID_LINEA_DI_INTERVENTO)
 Values
   (8, 277);
Insert into PBANDI_R_LINEA_FORMA_GIURIDICA
   (ID_FORMA_GIURIDICA, ID_LINEA_DI_INTERVENTO)
 Values
   (9, 277);
Insert into PBANDI_R_LINEA_FORMA_GIURIDICA
   (ID_FORMA_GIURIDICA, ID_LINEA_DI_INTERVENTO)
 Values
   (10, 277);
Insert into PBANDI_R_LINEA_FORMA_GIURIDICA
   (ID_FORMA_GIURIDICA, ID_LINEA_DI_INTERVENTO)
 Values
   (11, 277);
Insert into PBANDI_R_LINEA_FORMA_GIURIDICA
   (ID_FORMA_GIURIDICA, ID_LINEA_DI_INTERVENTO)
 Values
   (12, 277);
Insert into PBANDI_R_LINEA_FORMA_GIURIDICA
   (ID_FORMA_GIURIDICA, ID_LINEA_DI_INTERVENTO)
 Values
   (13, 277);
Insert into PBANDI_R_LINEA_FORMA_GIURIDICA
   (ID_FORMA_GIURIDICA, ID_LINEA_DI_INTERVENTO)
 Values
   (14, 277);
Insert into PBANDI_R_LINEA_FORMA_GIURIDICA
   (ID_FORMA_GIURIDICA, ID_LINEA_DI_INTERVENTO)
 Values
   (15, 277);
Insert into PBANDI_R_LINEA_FORMA_GIURIDICA
   (ID_FORMA_GIURIDICA, ID_LINEA_DI_INTERVENTO)
 Values
   (16, 277);
Insert into PBANDI_R_LINEA_FORMA_GIURIDICA
   (ID_FORMA_GIURIDICA, ID_LINEA_DI_INTERVENTO)
 Values
   (17, 277);
Insert into PBANDI_R_LINEA_FORMA_GIURIDICA
   (ID_FORMA_GIURIDICA, ID_LINEA_DI_INTERVENTO)
 Values
   (18, 277);
Insert into PBANDI_R_LINEA_FORMA_GIURIDICA
   (ID_FORMA_GIURIDICA, ID_LINEA_DI_INTERVENTO)
 Values
   (19, 277);
Insert into PBANDI_R_LINEA_FORMA_GIURIDICA
   (ID_FORMA_GIURIDICA, ID_LINEA_DI_INTERVENTO)
 Values
   (20, 277);
Insert into PBANDI_R_LINEA_FORMA_GIURIDICA
   (ID_FORMA_GIURIDICA, ID_LINEA_DI_INTERVENTO)
 Values
   (21, 277);
Insert into PBANDI_R_LINEA_FORMA_GIURIDICA
   (ID_FORMA_GIURIDICA, ID_LINEA_DI_INTERVENTO)
 Values
   (22, 277);
Insert into PBANDI_R_LINEA_FORMA_GIURIDICA
   (ID_FORMA_GIURIDICA, ID_LINEA_DI_INTERVENTO)
 Values
   (23, 277);
Insert into PBANDI_R_LINEA_FORMA_GIURIDICA
   (ID_FORMA_GIURIDICA, ID_LINEA_DI_INTERVENTO)
 Values
   (24, 277);
Insert into PBANDI_R_LINEA_FORMA_GIURIDICA
   (ID_FORMA_GIURIDICA, ID_LINEA_DI_INTERVENTO)
 Values
   (25, 277);
Insert into PBANDI_R_LINEA_FORMA_GIURIDICA
   (ID_FORMA_GIURIDICA, ID_LINEA_DI_INTERVENTO)
 Values
   (26, 277);
Insert into PBANDI_R_LINEA_FORMA_GIURIDICA
   (ID_FORMA_GIURIDICA, ID_LINEA_DI_INTERVENTO)
 Values
   (27, 277);
Insert into PBANDI_R_LINEA_FORMA_GIURIDICA
   (ID_FORMA_GIURIDICA, ID_LINEA_DI_INTERVENTO)
 Values
   (28, 277);
Insert into PBANDI_R_LINEA_FORMA_GIURIDICA
   (ID_FORMA_GIURIDICA, ID_LINEA_DI_INTERVENTO)
 Values
   (29, 277);
Insert into PBANDI_R_LINEA_FORMA_GIURIDICA
   (ID_FORMA_GIURIDICA, ID_LINEA_DI_INTERVENTO)
 Values
   (30, 277);
Insert into PBANDI_R_LINEA_FORMA_GIURIDICA
   (ID_FORMA_GIURIDICA, ID_LINEA_DI_INTERVENTO)
 Values
   (31, 277);
Insert into PBANDI_R_LINEA_FORMA_GIURIDICA
   (ID_FORMA_GIURIDICA, ID_LINEA_DI_INTERVENTO)
 Values
   (32, 277);
Insert into PBANDI_R_LINEA_FORMA_GIURIDICA
   (ID_FORMA_GIURIDICA, ID_LINEA_DI_INTERVENTO)
 Values
   (33, 277);
Insert into PBANDI_R_LINEA_FORMA_GIURIDICA
   (ID_FORMA_GIURIDICA, ID_LINEA_DI_INTERVENTO)
 Values
   (34, 277);
Insert into PBANDI_R_LINEA_FORMA_GIURIDICA
   (ID_FORMA_GIURIDICA, ID_LINEA_DI_INTERVENTO)
 Values
   (35, 277);
Insert into PBANDI_R_LINEA_FORMA_GIURIDICA
   (ID_FORMA_GIURIDICA, ID_LINEA_DI_INTERVENTO)
 Values
   (36, 277);
Insert into PBANDI_R_LINEA_FORMA_GIURIDICA
   (ID_FORMA_GIURIDICA, ID_LINEA_DI_INTERVENTO)
 Values
   (37, 277);
Insert into PBANDI_R_LINEA_FORMA_GIURIDICA
   (ID_FORMA_GIURIDICA, ID_LINEA_DI_INTERVENTO)
 Values
   (38, 277);
Insert into PBANDI_R_LINEA_FORMA_GIURIDICA
   (ID_FORMA_GIURIDICA, ID_LINEA_DI_INTERVENTO)
 Values
   (39, 277);
Insert into PBANDI_R_LINEA_FORMA_GIURIDICA
   (ID_FORMA_GIURIDICA, ID_LINEA_DI_INTERVENTO)
 Values
   (40, 277);
Insert into PBANDI_R_LINEA_FORMA_GIURIDICA
   (ID_FORMA_GIURIDICA, ID_LINEA_DI_INTERVENTO)
 Values
   (41, 277);
Insert into PBANDI_R_LINEA_FORMA_GIURIDICA
   (ID_FORMA_GIURIDICA, ID_LINEA_DI_INTERVENTO)
 Values
   (42, 277);
Insert into PBANDI_R_LINEA_FORMA_GIURIDICA
   (ID_FORMA_GIURIDICA, ID_LINEA_DI_INTERVENTO)
 Values
   (43, 277);
Insert into PBANDI_R_LINEA_FORMA_GIURIDICA
   (ID_FORMA_GIURIDICA, ID_LINEA_DI_INTERVENTO)
 Values
   (44, 277);
Insert into PBANDI_R_LINEA_FORMA_GIURIDICA
   (ID_FORMA_GIURIDICA, ID_LINEA_DI_INTERVENTO)
 Values
   (45, 277);
Insert into PBANDI_R_LINEA_FORMA_GIURIDICA
   (ID_FORMA_GIURIDICA, ID_LINEA_DI_INTERVENTO)
 Values
   (46, 277);
Insert into PBANDI_R_LINEA_FORMA_GIURIDICA
   (ID_FORMA_GIURIDICA, ID_LINEA_DI_INTERVENTO)
 Values
   (47, 277);
Insert into PBANDI_R_LINEA_FORMA_GIURIDICA
   (ID_FORMA_GIURIDICA, ID_LINEA_DI_INTERVENTO)
 Values
   (48, 277);
Insert into PBANDI_R_LINEA_FORMA_GIURIDICA
   (ID_FORMA_GIURIDICA, ID_LINEA_DI_INTERVENTO)
 Values
   (49, 277);
Insert into PBANDI_R_LINEA_FORMA_GIURIDICA
   (ID_FORMA_GIURIDICA, ID_LINEA_DI_INTERVENTO)
 Values
   (50, 277);
Insert into PBANDI_R_LINEA_FORMA_GIURIDICA
   (ID_FORMA_GIURIDICA, ID_LINEA_DI_INTERVENTO)
 Values
   (51, 277);
Insert into PBANDI_R_LINEA_FORMA_GIURIDICA
   (ID_FORMA_GIURIDICA, ID_LINEA_DI_INTERVENTO)
 Values
   (52, 277);
Insert into PBANDI_R_LINEA_FORMA_GIURIDICA
   (ID_FORMA_GIURIDICA, ID_LINEA_DI_INTERVENTO)
 Values
   (53, 277);
Insert into PBANDI_R_LINEA_FORMA_GIURIDICA
   (ID_FORMA_GIURIDICA, ID_LINEA_DI_INTERVENTO)
 Values
   (54, 277);
Insert into PBANDI_R_LINEA_FORMA_GIURIDICA
   (ID_FORMA_GIURIDICA, ID_LINEA_DI_INTERVENTO)
 Values
   (55, 277);
Insert into PBANDI_R_LINEA_FORMA_GIURIDICA
   (ID_FORMA_GIURIDICA, ID_LINEA_DI_INTERVENTO)
 Values
   (56, 277);
Insert into PBANDI_R_LINEA_FORMA_GIURIDICA
   (ID_FORMA_GIURIDICA, ID_LINEA_DI_INTERVENTO)
 Values
   (57, 277);
Insert into PBANDI_R_LINEA_FORMA_GIURIDICA
   (ID_FORMA_GIURIDICA, ID_LINEA_DI_INTERVENTO)
 Values
   (58, 277);
Insert into PBANDI_R_LINEA_FORMA_GIURIDICA
   (ID_FORMA_GIURIDICA, ID_LINEA_DI_INTERVENTO)
 Values
   (59, 277);
Insert into PBANDI_R_LINEA_FORMA_GIURIDICA
   (ID_FORMA_GIURIDICA, ID_LINEA_DI_INTERVENTO)
 Values
   (60, 277);
Insert into PBANDI_R_LINEA_FORMA_GIURIDICA
   (ID_FORMA_GIURIDICA, ID_LINEA_DI_INTERVENTO)
 Values
   (61, 277);
Insert into PBANDI_R_LINEA_FORMA_GIURIDICA
   (ID_FORMA_GIURIDICA, ID_LINEA_DI_INTERVENTO)
 Values
   (62, 277);
Insert into PBANDI_R_LINEA_FORMA_GIURIDICA
   (ID_FORMA_GIURIDICA, ID_LINEA_DI_INTERVENTO)
 Values
   (63, 277);
COMMIT;

	
--PBANDI_R_LINEA_FASE_MONIT
Insert into PBANDI_R_LINEA_FASE_MONIT
   (ID_FASE_MONIT, ID_LINEA_DI_INTERVENTO)
 Values
   (45, 278);
Insert into PBANDI_R_LINEA_FASE_MONIT
   (ID_FASE_MONIT, ID_LINEA_DI_INTERVENTO)
 Values
   (45, 279);
Insert into PBANDI_R_LINEA_FASE_MONIT
   (ID_FASE_MONIT, ID_LINEA_DI_INTERVENTO)
 Values
   (45, 280);
Insert into PBANDI_R_LINEA_FASE_MONIT
   (ID_FASE_MONIT, ID_LINEA_DI_INTERVENTO)
 Values
   (45, 281);
Insert into PBANDI_R_LINEA_FASE_MONIT
   (ID_FASE_MONIT, ID_LINEA_DI_INTERVENTO)
 Values
   (45, 282);
Insert into PBANDI_R_LINEA_FASE_MONIT
   (ID_FASE_MONIT, ID_LINEA_DI_INTERVENTO)
 Values
   (45, 283);
Insert into PBANDI_R_LINEA_FASE_MONIT
   (ID_FASE_MONIT, ID_LINEA_DI_INTERVENTO)
 Values
   (45, 284);
Insert into PBANDI_R_LINEA_FASE_MONIT
   (ID_FASE_MONIT, ID_LINEA_DI_INTERVENTO)
 Values
   (45, 285);

--PBANDI_R_LINEA_MOD_AGEVOL
Insert into PBANDI_R_LINEA_MOD_AGEVOL
   (ID_MODALITA_AGEVOLAZIONE, ID_LINEA_DI_INTERVENTO)
 Values
   (1, 277);
Insert into PBANDI_R_LINEA_MOD_AGEVOL
   (ID_MODALITA_AGEVOLAZIONE, ID_LINEA_DI_INTERVENTO)
 Values
   (1, 278);
Insert into PBANDI_R_LINEA_MOD_AGEVOL
   (ID_MODALITA_AGEVOLAZIONE, ID_LINEA_DI_INTERVENTO)
 Values
   (1, 279);
Insert into PBANDI_R_LINEA_MOD_AGEVOL
   (ID_MODALITA_AGEVOLAZIONE, ID_LINEA_DI_INTERVENTO)
 Values
   (1, 280);
Insert into PBANDI_R_LINEA_MOD_AGEVOL
   (ID_MODALITA_AGEVOLAZIONE, ID_LINEA_DI_INTERVENTO)
 Values
   (1, 281);
Insert into PBANDI_R_LINEA_MOD_AGEVOL
   (ID_MODALITA_AGEVOLAZIONE, ID_LINEA_DI_INTERVENTO)
 Values
   (1, 282);
Insert into PBANDI_R_LINEA_MOD_AGEVOL
   (ID_MODALITA_AGEVOLAZIONE, ID_LINEA_DI_INTERVENTO)
 Values
   (1, 283);
Insert into PBANDI_R_LINEA_MOD_AGEVOL
   (ID_MODALITA_AGEVOLAZIONE, ID_LINEA_DI_INTERVENTO)
 Values
   (1, 284);
Insert into PBANDI_R_LINEA_MOD_AGEVOL
   (ID_MODALITA_AGEVOLAZIONE, ID_LINEA_DI_INTERVENTO)
 Values
   (1, 285);

--PBANDI_R_LINEA_RUOLO_ENTE_COMP
Insert into PBANDI_R_LINEA_RUOLO_ENTE_COMP
   (ID_RUOLO_ENTE_COMPETENZA, ID_LINEA_DI_INTERVENTO)
 Values
   (1, 277);
Insert into PBANDI_R_LINEA_RUOLO_ENTE_COMP
   (ID_RUOLO_ENTE_COMPETENZA, ID_LINEA_DI_INTERVENTO)
 Values
   (2, 277);
Insert into PBANDI_R_LINEA_RUOLO_ENTE_COMP
   (ID_RUOLO_ENTE_COMPETENZA, ID_LINEA_DI_INTERVENTO)
 Values
   (3, 277);
Insert into PBANDI_R_LINEA_RUOLO_ENTE_COMP
   (ID_RUOLO_ENTE_COMPETENZA, ID_LINEA_DI_INTERVENTO)
 Values
   (4, 277);
Insert into PBANDI_R_LINEA_RUOLO_ENTE_COMP
   (ID_RUOLO_ENTE_COMPETENZA, ID_LINEA_DI_INTERVENTO)
 Values
   (5, 277);
Insert into PBANDI_R_LINEA_RUOLO_ENTE_COMP
   (ID_RUOLO_ENTE_COMPETENZA, ID_LINEA_DI_INTERVENTO)
 Values
   (6, 277);
Insert into PBANDI_R_LINEA_RUOLO_ENTE_COMP
   (ID_RUOLO_ENTE_COMPETENZA, ID_LINEA_DI_INTERVENTO)
 Values
   (7, 277);
Insert into PBANDI_R_LINEA_RUOLO_ENTE_COMP
   (ID_RUOLO_ENTE_COMPETENZA, ID_LINEA_DI_INTERVENTO)
 Values
   (8, 277);
Insert into PBANDI_R_LINEA_RUOLO_ENTE_COMP
   (ID_RUOLO_ENTE_COMPETENZA, ID_LINEA_DI_INTERVENTO)
 Values
   (9, 277);
Insert into PBANDI_R_LINEA_RUOLO_ENTE_COMP
   (ID_RUOLO_ENTE_COMPETENZA, ID_LINEA_DI_INTERVENTO)
 Values
   (12, 277);
Insert into PBANDI_R_LINEA_RUOLO_ENTE_COMP
   (ID_RUOLO_ENTE_COMPETENZA, ID_LINEA_DI_INTERVENTO)
 Values
   (1, 278);
Insert into PBANDI_R_LINEA_RUOLO_ENTE_COMP
   (ID_RUOLO_ENTE_COMPETENZA, ID_LINEA_DI_INTERVENTO)
 Values
   (2, 278);
Insert into PBANDI_R_LINEA_RUOLO_ENTE_COMP
   (ID_RUOLO_ENTE_COMPETENZA, ID_LINEA_DI_INTERVENTO)
 Values
   (3, 278);
Insert into PBANDI_R_LINEA_RUOLO_ENTE_COMP
   (ID_RUOLO_ENTE_COMPETENZA, ID_LINEA_DI_INTERVENTO)
 Values
   (4, 278);
Insert into PBANDI_R_LINEA_RUOLO_ENTE_COMP
   (ID_RUOLO_ENTE_COMPETENZA, ID_LINEA_DI_INTERVENTO)
 Values
   (5, 278);
Insert into PBANDI_R_LINEA_RUOLO_ENTE_COMP
   (ID_RUOLO_ENTE_COMPETENZA, ID_LINEA_DI_INTERVENTO)
 Values
   (6, 278);
Insert into PBANDI_R_LINEA_RUOLO_ENTE_COMP
   (ID_RUOLO_ENTE_COMPETENZA, ID_LINEA_DI_INTERVENTO)
 Values
   (7, 278);
Insert into PBANDI_R_LINEA_RUOLO_ENTE_COMP
   (ID_RUOLO_ENTE_COMPETENZA, ID_LINEA_DI_INTERVENTO)
 Values
   (8, 278);
Insert into PBANDI_R_LINEA_RUOLO_ENTE_COMP
   (ID_RUOLO_ENTE_COMPETENZA, ID_LINEA_DI_INTERVENTO)
 Values
   (9, 278);
Insert into PBANDI_R_LINEA_RUOLO_ENTE_COMP
   (ID_RUOLO_ENTE_COMPETENZA, ID_LINEA_DI_INTERVENTO)
 Values
   (12, 278);
Insert into PBANDI_R_LINEA_RUOLO_ENTE_COMP
   (ID_RUOLO_ENTE_COMPETENZA, ID_LINEA_DI_INTERVENTO)
 Values
   (1, 279);
Insert into PBANDI_R_LINEA_RUOLO_ENTE_COMP
   (ID_RUOLO_ENTE_COMPETENZA, ID_LINEA_DI_INTERVENTO)
 Values
   (2, 279);
Insert into PBANDI_R_LINEA_RUOLO_ENTE_COMP
   (ID_RUOLO_ENTE_COMPETENZA, ID_LINEA_DI_INTERVENTO)
 Values
   (3, 279);
Insert into PBANDI_R_LINEA_RUOLO_ENTE_COMP
   (ID_RUOLO_ENTE_COMPETENZA, ID_LINEA_DI_INTERVENTO)
 Values
   (4, 279);
Insert into PBANDI_R_LINEA_RUOLO_ENTE_COMP
   (ID_RUOLO_ENTE_COMPETENZA, ID_LINEA_DI_INTERVENTO)
 Values
   (5, 279);
Insert into PBANDI_R_LINEA_RUOLO_ENTE_COMP
   (ID_RUOLO_ENTE_COMPETENZA, ID_LINEA_DI_INTERVENTO)
 Values
   (6, 279);
Insert into PBANDI_R_LINEA_RUOLO_ENTE_COMP
   (ID_RUOLO_ENTE_COMPETENZA, ID_LINEA_DI_INTERVENTO)
 Values
   (7, 279);
Insert into PBANDI_R_LINEA_RUOLO_ENTE_COMP
   (ID_RUOLO_ENTE_COMPETENZA, ID_LINEA_DI_INTERVENTO)
 Values
   (8, 279);
Insert into PBANDI_R_LINEA_RUOLO_ENTE_COMP
   (ID_RUOLO_ENTE_COMPETENZA, ID_LINEA_DI_INTERVENTO)
 Values
   (9, 279);
Insert into PBANDI_R_LINEA_RUOLO_ENTE_COMP
   (ID_RUOLO_ENTE_COMPETENZA, ID_LINEA_DI_INTERVENTO)
 Values
   (12, 279);
Insert into PBANDI_R_LINEA_RUOLO_ENTE_COMP
   (ID_RUOLO_ENTE_COMPETENZA, ID_LINEA_DI_INTERVENTO)
 Values
   (1, 280);
Insert into PBANDI_R_LINEA_RUOLO_ENTE_COMP
   (ID_RUOLO_ENTE_COMPETENZA, ID_LINEA_DI_INTERVENTO)
 Values
   (2, 280);
Insert into PBANDI_R_LINEA_RUOLO_ENTE_COMP
   (ID_RUOLO_ENTE_COMPETENZA, ID_LINEA_DI_INTERVENTO)
 Values
   (3, 280);
Insert into PBANDI_R_LINEA_RUOLO_ENTE_COMP
   (ID_RUOLO_ENTE_COMPETENZA, ID_LINEA_DI_INTERVENTO)
 Values
   (4, 280);
Insert into PBANDI_R_LINEA_RUOLO_ENTE_COMP
   (ID_RUOLO_ENTE_COMPETENZA, ID_LINEA_DI_INTERVENTO)
 Values
   (5, 280);
Insert into PBANDI_R_LINEA_RUOLO_ENTE_COMP
   (ID_RUOLO_ENTE_COMPETENZA, ID_LINEA_DI_INTERVENTO)
 Values
   (6, 280);
Insert into PBANDI_R_LINEA_RUOLO_ENTE_COMP
   (ID_RUOLO_ENTE_COMPETENZA, ID_LINEA_DI_INTERVENTO)
 Values
   (7, 280);
Insert into PBANDI_R_LINEA_RUOLO_ENTE_COMP
   (ID_RUOLO_ENTE_COMPETENZA, ID_LINEA_DI_INTERVENTO)
 Values
   (8, 280);
Insert into PBANDI_R_LINEA_RUOLO_ENTE_COMP
   (ID_RUOLO_ENTE_COMPETENZA, ID_LINEA_DI_INTERVENTO)
 Values
   (9, 280);
Insert into PBANDI_R_LINEA_RUOLO_ENTE_COMP
   (ID_RUOLO_ENTE_COMPETENZA, ID_LINEA_DI_INTERVENTO)
 Values
   (12, 280);
Insert into PBANDI_R_LINEA_RUOLO_ENTE_COMP
   (ID_RUOLO_ENTE_COMPETENZA, ID_LINEA_DI_INTERVENTO)
 Values
   (1, 281);
Insert into PBANDI_R_LINEA_RUOLO_ENTE_COMP
   (ID_RUOLO_ENTE_COMPETENZA, ID_LINEA_DI_INTERVENTO)
 Values
   (2, 281);
Insert into PBANDI_R_LINEA_RUOLO_ENTE_COMP
   (ID_RUOLO_ENTE_COMPETENZA, ID_LINEA_DI_INTERVENTO)
 Values
   (3, 281);
Insert into PBANDI_R_LINEA_RUOLO_ENTE_COMP
   (ID_RUOLO_ENTE_COMPETENZA, ID_LINEA_DI_INTERVENTO)
 Values
   (4, 281);
Insert into PBANDI_R_LINEA_RUOLO_ENTE_COMP
   (ID_RUOLO_ENTE_COMPETENZA, ID_LINEA_DI_INTERVENTO)
 Values
   (5, 281);
Insert into PBANDI_R_LINEA_RUOLO_ENTE_COMP
   (ID_RUOLO_ENTE_COMPETENZA, ID_LINEA_DI_INTERVENTO)
 Values
   (6, 281);
Insert into PBANDI_R_LINEA_RUOLO_ENTE_COMP
   (ID_RUOLO_ENTE_COMPETENZA, ID_LINEA_DI_INTERVENTO)
 Values
   (7, 281);
Insert into PBANDI_R_LINEA_RUOLO_ENTE_COMP
   (ID_RUOLO_ENTE_COMPETENZA, ID_LINEA_DI_INTERVENTO)
 Values
   (8, 281);
Insert into PBANDI_R_LINEA_RUOLO_ENTE_COMP
   (ID_RUOLO_ENTE_COMPETENZA, ID_LINEA_DI_INTERVENTO)
 Values
   (9, 281);
Insert into PBANDI_R_LINEA_RUOLO_ENTE_COMP
   (ID_RUOLO_ENTE_COMPETENZA, ID_LINEA_DI_INTERVENTO)
 Values
   (12, 281);
Insert into PBANDI_R_LINEA_RUOLO_ENTE_COMP
   (ID_RUOLO_ENTE_COMPETENZA, ID_LINEA_DI_INTERVENTO)
 Values
   (1, 282);
Insert into PBANDI_R_LINEA_RUOLO_ENTE_COMP
   (ID_RUOLO_ENTE_COMPETENZA, ID_LINEA_DI_INTERVENTO)
 Values
   (2, 282);
Insert into PBANDI_R_LINEA_RUOLO_ENTE_COMP
   (ID_RUOLO_ENTE_COMPETENZA, ID_LINEA_DI_INTERVENTO)
 Values
   (3, 282);
Insert into PBANDI_R_LINEA_RUOLO_ENTE_COMP
   (ID_RUOLO_ENTE_COMPETENZA, ID_LINEA_DI_INTERVENTO)
 Values
   (4, 282);
Insert into PBANDI_R_LINEA_RUOLO_ENTE_COMP
   (ID_RUOLO_ENTE_COMPETENZA, ID_LINEA_DI_INTERVENTO)
 Values
   (5, 282);
Insert into PBANDI_R_LINEA_RUOLO_ENTE_COMP
   (ID_RUOLO_ENTE_COMPETENZA, ID_LINEA_DI_INTERVENTO)
 Values
   (6, 282);
Insert into PBANDI_R_LINEA_RUOLO_ENTE_COMP
   (ID_RUOLO_ENTE_COMPETENZA, ID_LINEA_DI_INTERVENTO)
 Values
   (7, 282);
Insert into PBANDI_R_LINEA_RUOLO_ENTE_COMP
   (ID_RUOLO_ENTE_COMPETENZA, ID_LINEA_DI_INTERVENTO)
 Values
   (8, 282);
Insert into PBANDI_R_LINEA_RUOLO_ENTE_COMP
   (ID_RUOLO_ENTE_COMPETENZA, ID_LINEA_DI_INTERVENTO)
 Values
   (9, 282);
Insert into PBANDI_R_LINEA_RUOLO_ENTE_COMP
   (ID_RUOLO_ENTE_COMPETENZA, ID_LINEA_DI_INTERVENTO)
 Values
   (12, 282);
Insert into PBANDI_R_LINEA_RUOLO_ENTE_COMP
   (ID_RUOLO_ENTE_COMPETENZA, ID_LINEA_DI_INTERVENTO)
 Values
   (1, 283);
Insert into PBANDI_R_LINEA_RUOLO_ENTE_COMP
   (ID_RUOLO_ENTE_COMPETENZA, ID_LINEA_DI_INTERVENTO)
 Values
   (2, 283);
Insert into PBANDI_R_LINEA_RUOLO_ENTE_COMP
   (ID_RUOLO_ENTE_COMPETENZA, ID_LINEA_DI_INTERVENTO)
 Values
   (3, 283);
Insert into PBANDI_R_LINEA_RUOLO_ENTE_COMP
   (ID_RUOLO_ENTE_COMPETENZA, ID_LINEA_DI_INTERVENTO)
 Values
   (4, 283);
Insert into PBANDI_R_LINEA_RUOLO_ENTE_COMP
   (ID_RUOLO_ENTE_COMPETENZA, ID_LINEA_DI_INTERVENTO)
 Values
   (5, 283);
Insert into PBANDI_R_LINEA_RUOLO_ENTE_COMP
   (ID_RUOLO_ENTE_COMPETENZA, ID_LINEA_DI_INTERVENTO)
 Values
   (6, 283);
Insert into PBANDI_R_LINEA_RUOLO_ENTE_COMP
   (ID_RUOLO_ENTE_COMPETENZA, ID_LINEA_DI_INTERVENTO)
 Values
   (7, 283);
Insert into PBANDI_R_LINEA_RUOLO_ENTE_COMP
   (ID_RUOLO_ENTE_COMPETENZA, ID_LINEA_DI_INTERVENTO)
 Values
   (8, 283);
Insert into PBANDI_R_LINEA_RUOLO_ENTE_COMP
   (ID_RUOLO_ENTE_COMPETENZA, ID_LINEA_DI_INTERVENTO)
 Values
   (9, 283);
Insert into PBANDI_R_LINEA_RUOLO_ENTE_COMP
   (ID_RUOLO_ENTE_COMPETENZA, ID_LINEA_DI_INTERVENTO)
 Values
   (12, 283);
Insert into PBANDI_R_LINEA_RUOLO_ENTE_COMP
   (ID_RUOLO_ENTE_COMPETENZA, ID_LINEA_DI_INTERVENTO)
 Values
   (1, 284);
Insert into PBANDI_R_LINEA_RUOLO_ENTE_COMP
   (ID_RUOLO_ENTE_COMPETENZA, ID_LINEA_DI_INTERVENTO)
 Values
   (2, 284);
Insert into PBANDI_R_LINEA_RUOLO_ENTE_COMP
   (ID_RUOLO_ENTE_COMPETENZA, ID_LINEA_DI_INTERVENTO)
 Values
   (3, 284);
Insert into PBANDI_R_LINEA_RUOLO_ENTE_COMP
   (ID_RUOLO_ENTE_COMPETENZA, ID_LINEA_DI_INTERVENTO)
 Values
   (4, 284);
Insert into PBANDI_R_LINEA_RUOLO_ENTE_COMP
   (ID_RUOLO_ENTE_COMPETENZA, ID_LINEA_DI_INTERVENTO)
 Values
   (5, 284);
Insert into PBANDI_R_LINEA_RUOLO_ENTE_COMP
   (ID_RUOLO_ENTE_COMPETENZA, ID_LINEA_DI_INTERVENTO)
 Values
   (6, 284);
Insert into PBANDI_R_LINEA_RUOLO_ENTE_COMP
   (ID_RUOLO_ENTE_COMPETENZA, ID_LINEA_DI_INTERVENTO)
 Values
   (7, 284);
Insert into PBANDI_R_LINEA_RUOLO_ENTE_COMP
   (ID_RUOLO_ENTE_COMPETENZA, ID_LINEA_DI_INTERVENTO)
 Values
   (8, 284);
Insert into PBANDI_R_LINEA_RUOLO_ENTE_COMP
   (ID_RUOLO_ENTE_COMPETENZA, ID_LINEA_DI_INTERVENTO)
 Values
   (9, 284);
Insert into PBANDI_R_LINEA_RUOLO_ENTE_COMP
   (ID_RUOLO_ENTE_COMPETENZA, ID_LINEA_DI_INTERVENTO)
 Values
   (12, 284);
Insert into PBANDI_R_LINEA_RUOLO_ENTE_COMP
   (ID_RUOLO_ENTE_COMPETENZA, ID_LINEA_DI_INTERVENTO)
 Values
   (1, 285);
Insert into PBANDI_R_LINEA_RUOLO_ENTE_COMP
   (ID_RUOLO_ENTE_COMPETENZA, ID_LINEA_DI_INTERVENTO)
 Values
   (2, 285);
Insert into PBANDI_R_LINEA_RUOLO_ENTE_COMP
   (ID_RUOLO_ENTE_COMPETENZA, ID_LINEA_DI_INTERVENTO)
 Values
   (3, 285);
Insert into PBANDI_R_LINEA_RUOLO_ENTE_COMP
   (ID_RUOLO_ENTE_COMPETENZA, ID_LINEA_DI_INTERVENTO)
 Values
   (4, 285);
Insert into PBANDI_R_LINEA_RUOLO_ENTE_COMP
   (ID_RUOLO_ENTE_COMPETENZA, ID_LINEA_DI_INTERVENTO)
 Values
   (5, 285);
Insert into PBANDI_R_LINEA_RUOLO_ENTE_COMP
   (ID_RUOLO_ENTE_COMPETENZA, ID_LINEA_DI_INTERVENTO)
 Values
   (6, 285);
Insert into PBANDI_R_LINEA_RUOLO_ENTE_COMP
   (ID_RUOLO_ENTE_COMPETENZA, ID_LINEA_DI_INTERVENTO)
 Values
   (7, 285);
Insert into PBANDI_R_LINEA_RUOLO_ENTE_COMP
   (ID_RUOLO_ENTE_COMPETENZA, ID_LINEA_DI_INTERVENTO)
 Values
   (8, 285);
Insert into PBANDI_R_LINEA_RUOLO_ENTE_COMP
   (ID_RUOLO_ENTE_COMPETENZA, ID_LINEA_DI_INTERVENTO)
 Values
   (9, 285);
Insert into PBANDI_R_LINEA_RUOLO_ENTE_COMP
   (ID_RUOLO_ENTE_COMPETENZA, ID_LINEA_DI_INTERVENTO)
 Values
   (12, 285);

--PBANDI_D_SETTORE_ENTE
Insert into PBANDI_D_SETTORE_ENTE
   (ID_SETTORE_ENTE, DESC_BREVE_SETTORE, DESC_SETTORE, DT_INIZIO_VALIDITA, ID_ENTE_COMPETENZA)
 Values
   (905, '01B', 'Promozione dei beni librari e archivistici, editoria ed istituti culturali', TO_DATE('10/26/2020 00:00:00', 'MM/DD/YYYY HH24:MI:SS'), 96);
Insert into PBANDI_D_SETTORE_ENTE
   (ID_SETTORE_ENTE, DESC_BREVE_SETTORE, DESC_SETTORE, DT_INIZIO_VALIDITA, ID_ENTE_COMPETENZA)
 Values
   (906, '03B', 'Promozione delle attività culturali, del patrimonio linguistico e dello spettacolo', TO_DATE('10/26/2020 00:00:00', 'MM/DD/YYYY HH24:MI:SS'), 96);

--PBANDI_R_LINEA_TIPOLOGIA_ATTIV
Insert into PBANDI_R_LINEA_TIPOLOGIA_ATTIV
   (ID_TIPOLOGIA_ATTIVAZIONE, ID_LINEA_DI_INTERVENTO)
 Values
   (1, 277);

--PBANDI_D_SOGGETTO_FINANZIATORE
Insert into PBANDI_D_SOGGETTO_FINANZIATORE
   (ID_SOGGETTO_FINANZIATORE, DESC_BREVE_SOGG_FINANZIATORE, DESC_SOGG_FINANZIATORE, DT_INIZIO_VALIDITA, COD_IGRUE_T25, COD_CIPE_CUP, FLAG_CERTIFICAZIONE, ID_TIPO_SOGG_FINANZIAT, FLAG_AGEVOLATO, ID_TIPO_FONDO)
 Values
   (22, 'REGIONE', 'REGIONE', TO_DATE('10/01/2020 00:00:00', 'MM/DD/YYYY HH24:MI:SS'), 
    3, '002', 'N', 7, 'S', 2);

-- CONFIGURAZIONE
--PBANDI_D_TASK
Insert into PBANDI_D_TASK
   (ID_TASK, DESCR_BREVE_TASK, DESCR_TASK, ID_TIPO_TASK, ID_METODO_TASK)
 Values
   (70, 'CULTURA', 'CULTURA', 8, 1);
Insert into PBANDI_D_TASK
   (ID_TASK, DESCR_BREVE_TASK, DESCR_TASK, ID_TIPO_TASK, ID_METODO_TASK)
 Values
   (71, 'RIM-CE-CULTURA', 'Rimodulazione del conto economico', 9, 21);
Insert into PBANDI_D_TASK
   (ID_TASK, DESCR_BREVE_TASK, DESCR_TASK, ID_TIPO_TASK, ID_METODO_TASK, ID_MULTI_TASK, ID_METODO_TASK_INTEGR)
 Values
   (72, 'VALID-DICH-SPESA-FINALE-CULTUR', 'Validazione dichiarazione di spesa', 5, 13, 
    2, 30);
Insert into PBANDI_D_TASK
   (ID_TASK, DESCR_BREVE_TASK, DESCR_TASK, ID_TIPO_TASK, ID_METODO_TASK, ID_MULTI_TASK)
 Values
   (73, 'VALID-DICH-SPESA-CULTURA', 'Validazione della dichiarazione di spesa', 9, 12, 
    1);
Insert into PBANDI_D_TASK
   (ID_TASK, DESCR_BREVE_TASK, DESCR_TASK, ID_TIPO_TASK, ID_METODO_TASK)
 Values
   (74, 'GEST-SPESA-VALID-CULTURA', 'Gestione spesa validata', 9, 28);
Insert into PBANDI_D_TASK
   (ID_TASK, DESCR_BREVE_TASK, DESCR_TASK, ID_TIPO_TASK, ID_METODO_TASK)
 Values
   (75, 'PROP-RIM-CE-CULTURA', 'Proposta di rimodulazione del conto economico', 9, 20);
   


--PBANDI_T_STEP_PROCESSO
Insert into PBANDI_T_STEP_PROCESSO
   (ID_STEP_PROCESSO, ID_TASK_PREC, ID_TASK, ID_PROCESSO)
 Values
   (196, 6, 75, 3);
Insert into PBANDI_T_STEP_PROCESSO
   (ID_STEP_PROCESSO, ID_TASK_PREC, ID_TASK, ID_PROCESSO)
 Values
   (195, 73, 74, 3);
Insert into PBANDI_T_STEP_PROCESSO
   (ID_STEP_PROCESSO, ID_TASK_PREC, ID_TASK, ID_PROCESSO)
 Values
   (194, 23, 73, 3);
Insert into PBANDI_T_STEP_PROCESSO
   (ID_STEP_PROCESSO, ID_TASK_PREC, ID_TASK, ID_PROCESSO)
 Values
   (186, 24, 72, 3);
Insert into PBANDI_T_STEP_PROCESSO
   (ID_STEP_PROCESSO, ID_TASK_PREC, ID_TASK, ID_PROCESSO)
 Values
   (184, 8, 71, 3);
Insert into PBANDI_T_STEP_PROCESSO
   (ID_STEP_PROCESSO, ID_TASK, ID_PROCESSO)
 Values
   (174, 70, 3);
Insert into PBANDI_T_STEP_PROCESSO
   (ID_STEP_PROCESSO, ID_TASK_PREC, ID_TASK, ID_PROCESSO)
 Values
   (188, 72, 50, 3);
Insert into PBANDI_T_STEP_PROCESSO
   (ID_STEP_PROCESSO, ID_TASK_PREC, ID_TASK, ID_PROCESSO)
 Values
   (198, 15, 49, 3);
Insert into PBANDI_T_STEP_PROCESSO
   (ID_STEP_PROCESSO, ID_TASK_PREC, ID_TASK, ID_PROCESSO)
 Values
   (189, 50, 49, 3);
Insert into PBANDI_T_STEP_PROCESSO
   (ID_STEP_PROCESSO, ID_TASK_PREC, ID_TASK, ID_PROCESSO)
 Values
   (199, 16, 49, 3);
Insert into PBANDI_T_STEP_PROCESSO
   (ID_STEP_PROCESSO, ID_TASK_PREC, ID_TASK, ID_PROCESSO)
 Values
   (187, 72, 46, 3);
Insert into PBANDI_T_STEP_PROCESSO
   (ID_STEP_PROCESSO, ID_TASK_PREC, ID_TASK, ID_PROCESSO)
 Values
   (190, 12, 40, 3);
Insert into PBANDI_T_STEP_PROCESSO
   (ID_STEP_PROCESSO, ID_TASK_PREC, ID_TASK, ID_PROCESSO)
 Values
   (203, 37, 38, 3);
Insert into PBANDI_T_STEP_PROCESSO
   (ID_STEP_PROCESSO, ID_TASK_PREC, ID_TASK, ID_PROCESSO)
 Values
   (202, 34, 37, 3);
Insert into PBANDI_T_STEP_PROCESSO
   (ID_STEP_PROCESSO, ID_TASK_PREC, ID_TASK, ID_PROCESSO)
 Values
   (201, 34, 36, 3);
Insert into PBANDI_T_STEP_PROCESSO
   (ID_STEP_PROCESSO, ID_TASK_PREC, ID_TASK, ID_PROCESSO)
 Values
   (183, 8, 35, 3);
Insert into PBANDI_T_STEP_PROCESSO
   (ID_STEP_PROCESSO, ID_TASK_PREC, ID_TASK, ID_PROCESSO)
 Values
   (182, 8, 34, 3);
Insert into PBANDI_T_STEP_PROCESSO
   (ID_STEP_PROCESSO, ID_TASK_PREC, ID_TASK, ID_PROCESSO)
 Values
   (200, 8, 31, 3);
Insert into PBANDI_T_STEP_PROCESSO
   (ID_STEP_PROCESSO, ID_TASK_PREC, ID_TASK, ID_PROCESSO)
 Values
   (185, 12, 24, 3);
Insert into PBANDI_T_STEP_PROCESSO
   (ID_STEP_PROCESSO, ID_TASK_PREC, ID_TASK, ID_PROCESSO)
 Values
   (193, 6, 23, 3);
Insert into PBANDI_T_STEP_PROCESSO
   (ID_STEP_PROCESSO, ID_TASK_PREC, ID_TASK, ID_PROCESSO)
 Values
   (192, 6, 21, 3);
Insert into PBANDI_T_STEP_PROCESSO
   (ID_STEP_PROCESSO, ID_TASK_PREC, ID_TASK, ID_PROCESSO)
 Values
   (181, 8, 18, 3);
Insert into PBANDI_T_STEP_PROCESSO
   (ID_STEP_PROCESSO, ID_TASK_PREC, ID_TASK, ID_PROCESSO)
 Values
   (180, 8, 16, 3);
Insert into PBANDI_T_STEP_PROCESSO
   (ID_STEP_PROCESSO, ID_TASK_PREC, ID_TASK, ID_PROCESSO)
 Values
   (197, 14, 15, 3);
Insert into PBANDI_T_STEP_PROCESSO
   (ID_STEP_PROCESSO, ID_TASK_PREC, ID_TASK, ID_PROCESSO)
 Values
   (179, 8, 14, 3);
Insert into PBANDI_T_STEP_PROCESSO
   (ID_STEP_PROCESSO, ID_TASK_PREC, ID_TASK, ID_PROCESSO)
 Values
   (191, 6, 12, 3);
Insert into PBANDI_T_STEP_PROCESSO
   (ID_STEP_PROCESSO, ID_TASK_PREC, ID_TASK, ID_PROCESSO)
 Values
   (176, 2, 8, 3);
Insert into PBANDI_T_STEP_PROCESSO
   (ID_STEP_PROCESSO, ID_TASK_PREC, ID_TASK, ID_PROCESSO)
 Values
   (178, 8, 7, 3);
Insert into PBANDI_T_STEP_PROCESSO
   (ID_STEP_PROCESSO, ID_TASK_PREC, ID_TASK, ID_PROCESSO)
 Values
   (177, 8, 6, 3);
Insert into PBANDI_T_STEP_PROCESSO
   (ID_STEP_PROCESSO, ID_TASK_PREC, ID_TASK, ID_PROCESSO)
 Values
   (175, 70, 2, 3);

--PBANDI_R_STEP_PROCESSO_RUOLO
Insert into PBANDI_R_STEP_PROCESSO_RUOLO
   (ID_STEP_PROCESSO, ID_RUOLO_DI_PROCESSO)
 Values
   (177, 3);
Insert into PBANDI_R_STEP_PROCESSO_RUOLO
   (ID_STEP_PROCESSO, ID_RUOLO_DI_PROCESSO)
 Values
   (177, 4);
Insert into PBANDI_R_STEP_PROCESSO_RUOLO
   (ID_STEP_PROCESSO, ID_RUOLO_DI_PROCESSO)
 Values
   (178, 3);
Insert into PBANDI_R_STEP_PROCESSO_RUOLO
   (ID_STEP_PROCESSO, ID_RUOLO_DI_PROCESSO)
 Values
   (178, 4);
Insert into PBANDI_R_STEP_PROCESSO_RUOLO
   (ID_STEP_PROCESSO, ID_RUOLO_DI_PROCESSO)
 Values
   (179, 4);
Insert into PBANDI_R_STEP_PROCESSO_RUOLO
   (ID_STEP_PROCESSO, ID_RUOLO_DI_PROCESSO)
 Values
   (180, 3);
Insert into PBANDI_R_STEP_PROCESSO_RUOLO
   (ID_STEP_PROCESSO, ID_RUOLO_DI_PROCESSO)
 Values
   (181, 3);
Insert into PBANDI_R_STEP_PROCESSO_RUOLO
   (ID_STEP_PROCESSO, ID_RUOLO_DI_PROCESSO)
 Values
   (182, 3);
Insert into PBANDI_R_STEP_PROCESSO_RUOLO
   (ID_STEP_PROCESSO, ID_RUOLO_DI_PROCESSO)
 Values
   (183, 3);
Insert into PBANDI_R_STEP_PROCESSO_RUOLO
   (ID_STEP_PROCESSO, ID_RUOLO_DI_PROCESSO)
 Values
   (184, 3);
Insert into PBANDI_R_STEP_PROCESSO_RUOLO
   (ID_STEP_PROCESSO, ID_RUOLO_DI_PROCESSO)
 Values
   (185, 4);
Insert into PBANDI_R_STEP_PROCESSO_RUOLO
   (ID_STEP_PROCESSO, ID_RUOLO_DI_PROCESSO)
 Values
   (186, 3);
Insert into PBANDI_R_STEP_PROCESSO_RUOLO
   (ID_STEP_PROCESSO, ID_RUOLO_DI_PROCESSO)
 Values
   (187, 4);
Insert into PBANDI_R_STEP_PROCESSO_RUOLO
   (ID_STEP_PROCESSO, ID_RUOLO_DI_PROCESSO)
 Values
   (188, 3);
Insert into PBANDI_R_STEP_PROCESSO_RUOLO
   (ID_STEP_PROCESSO, ID_RUOLO_DI_PROCESSO)
 Values
   (190, 3);
Insert into PBANDI_R_STEP_PROCESSO_RUOLO
   (ID_STEP_PROCESSO, ID_RUOLO_DI_PROCESSO)
 Values
   (191, 3);
Insert into PBANDI_R_STEP_PROCESSO_RUOLO
   (ID_STEP_PROCESSO, ID_RUOLO_DI_PROCESSO)
 Values
   (191, 4);
Insert into PBANDI_R_STEP_PROCESSO_RUOLO
   (ID_STEP_PROCESSO, ID_RUOLO_DI_PROCESSO)
 Values
   (192, 4);
Insert into PBANDI_R_STEP_PROCESSO_RUOLO
   (ID_STEP_PROCESSO, ID_RUOLO_DI_PROCESSO)
 Values
   (193, 4);
Insert into PBANDI_R_STEP_PROCESSO_RUOLO
   (ID_STEP_PROCESSO, ID_RUOLO_DI_PROCESSO)
 Values
   (194, 3);
Insert into PBANDI_R_STEP_PROCESSO_RUOLO
   (ID_STEP_PROCESSO, ID_RUOLO_DI_PROCESSO)
 Values
   (195, 3);
Insert into PBANDI_R_STEP_PROCESSO_RUOLO
   (ID_STEP_PROCESSO, ID_RUOLO_DI_PROCESSO)
 Values
   (196, 4);
Insert into PBANDI_R_STEP_PROCESSO_RUOLO
   (ID_STEP_PROCESSO, ID_RUOLO_DI_PROCESSO)
 Values
   (197, 3);
Insert into PBANDI_R_STEP_PROCESSO_RUOLO
   (ID_STEP_PROCESSO, ID_RUOLO_DI_PROCESSO)
 Values
   (200, 3);
Insert into PBANDI_R_STEP_PROCESSO_RUOLO
   (ID_STEP_PROCESSO, ID_RUOLO_DI_PROCESSO)
 Values
   (201, 3);
Insert into PBANDI_R_STEP_PROCESSO_RUOLO
   (ID_STEP_PROCESSO, ID_RUOLO_DI_PROCESSO)
 Values
   (202, 3);
Insert into PBANDI_R_STEP_PROCESSO_RUOLO
   (ID_STEP_PROCESSO, ID_RUOLO_DI_PROCESSO)
 Values
   (203, 3);

--PBANDI_D_VOCE_DI_ENTRATA

Insert into PBANDI_D_VOCE_DI_ENTRATA
   (ID_VOCE_DI_ENTRATA, DESCRIZIONE_BREVE, DESCRIZIONE, INDICAZIONI, FLAG_EDIT, FLAG_RISORSE_PROPRIE, DT_INIZIO_VALIDITA)
 Values
   (
SEQ_PBANDI_D_VOCE_DI_ENTRATA.nextval,'02','Contributo del Comune di ',	'Indicare la denominazione','S',1,	TRUNC(SYSDATE) );

Insert into PBANDI_D_VOCE_DI_ENTRATA
   (ID_VOCE_DI_ENTRATA, DESCRIZIONE_BREVE, DESCRIZIONE, INDICAZIONI, FLAG_EDIT, FLAG_RISORSE_PROPRIE, DT_INIZIO_VALIDITA)
 Values
   (
SEQ_PBANDI_D_VOCE_DI_ENTRATA.nextval,'04','Contributi dello Stato',	'Stato',NULL,	1,	TRUNC(SYSDATE) );

Insert into PBANDI_D_VOCE_DI_ENTRATA
   (ID_VOCE_DI_ENTRATA, DESCRIZIONE_BREVE, DESCRIZIONE, INDICAZIONI, FLAG_EDIT, FLAG_RISORSE_PROPRIE, DT_INIZIO_VALIDITA)
 Values
   (
SEQ_PBANDI_D_VOCE_DI_ENTRATA.nextval,'05','Contributi della Città Metropolitana / Provincia di ',	'Indicare la denominazione','S',1,	TRUNC(SYSDATE) );

Insert into PBANDI_D_VOCE_DI_ENTRATA
   (ID_VOCE_DI_ENTRATA, DESCRIZIONE_BREVE, DESCRIZIONE, INDICAZIONI, FLAG_EDIT, FLAG_RISORSE_PROPRIE, DT_INIZIO_VALIDITA)
 Values
   (
SEQ_PBANDI_D_VOCE_DI_ENTRATA.nextval,'07','Risorse proprie','Risorse proprie',NULL,1,TRUNC(SYSDATE) );

Insert into PBANDI_D_VOCE_DI_ENTRATA
   (ID_VOCE_DI_ENTRATA, DESCRIZIONE_BREVE, DESCRIZIONE, INDICAZIONI, FLAG_EDIT, FLAG_RISORSE_PROPRIE, DT_INIZIO_VALIDITA)
 Values
   (
SEQ_PBANDI_D_VOCE_DI_ENTRATA.nextval,'11','Sponsor','Sponsor','S',1,TRUNC(SYSDATE) );

Insert into PBANDI_D_VOCE_DI_ENTRATA
   (ID_VOCE_DI_ENTRATA, DESCRIZIONE_BREVE, DESCRIZIONE, INDICAZIONI, FLAG_EDIT, FLAG_RISORSE_PROPRIE, DT_INIZIO_VALIDITA)
 Values
   (
SEQ_PBANDI_D_VOCE_DI_ENTRATA.nextval,'13','Introiti da biglietti e abbonamenti','Biglietti e abbonamenti',NULL,1,TRUNC(SYSDATE) );

Insert into PBANDI_D_VOCE_DI_ENTRATA
   (ID_VOCE_DI_ENTRATA, DESCRIZIONE_BREVE, DESCRIZIONE, INDICAZIONI, FLAG_EDIT, FLAG_RISORSE_PROPRIE, DT_INIZIO_VALIDITA)
 Values
   (
SEQ_PBANDI_D_VOCE_DI_ENTRATA.nextval,'14','Altri proventi',	'Indicare la tipologia del provento','S',1,	TRUNC(SYSDATE) );

Insert into PBANDI_D_VOCE_DI_ENTRATA
   (ID_VOCE_DI_ENTRATA, DESCRIZIONE_BREVE, DESCRIZIONE, INDICAZIONI, FLAG_EDIT, FLAG_RISORSE_PROPRIE, DT_INIZIO_VALIDITA)
 Values
   (
SEQ_PBANDI_D_VOCE_DI_ENTRATA.nextval,'15','Quote associative',	'Quote associative',NULL,1,	TRUNC(SYSDATE) );

Insert into PBANDI_D_VOCE_DI_ENTRATA
   (ID_VOCE_DI_ENTRATA, DESCRIZIONE_BREVE, DESCRIZIONE, INDICAZIONI, FLAG_EDIT, FLAG_RISORSE_PROPRIE, DT_INIZIO_VALIDITA)
 Values
   (
SEQ_PBANDI_D_VOCE_DI_ENTRATA.nextval,'16','Erogazioni liberali',	'Erogazioni liberali',NULL,1,	TRUNC(SYSDATE) );

Insert into PBANDI_D_VOCE_DI_ENTRATA
   (ID_VOCE_DI_ENTRATA, DESCRIZIONE_BREVE, DESCRIZIONE, INDICAZIONI, FLAG_EDIT, FLAG_RISORSE_PROPRIE, DT_INIZIO_VALIDITA)
 Values
   (
SEQ_PBANDI_D_VOCE_DI_ENTRATA.nextval,'17','Vendita programmi, cataloghi, prodotti editoriali, gadget, materiale di promozione',	'Vendita materiale',NULL,1,	TRUNC(SYSDATE) );

Insert into PBANDI_D_VOCE_DI_ENTRATA
   (ID_VOCE_DI_ENTRATA, DESCRIZIONE_BREVE, DESCRIZIONE, INDICAZIONI, FLAG_EDIT, FLAG_RISORSE_PROPRIE, DT_INIZIO_VALIDITA)
 Values
   (
SEQ_PBANDI_D_VOCE_DI_ENTRATA.nextval,'18','Contribuzioni straordinarie degli associati','Contribuzioni associati',NULL,	1,	TRUNC(SYSDATE) );

Insert into PBANDI_D_VOCE_DI_ENTRATA
   (ID_VOCE_DI_ENTRATA, DESCRIZIONE_BREVE, DESCRIZIONE, INDICAZIONI, FLAG_EDIT, FLAG_RISORSE_PROPRIE, DT_INIZIO_VALIDITA)
 Values
   (
SEQ_PBANDI_D_VOCE_DI_ENTRATA.nextval,'19','Altri contributi della Regione Piemonte','Indicare la struttura a cui è stato richiesto il contributo',	'S',1,TRUNC(SYSDATE) );

Insert into PBANDI_D_VOCE_DI_ENTRATA
   (ID_VOCE_DI_ENTRATA, DESCRIZIONE_BREVE, DESCRIZIONE, INDICAZIONI, FLAG_EDIT, FLAG_RISORSE_PROPRIE, DT_INIZIO_VALIDITA)
 Values
   (
SEQ_PBANDI_D_VOCE_DI_ENTRATA.nextval,'21','Quote di iscrizione e partecipazione','Quote iscrizione e partecipazione',	NULL,	1,	TRUNC(SYSDATE) );

Insert into PBANDI_D_VOCE_DI_ENTRATA
   (ID_VOCE_DI_ENTRATA, DESCRIZIONE_BREVE, DESCRIZIONE, INDICAZIONI, FLAG_EDIT, FLAG_RISORSE_PROPRIE, DT_INIZIO_VALIDITA)
 Values
   (
SEQ_PBANDI_D_VOCE_DI_ENTRATA.nextval,'23','Contributi da Enti Privati',	'Indicare la denominazione ','S',1,	TRUNC(SYSDATE) );

Insert into PBANDI_D_VOCE_DI_ENTRATA
   (ID_VOCE_DI_ENTRATA, DESCRIZIONE_BREVE, DESCRIZIONE, INDICAZIONI, FLAG_EDIT, FLAG_RISORSE_PROPRIE, DT_INIZIO_VALIDITA)
 Values
   (
SEQ_PBANDI_D_VOCE_DI_ENTRATA.nextval,'24','Contributi dell’Unione Europea',	'Indicare la denominazione del programma','S',1,	TRUNC(SYSDATE) );

Insert into PBANDI_D_VOCE_DI_ENTRATA
   (ID_VOCE_DI_ENTRATA, DESCRIZIONE_BREVE, DESCRIZIONE, INDICAZIONI, FLAG_EDIT, FLAG_RISORSE_PROPRIE, DT_INIZIO_VALIDITA)
 Values
   (
SEQ_PBANDI_D_VOCE_DI_ENTRATA.nextval,'25','Contributi dello Stato',	'Indicare la denominazione del Ministero',	'S',1,	TRUNC(SYSDATE) );

Insert into PBANDI_D_VOCE_DI_ENTRATA
   (ID_VOCE_DI_ENTRATA, DESCRIZIONE_BREVE, DESCRIZIONE, INDICAZIONI, FLAG_EDIT, FLAG_RISORSE_PROPRIE, DT_INIZIO_VALIDITA)
 Values
   (
SEQ_PBANDI_D_VOCE_DI_ENTRATA.nextval,'26','Vendita programmi, cataloghi, prodotti editoriali, gadget, materiale di promozione',	'Vendita materiale','S',1,TRUNC(SYSDATE) );

Insert into PBANDI_D_VOCE_DI_ENTRATA
   (ID_VOCE_DI_ENTRATA, DESCRIZIONE_BREVE, DESCRIZIONE, INDICAZIONI, FLAG_EDIT, FLAG_RISORSE_PROPRIE, DT_INIZIO_VALIDITA)
 Values
   (
SEQ_PBANDI_D_VOCE_DI_ENTRATA.nextval,'27','Quote o rette di partecipazione','Quote o rette di partecipazione',	NULL,	1,	TRUNC(SYSDATE) );

Insert into PBANDI_D_VOCE_DI_ENTRATA
   (ID_VOCE_DI_ENTRATA, DESCRIZIONE_BREVE, DESCRIZIONE, INDICAZIONI, FLAG_EDIT, FLAG_RISORSE_PROPRIE, DT_INIZIO_VALIDITA)
 Values
   (
SEQ_PBANDI_D_VOCE_DI_ENTRATA.nextval,'28','Altre entrate commerciali','Indicare la tipologia di entrata','S',1,	TRUNC(SYSDATE) );



--PBANDI_D_TIPOL_VOCE_DI_SPESA
Insert into PBANDI_D_TIPOL_VOCE_DI_SPESA
   (ID_TIPOLOGIA_VOCE_DI_SPESA, DESCRIZIONE, PERC_QUOTA_CONTRIBUTO)
 Values
   (1, 'Spese direttamente connesse alle attività (Spese di progetto) ', 100);
Insert into PBANDI_D_TIPOL_VOCE_DI_SPESA
   (ID_TIPOLOGIA_VOCE_DI_SPESA, DESCRIZIONE, PERC_QUOTA_CONTRIBUTO)
 Values
   (2, 'Spese generali e di funzionamento in quota-parte', 20);

--PBANDI_D_VOCE_DI_SPESA
	
Insert into PBANDI_D_VOCE_DI_SPESA
   (ID_VOCE_DI_SPESA,  DESC_VOCE_DI_SPESA, DT_INIZIO_VALIDITA, COD_TIPO_VOCE_DI_SPESA, ID_TIPOLOGIA_VOCE_DI_SPESA)
 Values
   (SEQ_PBANDI_D_VOCE_DI_SPESA.nextval,
'A1. Spese connesse alle attività rivolte al pubblico avvenute nel 2020 in presenza fisica o con modalità a distanza – Costo del lavoro dipendente',TRUNC(SYSDATE),'A_S314',1);
Insert into PBANDI_D_VOCE_DI_SPESA
   (ID_VOCE_DI_SPESA,  DESC_VOCE_DI_SPESA, DT_INIZIO_VALIDITA, COD_TIPO_VOCE_DI_SPESA, ID_TIPOLOGIA_VOCE_DI_SPESA)
 Values
   (SEQ_PBANDI_D_VOCE_DI_SPESA.nextval,
'A2. Spese connesse alle attività rivolte al pubblico avvenute nel 2020 in presenza fisica o con modalità a distanza – Costo dei collaboratori esterni',	TRUNC(SYSDATE),'A_S315',1);
Insert into PBANDI_D_VOCE_DI_SPESA
   (ID_VOCE_DI_SPESA,  DESC_VOCE_DI_SPESA, DT_INIZIO_VALIDITA, COD_TIPO_VOCE_DI_SPESA, ID_TIPOLOGIA_VOCE_DI_SPESA)
 Values
   (SEQ_PBANDI_D_VOCE_DI_SPESA.nextval,
'A3. Spese connesse alle attività rivolte al pubblico avvenute nel 2020 in presenza fisica o con modalità a distanza - Costi delle attività svolte in spazi pubblici anche non convenzionali (tutte le spese legate direttamente all''attività svolta)',TRUNC(SYSDATE),'A_S316',1);
Insert into PBANDI_D_VOCE_DI_SPESA
   (ID_VOCE_DI_SPESA,  DESC_VOCE_DI_SPESA, DT_INIZIO_VALIDITA, COD_TIPO_VOCE_DI_SPESA, ID_TIPOLOGIA_VOCE_DI_SPESA)
 Values
   (SEQ_PBANDI_D_VOCE_DI_SPESA.nextval,
'A4. Spese connesse alle attività rivolte al pubblico avvenute nel 2020 in presenza fisica o con modalità a distanza –  Costi delle attività svolte a distanza (comprese le spese per abbonamenti a piattaforme e servizi online)',TRUNC(SYSDATE),'A_S317',1);
Insert into PBANDI_D_VOCE_DI_SPESA
   (ID_VOCE_DI_SPESA,  DESC_VOCE_DI_SPESA, DT_INIZIO_VALIDITA, COD_TIPO_VOCE_DI_SPESA, ID_TIPOLOGIA_VOCE_DI_SPESA)
 Values
   (SEQ_PBANDI_D_VOCE_DI_SPESA.nextval,
'B1. Spese connesse all’attività interna di riorganizzazione per fare fronte all’emergenza anche a difesa dei livelli occupazionali (per quegli ambiti non fondati esclusivamente sul volontariato) - Costo del lavoro dipendente e dei collaboratori esterni',	TRUNC(SYSDATE),'A_S318',1);
Insert into PBANDI_D_VOCE_DI_SPESA
   (ID_VOCE_DI_SPESA,  DESC_VOCE_DI_SPESA, DT_INIZIO_VALIDITA, COD_TIPO_VOCE_DI_SPESA, ID_TIPOLOGIA_VOCE_DI_SPESA)
 Values
   (SEQ_PBANDI_D_VOCE_DI_SPESA.nextval,
'B2. Spese connesse all’attività interna di riorganizzazione per fare fronte all’emergenza anche a difesa dei livelli occupazionali (per quegli ambiti non fondati esclusivamente sul volontariato) - Interventi di sanificazione',	TRUNC(SYSDATE),'B_S319',1);
Insert into PBANDI_D_VOCE_DI_SPESA
   (ID_VOCE_DI_SPESA,  DESC_VOCE_DI_SPESA, DT_INIZIO_VALIDITA, COD_TIPO_VOCE_DI_SPESA, ID_TIPOLOGIA_VOCE_DI_SPESA)
 Values
   (SEQ_PBANDI_D_VOCE_DI_SPESA.nextval,
'B3. Spese connesse all’attività interna di riorganizzazione per fare fronte all’emergenza anche a difesa dei livelli occupazionali - Adeguamento di spazi (esclusi interventi strutturali e acquisto di beni durevoli)',	TRUNC(SYSDATE),'B_S320',1);
Insert into PBANDI_D_VOCE_DI_SPESA
   (ID_VOCE_DI_SPESA,  DESC_VOCE_DI_SPESA, DT_INIZIO_VALIDITA, COD_TIPO_VOCE_DI_SPESA, ID_TIPOLOGIA_VOCE_DI_SPESA)
 Values
   (SEQ_PBANDI_D_VOCE_DI_SPESA.nextval,
'B4. Spese connesse all’attività interna di riorganizzazione per fare fronte all’emergenza anche a difesa dei livelli occupazionali (per quegli ambiti non fondati esclusivamente sul volontariato)- Formazione del personale',	TRUNC(SYSDATE),'B_S321',1);
Insert into PBANDI_D_VOCE_DI_SPESA
   (ID_VOCE_DI_SPESA,  DESC_VOCE_DI_SPESA, DT_INIZIO_VALIDITA, COD_TIPO_VOCE_DI_SPESA, ID_TIPOLOGIA_VOCE_DI_SPESA)
 Values
   (SEQ_PBANDI_D_VOCE_DI_SPESA.nextval,
'C1. Spese connesse ad attività realizzate nel 2020 propedeutiche alla ripartenza - Costo del lavoro dipendente',TRUNC(SYSDATE),'C_S322',1);
Insert into PBANDI_D_VOCE_DI_SPESA
   (ID_VOCE_DI_SPESA,  DESC_VOCE_DI_SPESA, DT_INIZIO_VALIDITA, COD_TIPO_VOCE_DI_SPESA, ID_TIPOLOGIA_VOCE_DI_SPESA)
 Values
   (SEQ_PBANDI_D_VOCE_DI_SPESA.nextval,
'C2. Spese connesse ad attività realizzate nel 2020 propedeutiche alla ripartenza - Costo dei collaboratori esterni',TRUNC(SYSDATE),'C_S323',1);
Insert into PBANDI_D_VOCE_DI_SPESA
   (ID_VOCE_DI_SPESA,  DESC_VOCE_DI_SPESA, DT_INIZIO_VALIDITA, COD_TIPO_VOCE_DI_SPESA, ID_TIPOLOGIA_VOCE_DI_SPESA)
 Values
   (SEQ_PBANDI_D_VOCE_DI_SPESA.nextval,
'C3. Spese connesse ad attività realizzate nel 2020 propedeutiche alla ripartenza - Predisposizione di attività di cui si prevede la realizzazione (scrittura, progettazione, produzione, organizzazione, allestimenti)',TRUNC(SYSDATE),'C_S324',1);
	
	
-- Rendicontazione Entrata
Insert into PBANDI_D_TIPO_DOCUMENTO_SPESA
   (ID_TIPO_DOCUMENTO_SPESA, DESC_BREVE_TIPO_DOC_SPESA, DESC_TIPO_DOCUMENTO_SPESA, DT_INIZIO_VALIDITA)
 Values
   (80, 'ENT', 'Entrata', TO_DATE('06/04/2020 00:00:00', 'MM/DD/YYYY HH24:MI:SS'));
COMMIT;


/*
*** script da eseguire ad ogni rilascio
*/

update PBANDI_C_VERSIONE
set VERSIONE_DB = '3.23.0';

insert into PBANDI_C_ENTITA
(ID_ENTITA, NOME_ENTITA, FLAG_DA_TRACCIARE) 
(select seq_PBANDI_C_ENTITA.nextval,tabs.TABLE_NAME,'S'
from all_tables tabs
where tabs.OWNER = (select decode(instr(user,'_RW'),0,user,replace(user,'_RW',null)) from dual)
and tabs.TABLE_NAME like 'PBANDI_%'
and not exists (select 'x' from pbandi_c_entita where tabs.TABLE_NAME = NOME_ENTITA));

commit;

declare
  cursor curAttr is select col.COLUMN_NAME,en.id_ENTITA,col.TABLE_NAME
                    from all_tab_cols col,PBANDI_C_ENTITA en
                    where col.owner = (select decode(instr(user,'_RW'),0,user,replace(user,'_RW',null)) from dual)
                    and col.TABLE_NAME like 'PBANDI_%'
                    and col.COLUMN_NAME not like 'SYS_%'
                    and col.TABLE_NAME = en.NOME_ENTITA
                    and not exists (select 'x' from PBANDI_C_ATTRIBUTO att 
                                    where col.COLUMN_NAME = att.NOME_ATTRIBUTO
                                    and att.id_entita = en.id_ENTITA);
                                    
  nPosiz  PLS_INTEGER := NULL;                                                                          
begin
  for recAttr in curAttr loop

    BEGIN
      SELECT POSITION
      INTO   nPosiz 
      FROM   all_CONSTRAINTS A,all_CONS_COLUMNS B
      WHERE  A.CONSTRAINT_TYPE = 'P'
      AND    A.TABLE_NAME      = recAttr.TABLE_NAME
      AND    A.CONSTRAINT_NAME = B.CONSTRAINT_NAME
      AND    COLUMN_NAME       = recAttr.COLUMN_NAME;
    EXCEPTION
      WHEN NO_DATA_FOUND THEN
        nPosiz := NULL;
    END;
    
    insert into PBANDI_C_ATTRIBUTO
    (ID_ATTRIBUTO, 
     NOME_ATTRIBUTO, 
     FLAG_DA_TRACCIARE, 
     ID_ENTITA,
     KEY_POSITION_ID) 
    values
    (SEQ_PBANDI_C_ATTRIBUTO.NEXTVAL,
     recAttr.COLUMN_NAME,
     'N',
     recAttr.id_ENTITA,
     nPosiz);
  end loop;
  COMMIT;
end;
/

