/*******************************************************************************
* Copyright Regione Piemonte - 2024
* SPDX-License-Identifier: EUPL-1.2
******************************************************************************/

SET DEFINE OFF;
Insert into PBANDI_W_COSTANTI
   (ATTRIBUTO, VALORE, NORMA_INCENTIVAZIONE)
 Values
   ('DUPLICA_VOCI_SPESA', 'N', 'POR - FESR Asse 1 Ri. 1');
Insert into PBANDI_W_COSTANTI
   (ATTRIBUTO, VALORE, NORMA_INCENTIVAZIONE)
 Values
   ('STATO_CONTO_ECONOMICO', '3', 'POR - FESR Asse 1 Ri. 1');
Insert into PBANDI_W_COSTANTI
   (ATTRIBUTO, VALORE, NORMA_INCENTIVAZIONE)
 Values
   ('TIPO_OPERAZIONE', '3', 'POR - FESR Asse 1 Ri. 1');
Insert into PBANDI_W_COSTANTI
   (ATTRIBUTO, VALORE, NORMA_INCENTIVAZIONE)
 Values
   ('STATO_INVIO_DOMANDA', '3', 'POR - FESR Asse 1 Ri. 1');
Insert into PBANDI_W_COSTANTI
   (ATTRIBUTO, VALORE, NORMA_INCENTIVAZIONE)
 Values
   ('PROGR_BANDO_LINEA_INTERVENTO', '8', 'POR - FESR Asse 1 Ri. 1');
Insert into PBANDI_W_COSTANTI
   (ATTRIBUTO, VALORE, NORMA_INCENTIVAZIONE)
 Values
   ('CODICE_PROGETTO_NORMATIVA', 'POR-FESR', 'POR - FESR Asse 1 Ri. 1');
Insert into PBANDI_W_COSTANTI
   (ATTRIBUTO, VALORE, NORMA_INCENTIVAZIONE)
 Values
   ('STATO_DOMANDA', '2', 'POR-FESR Asse I - I.1.2');
Insert into PBANDI_W_COSTANTI
   (ATTRIBUTO, VALORE, NORMA_INCENTIVAZIONE)
 Values
   ('TIPO_OPERAZIONE', '3', 'POR-FESR Asse I - I.1.2');
Insert into PBANDI_W_COSTANTI
   (ATTRIBUTO, VALORE, NORMA_INCENTIVAZIONE)
 Values
   ('CODICE_PROGETTO_NORMATIVA', 'POR-FESR', 'POR-FESR Asse I - I.1.2');
Insert into PBANDI_W_COSTANTI
   (ATTRIBUTO, VALORE, NORMA_INCENTIVAZIONE)
 Values
   ('STATO_PROGETTO', '1', 'POR-FESR Asse I - I.1.2');
Insert into PBANDI_W_COSTANTI
   (ATTRIBUTO, VALORE, NORMA_INCENTIVAZIONE)
 Values
   ('PROGR_BANDO_LINEA_INTERVENTO', '9', 'POR-FESR Asse I - I.1.2');
Insert into PBANDI_W_COSTANTI
   (ATTRIBUTO, VALORE, NORMA_INCENTIVAZIONE)
 Values
   ('STATO_CONTO_ECONOMICO', '3', 'POR-FESR Asse I - I.1.2');
Insert into PBANDI_W_COSTANTI
   (ATTRIBUTO, VALORE, NORMA_INCENTIVAZIONE)
 Values
   ('STATO_INVIO_DOMANDA', '3', 'POR-FESR Asse I - I.1.2');
COMMIT;

SET DEFINE OFF;
Insert into PBANDI_T_BANDO
   (ID_BANDO, TITOLO_BANDO, DT_PUBBLICAZIONE_BANDO, DT_INIZIO_PRESENTAZ_DOMANDE, DT_SCADENZA_BANDO, FLAG_ALLEGATO, FLAG_GRADUATORIA, FLAG_QUIETANZA, ID_UTENTE_INS, ID_MATERIA,id_modalita_attivazione)
 Values
   (seq_PBANDI_T_BANDO.nextval, 'Progetti di ricerca industriale e/o sviluppo sperimentale per l''anno 2008 nell''ambito dei sistemi avanzati di produzione', TO_DATE('04/10/2008 00:00:00', 'MM/DD/YYYY HH24:MI:SS'), TO_DATE('04/14/2008 00:00:00', 'MM/DD/YYYY HH24:MI:SS'), TO_DATE('06/13/2008 00:00:00', 'MM/DD/YYYY HH24:MI:SS'), 'N', 'N', 'N', 1, 2,2);
COMMIT;

SET DEFINE OFF;
Insert into PBANDI_T_BANDO
   (ID_BANDO, TITOLO_BANDO, DT_INIZIO_PRESENTAZ_DOMANDE, DT_SCADENZA_BANDO, FLAG_ALLEGATO, FLAG_GRADUATORIA, FLAG_QUIETANZA, ID_UTENTE_INS, ID_MATERIA,id_modalita_attivazione)
 Values
   (seq_PBANDI_T_BANDO.nextval, 'Gestori dei Poli d''innovazione', TO_DATE('06/11/2006 00:00:00', 'MM/DD/YYYY HH24:MI:SS'), TO_DATE('12/31/2009 00:00:00', 'MM/DD/YYYY HH24:MI:SS'), 'N', 'N', 'N', 1, 1,2);
COMMIT;

SET DEFINE OFF;
Insert into PBANDI_D_LINEA_DI_INTERVENTO
   (ID_LINEA_DI_INTERVENTO, ID_LINEA_DI_INTERVENTO_PADRE, DESC_BREVE_LINEA, DESC_LINEA, DT_INIZIO_VALIDITA, ID_TIPO_LINEA_INTERVENTO)
 Values
   (17, 5, 'I', 'Innovazione e transizione produttiva', TO_DATE('01/01/2009 00:00:00', 'MM/DD/YYYY HH24:MI:SS'), 2);
Insert into PBANDI_D_LINEA_DI_INTERVENTO
   (ID_LINEA_DI_INTERVENTO, ID_LINEA_DI_INTERVENTO_PADRE, DESC_BREVE_LINEA, DESC_LINEA, DT_INIZIO_VALIDITA, ID_TIPO_LINEA_INTERVENTO)
 Values
   (18, 2, 'Ri1', 'Incentivi a sostegno delle attività di ricerca industriale e sviluppo precompetitivo', TO_DATE('01/01/2009 00:00:00', 'MM/DD/YYYY HH24:MI:SS'), 3);
Insert into PBANDI_D_LINEA_DI_INTERVENTO
   (ID_LINEA_DI_INTERVENTO, ID_LINEA_DI_INTERVENTO_PADRE, DESC_BREVE_LINEA, DESC_LINEA, DT_INIZIO_VALIDITA, ID_TIPO_LINEA_INTERVENTO)
 Values
   (19, 18, 'a', 'Innovazione e P.M.I.', TO_DATE('01/01/2009 00:00:00', 'MM/DD/YYYY HH24:MI:SS'), 4);
COMMIT;

update PBANDI_D_LINEA_DI_INTERVENTO
set desc_linea = 'Ridurre l''uso intensivo delle fonti energetiche tradizionali attraverso l''incremento della produzione energetica da fonti rinnovabili e promuovere l''efficienza ed il risparmio energetico nella produzione e consumo di energia'
where ID_LINEA_DI_INTERVENTO = 7;

update PBANDI_D_LINEA_DI_INTERVENTO
set desc_linea = 'Produzione di energie rinnovabili e efficienza energetica',
    desc_breve_linea = '1-3'
where ID_LINEA_DI_INTERVENTO = 8;

update PBANDI_D_LINEA_DI_INTERVENTO
set desc_linea = 'Beni strumentali per l''energia rinnovabile e l''efficienza energetica',
    desc_breve_linea = '2',
	ID_LINEA_DI_INTERVENTO_PADRE = 7
where ID_LINEA_DI_INTERVENTO = 10;

update PBANDI_D_LINEA_DI_INTERVENTO
set desc_linea = 'Efficienza energetica',
    desc_breve_linea = '3',
	ID_LINEA_DI_INTERVENTO_PADRE = 7
where ID_LINEA_DI_INTERVENTO = 12;


delete PBANDI_D_LINEA_DI_INTERVENTO where ID_LINEA_DI_INTERVENTO = 9;
delete PBANDI_D_LINEA_DI_INTERVENTO where ID_LINEA_DI_INTERVENTO = 11;

INSERT INTO PBANDI_D_LINEA_DI_INTERVENTO (ID_LINEA_DI_INTERVENTO, ID_LINEA_DI_INTERVENTO_PADRE, DESC_BREVE_LINEA, DESC_LINEA, DT_INIZIO_VALIDITA, ID_TIPO_LINEA_INTERVENTO) VALUES (20,5 ,'III','Riqualificazione territoriale',                                                                                                                                                                                                                TO_DATE('01/01/2008','DD/MM/YYYY'),2);
INSERT INTO PBANDI_D_LINEA_DI_INTERVENTO (ID_LINEA_DI_INTERVENTO, ID_LINEA_DI_INTERVENTO_PADRE, DESC_BREVE_LINEA, DESC_LINEA, DT_INIZIO_VALIDITA, ID_TIPO_LINEA_INTERVENTO) VALUES (21,5 ,'IV', 'Assistenza tecnica',                                                                                                                                                                                                                           TO_DATE('01/01/2008','DD/MM/YYYY'),2);
INSERT INTO PBANDI_D_LINEA_DI_INTERVENTO (ID_LINEA_DI_INTERVENTO, ID_LINEA_DI_INTERVENTO_PADRE, DESC_BREVE_LINEA, DESC_LINEA, DT_INIZIO_VALIDITA, ID_TIPO_LINEA_INTERVENTO) VALUES (22,17,'1',  'Promuovere l''innovazione attraverso il rafforzamento dei processi di conoscenza tecnologica, la diffusione e la realizzazione di investimenti di natura innovativa favorendo la cooperazione tra Universita'', Centri di ricerca e imprese.', TO_DATE('01/01/2008','DD/MM/YYYY'),3);
INSERT INTO PBANDI_D_LINEA_DI_INTERVENTO (ID_LINEA_DI_INTERVENTO, ID_LINEA_DI_INTERVENTO_PADRE, DESC_BREVE_LINEA, DESC_LINEA, DT_INIZIO_VALIDITA, ID_TIPO_LINEA_INTERVENTO) VALUES (23,22,'1',  'Piattaforme operative',                                                                                                                                                                                                                        TO_DATE('01/01/2008','DD/MM/YYYY'),4);
INSERT INTO PBANDI_D_LINEA_DI_INTERVENTO (ID_LINEA_DI_INTERVENTO, ID_LINEA_DI_INTERVENTO_PADRE, DESC_BREVE_LINEA, DESC_LINEA, DT_INIZIO_VALIDITA, ID_TIPO_LINEA_INTERVENTO) VALUES (24,22,'3',  'Innovazione e P.M.I.',                                                                                                                                                                                                                         TO_DATE('01/01/2008','DD/MM/YYYY'),4);
INSERT INTO PBANDI_D_LINEA_DI_INTERVENTO (ID_LINEA_DI_INTERVENTO, ID_LINEA_DI_INTERVENTO_PADRE, DESC_BREVE_LINEA, DESC_LINEA, DT_INIZIO_VALIDITA, ID_TIPO_LINEA_INTERVENTO) VALUES (25,22,'2',  'Poli di innovazione',                                                                                                                                                                                                                          TO_DATE('01/01/2008','DD/MM/YYYY'),4);
INSERT INTO PBANDI_D_LINEA_DI_INTERVENTO (ID_LINEA_DI_INTERVENTO, ID_LINEA_DI_INTERVENTO_PADRE, DESC_BREVE_LINEA, DESC_LINEA, DT_INIZIO_VALIDITA, ID_TIPO_LINEA_INTERVENTO) VALUES (26,17,'2',  'Promuovere processi di innovazione finalizzati all''introduzione di tecnologie pulite nell''ambito del sistema produttivo delle PMI e delle istituzioni',                                                                                      TO_DATE('01/01/2008','DD/MM/YYYY'),3);
INSERT INTO PBANDI_D_LINEA_DI_INTERVENTO (ID_LINEA_DI_INTERVENTO, ID_LINEA_DI_INTERVENTO_PADRE, DESC_BREVE_LINEA, DESC_LINEA, DT_INIZIO_VALIDITA, ID_TIPO_LINEA_INTERVENTO) VALUES (27,26,'1',  'Ecoinnovazione',                                                                                                                                                                                                                               TO_DATE('01/01/2008','DD/MM/YYYY'),4);
INSERT INTO PBANDI_D_LINEA_DI_INTERVENTO (ID_LINEA_DI_INTERVENTO, ID_LINEA_DI_INTERVENTO_PADRE, DESC_BREVE_LINEA, DESC_LINEA, DT_INIZIO_VALIDITA, ID_TIPO_LINEA_INTERVENTO) VALUES (28,26,'2',  'Adozione di tecnologie ambientali',                                                                                                                                                                                                            TO_DATE('01/01/2008','DD/MM/YYYY'),4);
INSERT INTO PBANDI_D_LINEA_DI_INTERVENTO (ID_LINEA_DI_INTERVENTO, ID_LINEA_DI_INTERVENTO_PADRE, DESC_BREVE_LINEA, DESC_LINEA, DT_INIZIO_VALIDITA, ID_TIPO_LINEA_INTERVENTO) VALUES (29,17,'3',  'Sostenere e rafforzare l''offerta di servizi informatici e il loro migliore utilizzo da parte delle PMI finalizzato all''efficienza nei metodi di produzione e di organizzazione delle funzioni aziendali',                                    TO_DATE('01/01/2008','DD/MM/YYYY'),3);
INSERT INTO PBANDI_D_LINEA_DI_INTERVENTO (ID_LINEA_DI_INTERVENTO, ID_LINEA_DI_INTERVENTO_PADRE, DESC_BREVE_LINEA, DESC_LINEA, DT_INIZIO_VALIDITA, ID_TIPO_LINEA_INTERVENTO) VALUES (30,29,'1',  'Servizi informatici innovativi',                                                                                                                                                                                                               TO_DATE('01/01/2008','DD/MM/YYYY'),4);
INSERT INTO PBANDI_D_LINEA_DI_INTERVENTO (ID_LINEA_DI_INTERVENTO, ID_LINEA_DI_INTERVENTO_PADRE, DESC_BREVE_LINEA, DESC_LINEA, DT_INIZIO_VALIDITA, ID_TIPO_LINEA_INTERVENTO) VALUES (31,29,'2',  'Adozione TIC',                                                                                                                                                                                                                                 TO_DATE('01/01/2008','DD/MM/YYYY'),4);
INSERT INTO PBANDI_D_LINEA_DI_INTERVENTO (ID_LINEA_DI_INTERVENTO, ID_LINEA_DI_INTERVENTO_PADRE, DESC_BREVE_LINEA, DESC_LINEA, DT_INIZIO_VALIDITA, ID_TIPO_LINEA_INTERVENTO) VALUES (32,20,'1',  'Promuovere e rafforzare le sinergie potenziali tra tutela, valorizzazione dell''ambiente e dei beni naturali e crescita del sistema produttivo',                                                                                               TO_DATE('01/01/2008','DD/MM/YYYY'),3);
INSERT INTO PBANDI_D_LINEA_DI_INTERVENTO (ID_LINEA_DI_INTERVENTO, ID_LINEA_DI_INTERVENTO_PADRE, DESC_BREVE_LINEA, DESC_LINEA, DT_INIZIO_VALIDITA, ID_TIPO_LINEA_INTERVENTO) VALUES (33,32,'1',  'Tutela dei beni ambientali e culturali',                                                                                                                                                                                                       TO_DATE('01/01/2008','DD/MM/YYYY'),4);
INSERT INTO PBANDI_D_LINEA_DI_INTERVENTO (ID_LINEA_DI_INTERVENTO, ID_LINEA_DI_INTERVENTO_PADRE, DESC_BREVE_LINEA, DESC_LINEA, DT_INIZIO_VALIDITA, ID_TIPO_LINEA_INTERVENTO) VALUES (34,32,'2',  'Imprenditorialita'' e valorizzazione culturale',                                                                                                                                                                                               TO_DATE('01/01/2008','DD/MM/YYYY'),4);
INSERT INTO PBANDI_D_LINEA_DI_INTERVENTO (ID_LINEA_DI_INTERVENTO, ID_LINEA_DI_INTERVENTO_PADRE, DESC_BREVE_LINEA, DESC_LINEA, DT_INIZIO_VALIDITA, ID_TIPO_LINEA_INTERVENTO) VALUES (35,20,'2',  'Promuovere la riqualificazione urbana in un''ottica di sviluppo sostenibile e realizzare piu'' elevata competitivita'' territoriale',                                                                                                          TO_DATE('01/01/2008','DD/MM/YYYY'),3); 
INSERT INTO PBANDI_D_LINEA_DI_INTERVENTO (ID_LINEA_DI_INTERVENTO, ID_LINEA_DI_INTERVENTO_PADRE, DESC_BREVE_LINEA, DESC_LINEA, DT_INIZIO_VALIDITA, ID_TIPO_LINEA_INTERVENTO) VALUES (36,35,'1',  'Riqualificazione delle aree dismesse',                                                                                                                                                                                                         TO_DATE('01/01/2008','DD/MM/YYYY'),4);
INSERT INTO PBANDI_D_LINEA_DI_INTERVENTO (ID_LINEA_DI_INTERVENTO, ID_LINEA_DI_INTERVENTO_PADRE, DESC_BREVE_LINEA, DESC_LINEA, DT_INIZIO_VALIDITA, ID_TIPO_LINEA_INTERVENTO) VALUES (37,35,'2',  'Riqualificazione aree degradate',                                                                                                                                                                                                              TO_DATE('01/01/2008','DD/MM/YYYY'),4);
INSERT INTO PBANDI_D_LINEA_DI_INTERVENTO (ID_LINEA_DI_INTERVENTO, ID_LINEA_DI_INTERVENTO_PADRE, DESC_BREVE_LINEA, DESC_LINEA, DT_INIZIO_VALIDITA, ID_TIPO_LINEA_INTERVENTO) VALUES (38,21,'1',  'Facilitare i processi di attuazione del Programma operativo e ampliare la base di conoscenze per la gestione e la valutazione delle attivita'' del Programma',                                                                                 TO_DATE('01/01/2008','DD/MM/YYYY'),3);
INSERT INTO PBANDI_D_LINEA_DI_INTERVENTO (ID_LINEA_DI_INTERVENTO, ID_LINEA_DI_INTERVENTO_PADRE, DESC_BREVE_LINEA, DESC_LINEA, DT_INIZIO_VALIDITA, ID_TIPO_LINEA_INTERVENTO) VALUES (39,38,'1',  'Assistenza',                                                                                                                                                                                                                                   TO_DATE('01/01/2008','DD/MM/YYYY'),4);
INSERT INTO PBANDI_D_LINEA_DI_INTERVENTO (ID_LINEA_DI_INTERVENTO, ID_LINEA_DI_INTERVENTO_PADRE, DESC_BREVE_LINEA, DESC_LINEA, DT_INIZIO_VALIDITA, ID_TIPO_LINEA_INTERVENTO) VALUES (40,38,'2',  'Valutazione',                                                                                                                                                                                                                                  TO_DATE('01/01/2008','DD/MM/YYYY'),4);
INSERT INTO PBANDI_D_LINEA_DI_INTERVENTO (ID_LINEA_DI_INTERVENTO, ID_LINEA_DI_INTERVENTO_PADRE, DESC_BREVE_LINEA, DESC_LINEA, DT_INIZIO_VALIDITA, ID_TIPO_LINEA_INTERVENTO) VALUES (41,38,'3',  'Monitoraggio',                                                                                                                                                                                                                                 TO_DATE('01/01/2008','DD/MM/YYYY'),4);
INSERT INTO PBANDI_D_LINEA_DI_INTERVENTO (ID_LINEA_DI_INTERVENTO, ID_LINEA_DI_INTERVENTO_PADRE, DESC_BREVE_LINEA, DESC_LINEA, DT_INIZIO_VALIDITA, ID_TIPO_LINEA_INTERVENTO) VALUES (42,38,'4',  'Comunicazione',                                                                                                                                                                                                                                TO_DATE('01/01/2008','DD/MM/YYYY'),4);
INSERT INTO PBANDI_D_LINEA_DI_INTERVENTO (ID_LINEA_DI_INTERVENTO, ID_LINEA_DI_INTERVENTO_PADRE, DESC_BREVE_LINEA, DESC_LINEA, DT_INIZIO_VALIDITA, ID_TIPO_LINEA_INTERVENTO) VALUES (43,38,'5',  'Controlli e processi di Audit',                                                                                                                                                                                                                TO_DATE('01/01/2008','DD/MM/YYYY'),4);
INSERT INTO PBANDI_D_LINEA_DI_INTERVENTO (ID_LINEA_DI_INTERVENTO, ID_LINEA_DI_INTERVENTO_PADRE, DESC_BREVE_LINEA, DESC_LINEA, DT_INIZIO_VALIDITA, ID_TIPO_LINEA_INTERVENTO) VALUES (44,38,'6',  'Studi e ricerche',                                                                                                                                                                                                                             TO_DATE('01/01/2008','DD/MM/YYYY'),4);
INSERT INTO PBANDI_D_LINEA_DI_INTERVENTO (ID_LINEA_DI_INTERVENTO, ID_LINEA_DI_INTERVENTO_PADRE, DESC_BREVE_LINEA, DESC_LINEA, DT_INIZIO_VALIDITA, ID_TIPO_LINEA_INTERVENTO) VALUES (45,17,'4',  'Sostenere e migliorare la capacita'' di accesso al credito delle PMI, per favorire l''innovazione, la transizione produttiva e la crescita sostenibile del sistema produttivo piemontese',													   													TO_DATE('01/01/2008','DD/MM/YYYY'),3);


SET DEFINE OFF;
Insert into PBANDI_R_BANDO_LINEA_INTERVENT
   (ID_LINEA_DI_INTERVENTO, ID_BANDO, PROGR_BANDO_LINEA_INTERVENTO, ID_UTENTE_INS, ID_AREA_SCIENTIFICA, NOME_BANDO_LINEA)
 Values
   (19, 6, SEQ_PBANDI_R_BANDO_LINEA_INTER.NEXTVAL, 1, 15, 'POR. FESR 07-13 - SISTEMI AVANZATI DI PRODUZIONE');
COMMIT;

SET DEFINE OFF;
Insert into PBANDI_R_BANDO_LINEA_INTERVENT
   (ID_LINEA_DI_INTERVENTO, ID_BANDO, PROGR_BANDO_LINEA_INTERVENTO, ID_UTENTE_INS, NOME_BANDO_LINEA)
 Values
   (25, 7, SEQ_PBANDI_R_BANDO_LINEA_INTER.NEXTVAL, 1, 'POR. FESR 07-13 - GESTORI DEI POLI D''INNOVAZIONE');
COMMIT;

INSERT INTO PBANDI_D_RUOLO_ENTE_COMPETENZA (
   ID_RUOLO_ENTE_COMPETENZA, DESC_BREVE_RUOLO_ENTE, DESC_RUOLO_ENTE, 
   DT_INIZIO_VALIDITA) 
VALUES ( 2, 'PROGRAMMATORE','Programmatore del progetto' , TO_DATE('01/01/2009', 'MM/DD/YYYY'));

INSERT INTO PBANDI_D_RUOLO_ENTE_COMPETENZA (
   ID_RUOLO_ENTE_COMPETENZA, DESC_BREVE_RUOLO_ENTE, DESC_RUOLO_ENTE, 
   DT_INIZIO_VALIDITA) 
VALUES ( 3, 'ATTUATORE','Attuatore del progetto' , TO_DATE('01/01/2009', 'MM/DD/YYYY'));

INSERT INTO PBANDI_D_RUOLO_ENTE_COMPETENZA (
   ID_RUOLO_ENTE_COMPETENZA, DESC_BREVE_RUOLO_ENTE, DESC_RUOLO_ENTE, 
   DT_INIZIO_VALIDITA) 
VALUES ( 4, 'DEST. FINANZIAMENTO','Destinatario del finanziamento del progetto' , TO_DATE('01/01/2009', 'MM/DD/YYYY'));

INSERT INTO PBANDI_D_RUOLO_ENTE_COMPETENZA (
   ID_RUOLO_ENTE_COMPETENZA, DESC_BREVE_RUOLO_ENTE, DESC_RUOLO_ENTE, 
   DT_INIZIO_VALIDITA) 
VALUES ( 5, 'REALIZZATORE','Realizzatore del progetto' , TO_DATE('01/01/2009', 'MM/DD/YYYY'));

Insert into PBANDI_D_RUOLO_ENTE_COMPETENZA
   (ID_RUOLO_ENTE_COMPETENZA, DESC_BREVE_RUOLO_ENTE, DESC_RUOLO_ENTE, DT_INIZIO_VALIDITA)
 Values
   (6, 'RESPONSABILE', 'Responsabile procedura attivazione', TO_DATE('01/01/2009 00:00:00', 'MM/DD/YYYY HH24:MI:SS'));
COMMIT;




SET DEFINE OFF;
Insert into PBANDI_R_BANDO_LINEA_ENTE_COMP
   (ID_RUOLO_ENTE_COMPETENZA, ID_UTENTE_INS, ID_ENTE_COMPETENZA, PROGR_BANDO_LINEA_INTERVENTO, PROGR_BANDO_LINEA_ENTE_COMP)
 Values
   (1, 1, 2, 8, SEQ_PBANDI_R_BANDO_LIN_ENTE_CO.nextval);
COMMIT;

insert into pbandi_r_bando_linea_ente_comp
(ID_RUOLO_ENTE_COMPETENZA, ID_UTENTE_INS, ID_ENTE_COMPETENZA, PROGR_BANDO_LINEA_INTERVENTO, 
 PROGR_BANDO_LINEA_ENTE_COMP)
(select 2, ID_UTENTE_INS, ID_ENTE_COMPETENZA, PROGR_BANDO_LINEA_INTERVENTO,SEQ_PBANDI_R_BANDO_LIN_ENTE_CO.nextval
 from pbandi_r_bando_linea_ente_comp
 where ID_RUOLO_ENTE_COMPETENZA = 1);

commit;

SET DEFINE OFF;
Insert into PBANDI_R_BANDO_LINEA_ENTE_COMP
   (ID_RUOLO_ENTE_COMPETENZA, ID_UTENTE_INS, ID_ENTE_COMPETENZA, PROGR_BANDO_LINEA_INTERVENTO, PROGR_BANDO_LINEA_ENTE_COMP)
 Values
   (1, 1, 1, 9, SEQ_PBANDI_R_BANDO_LIN_ENTE_CO.nextval);
Insert into PBANDI_R_BANDO_LINEA_ENTE_COMP
   (ID_RUOLO_ENTE_COMPETENZA, ID_UTENTE_INS, ID_ENTE_COMPETENZA, PROGR_BANDO_LINEA_INTERVENTO, PROGR_BANDO_LINEA_ENTE_COMP)
 Values
   (2, 1, 1, 9, SEQ_PBANDI_R_BANDO_LIN_ENTE_CO.nextval);
Insert into PBANDI_R_BANDO_LINEA_ENTE_COMP
   (ID_RUOLO_ENTE_COMPETENZA, ID_UTENTE_INS, ID_ENTE_COMPETENZA, PROGR_BANDO_LINEA_INTERVENTO, PROGR_BANDO_LINEA_ENTE_COMP)
 Values
   (6, 1, 1, 9, SEQ_PBANDI_R_BANDO_LIN_ENTE_CO.nextval);
COMMIT;


SET DEFINE OFF;
Insert into PBANDI_R_BANDO_LINEA_ENTE_COMP
   (ID_RUOLO_ENTE_COMPETENZA, ID_UTENTE_INS, ID_ENTE_COMPETENZA, PROGR_BANDO_LINEA_INTERVENTO, PROGR_BANDO_LINEA_ENTE_COMP)
 Values
   (1, 1, 1, 9, SEQ_PBANDI_R_BANDO_LIN_ENTE_CO.nextval);
Insert into PBANDI_R_BANDO_LINEA_ENTE_COMP
   (ID_RUOLO_ENTE_COMPETENZA, ID_UTENTE_INS, ID_ENTE_COMPETENZA, PROGR_BANDO_LINEA_INTERVENTO, PROGR_BANDO_LINEA_ENTE_COMP)
 Values
   (2, 1, 1, 9, SEQ_PBANDI_R_BANDO_LIN_ENTE_CO.nextval);
Insert into PBANDI_R_BANDO_LINEA_ENTE_COMP
   (ID_RUOLO_ENTE_COMPETENZA, ID_UTENTE_INS, ID_ENTE_COMPETENZA, PROGR_BANDO_LINEA_INTERVENTO, PROGR_BANDO_LINEA_ENTE_COMP)
 Values
   (6, 1, 1, 9, SEQ_PBANDI_R_BANDO_LIN_ENTE_CO.nextval);
Insert into PBANDI_R_BANDO_LINEA_ENTE_COMP
   (ID_RUOLO_ENTE_COMPETENZA, ID_UTENTE_INS, ID_ENTE_COMPETENZA, PROGR_BANDO_LINEA_INTERVENTO, PROGR_BANDO_LINEA_ENTE_COMP)
 Values
   (6, 1, 1, 1, SEQ_PBANDI_R_BANDO_LIN_ENTE_CO.nextval);
Insert into PBANDI_R_BANDO_LINEA_ENTE_COMP
   (ID_RUOLO_ENTE_COMPETENZA, ID_UTENTE_INS, ID_ENTE_COMPETENZA, PROGR_BANDO_LINEA_INTERVENTO, PROGR_BANDO_LINEA_ENTE_COMP)
 Values
   (6, 1, 1, 2, SEQ_PBANDI_R_BANDO_LIN_ENTE_CO.nextval);
Insert into PBANDI_R_BANDO_LINEA_ENTE_COMP
   (ID_RUOLO_ENTE_COMPETENZA, ID_UTENTE_INS, ID_ENTE_COMPETENZA, PROGR_BANDO_LINEA_INTERVENTO, PROGR_BANDO_LINEA_ENTE_COMP)
 Values
   (6, 1, 1, 3, SEQ_PBANDI_R_BANDO_LIN_ENTE_CO.nextval);
Insert into PBANDI_R_BANDO_LINEA_ENTE_COMP
   (ID_RUOLO_ENTE_COMPETENZA, ID_UTENTE_INS, ID_ENTE_COMPETENZA, PROGR_BANDO_LINEA_INTERVENTO, PROGR_BANDO_LINEA_ENTE_COMP)
 Values
   (6, 1, 1, 4, SEQ_PBANDI_R_BANDO_LIN_ENTE_CO.nextval);
Insert into PBANDI_R_BANDO_LINEA_ENTE_COMP
   (ID_RUOLO_ENTE_COMPETENZA, ID_UTENTE_INS, ID_ENTE_COMPETENZA, PROGR_BANDO_LINEA_INTERVENTO, PROGR_BANDO_LINEA_ENTE_COMP)
 Values
   (6, 1, 1, 5, SEQ_PBANDI_R_BANDO_LIN_ENTE_CO.nextval);
Insert into PBANDI_R_BANDO_LINEA_ENTE_COMP
   (ID_RUOLO_ENTE_COMPETENZA, ID_UTENTE_INS, ID_ENTE_COMPETENZA, PROGR_BANDO_LINEA_INTERVENTO, PROGR_BANDO_LINEA_ENTE_COMP)
 Values
   (6, 1, 1, 6, SEQ_PBANDI_R_BANDO_LIN_ENTE_CO.nextval);
Insert into PBANDI_R_BANDO_LINEA_ENTE_COMP
   (ID_RUOLO_ENTE_COMPETENZA, ID_UTENTE_INS, ID_ENTE_COMPETENZA, PROGR_BANDO_LINEA_INTERVENTO, PROGR_BANDO_LINEA_ENTE_COMP)
 Values
   (6, 1, 1, 7, SEQ_PBANDI_R_BANDO_LIN_ENTE_CO.nextval);
Insert into PBANDI_R_BANDO_LINEA_ENTE_COMP
   (ID_RUOLO_ENTE_COMPETENZA, ID_UTENTE_INS, ID_ENTE_COMPETENZA, PROGR_BANDO_LINEA_INTERVENTO, PROGR_BANDO_LINEA_ENTE_COMP)
 Values
   (6, 1, 1, 8, SEQ_PBANDI_R_BANDO_LIN_ENTE_CO.nextval);
COMMIT;

SET DEFINE OFF;
Insert into PBANDI_R_BANDO_MODALITA_AGEVOL
   (ID_MODALITA_AGEVOLAZIONE, ID_BANDO, ID_UTENTE_INS)
 Values
   (1, 6, 1);
COMMIT;

SET DEFINE OFF;
Insert into PBANDI_R_BANDO_MODALITA_AGEVOL
   (ID_MODALITA_AGEVOLAZIONE, ID_BANDO, ID_UTENTE_INS)
 Values
   (1, 7, 1);
Insert into PBANDI_R_BANDO_MODALITA_AGEVOL
   (ID_MODALITA_AGEVOLAZIONE, ID_BANDO, ID_UTENTE_INS)
 Values
   (2, 7, 1);
Insert into PBANDI_R_BANDO_MODALITA_AGEVOL
   (ID_MODALITA_AGEVOLAZIONE, ID_BANDO, ID_UTENTE_INS)
 Values
   (5, 7, 1);
COMMIT;

SET DEFINE OFF;
Insert into PBANDI_D_VOCE_DI_SPESA
   (ID_VOCE_DI_SPESA, DESC_VOCE_DI_SPESA, PROGR_ORDINAMENTO, DT_INIZIO_VALIDITA, COD_TIPO_VOCE_DI_SPESA,DT_FINE_VALIDITA)
 Values
   (118, 'Costo del personale', 1, TO_DATE('01/01/2009 00:00:00', 'MM/DD/YYYY HH24:MI:SS'), 'RI1A',to_date('16/09/2009','dd/mm/yyyy'));
Insert into PBANDI_D_VOCE_DI_SPESA
   (ID_VOCE_DI_SPESA, DESC_VOCE_DI_SPESA, PROGR_ORDINAMENTO, DT_INIZIO_VALIDITA, COD_TIPO_VOCE_DI_SPESA)
 Values
   (119, 'Attrezzature e software specifico (e utilizzo di laboratori e attrezzature)', 2, TO_DATE('01/01/2009 00:00:00', 'MM/DD/YYYY HH24:MI:SS'), '14--1');
Insert into PBANDI_D_VOCE_DI_SPESA
   (ID_VOCE_DI_SPESA, DESC_VOCE_DI_SPESA, PROGR_ORDINAMENTO, DT_INIZIO_VALIDITA, COD_TIPO_VOCE_DI_SPESA)
 Values
   (120, 'Consulenze specialistiche e coll. con società o singoli', 3, TO_DATE('01/01/2009 00:00:00', 'MM/DD/YYYY HH24:MI:SS'), '12--1');
Insert into PBANDI_D_VOCE_DI_SPESA
   (ID_VOCE_DI_SPESA, DESC_VOCE_DI_SPESA, PROGR_ORDINAMENTO, DT_INIZIO_VALIDITA, COD_TIPO_VOCE_DI_SPESA)
 Values
   (121, 'Viaggi', 4, TO_DATE('01/01/2009 00:00:00', 'MM/DD/YYYY HH24:MI:SS'), '24--1');
Insert into PBANDI_D_VOCE_DI_SPESA
   (ID_VOCE_DI_SPESA, DESC_VOCE_DI_SPESA, PROGR_ORDINAMENTO, DT_INIZIO_VALIDITA, COD_TIPO_VOCE_DI_SPESA)
 Values
   (122, 'Spese generali', 5, TO_DATE('01/01/2009 00:00:00', 'MM/DD/YYYY HH24:MI:SS'), '11--1');
Insert into PBANDI_D_VOCE_DI_SPESA
   (ID_VOCE_DI_SPESA, DESC_VOCE_DI_SPESA, PROGR_ORDINAMENTO, DT_INIZIO_VALIDITA, COD_TIPO_VOCE_DI_SPESA)
 Values
   (123, 'Altre spese', 6, TO_DATE('01/01/2009 00:00:00', 'MM/DD/YYYY HH24:MI:SS'), '13--1');
Insert into PBANDI_D_VOCE_DI_SPESA
   (ID_VOCE_DI_SPESA, DESC_VOCE_DI_SPESA, PROGR_ORDINAMENTO, DT_INIZIO_VALIDITA, COD_TIPO_VOCE_DI_SPESA)
 Values
   (124, 'Costo del personale (e spese di personale aggiuntive)', 7, TO_DATE('01/01/2009 00:00:00', 'MM/DD/YYYY HH24:MI:SS'), '10--1');
Insert into PBANDI_D_VOCE_DI_SPESA
   (ID_VOCE_DI_SPESA, DESC_VOCE_DI_SPESA, PROGR_ORDINAMENTO, DT_INIZIO_VALIDITA, COD_TIPO_VOCE_DI_SPESA)
 Values
   (125, 'Contratti di coll. con Università fuori Piemonte', 8, TO_DATE('01/01/2009 00:00:00', 'MM/DD/YYYY HH24:MI:SS'), '17--1');
Insert into PBANDI_D_VOCE_DI_SPESA
   (ID_VOCE_DI_SPESA, DESC_VOCE_DI_SPESA, PROGR_ORDINAMENTO, DT_INIZIO_VALIDITA, COD_TIPO_VOCE_DI_SPESA)
 Values
   (126, 'Acquisto di licenze e/o brevetti', 9, TO_DATE('01/01/2009 00:00:00', 'MM/DD/YYYY HH24:MI:SS'), '18--1');
Insert into PBANDI_D_VOCE_DI_SPESA
   (ID_VOCE_DI_SPESA, DESC_VOCE_DI_SPESA, PROGR_ORDINAMENTO, DT_INIZIO_VALIDITA, COD_TIPO_VOCE_DI_SPESA,DT_FINE_VALIDITA)
 Values
   (127, 'Utilizzo di laboratori e attrezzature', 10, TO_DATE('01/01/2009 00:00:00', 'MM/DD/YYYY HH24:MI:SS'), '9',to_date('16/09/2009','dd/mm/yyyy'));
COMMIT;

SET DEFINE OFF;
Insert into PBANDI_D_VOCE_DI_SPESA
   (ID_VOCE_DI_SPESA, DESC_VOCE_DI_SPESA, PROGR_ORDINAMENTO, DT_INIZIO_VALIDITA, COD_TIPO_VOCE_DI_SPESA)
 Values
   (128, 'Investimenti', 1, TO_DATE('01/01/2009 00:00:00', 'MM/DD/YYYY HH24:MI:SS'), '001IN1');
Insert into PBANDI_D_VOCE_DI_SPESA
   (ID_VOCE_DI_SPESA, DESC_VOCE_DI_SPESA, PROGR_ORDINAMENTO, DT_INIZIO_VALIDITA, COD_TIPO_VOCE_DI_SPESA)
 Values
   (129, 'Marketing', 2, TO_DATE('01/01/2009 00:00:00', 'MM/DD/YYYY HH24:MI:SS'), '001MA1');
Insert into PBANDI_D_VOCE_DI_SPESA
   (ID_VOCE_DI_SPESA, DESC_VOCE_DI_SPESA, PROGR_ORDINAMENTO, DT_INIZIO_VALIDITA, COD_TIPO_VOCE_DI_SPESA)
 Values
   (130, 'Trasferimento conoscenze', 3, TO_DATE('01/01/2009 00:00:00', 'MM/DD/YYYY HH24:MI:SS'), '001TC1');
Insert into PBANDI_D_VOCE_DI_SPESA
   (ID_VOCE_DI_SPESA, DESC_VOCE_DI_SPESA, PROGR_ORDINAMENTO, DT_INIZIO_VALIDITA, COD_TIPO_VOCE_DI_SPESA)
 Values
   (131, 'Spese generali', 4, TO_DATE('01/01/2009 00:00:00', 'MM/DD/YYYY HH24:MI:SS'), '001SG1');
Insert into PBANDI_D_VOCE_DI_SPESA
   (ID_VOCE_DI_SPESA, DESC_VOCE_DI_SPESA, PROGR_ORDINAMENTO, DT_INIZIO_VALIDITA, COD_TIPO_VOCE_DI_SPESA)
 Values
   (132, 'Gestione installazioni e impianti ad accesso aperto', 5, TO_DATE('01/01/2009 00:00:00', 'MM/DD/YYYY HH24:MI:SS'), '001GE1');
Insert into PBANDI_D_VOCE_DI_SPESA
   (ID_VOCE_DI_SPESA, ID_VOCE_DI_SPESA_PADRE, DESC_VOCE_DI_SPESA, PROGR_ORDINAMENTO, DT_INIZIO_VALIDITA, COD_TIPO_VOCE_DI_SPESA)
 Values
   (133, 128, 'Terreni', 1, TO_DATE('01/01/2009 00:00:00', 'MM/DD/YYYY HH24:MI:SS'), 'I.1.2-1');
Insert into PBANDI_D_VOCE_DI_SPESA
   (ID_VOCE_DI_SPESA, ID_VOCE_DI_SPESA_PADRE, DESC_VOCE_DI_SPESA, PROGR_ORDINAMENTO, DT_INIZIO_VALIDITA, COD_TIPO_VOCE_DI_SPESA)
 Values
   (134, 128, 'Edifici', 2, TO_DATE('01/01/2009 00:00:00', 'MM/DD/YYYY HH24:MI:SS'), 'I.1.2-2');
Insert into PBANDI_D_VOCE_DI_SPESA
   (ID_VOCE_DI_SPESA, ID_VOCE_DI_SPESA_PADRE, DESC_VOCE_DI_SPESA, PROGR_ORDINAMENTO, DT_INIZIO_VALIDITA, COD_TIPO_VOCE_DI_SPESA)
 Values
   (135, 128, 'Macchinari, attrezzature, strumentazioni e prodotti software', 3, TO_DATE('01/01/2009 00:00:00', 'MM/DD/YYYY HH24:MI:SS'), 'I.1.2-3');
Insert into PBANDI_D_VOCE_DI_SPESA
   (ID_VOCE_DI_SPESA, ID_VOCE_DI_SPESA_PADRE, DESC_VOCE_DI_SPESA, PROGR_ORDINAMENTO, DT_INIZIO_VALIDITA, COD_TIPO_VOCE_DI_SPESA)
 Values
   (136, 128, 'Personale', 4, TO_DATE('01/01/2009 00:00:00', 'MM/DD/YYYY HH24:MI:SS'), 'I.1.2-4');
Insert into PBANDI_D_VOCE_DI_SPESA
   (ID_VOCE_DI_SPESA, ID_VOCE_DI_SPESA_PADRE, DESC_VOCE_DI_SPESA, PROGR_ORDINAMENTO, DT_INIZIO_VALIDITA, COD_TIPO_VOCE_DI_SPESA)
 Values
   (137, 128, 'Consulenza', 5, TO_DATE('01/01/2009 00:00:00', 'MM/DD/YYYY HH24:MI:SS'), 'I.1.2-5');
Insert into PBANDI_D_VOCE_DI_SPESA
   (ID_VOCE_DI_SPESA, ID_VOCE_DI_SPESA_PADRE, DESC_VOCE_DI_SPESA, PROGR_ORDINAMENTO, DT_INIZIO_VALIDITA, COD_TIPO_VOCE_DI_SPESA)
 Values
   (138, 128, 'Comunicazione', 6, TO_DATE('01/01/2009 00:00:00', 'MM/DD/YYYY HH24:MI:SS'), 'I.1.2-6');
Insert into PBANDI_D_VOCE_DI_SPESA
   (ID_VOCE_DI_SPESA, ID_VOCE_DI_SPESA_PADRE, DESC_VOCE_DI_SPESA, PROGR_ORDINAMENTO, DT_INIZIO_VALIDITA, COD_TIPO_VOCE_DI_SPESA)
 Values
   (139, 128, 'Funzionalità ambientale', 7, TO_DATE('01/01/2009 00:00:00', 'MM/DD/YYYY HH24:MI:SS'), 'I.1.2-7');
Insert into PBANDI_D_VOCE_DI_SPESA
   (ID_VOCE_DI_SPESA, ID_VOCE_DI_SPESA_PADRE, DESC_VOCE_DI_SPESA, PROGR_ORDINAMENTO, DT_INIZIO_VALIDITA, COD_TIPO_VOCE_DI_SPESA)
 Values
   (140, 128, 'Funzionalità operativa', 8, TO_DATE('01/01/2009 00:00:00', 'MM/DD/YYYY HH24:MI:SS'), 'I.1.2-8');
Insert into PBANDI_D_VOCE_DI_SPESA
   (ID_VOCE_DI_SPESA, ID_VOCE_DI_SPESA_PADRE, DESC_VOCE_DI_SPESA, PROGR_ORDINAMENTO, DT_INIZIO_VALIDITA, COD_TIPO_VOCE_DI_SPESA)
 Values
   (141, 128, 'Fidejussioni', 9, TO_DATE('01/01/2009 00:00:00', 'MM/DD/YYYY HH24:MI:SS'), 'I.1.2-9');
Insert into PBANDI_D_VOCE_DI_SPESA
   (ID_VOCE_DI_SPESA, ID_VOCE_DI_SPESA_PADRE, DESC_VOCE_DI_SPESA, PROGR_ORDINAMENTO, DT_INIZIO_VALIDITA, COD_TIPO_VOCE_DI_SPESA)
 Values
   (142, 128, 'Manutenzione straordinaria', 10, TO_DATE('01/01/2009 00:00:00', 'MM/DD/YYYY HH24:MI:SS'), 'I.1.2-10');
Insert into PBANDI_D_VOCE_DI_SPESA
   (ID_VOCE_DI_SPESA, ID_VOCE_DI_SPESA_PADRE, DESC_VOCE_DI_SPESA, PROGR_ORDINAMENTO, DT_INIZIO_VALIDITA, COD_TIPO_VOCE_DI_SPESA)
 Values
   (143, 128, 'Altre spese (specificare)', 11, TO_DATE('01/01/2009 00:00:00', 'MM/DD/YYYY HH24:MI:SS'), '999');
Insert into PBANDI_D_VOCE_DI_SPESA
   (ID_VOCE_DI_SPESA, ID_VOCE_DI_SPESA_PADRE, DESC_VOCE_DI_SPESA, PROGR_ORDINAMENTO, DT_INIZIO_VALIDITA, COD_TIPO_VOCE_DI_SPESA)
 Values
   (144, 129, 'Terreni', 1, TO_DATE('01/01/2009 00:00:00', 'MM/DD/YYYY HH24:MI:SS'), 'I.1.2-1');
Insert into PBANDI_D_VOCE_DI_SPESA
   (ID_VOCE_DI_SPESA, ID_VOCE_DI_SPESA_PADRE, DESC_VOCE_DI_SPESA, PROGR_ORDINAMENTO, DT_INIZIO_VALIDITA, COD_TIPO_VOCE_DI_SPESA)
 Values
   (145, 129, 'Edifici', 2, TO_DATE('01/01/2009 00:00:00', 'MM/DD/YYYY HH24:MI:SS'), 'I.1.2-2');
Insert into PBANDI_D_VOCE_DI_SPESA
   (ID_VOCE_DI_SPESA, ID_VOCE_DI_SPESA_PADRE, DESC_VOCE_DI_SPESA, PROGR_ORDINAMENTO, DT_INIZIO_VALIDITA, COD_TIPO_VOCE_DI_SPESA)
 Values
   (146, 129, 'Macchinari, attrezzature, strumentazioni e prodotti software', 3, TO_DATE('01/01/2009 00:00:00', 'MM/DD/YYYY HH24:MI:SS'), 'I.1.2-3');
Insert into PBANDI_D_VOCE_DI_SPESA
   (ID_VOCE_DI_SPESA, ID_VOCE_DI_SPESA_PADRE, DESC_VOCE_DI_SPESA, PROGR_ORDINAMENTO, DT_INIZIO_VALIDITA, COD_TIPO_VOCE_DI_SPESA)
 Values
   (147, 129, 'Personale', 4, TO_DATE('01/01/2009 00:00:00', 'MM/DD/YYYY HH24:MI:SS'), 'I.1.2-4');
Insert into PBANDI_D_VOCE_DI_SPESA
   (ID_VOCE_DI_SPESA, ID_VOCE_DI_SPESA_PADRE, DESC_VOCE_DI_SPESA, PROGR_ORDINAMENTO, DT_INIZIO_VALIDITA, COD_TIPO_VOCE_DI_SPESA)
 Values
   (148, 129, 'Consulenza', 5, TO_DATE('01/01/2009 00:00:00', 'MM/DD/YYYY HH24:MI:SS'), 'I.1.2-5');
Insert into PBANDI_D_VOCE_DI_SPESA
   (ID_VOCE_DI_SPESA, ID_VOCE_DI_SPESA_PADRE, DESC_VOCE_DI_SPESA, PROGR_ORDINAMENTO, DT_INIZIO_VALIDITA, COD_TIPO_VOCE_DI_SPESA)
 Values
   (149, 129, 'Comunicazione', 6, TO_DATE('01/01/2009 00:00:00', 'MM/DD/YYYY HH24:MI:SS'), 'I.1.2-6');
Insert into PBANDI_D_VOCE_DI_SPESA
   (ID_VOCE_DI_SPESA, ID_VOCE_DI_SPESA_PADRE, DESC_VOCE_DI_SPESA, PROGR_ORDINAMENTO, DT_INIZIO_VALIDITA, COD_TIPO_VOCE_DI_SPESA)
 Values
   (150, 129, 'Funzionalità ambientale', 7, TO_DATE('01/01/2009 00:00:00', 'MM/DD/YYYY HH24:MI:SS'), 'I.1.2-7');
Insert into PBANDI_D_VOCE_DI_SPESA
   (ID_VOCE_DI_SPESA, ID_VOCE_DI_SPESA_PADRE, DESC_VOCE_DI_SPESA, PROGR_ORDINAMENTO, DT_INIZIO_VALIDITA, COD_TIPO_VOCE_DI_SPESA)
 Values
   (151, 129, 'Funzionalità operativa', 8, TO_DATE('01/01/2009 00:00:00', 'MM/DD/YYYY HH24:MI:SS'), 'I.1.2-8');
Insert into PBANDI_D_VOCE_DI_SPESA
   (ID_VOCE_DI_SPESA, ID_VOCE_DI_SPESA_PADRE, DESC_VOCE_DI_SPESA, PROGR_ORDINAMENTO, DT_INIZIO_VALIDITA, COD_TIPO_VOCE_DI_SPESA)
 Values
   (152, 129, 'Fidejussioni', 9, TO_DATE('01/01/2009 00:00:00', 'MM/DD/YYYY HH24:MI:SS'), 'I.1.2-9');
Insert into PBANDI_D_VOCE_DI_SPESA
   (ID_VOCE_DI_SPESA, ID_VOCE_DI_SPESA_PADRE, DESC_VOCE_DI_SPESA, PROGR_ORDINAMENTO, DT_INIZIO_VALIDITA, COD_TIPO_VOCE_DI_SPESA)
 Values
   (153, 129, 'Manutenzione straordinaria', 10, TO_DATE('01/01/2009 00:00:00', 'MM/DD/YYYY HH24:MI:SS'), 'I.1.2-10');
Insert into PBANDI_D_VOCE_DI_SPESA
   (ID_VOCE_DI_SPESA, ID_VOCE_DI_SPESA_PADRE, DESC_VOCE_DI_SPESA, PROGR_ORDINAMENTO, DT_INIZIO_VALIDITA, COD_TIPO_VOCE_DI_SPESA)
 Values
   (154, 129, 'Altre spese (specificare)', 11, TO_DATE('01/01/2009 00:00:00', 'MM/DD/YYYY HH24:MI:SS'), '999');
Insert into PBANDI_D_VOCE_DI_SPESA
   (ID_VOCE_DI_SPESA, ID_VOCE_DI_SPESA_PADRE, DESC_VOCE_DI_SPESA, PROGR_ORDINAMENTO, DT_INIZIO_VALIDITA, COD_TIPO_VOCE_DI_SPESA)
 Values
   (155, 130, 'Terreni', 1, TO_DATE('01/01/2009 00:00:00', 'MM/DD/YYYY HH24:MI:SS'), 'I.1.2-1');
Insert into PBANDI_D_VOCE_DI_SPESA
   (ID_VOCE_DI_SPESA, ID_VOCE_DI_SPESA_PADRE, DESC_VOCE_DI_SPESA, PROGR_ORDINAMENTO, DT_INIZIO_VALIDITA, COD_TIPO_VOCE_DI_SPESA)
 Values
   (156, 130, 'Edifici', 2, TO_DATE('01/01/2009 00:00:00', 'MM/DD/YYYY HH24:MI:SS'), 'I.1.2-2');
Insert into PBANDI_D_VOCE_DI_SPESA
   (ID_VOCE_DI_SPESA, ID_VOCE_DI_SPESA_PADRE, DESC_VOCE_DI_SPESA, PROGR_ORDINAMENTO, DT_INIZIO_VALIDITA, COD_TIPO_VOCE_DI_SPESA)
 Values
   (157, 130, 'Macchinari, attrezzature, strumentazioni e prodotti software', 3, TO_DATE('01/01/2009 00:00:00', 'MM/DD/YYYY HH24:MI:SS'), 'I.1.2-3');
Insert into PBANDI_D_VOCE_DI_SPESA
   (ID_VOCE_DI_SPESA, ID_VOCE_DI_SPESA_PADRE, DESC_VOCE_DI_SPESA, PROGR_ORDINAMENTO, DT_INIZIO_VALIDITA, COD_TIPO_VOCE_DI_SPESA)
 Values
   (158, 130, 'Personale', 4, TO_DATE('01/01/2009 00:00:00', 'MM/DD/YYYY HH24:MI:SS'), 'I.1.2-4');
Insert into PBANDI_D_VOCE_DI_SPESA
   (ID_VOCE_DI_SPESA, ID_VOCE_DI_SPESA_PADRE, DESC_VOCE_DI_SPESA, PROGR_ORDINAMENTO, DT_INIZIO_VALIDITA, COD_TIPO_VOCE_DI_SPESA)
 Values
   (159, 130, 'Consulenza', 5, TO_DATE('01/01/2009 00:00:00', 'MM/DD/YYYY HH24:MI:SS'), 'I.1.2-5');
Insert into PBANDI_D_VOCE_DI_SPESA
   (ID_VOCE_DI_SPESA, ID_VOCE_DI_SPESA_PADRE, DESC_VOCE_DI_SPESA, PROGR_ORDINAMENTO, DT_INIZIO_VALIDITA, COD_TIPO_VOCE_DI_SPESA)
 Values
   (160, 130, 'Comunicazione', 6, TO_DATE('01/01/2009 00:00:00', 'MM/DD/YYYY HH24:MI:SS'), 'I.1.2-6');
Insert into PBANDI_D_VOCE_DI_SPESA
   (ID_VOCE_DI_SPESA, ID_VOCE_DI_SPESA_PADRE, DESC_VOCE_DI_SPESA, PROGR_ORDINAMENTO, DT_INIZIO_VALIDITA, COD_TIPO_VOCE_DI_SPESA)
 Values
   (161, 130, 'Funzionalità ambientale', 7, TO_DATE('01/01/2009 00:00:00', 'MM/DD/YYYY HH24:MI:SS'), 'I.1.2-7');
Insert into PBANDI_D_VOCE_DI_SPESA
   (ID_VOCE_DI_SPESA, ID_VOCE_DI_SPESA_PADRE, DESC_VOCE_DI_SPESA, PROGR_ORDINAMENTO, DT_INIZIO_VALIDITA, COD_TIPO_VOCE_DI_SPESA)
 Values
   (162, 130, 'Funzionalità operativa', 8, TO_DATE('01/01/2009 00:00:00', 'MM/DD/YYYY HH24:MI:SS'), 'I.1.2-8');
Insert into PBANDI_D_VOCE_DI_SPESA
   (ID_VOCE_DI_SPESA, ID_VOCE_DI_SPESA_PADRE, DESC_VOCE_DI_SPESA, PROGR_ORDINAMENTO, DT_INIZIO_VALIDITA, COD_TIPO_VOCE_DI_SPESA)
 Values
   (163, 130, 'Fidejussioni', 9, TO_DATE('01/01/2009 00:00:00', 'MM/DD/YYYY HH24:MI:SS'), 'I.1.2-9');
Insert into PBANDI_D_VOCE_DI_SPESA
   (ID_VOCE_DI_SPESA, ID_VOCE_DI_SPESA_PADRE, DESC_VOCE_DI_SPESA, PROGR_ORDINAMENTO, DT_INIZIO_VALIDITA, COD_TIPO_VOCE_DI_SPESA)
 Values
   (164, 130, 'Manutenzione straordinaria', 10, TO_DATE('01/01/2009 00:00:00', 'MM/DD/YYYY HH24:MI:SS'), 'I.1.2-10');
Insert into PBANDI_D_VOCE_DI_SPESA
   (ID_VOCE_DI_SPESA, ID_VOCE_DI_SPESA_PADRE, DESC_VOCE_DI_SPESA, PROGR_ORDINAMENTO, DT_INIZIO_VALIDITA, COD_TIPO_VOCE_DI_SPESA)
 Values
   (165, 130, 'Altre spese (specificare)', 11, TO_DATE('01/01/2009 00:00:00', 'MM/DD/YYYY HH24:MI:SS'), '999');
Insert into PBANDI_D_VOCE_DI_SPESA
   (ID_VOCE_DI_SPESA, ID_VOCE_DI_SPESA_PADRE, DESC_VOCE_DI_SPESA, PROGR_ORDINAMENTO, DT_INIZIO_VALIDITA, COD_TIPO_VOCE_DI_SPESA)
 Values
   (166, 131, 'Terreni', 1, TO_DATE('01/01/2009 00:00:00', 'MM/DD/YYYY HH24:MI:SS'), 'I.1.2-1');
Insert into PBANDI_D_VOCE_DI_SPESA
   (ID_VOCE_DI_SPESA, ID_VOCE_DI_SPESA_PADRE, DESC_VOCE_DI_SPESA, PROGR_ORDINAMENTO, DT_INIZIO_VALIDITA, COD_TIPO_VOCE_DI_SPESA)
 Values
   (167, 131, 'Edifici', 2, TO_DATE('01/01/2009 00:00:00', 'MM/DD/YYYY HH24:MI:SS'), 'I.1.2-2');
Insert into PBANDI_D_VOCE_DI_SPESA
   (ID_VOCE_DI_SPESA, ID_VOCE_DI_SPESA_PADRE, DESC_VOCE_DI_SPESA, PROGR_ORDINAMENTO, DT_INIZIO_VALIDITA, COD_TIPO_VOCE_DI_SPESA)
 Values
   (168, 131, 'Macchinari, attrezzature, strumentazioni e prodotti software', 3, TO_DATE('01/01/2009 00:00:00', 'MM/DD/YYYY HH24:MI:SS'), 'I.1.2-3');
Insert into PBANDI_D_VOCE_DI_SPESA
   (ID_VOCE_DI_SPESA, ID_VOCE_DI_SPESA_PADRE, DESC_VOCE_DI_SPESA, PROGR_ORDINAMENTO, DT_INIZIO_VALIDITA, COD_TIPO_VOCE_DI_SPESA)
 Values
   (169, 131, 'Personale', 4, TO_DATE('01/01/2009 00:00:00', 'MM/DD/YYYY HH24:MI:SS'), 'I.1.2-4');
Insert into PBANDI_D_VOCE_DI_SPESA
   (ID_VOCE_DI_SPESA, ID_VOCE_DI_SPESA_PADRE, DESC_VOCE_DI_SPESA, PROGR_ORDINAMENTO, DT_INIZIO_VALIDITA, COD_TIPO_VOCE_DI_SPESA)
 Values
   (170, 131, 'Consulenza', 5, TO_DATE('01/01/2009 00:00:00', 'MM/DD/YYYY HH24:MI:SS'), 'I.1.2-5');
Insert into PBANDI_D_VOCE_DI_SPESA
   (ID_VOCE_DI_SPESA, ID_VOCE_DI_SPESA_PADRE, DESC_VOCE_DI_SPESA, PROGR_ORDINAMENTO, DT_INIZIO_VALIDITA, COD_TIPO_VOCE_DI_SPESA)
 Values
   (171, 131, 'Comunicazione', 6, TO_DATE('01/01/2009 00:00:00', 'MM/DD/YYYY HH24:MI:SS'), 'I.1.2-6');
Insert into PBANDI_D_VOCE_DI_SPESA
   (ID_VOCE_DI_SPESA, ID_VOCE_DI_SPESA_PADRE, DESC_VOCE_DI_SPESA, PROGR_ORDINAMENTO, DT_INIZIO_VALIDITA, COD_TIPO_VOCE_DI_SPESA)
 Values
   (172, 131, 'Funzionalità ambientale', 7, TO_DATE('01/01/2009 00:00:00', 'MM/DD/YYYY HH24:MI:SS'), 'I.1.2-7');
Insert into PBANDI_D_VOCE_DI_SPESA
   (ID_VOCE_DI_SPESA, ID_VOCE_DI_SPESA_PADRE, DESC_VOCE_DI_SPESA, PROGR_ORDINAMENTO, DT_INIZIO_VALIDITA, COD_TIPO_VOCE_DI_SPESA)
 Values
   (173, 131, 'Funzionalità operativa', 8, TO_DATE('01/01/2009 00:00:00', 'MM/DD/YYYY HH24:MI:SS'), 'I.1.2-8');
Insert into PBANDI_D_VOCE_DI_SPESA
   (ID_VOCE_DI_SPESA, ID_VOCE_DI_SPESA_PADRE, DESC_VOCE_DI_SPESA, PROGR_ORDINAMENTO, DT_INIZIO_VALIDITA, COD_TIPO_VOCE_DI_SPESA)
 Values
   (174, 131, 'Fidejussioni', 9, TO_DATE('01/01/2009 00:00:00', 'MM/DD/YYYY HH24:MI:SS'), 'I.1.2-9');
Insert into PBANDI_D_VOCE_DI_SPESA
   (ID_VOCE_DI_SPESA, ID_VOCE_DI_SPESA_PADRE, DESC_VOCE_DI_SPESA, PROGR_ORDINAMENTO, DT_INIZIO_VALIDITA, COD_TIPO_VOCE_DI_SPESA)
 Values
   (175, 131, 'Manutenzione straordinaria', 10, TO_DATE('01/01/2009 00:00:00', 'MM/DD/YYYY HH24:MI:SS'), 'I.1.2-10');
Insert into PBANDI_D_VOCE_DI_SPESA
   (ID_VOCE_DI_SPESA, ID_VOCE_DI_SPESA_PADRE, DESC_VOCE_DI_SPESA, PROGR_ORDINAMENTO, DT_INIZIO_VALIDITA, COD_TIPO_VOCE_DI_SPESA)
 Values
   (176, 131, 'Altre spese (specificare)', 11, TO_DATE('01/01/2009 00:00:00', 'MM/DD/YYYY HH24:MI:SS'), '999');
Insert into PBANDI_D_VOCE_DI_SPESA
   (ID_VOCE_DI_SPESA, ID_VOCE_DI_SPESA_PADRE, DESC_VOCE_DI_SPESA, PROGR_ORDINAMENTO, DT_INIZIO_VALIDITA, COD_TIPO_VOCE_DI_SPESA)
 Values
   (177, 132, 'Terreni', 1, TO_DATE('01/01/2009 00:00:00', 'MM/DD/YYYY HH24:MI:SS'), 'I.1.2-1');
Insert into PBANDI_D_VOCE_DI_SPESA
   (ID_VOCE_DI_SPESA, ID_VOCE_DI_SPESA_PADRE, DESC_VOCE_DI_SPESA, PROGR_ORDINAMENTO, DT_INIZIO_VALIDITA, COD_TIPO_VOCE_DI_SPESA)
 Values
   (178, 132, 'Edifici', 2, TO_DATE('01/01/2009 00:00:00', 'MM/DD/YYYY HH24:MI:SS'), 'I.1.2-2');
Insert into PBANDI_D_VOCE_DI_SPESA
   (ID_VOCE_DI_SPESA, ID_VOCE_DI_SPESA_PADRE, DESC_VOCE_DI_SPESA, PROGR_ORDINAMENTO, DT_INIZIO_VALIDITA, COD_TIPO_VOCE_DI_SPESA)
 Values
   (179, 132, 'Macchinari, attrezzature, strumentazioni e prodotti software', 3, TO_DATE('01/01/2009 00:00:00', 'MM/DD/YYYY HH24:MI:SS'), 'I.1.2-3');
Insert into PBANDI_D_VOCE_DI_SPESA
   (ID_VOCE_DI_SPESA, ID_VOCE_DI_SPESA_PADRE, DESC_VOCE_DI_SPESA, PROGR_ORDINAMENTO, DT_INIZIO_VALIDITA, COD_TIPO_VOCE_DI_SPESA)
 Values
   (180, 132, 'Personale', 4, TO_DATE('01/01/2009 00:00:00', 'MM/DD/YYYY HH24:MI:SS'), 'I.1.2-4');
Insert into PBANDI_D_VOCE_DI_SPESA
   (ID_VOCE_DI_SPESA, ID_VOCE_DI_SPESA_PADRE, DESC_VOCE_DI_SPESA, PROGR_ORDINAMENTO, DT_INIZIO_VALIDITA, COD_TIPO_VOCE_DI_SPESA)
 Values
   (181, 132, 'Consulenza', 5, TO_DATE('01/01/2009 00:00:00', 'MM/DD/YYYY HH24:MI:SS'), 'I.1.2-5');
Insert into PBANDI_D_VOCE_DI_SPESA
   (ID_VOCE_DI_SPESA, ID_VOCE_DI_SPESA_PADRE, DESC_VOCE_DI_SPESA, PROGR_ORDINAMENTO, DT_INIZIO_VALIDITA, COD_TIPO_VOCE_DI_SPESA)
 Values
   (182, 132, 'Comunicazione', 6, TO_DATE('01/01/2009 00:00:00', 'MM/DD/YYYY HH24:MI:SS'), 'I.1.2-6');
Insert into PBANDI_D_VOCE_DI_SPESA
   (ID_VOCE_DI_SPESA, ID_VOCE_DI_SPESA_PADRE, DESC_VOCE_DI_SPESA, PROGR_ORDINAMENTO, DT_INIZIO_VALIDITA, COD_TIPO_VOCE_DI_SPESA)
 Values
   (183, 132, 'Funzionalità ambientale', 7, TO_DATE('01/01/2009 00:00:00', 'MM/DD/YYYY HH24:MI:SS'), 'I.1.2-7');
Insert into PBANDI_D_VOCE_DI_SPESA
   (ID_VOCE_DI_SPESA, ID_VOCE_DI_SPESA_PADRE, DESC_VOCE_DI_SPESA, PROGR_ORDINAMENTO, DT_INIZIO_VALIDITA, COD_TIPO_VOCE_DI_SPESA)
 Values
   (184, 132, 'Funzionalità operativa', 8, TO_DATE('01/01/2009 00:00:00', 'MM/DD/YYYY HH24:MI:SS'), 'I.1.2-8');
Insert into PBANDI_D_VOCE_DI_SPESA
   (ID_VOCE_DI_SPESA, ID_VOCE_DI_SPESA_PADRE, DESC_VOCE_DI_SPESA, PROGR_ORDINAMENTO, DT_INIZIO_VALIDITA, COD_TIPO_VOCE_DI_SPESA)
 Values
   (185, 132, 'Fidejussioni', 9, TO_DATE('01/01/2009 00:00:00', 'MM/DD/YYYY HH24:MI:SS'), 'I.1.2-9');
Insert into PBANDI_D_VOCE_DI_SPESA
   (ID_VOCE_DI_SPESA, ID_VOCE_DI_SPESA_PADRE, DESC_VOCE_DI_SPESA, PROGR_ORDINAMENTO, DT_INIZIO_VALIDITA, COD_TIPO_VOCE_DI_SPESA)
 Values
   (186, 132, 'Manutenzione straordinaria', 10, TO_DATE('01/01/2009 00:00:00', 'MM/DD/YYYY HH24:MI:SS'), 'I.1.2-10');
Insert into PBANDI_D_VOCE_DI_SPESA
   (ID_VOCE_DI_SPESA, ID_VOCE_DI_SPESA_PADRE, DESC_VOCE_DI_SPESA, PROGR_ORDINAMENTO, DT_INIZIO_VALIDITA, COD_TIPO_VOCE_DI_SPESA)
 Values
   (187, 132, 'Altre spese (specificare)', 11, TO_DATE('01/01/2009 00:00:00', 'MM/DD/YYYY HH24:MI:SS'), '999');
COMMIT;

SET DEFINE OFF;

Insert into PBANDI_R_BANDO_VOCE_SPESA
   (ID_BANDO, ID_VOCE_DI_SPESA, ID_UTENTE_INS)
 Values
   (6, 119, 1);
Insert into PBANDI_R_BANDO_VOCE_SPESA
   (ID_BANDO, ID_VOCE_DI_SPESA, ID_UTENTE_INS)
 Values
   (6, 120, 1);
Insert into PBANDI_R_BANDO_VOCE_SPESA
   (ID_BANDO, ID_VOCE_DI_SPESA, ID_UTENTE_INS)
 Values
   (6, 121, 1);
Insert into PBANDI_R_BANDO_VOCE_SPESA
   (ID_BANDO, ID_VOCE_DI_SPESA, ID_UTENTE_INS)
 Values
   (6, 122, 1);
Insert into PBANDI_R_BANDO_VOCE_SPESA
   (ID_BANDO, ID_VOCE_DI_SPESA, ID_UTENTE_INS)
 Values
   (6, 123, 1);
Insert into PBANDI_R_BANDO_VOCE_SPESA
   (ID_BANDO, ID_VOCE_DI_SPESA, ID_UTENTE_INS)
 Values
   (6, 124, 1);
Insert into PBANDI_R_BANDO_VOCE_SPESA
   (ID_BANDO, ID_VOCE_DI_SPESA, ID_UTENTE_INS)
 Values
   (6, 125, 1);
Insert into PBANDI_R_BANDO_VOCE_SPESA
   (ID_BANDO, ID_VOCE_DI_SPESA, ID_UTENTE_INS)
 Values
   (6, 126, 1);

insert into PBANDI_R_BANDO_VOCE_SPESA
(ID_BANDO, ID_VOCE_DI_SPESA, ID_UTENTE_INS)
(select 7,ID_VOCE_DI_SPESA, 1
 from PBANDI_D_VOCE_DI_SPESA
 where ID_VOCE_DI_SPESA >= 128);
 
COMMIT;

-- DOPO AGGIORNAMENTO RUOLO PROCESSO
SET DEFINE OFF;
Insert into PBANDI_C_DEFINIZIONE_PROCESSO
   (ID_DEFINIZIONE_PROCESSO, UUID_PROCESSO)
 Values
   (seq_pbandi_c_definiz_processo.nextval, 'LR34-04 - ASSE I MIS. RI3 LINEA A - INNOVAZIONI-1.1-LR34-04_-_ASSE_I_MIS._RI3_LINEA_A_-_INNOVAZIONI-1.1');
Insert into PBANDI_C_DEFINIZIONE_PROCESSO
   (ID_DEFINIZIONE_PROCESSO, UUID_PROCESSO)
 Values
   (seq_pbandi_c_definiz_processo.nextval, 'LR34-04 - ASSE I MIS. RI3 LINEA B - TUTELA AMBIENTALE-1.1-LR34-04_-_ASSE_I_MIS._RI3_LINEA_B_-_TUTELA_AMBIENTALE-1.1');
Insert into PBANDI_C_DEFINIZIONE_PROCESSO
   (ID_DEFINIZIONE_PROCESSO, UUID_PROCESSO)
 Values
   (seq_pbandi_c_definiz_processo.nextval, 'LR34-04 - ASSE I MIS. RI3 LINEA C - TECNOLOGIE-1.1-LR34-04_-_ASSE_I_MIS._RI3_LINEA_C_-_TECNOLOGIE-1.1');
Insert into PBANDI_C_DEFINIZIONE_PROCESSO
   (ID_DEFINIZIONE_PROCESSO, UUID_PROCESSO)
 Values
   (seq_pbandi_c_definiz_processo.nextval, 'POR. FESR 07-13 - ASSE II MIS. 1 ENERGIA - PRODUZIONE DI ENERGIE RINNOVABILI-1.1-POR._FESR_07-13_-_ASSE_II_MIS._1_ENERGIA_-_PRODUZIONE_DI_ENERGIE_RINNOVABILI-1.1');
Insert into PBANDI_C_DEFINIZIONE_PROCESSO
   (ID_DEFINIZIONE_PROCESSO, UUID_PROCESSO)
 Values
   (seq_pbandi_c_definiz_processo.nextval, 'POR. FESR 07-13 - ASSE II MIS. 2 ENERGIA - SOSTENIBILITA-1.1-POR._FESR_07-13_-_ASSE_II_MIS._2_ENERGIA_-_SOSTENIBILITA-1.1');
Insert into PBANDI_C_DEFINIZIONE_PROCESSO
   (ID_DEFINIZIONE_PROCESSO, UUID_PROCESSO)
 Values
   (seq_pbandi_c_definiz_processo.nextval, 'POR. FESR 07-13 - ASSE II MIS. 3 ENERGIA - DISCARICHE-1.1-POR._FESR_07-13_-_ASSE_II_MIS._3_ENERGIA_-_DISCARICHE-1.1');
Insert into PBANDI_C_DEFINIZIONE_PROCESSO
   (ID_DEFINIZIONE_PROCESSO, UUID_PROCESSO)
 Values
   (seq_pbandi_c_definiz_processo.nextval, 'RI7-PROGETTI SPECIALI SU TEMATICHE DI INTERESSE REGIONALE O SOVRA REGIONALE-AEREOSPAZIO-1.1-RI7-PROGETTI_SPECIALI_SU_TEMATICHE_DI_INTERESSE_REGIONALE_O_SOVRA_REGIONALE-AEREOSPAZIO-1.1');
COMMIT;

SET DEFINE OFF;
delete PBANDI_C_RUOLO_PROCESSO;   

Insert into PBANDI_C_RUOLO_PROCESSO
   (ID_RUOLO_PROCESSO, CODICE_RUOLO, DEFINIZIONE_PROCESSO, ID_TIPO_ANAGRAFICA, ID_DEFINIZIONE_PROCESSO)
 Values
   (5039, 'Beneficiario', 'LR34-04 - ASSE I MIS. RI3 LINEA A - INNOVAZIONI-1.1-LR34-04_-_ASSE_I_MIS._RI3_LINEA_A_-_INNOVAZIONI-1.1', 4, 1);
Insert into PBANDI_C_RUOLO_PROCESSO
   (ID_RUOLO_PROCESSO, CODICE_RUOLO, DEFINIZIONE_PROCESSO, ID_TIPO_ANAGRAFICA, ID_TIPO_BENEFICIARIO, ID_DEFINIZIONE_PROCESSO)
 Values
   (5023, 'Beneficiario', 'LR34-04 - ASSE I MIS. RI3 LINEA B - TUTELA AMBIENTALE-1.1-LR34-04_-_ASSE_I_MIS._RI3_LINEA_B_-_TUTELA_AMBIENTALE-1.1', 1, 1, 2);
Insert into PBANDI_C_RUOLO_PROCESSO
   (ID_RUOLO_PROCESSO, CODICE_RUOLO, DEFINIZIONE_PROCESSO, ID_TIPO_ANAGRAFICA, ID_TIPO_BENEFICIARIO, ID_DEFINIZIONE_PROCESSO)
 Values
   (5020, 'Beneficiario', 'LR34-04 - ASSE I MIS. RI3 LINEA B - TUTELA AMBIENTALE-1.1-LR34-04_-_ASSE_I_MIS._RI3_LINEA_B_-_TUTELA_AMBIENTALE-1.1', 1, 2, 2);
Insert into PBANDI_C_RUOLO_PROCESSO
   (ID_RUOLO_PROCESSO, CODICE_RUOLO, DEFINIZIONE_PROCESSO, ID_TIPO_ANAGRAFICA, ID_TIPO_BENEFICIARIO, ID_DEFINIZIONE_PROCESSO)
 Values
   (5017, 'Beneficiario', 'LR34-04 - ASSE I MIS. RI3 LINEA B - TUTELA AMBIENTALE-1.1-LR34-04_-_ASSE_I_MIS._RI3_LINEA_B_-_TUTELA_AMBIENTALE-1.1', 1, 7, 2);
Insert into PBANDI_C_RUOLO_PROCESSO
   (ID_RUOLO_PROCESSO, CODICE_RUOLO, DEFINIZIONE_PROCESSO, ID_TIPO_ANAGRAFICA, ID_DEFINIZIONE_PROCESSO)
 Values
   (5040, 'Beneficiario', 'LR34-04 - ASSE I MIS. RI3 LINEA B - TUTELA AMBIENTALE-1.1-LR34-04_-_ASSE_I_MIS._RI3_LINEA_B_-_TUTELA_AMBIENTALE-1.1', 4, 2);
Insert into PBANDI_C_RUOLO_PROCESSO
   (ID_RUOLO_PROCESSO, CODICE_RUOLO, DEFINIZIONE_PROCESSO, ID_TIPO_ANAGRAFICA, ID_TIPO_BENEFICIARIO, ID_DEFINIZIONE_PROCESSO)
 Values
   (5018, 'Beneficiario', 'LR34-04 - ASSE I MIS. RI3 LINEA C - TECNOLOGIE-1.1-LR34-04_-_ASSE_I_MIS._RI3_LINEA_C_-_TECNOLOGIE-1.1', 1, 1, 3);
Insert into PBANDI_C_RUOLO_PROCESSO
   (ID_RUOLO_PROCESSO, CODICE_RUOLO, DEFINIZIONE_PROCESSO, ID_TIPO_ANAGRAFICA, ID_TIPO_BENEFICIARIO, ID_DEFINIZIONE_PROCESSO)
 Values
   (5024, 'Beneficiario', 'LR34-04 - ASSE I MIS. RI3 LINEA C - TECNOLOGIE-1.1-LR34-04_-_ASSE_I_MIS._RI3_LINEA_C_-_TECNOLOGIE-1.1', 1, 2, 3);
Insert into PBANDI_C_RUOLO_PROCESSO
   (ID_RUOLO_PROCESSO, CODICE_RUOLO, DEFINIZIONE_PROCESSO, ID_TIPO_ANAGRAFICA, ID_TIPO_BENEFICIARIO, ID_DEFINIZIONE_PROCESSO)
 Values
   (5021, 'Beneficiario', 'LR34-04 - ASSE I MIS. RI3 LINEA C - TECNOLOGIE-1.1-LR34-04_-_ASSE_I_MIS._RI3_LINEA_C_-_TECNOLOGIE-1.1', 1, 7, 3);
Insert into PBANDI_C_RUOLO_PROCESSO
   (ID_RUOLO_PROCESSO, CODICE_RUOLO, DEFINIZIONE_PROCESSO, ID_TIPO_ANAGRAFICA, ID_DEFINIZIONE_PROCESSO)
 Values
   (5041, 'Beneficiario', 'LR34-04 - ASSE I MIS. RI3 LINEA C - TECNOLOGIE-1.1-LR34-04_-_ASSE_I_MIS._RI3_LINEA_C_-_TECNOLOGIE-1.1', 4, 3);
Insert into PBANDI_C_RUOLO_PROCESSO
   (ID_RUOLO_PROCESSO, CODICE_RUOLO, DEFINIZIONE_PROCESSO, ID_TIPO_ANAGRAFICA, ID_TIPO_BENEFICIARIO, ID_DEFINIZIONE_PROCESSO)
 Values
   (5007, 'Beneficiario', 'POR. FESR 07-13 - ASSE II MIS. 1 ENERGIA - PRODUZIONE DI ENERGIE RINNOVABILI-1.1-POR._FESR_07-13_-_ASSE_II_MIS._1_ENERGIA_-_PRODUZIONE_DI_ENERGIE_RINNOVABILI-1.1', 1, 1, 4);
Insert into PBANDI_C_RUOLO_PROCESSO
   (ID_RUOLO_PROCESSO, CODICE_RUOLO, DEFINIZIONE_PROCESSO, ID_TIPO_ANAGRAFICA, ID_TIPO_BENEFICIARIO, ID_DEFINIZIONE_PROCESSO)
 Values
   (5008, 'Beneficiario', 'POR. FESR 07-13 - ASSE II MIS. 1 ENERGIA - PRODUZIONE DI ENERGIE RINNOVABILI-1.1-POR._FESR_07-13_-_ASSE_II_MIS._1_ENERGIA_-_PRODUZIONE_DI_ENERGIE_RINNOVABILI-1.1', 1, 2, 4);
Insert into PBANDI_C_RUOLO_PROCESSO
   (ID_RUOLO_PROCESSO, CODICE_RUOLO, DEFINIZIONE_PROCESSO, ID_TIPO_ANAGRAFICA, ID_TIPO_BENEFICIARIO, ID_DEFINIZIONE_PROCESSO)
 Values
   (5009, 'Beneficiario', 'POR. FESR 07-13 - ASSE II MIS. 1 ENERGIA - PRODUZIONE DI ENERGIE RINNOVABILI-1.1-POR._FESR_07-13_-_ASSE_II_MIS._1_ENERGIA_-_PRODUZIONE_DI_ENERGIE_RINNOVABILI-1.1', 1, 7, 4);
Insert into PBANDI_C_RUOLO_PROCESSO
   (ID_RUOLO_PROCESSO, CODICE_RUOLO, DEFINIZIONE_PROCESSO, ID_TIPO_ANAGRAFICA, ID_DEFINIZIONE_PROCESSO)
 Values
   (5042, 'Beneficiario', 'POR. FESR 07-13 - ASSE II MIS. 1 ENERGIA - PRODUZIONE DI ENERGIE RINNOVABILI-1.1-POR._FESR_07-13_-_ASSE_II_MIS._1_ENERGIA_-_PRODUZIONE_DI_ENERGIE_RINNOVABILI-1.1', 4, 4);
Insert into PBANDI_C_RUOLO_PROCESSO
   (ID_RUOLO_PROCESSO, CODICE_RUOLO, DEFINIZIONE_PROCESSO, ID_TIPO_ANAGRAFICA, ID_TIPO_BENEFICIARIO, ID_DEFINIZIONE_PROCESSO)
 Values
   (5010, 'Beneficiario', 'POR. FESR 07-13 - ASSE II MIS. 2 ENERGIA - SOSTENIBILITA-1.1-POR._FESR_07-13_-_ASSE_II_MIS._2_ENERGIA_-_SOSTENIBILITA-1.1', 1, 1, 5);
Insert into PBANDI_C_RUOLO_PROCESSO
   (ID_RUOLO_PROCESSO, CODICE_RUOLO, DEFINIZIONE_PROCESSO, ID_TIPO_ANAGRAFICA, ID_TIPO_BENEFICIARIO, ID_DEFINIZIONE_PROCESSO)
 Values
   (5011, 'Beneficiario', 'POR. FESR 07-13 - ASSE II MIS. 2 ENERGIA - SOSTENIBILITA-1.1-POR._FESR_07-13_-_ASSE_II_MIS._2_ENERGIA_-_SOSTENIBILITA-1.1', 1, 2, 5);
Insert into PBANDI_C_RUOLO_PROCESSO
   (ID_RUOLO_PROCESSO, CODICE_RUOLO, DEFINIZIONE_PROCESSO, ID_TIPO_ANAGRAFICA, ID_TIPO_BENEFICIARIO, ID_DEFINIZIONE_PROCESSO)
 Values
   (5012, 'Beneficiario', 'POR. FESR 07-13 - ASSE II MIS. 2 ENERGIA - SOSTENIBILITA-1.1-POR._FESR_07-13_-_ASSE_II_MIS._2_ENERGIA_-_SOSTENIBILITA-1.1', 1, 7, 5);
Insert into PBANDI_C_RUOLO_PROCESSO
   (ID_RUOLO_PROCESSO, CODICE_RUOLO, DEFINIZIONE_PROCESSO, ID_TIPO_ANAGRAFICA, ID_DEFINIZIONE_PROCESSO)
 Values
   (5043, 'Beneficiario', 'POR. FESR 07-13 - ASSE II MIS. 2 ENERGIA - SOSTENIBILITA-1.1-POR._FESR_07-13_-_ASSE_II_MIS._2_ENERGIA_-_SOSTENIBILITA-1.1', 4, 5);
Insert into PBANDI_C_RUOLO_PROCESSO
   (ID_RUOLO_PROCESSO, CODICE_RUOLO, DEFINIZIONE_PROCESSO, ID_TIPO_ANAGRAFICA, ID_TIPO_BENEFICIARIO, ID_DEFINIZIONE_PROCESSO)
 Values
   (5013, 'Beneficiario', 'POR. FESR 07-13 - ASSE II MIS. 3 ENERGIA - DISCARICHE-1.1-POR._FESR_07-13_-_ASSE_II_MIS._3_ENERGIA_-_DISCARICHE-1.1', 1, 1, 6);
Insert into PBANDI_C_RUOLO_PROCESSO
   (ID_RUOLO_PROCESSO, CODICE_RUOLO, DEFINIZIONE_PROCESSO, ID_TIPO_ANAGRAFICA, ID_TIPO_BENEFICIARIO, ID_DEFINIZIONE_PROCESSO)
 Values
   (5014, 'Beneficiario', 'POR. FESR 07-13 - ASSE II MIS. 3 ENERGIA - DISCARICHE-1.1-POR._FESR_07-13_-_ASSE_II_MIS._3_ENERGIA_-_DISCARICHE-1.1', 1, 2, 6);
Insert into PBANDI_C_RUOLO_PROCESSO
   (ID_RUOLO_PROCESSO, CODICE_RUOLO, DEFINIZIONE_PROCESSO, ID_TIPO_ANAGRAFICA, ID_TIPO_BENEFICIARIO, ID_DEFINIZIONE_PROCESSO)
 Values
   (5015, 'Beneficiario', 'POR. FESR 07-13 - ASSE II MIS. 3 ENERGIA - DISCARICHE-1.1-POR._FESR_07-13_-_ASSE_II_MIS._3_ENERGIA_-_DISCARICHE-1.1', 1, 7, 6);
Insert into PBANDI_C_RUOLO_PROCESSO
   (ID_RUOLO_PROCESSO, CODICE_RUOLO, DEFINIZIONE_PROCESSO, ID_TIPO_ANAGRAFICA, ID_DEFINIZIONE_PROCESSO)
 Values
   (5044, 'Beneficiario', 'POR. FESR 07-13 - ASSE II MIS. 3 ENERGIA - DISCARICHE-1.1-POR._FESR_07-13_-_ASSE_II_MIS._3_ENERGIA_-_DISCARICHE-1.1', 4, 6);
Insert into PBANDI_C_RUOLO_PROCESSO
   (ID_RUOLO_PROCESSO, CODICE_RUOLO, DEFINIZIONE_PROCESSO, ID_TIPO_ANAGRAFICA, ID_TIPO_BENEFICIARIO, ID_DEFINIZIONE_PROCESSO)
 Values
   (5002, 'Beneficiario', 'RI7-PROGETTI SPECIALI SU TEMATICHE DI INTERESSE REGIONALE O SOVRA REGIONALE-AEREOSPAZIO-1.1-RI7-PROGETTI_SPECIALI_SU_TEMATICHE_DI_INTERESSE_REGIONALE_O_SOVRA_REGIONALE-AEREOSPAZIO-1.1', 1, 1, 7);
Insert into PBANDI_C_RUOLO_PROCESSO
   (ID_RUOLO_PROCESSO, CODICE_RUOLO, DEFINIZIONE_PROCESSO, ID_TIPO_ANAGRAFICA, ID_TIPO_BENEFICIARIO, ID_DEFINIZIONE_PROCESSO)
 Values
   (5001, 'Beneficiario', 'RI7-PROGETTI SPECIALI SU TEMATICHE DI INTERESSE REGIONALE O SOVRA REGIONALE-AEREOSPAZIO-1.1-RI7-PROGETTI_SPECIALI_SU_TEMATICHE_DI_INTERESSE_REGIONALE_O_SOVRA_REGIONALE-AEREOSPAZIO-1.1', 1, 2, 7);
Insert into PBANDI_C_RUOLO_PROCESSO
   (ID_RUOLO_PROCESSO, CODICE_RUOLO, DEFINIZIONE_PROCESSO, ID_TIPO_ANAGRAFICA, ID_TIPO_BENEFICIARIO, ID_DEFINIZIONE_PROCESSO)
 Values
   (5003, 'Beneficiario', 'RI7-PROGETTI SPECIALI SU TEMATICHE DI INTERESSE REGIONALE O SOVRA REGIONALE-AEREOSPAZIO-1.1-RI7-PROGETTI_SPECIALI_SU_TEMATICHE_DI_INTERESSE_REGIONALE_O_SOVRA_REGIONALE-AEREOSPAZIO-1.1', 1, 7, 7);
Insert into PBANDI_C_RUOLO_PROCESSO
   (ID_RUOLO_PROCESSO, CODICE_RUOLO, DEFINIZIONE_PROCESSO, ID_TIPO_ANAGRAFICA, ID_DEFINIZIONE_PROCESSO)
 Values
   (5045, 'Beneficiario', 'RI7-PROGETTI SPECIALI SU TEMATICHE DI INTERESSE REGIONALE O SOVRA REGIONALE-AEREOSPAZIO-1.1-RI7-PROGETTI_SPECIALI_SU_TEMATICHE_DI_INTERESSE_REGIONALE_O_SOVRA_REGIONALE-AEREOSPAZIO-1.1', 4, 7);
Insert into PBANDI_C_RUOLO_PROCESSO
   (ID_RUOLO_PROCESSO, CODICE_RUOLO, DEFINIZIONE_PROCESSO, ID_TIPO_ANAGRAFICA, ID_DEFINIZIONE_PROCESSO)
 Values
   (5032, 'Istruttore', 'LR34-04 - ASSE I MIS. RI3 LINEA A - INNOVAZIONI-1.1-LR34-04_-_ASSE_I_MIS._RI3_LINEA_A_-_INNOVAZIONI-1.1', 4, 1);
Insert into PBANDI_C_RUOLO_PROCESSO
   (ID_RUOLO_PROCESSO, CODICE_RUOLO, DEFINIZIONE_PROCESSO, ID_TIPO_ANAGRAFICA, ID_DEFINIZIONE_PROCESSO)
 Values
   (5025, 'Istruttore', 'LR34-04 - ASSE I MIS. RI3 LINEA A - INNOVAZIONI-1.1-LR34-04_-_ASSE_I_MIS._RI3_LINEA_A_-_INNOVAZIONI-1.1', 5, 1);
Insert into PBANDI_C_RUOLO_PROCESSO
   (ID_RUOLO_PROCESSO, CODICE_RUOLO, DEFINIZIONE_PROCESSO, ID_TIPO_ANAGRAFICA, ID_DEFINIZIONE_PROCESSO)
 Values
   (5033, 'Istruttore', 'LR34-04 - ASSE I MIS. RI3 LINEA B - TUTELA AMBIENTALE-1.1-LR34-04_-_ASSE_I_MIS._RI3_LINEA_B_-_TUTELA_AMBIENTALE-1.1', 4, 2);
Insert into PBANDI_C_RUOLO_PROCESSO
   (ID_RUOLO_PROCESSO, CODICE_RUOLO, DEFINIZIONE_PROCESSO, ID_TIPO_ANAGRAFICA, ID_DEFINIZIONE_PROCESSO)
 Values
   (5026, 'Istruttore', 'LR34-04 - ASSE I MIS. RI3 LINEA B - TUTELA AMBIENTALE-1.1-LR34-04_-_ASSE_I_MIS._RI3_LINEA_B_-_TUTELA_AMBIENTALE-1.1', 5, 2);
Insert into PBANDI_C_RUOLO_PROCESSO
   (ID_RUOLO_PROCESSO, CODICE_RUOLO, DEFINIZIONE_PROCESSO, ID_TIPO_ANAGRAFICA, ID_DEFINIZIONE_PROCESSO)
 Values
   (5034, 'Istruttore', 'LR34-04 - ASSE I MIS. RI3 LINEA C - TECNOLOGIE-1.1-LR34-04_-_ASSE_I_MIS._RI3_LINEA_C_-_TECNOLOGIE-1.1', 4, 3);
Insert into PBANDI_C_RUOLO_PROCESSO
   (ID_RUOLO_PROCESSO, CODICE_RUOLO, DEFINIZIONE_PROCESSO, ID_TIPO_ANAGRAFICA, ID_DEFINIZIONE_PROCESSO)
 Values
   (5027, 'Istruttore', 'LR34-04 - ASSE I MIS. RI3 LINEA C - TECNOLOGIE-1.1-LR34-04_-_ASSE_I_MIS._RI3_LINEA_C_-_TECNOLOGIE-1.1', 5, 3);
Insert into PBANDI_C_RUOLO_PROCESSO
   (ID_RUOLO_PROCESSO, CODICE_RUOLO, DEFINIZIONE_PROCESSO, ID_TIPO_ANAGRAFICA, ID_DEFINIZIONE_PROCESSO)
 Values
   (5035, 'Istruttore', 'POR. FESR 07-13 - ASSE II MIS. 1 ENERGIA - PRODUZIONE DI ENERGIE RINNOVABILI-1.1-POR._FESR_07-13_-_ASSE_II_MIS._1_ENERGIA_-_PRODUZIONE_DI_ENERGIE_RINNOVABILI-1.1', 4, 4);
Insert into PBANDI_C_RUOLO_PROCESSO
   (ID_RUOLO_PROCESSO, CODICE_RUOLO, DEFINIZIONE_PROCESSO, ID_TIPO_ANAGRAFICA, ID_DEFINIZIONE_PROCESSO)
 Values
   (5028, 'Istruttore', 'POR. FESR 07-13 - ASSE II MIS. 1 ENERGIA - PRODUZIONE DI ENERGIE RINNOVABILI-1.1-POR._FESR_07-13_-_ASSE_II_MIS._1_ENERGIA_-_PRODUZIONE_DI_ENERGIE_RINNOVABILI-1.1', 5, 4);
Insert into PBANDI_C_RUOLO_PROCESSO
   (ID_RUOLO_PROCESSO, CODICE_RUOLO, DEFINIZIONE_PROCESSO, ID_TIPO_ANAGRAFICA, ID_DEFINIZIONE_PROCESSO)
 Values
   (5036, 'Istruttore', 'POR. FESR 07-13 - ASSE II MIS. 2 ENERGIA - SOSTENIBILITA-1.1-POR._FESR_07-13_-_ASSE_II_MIS._2_ENERGIA_-_SOSTENIBILITA-1.1', 4, 5);
Insert into PBANDI_C_RUOLO_PROCESSO
   (ID_RUOLO_PROCESSO, CODICE_RUOLO, DEFINIZIONE_PROCESSO, ID_TIPO_ANAGRAFICA, ID_DEFINIZIONE_PROCESSO)
 Values
   (5029, 'Istruttore', 'POR. FESR 07-13 - ASSE II MIS. 2 ENERGIA - SOSTENIBILITA-1.1-POR._FESR_07-13_-_ASSE_II_MIS._2_ENERGIA_-_SOSTENIBILITA-1.1', 5, 5);
Insert into PBANDI_C_RUOLO_PROCESSO
   (ID_RUOLO_PROCESSO, CODICE_RUOLO, DEFINIZIONE_PROCESSO, ID_TIPO_ANAGRAFICA, ID_DEFINIZIONE_PROCESSO)
 Values
   (5037, 'Istruttore', 'POR. FESR 07-13 - ASSE II MIS. 3 ENERGIA - DISCARICHE-1.1-POR._FESR_07-13_-_ASSE_II_MIS._3_ENERGIA_-_DISCARICHE-1.1', 4, 6);
Insert into PBANDI_C_RUOLO_PROCESSO
   (ID_RUOLO_PROCESSO, CODICE_RUOLO, DEFINIZIONE_PROCESSO, ID_TIPO_ANAGRAFICA, ID_DEFINIZIONE_PROCESSO)
 Values
   (5030, 'Istruttore', 'POR. FESR 07-13 - ASSE II MIS. 3 ENERGIA - DISCARICHE-1.1-POR._FESR_07-13_-_ASSE_II_MIS._3_ENERGIA_-_DISCARICHE-1.1', 5, 6);
Insert into PBANDI_C_RUOLO_PROCESSO
   (ID_RUOLO_PROCESSO, CODICE_RUOLO, DEFINIZIONE_PROCESSO, ID_TIPO_ANAGRAFICA, ID_DEFINIZIONE_PROCESSO)
 Values
   (5038, 'Istruttore', 'RI7-PROGETTI SPECIALI SU TEMATICHE DI INTERESSE REGIONALE O SOVRA REGIONALE-AEREOSPAZIO-1.1-RI7-PROGETTI_SPECIALI_SU_TEMATICHE_DI_INTERESSE_REGIONALE_O_SOVRA_REGIONALE-AEREOSPAZIO-1.1', 4, 7);
Insert into PBANDI_C_RUOLO_PROCESSO
   (ID_RUOLO_PROCESSO, CODICE_RUOLO, DEFINIZIONE_PROCESSO, ID_TIPO_ANAGRAFICA, ID_DEFINIZIONE_PROCESSO)
 Values
   (5031, 'Istruttore', 'RI7-PROGETTI SPECIALI SU TEMATICHE DI INTERESSE REGIONALE O SOVRA REGIONALE-AEREOSPAZIO-1.1-RI7-PROGETTI_SPECIALI_SU_TEMATICHE_DI_INTERESSE_REGIONALE_O_SOVRA_REGIONALE-AEREOSPAZIO-1.1', 5, 7);
Insert into PBANDI_C_RUOLO_PROCESSO
   (ID_RUOLO_PROCESSO, CODICE_RUOLO, DEFINIZIONE_PROCESSO, ID_TIPO_ANAGRAFICA, ID_TIPO_BENEFICIARIO, ID_DEFINIZIONE_PROCESSO)
 Values
   (5022, 'Beneficiario', 'LR34-04 - ASSE I MIS. RI3 LINEA A - INNOVAZIONI-1.1-LR34-04_-_ASSE_I_MIS._RI3_LINEA_A_-_INNOVAZIONI-1.1', 1, 1, 1);
Insert into PBANDI_C_RUOLO_PROCESSO
   (ID_RUOLO_PROCESSO, CODICE_RUOLO, DEFINIZIONE_PROCESSO, ID_TIPO_ANAGRAFICA, ID_TIPO_BENEFICIARIO, ID_DEFINIZIONE_PROCESSO)
 Values
   (5019, 'Beneficiario', 'LR34-04 - ASSE I MIS. RI3 LINEA A - INNOVAZIONI-1.1-LR34-04_-_ASSE_I_MIS._RI3_LINEA_A_-_INNOVAZIONI-1.1', 1, 2, 1);
Insert into PBANDI_C_RUOLO_PROCESSO
   (ID_RUOLO_PROCESSO, CODICE_RUOLO, DEFINIZIONE_PROCESSO, ID_TIPO_ANAGRAFICA, ID_TIPO_BENEFICIARIO, ID_DEFINIZIONE_PROCESSO)
 Values
   (5016, 'Beneficiario', 'LR34-04 - ASSE I MIS. RI3 LINEA A - INNOVAZIONI-1.1-LR34-04_-_ASSE_I_MIS._RI3_LINEA_A_-_INNOVAZIONI-1.1', 1, 7, 1);

   
update PBANDI_R_BANDO_LINEA_INTERVENT set ID_DEFINIZIONE_PROCESSO = 1 where PROGR_BANDO_LINEA_INTERVENTO = 9;
update PBANDI_R_BANDO_LINEA_INTERVENT set ID_DEFINIZIONE_PROCESSO = 1 where PROGR_BANDO_LINEA_INTERVENTO = 5;
update PBANDI_R_BANDO_LINEA_INTERVENT set ID_DEFINIZIONE_PROCESSO = 2 where PROGR_BANDO_LINEA_INTERVENTO = 6;
update PBANDI_R_BANDO_LINEA_INTERVENT set ID_DEFINIZIONE_PROCESSO = 3 where PROGR_BANDO_LINEA_INTERVENTO = 7;
update PBANDI_R_BANDO_LINEA_INTERVENT set ID_DEFINIZIONE_PROCESSO = 7 where PROGR_BANDO_LINEA_INTERVENTO = 1;
update PBANDI_R_BANDO_LINEA_INTERVENT set ID_DEFINIZIONE_PROCESSO = 4 where PROGR_BANDO_LINEA_INTERVENTO = 2;
update PBANDI_R_BANDO_LINEA_INTERVENT set ID_DEFINIZIONE_PROCESSO = 5 where PROGR_BANDO_LINEA_INTERVENTO = 3;
update PBANDI_R_BANDO_LINEA_INTERVENT set ID_DEFINIZIONE_PROCESSO = 6 where PROGR_BANDO_LINEA_INTERVENTO = 4;
update PBANDI_R_BANDO_LINEA_INTERVENT set ID_DEFINIZIONE_PROCESSO = 1 where PROGR_BANDO_LINEA_INTERVENTO = 8;

COMMIT;


ALTER TABLE pbandi_c_ruolo_processo
MODIFY id_definizione_processo  NOT NULL ;

	
ALTER TABLE pbandi_r_bando_linea_intervent	
MODIFY id_definizione_processo  NOT  NULL ;

ALTER TABLE pbandi_c_ruolo_processo
DROP (definizione_processo);

SET DEFINE OFF;
Insert into PBANDI_C_RUOLO_PROCESSO
   (ID_RUOLO_PROCESSO, CODICE_RUOLO, ID_DEFINIZIONE_PROCESSO, ID_TIPO_ANAGRAFICA)
 Values
   (5101, 'Istruttore', 1, '14');
Insert into PBANDI_C_RUOLO_PROCESSO
   (ID_RUOLO_PROCESSO, CODICE_RUOLO, ID_DEFINIZIONE_PROCESSO, ID_TIPO_ANAGRAFICA)
 Values
   (5102, 'Istruttore', 2, '14');
Insert into PBANDI_C_RUOLO_PROCESSO
   (ID_RUOLO_PROCESSO, CODICE_RUOLO, ID_DEFINIZIONE_PROCESSO, ID_TIPO_ANAGRAFICA)
 Values
   (5103, 'Istruttore', 3, '14');
Insert into PBANDI_C_RUOLO_PROCESSO
   (ID_RUOLO_PROCESSO, CODICE_RUOLO, ID_DEFINIZIONE_PROCESSO, ID_TIPO_ANAGRAFICA)
 Values
   (5104, 'Istruttore', 4, '14');
Insert into PBANDI_C_RUOLO_PROCESSO
   (ID_RUOLO_PROCESSO, CODICE_RUOLO, ID_DEFINIZIONE_PROCESSO, ID_TIPO_ANAGRAFICA)
 Values
   (5105, 'Istruttore', 5, '14');
Insert into PBANDI_C_RUOLO_PROCESSO
   (ID_RUOLO_PROCESSO, CODICE_RUOLO, ID_DEFINIZIONE_PROCESSO, ID_TIPO_ANAGRAFICA)
 Values
   (5106, 'Istruttore', 6, '14');
Insert into PBANDI_C_RUOLO_PROCESSO
   (ID_RUOLO_PROCESSO, CODICE_RUOLO, ID_DEFINIZIONE_PROCESSO, ID_TIPO_ANAGRAFICA)
 Values
   (5107, 'Istruttore', 7, '14');
COMMIT;

-- configurazione Manunet 2007 - Manunet 2008
SET DEFINE OFF;
Insert into PBANDI_W_COSTANTI
   (ATTRIBUTO, VALORE, NORMA_INCENTIVAZIONE)
 Values
   ('TIPO_OPERAZIONE', '3', 'L.R.34/04 Asse 1 - Ri1');
Insert into PBANDI_W_COSTANTI
   (ATTRIBUTO, VALORE, NORMA_INCENTIVAZIONE)
 Values
   ('STATO_PROGETTO', '1', 'L.R.34/04 Asse 1 - Ri1 - 2008');
Insert into PBANDI_W_COSTANTI
   (ATTRIBUTO, VALORE, NORMA_INCENTIVAZIONE)
 Values
   ('CODICE_PROGETTO_NORMATIVA', 'POR-FESR', 'L.R.34/04 Asse 1 - Ri1 - 2008');
Insert into PBANDI_W_COSTANTI
   (ATTRIBUTO, VALORE, NORMA_INCENTIVAZIONE)
 Values
   ('STATO_DOMANDA', '1', 'L.R.34/04 Asse 1 - Ri1 - 2008');
Insert into PBANDI_W_COSTANTI
   (ATTRIBUTO, VALORE, NORMA_INCENTIVAZIONE)
 Values
   ('STATO_CONTO_ECONOMICO', '3', 'L.R.34/04 Asse 1 - Ri1 - 2008');
Insert into PBANDI_W_COSTANTI
   (ATTRIBUTO, VALORE, NORMA_INCENTIVAZIONE)
 Values
   ('STATO_PROGETTO', '1', 'L.R.34/04 Asse 1 - Ri1');
Insert into PBANDI_W_COSTANTI
   (ATTRIBUTO, VALORE, NORMA_INCENTIVAZIONE)
 Values
   ('CODICE_PROGETTO_NORMATIVA', 'POR-FESR', 'L.R.34/04 Asse 1 - Ri1');
Insert into PBANDI_W_COSTANTI
   (ATTRIBUTO, VALORE, NORMA_INCENTIVAZIONE)
 Values
   ('STATO_DOMANDA', '1', 'L.R.34/04 Asse 1 - Ri1');
Insert into PBANDI_W_COSTANTI
   (ATTRIBUTO, VALORE, NORMA_INCENTIVAZIONE)
 Values
   ('STATO_CONTO_ECONOMICO', '3', 'L.R.34/04 Asse 1 - Ri1');
Insert into PBANDI_W_COSTANTI
   (ATTRIBUTO, VALORE, NORMA_INCENTIVAZIONE)
 Values
   ('PROGR_BANDO_LINEA_INTERVENTO', '10', 'L.R.34/04 Asse 1 - Ri1');
Insert into PBANDI_W_COSTANTI
   (ATTRIBUTO, VALORE, NORMA_INCENTIVAZIONE)
 Values
   ('STATO_INVIO_DOMANDA', '3', 'L.R.34/04 Asse 1 - Ri1');
Insert into PBANDI_W_COSTANTI
   (ATTRIBUTO, VALORE, NORMA_INCENTIVAZIONE)
 Values
   ('PROGR_BANDO_LINEA_INTERVENTO', '11', 'L.R.34/04 Asse 1 - Ri1 - 2008');
Insert into PBANDI_W_COSTANTI
   (ATTRIBUTO, VALORE, NORMA_INCENTIVAZIONE)
 Values
   ('STATO_INVIO_DOMANDA', '3', 'L.R.34/04 Asse 1 - Ri1 - 2008');
Insert into PBANDI_W_COSTANTI
   (ATTRIBUTO, VALORE, NORMA_INCENTIVAZIONE)
 Values
   ('TIPO_OPERAZIONE', '3', 'L.R.34/04 Asse 1 - Ri1 - 2008');
COMMIT;

SET DEFINE OFF;
Insert into PBANDI_T_BANDO
   (ID_BANDO, TITOLO_BANDO, DT_INIZIO_PRESENTAZ_DOMANDE, DT_SCADENZA_BANDO, FLAG_ALLEGATO, FLAG_GRADUATORIA, FLAG_QUIETANZA, ID_UTENTE_INS, ID_MATERIA, ID_MODALITA_ATTIVAZIONE)
 Values
   (seq_PBANDI_T_BANDO.nextval, 'Manunet 2007', TO_DATE('09/15/2009 00:00:00', 'MM/DD/YYYY HH24:MI:SS'), TO_DATE('09/30/2009 00:00:00', 'MM/DD/YYYY HH24:MI:SS'), 'N', 'N', 'N', 1, 1, 2);
Insert into PBANDI_T_BANDO
   (ID_BANDO, TITOLO_BANDO, DT_INIZIO_PRESENTAZ_DOMANDE, DT_SCADENZA_BANDO, FLAG_ALLEGATO, FLAG_GRADUATORIA, FLAG_QUIETANZA, ID_UTENTE_INS, ID_MATERIA, ID_MODALITA_ATTIVAZIONE)
 Values
   (seq_PBANDI_T_BANDO.nextval, 'Manunet 2008', TO_DATE('09/15/2009 00:00:00', 'MM/DD/YYYY HH24:MI:SS'), TO_DATE('09/30/2009 00:00:00', 'MM/DD/YYYY HH24:MI:SS'), 'N', 'N', 'N', 1, 1, 2);
COMMIT;

SET DEFINE OFF;
Insert into PBANDI_R_BANDO_LINEA_INTERVENT
   (ID_LINEA_DI_INTERVENTO, ID_BANDO, PROGR_BANDO_LINEA_INTERVENTO, ID_UTENTE_INS, NOME_BANDO_LINEA, ID_DEFINIZIONE_PROCESSO)
 Values
   (19, 8, SEQ_PBANDI_R_BANDO_LINEA_INTER.nextval, 1, 'POR. FESR 07-13 - MANUNET 2007', 1);
Insert into PBANDI_R_BANDO_LINEA_INTERVENT
   (ID_LINEA_DI_INTERVENTO, ID_BANDO, PROGR_BANDO_LINEA_INTERVENTO, ID_UTENTE_INS, NOME_BANDO_LINEA, ID_DEFINIZIONE_PROCESSO)
 Values
   (19, 9, SEQ_PBANDI_R_BANDO_LINEA_INTER.nextval, 1, 'POR. FESR 07-13 - MANUNET 2008', 1);
COMMIT;

SET DEFINE OFF;
Insert into PBANDI_R_BANDO_LINEA_ENTE_COMP
   (ID_RUOLO_ENTE_COMPETENZA, ID_UTENTE_INS, ID_ENTE_COMPETENZA, PROGR_BANDO_LINEA_INTERVENTO, PROGR_BANDO_LINEA_ENTE_COMP)
 Values
   (1, 1, 1, 10, SEQ_PBANDI_R_BANDO_LIN_ENTE_CO.nextval);
Insert into PBANDI_R_BANDO_LINEA_ENTE_COMP
   (ID_RUOLO_ENTE_COMPETENZA, ID_UTENTE_INS, ID_ENTE_COMPETENZA, PROGR_BANDO_LINEA_INTERVENTO, PROGR_BANDO_LINEA_ENTE_COMP)
 Values
   (6, 1, 1, 10, SEQ_PBANDI_R_BANDO_LIN_ENTE_CO.nextval);
Insert into PBANDI_R_BANDO_LINEA_ENTE_COMP
   (ID_RUOLO_ENTE_COMPETENZA, ID_UTENTE_INS, ID_ENTE_COMPETENZA, PROGR_BANDO_LINEA_INTERVENTO, PROGR_BANDO_LINEA_ENTE_COMP)
 Values
   (2, 1, 1, 10, SEQ_PBANDI_R_BANDO_LIN_ENTE_CO.nextval);
Insert into PBANDI_R_BANDO_LINEA_ENTE_COMP
   (ID_RUOLO_ENTE_COMPETENZA, ID_UTENTE_INS, ID_ENTE_COMPETENZA, PROGR_BANDO_LINEA_INTERVENTO, PROGR_BANDO_LINEA_ENTE_COMP)
 Values
   (1, 1, 1, 11, SEQ_PBANDI_R_BANDO_LIN_ENTE_CO.nextval);
Insert into PBANDI_R_BANDO_LINEA_ENTE_COMP
   (ID_RUOLO_ENTE_COMPETENZA, ID_UTENTE_INS, ID_ENTE_COMPETENZA, PROGR_BANDO_LINEA_INTERVENTO, PROGR_BANDO_LINEA_ENTE_COMP)
 Values
   (6, 1, 1, 11, SEQ_PBANDI_R_BANDO_LIN_ENTE_CO.nextval);
Insert into PBANDI_R_BANDO_LINEA_ENTE_COMP
   (ID_RUOLO_ENTE_COMPETENZA, ID_UTENTE_INS, ID_ENTE_COMPETENZA, PROGR_BANDO_LINEA_INTERVENTO, PROGR_BANDO_LINEA_ENTE_COMP)
 Values
   (2, 1, 1, 11, SEQ_PBANDI_R_BANDO_LIN_ENTE_CO.nextval);
COMMIT;

SET DEFINE OFF;
Insert into PBANDI_R_BANDO_MODALITA_AGEVOL
   (ID_MODALITA_AGEVOLAZIONE, ID_BANDO, ID_UTENTE_INS)
 Values
   (1, 8, 1);
Insert into PBANDI_R_BANDO_MODALITA_AGEVOL
   (ID_MODALITA_AGEVOLAZIONE, ID_BANDO, ID_UTENTE_INS)
 Values
   (2, 8, 1);
Insert into PBANDI_R_BANDO_MODALITA_AGEVOL
   (ID_MODALITA_AGEVOLAZIONE, ID_BANDO, ID_UTENTE_INS)
 Values
   (5, 8, 1);
Insert into PBANDI_R_BANDO_MODALITA_AGEVOL
   (ID_MODALITA_AGEVOLAZIONE, ID_BANDO, ID_UTENTE_INS)
 Values
   (1, 9, 1);
Insert into PBANDI_R_BANDO_MODALITA_AGEVOL
   (ID_MODALITA_AGEVOLAZIONE, ID_BANDO, ID_UTENTE_INS)
 Values
   (2, 9, 1);
Insert into PBANDI_R_BANDO_MODALITA_AGEVOL
   (ID_MODALITA_AGEVOLAZIONE, ID_BANDO, ID_UTENTE_INS)
 Values
   (5, 9, 1);
COMMIT;

SET DEFINE OFF;
Insert into PBANDI_D_VOCE_DI_SPESA
   (ID_VOCE_DI_SPESA, DESC_VOCE_DI_SPESA, PROGR_ORDINAMENTO, DT_INIZIO_VALIDITA, COD_TIPO_VOCE_DI_SPESA)
 Values
   (188, 'Incentivi a sostegno delle attività di ricerca industriale e sviluppo precompetitivo', 1, TO_DATE('01/01/2009 00:00:00', 'MM/DD/YYYY HH24:MI:SS'), '-1');
Insert into PBANDI_D_VOCE_DI_SPESA
   (ID_VOCE_DI_SPESA, ID_VOCE_DI_SPESA_PADRE, DESC_VOCE_DI_SPESA, PROGR_ORDINAMENTO, DT_INIZIO_VALIDITA, COD_TIPO_VOCE_DI_SPESA)
 Values
   (189, 188, 'Costo totale del progetto', 1, TO_DATE('01/01/2009 00:00:00', 'MM/DD/YYYY HH24:MI:SS'), 'Ri1-1');
Insert into PBANDI_D_VOCE_DI_SPESA
   (ID_VOCE_DI_SPESA, ID_VOCE_DI_SPESA_PADRE, DESC_VOCE_DI_SPESA, PROGR_ORDINAMENTO, DT_INIZIO_VALIDITA, COD_TIPO_VOCE_DI_SPESA)
 Values
   (190, 188, 'Spese Personale', 2, TO_DATE('01/01/2009 00:00:00', 'MM/DD/YYYY HH24:MI:SS'), '10');
Insert into PBANDI_D_VOCE_DI_SPESA
   (ID_VOCE_DI_SPESA, ID_VOCE_DI_SPESA_PADRE, DESC_VOCE_DI_SPESA, PROGR_ORDINAMENTO, DT_INIZIO_VALIDITA, COD_TIPO_VOCE_DI_SPESA)
 Values
   (191, 188, 'Spese Generali', 3, TO_DATE('01/01/2009 00:00:00', 'MM/DD/YYYY HH24:MI:SS'), '11');
Insert into PBANDI_D_VOCE_DI_SPESA
   (ID_VOCE_DI_SPESA, ID_VOCE_DI_SPESA_PADRE, DESC_VOCE_DI_SPESA, PROGR_ORDINAMENTO, DT_INIZIO_VALIDITA, COD_TIPO_VOCE_DI_SPESA)
 Values
   (192, 188, 'Strumenti e Attrezzature', 4, TO_DATE('01/01/2009 00:00:00', 'MM/DD/YYYY HH24:MI:SS'), '14');
Insert into PBANDI_D_VOCE_DI_SPESA
   (ID_VOCE_DI_SPESA, ID_VOCE_DI_SPESA_PADRE, DESC_VOCE_DI_SPESA, PROGR_ORDINAMENTO, DT_INIZIO_VALIDITA, COD_TIPO_VOCE_DI_SPESA)
 Values
   (193, 188, 'Contratti di collaborazione con Atenei e organismi di ricerca', 5, TO_DATE('01/01/2009 00:00:00', 'MM/DD/YYYY HH24:MI:SS'), '21');
Insert into PBANDI_D_VOCE_DI_SPESA
   (ID_VOCE_DI_SPESA, ID_VOCE_DI_SPESA_PADRE, DESC_VOCE_DI_SPESA, PROGR_ORDINAMENTO, DT_INIZIO_VALIDITA, COD_TIPO_VOCE_DI_SPESA)
 Values
   (194, 188, 'Spese di viaggio', 6, TO_DATE('01/01/2009 00:00:00', 'MM/DD/YYYY HH24:MI:SS'), '24');
Insert into PBANDI_D_VOCE_DI_SPESA
   (ID_VOCE_DI_SPESA, ID_VOCE_DI_SPESA_PADRE, DESC_VOCE_DI_SPESA, PROGR_ORDINAMENTO, DT_INIZIO_VALIDITA, COD_TIPO_VOCE_DI_SPESA)
 Values
   (195, 188, 'Spese per consulenze', 7, TO_DATE('01/01/2009 00:00:00', 'MM/DD/YYYY HH24:MI:SS'), '996');
Insert into PBANDI_D_VOCE_DI_SPESA
   (ID_VOCE_DI_SPESA, ID_VOCE_DI_SPESA_PADRE, DESC_VOCE_DI_SPESA, PROGR_ORDINAMENTO, DT_INIZIO_VALIDITA, COD_TIPO_VOCE_DI_SPESA)
 Values
   (196, 188, 'Materiale di consumo', 8, TO_DATE('01/01/2009 00:00:00', 'MM/DD/YYYY HH24:MI:SS'), '997');
Insert into PBANDI_D_VOCE_DI_SPESA
   (ID_VOCE_DI_SPESA, ID_VOCE_DI_SPESA_PADRE, DESC_VOCE_DI_SPESA, PROGR_ORDINAMENTO, DT_INIZIO_VALIDITA, COD_TIPO_VOCE_DI_SPESA)
 Values
   (197, 188, 'Altre spese (specificare)', 9, TO_DATE('01/01/2009 00:00:00', 'MM/DD/YYYY HH24:MI:SS'), '999');
COMMIT;

insert into PBANDI_R_BANDO_VOCE_SPESA
(ID_BANDO, ID_VOCE_DI_SPESA, ID_UTENTE_INS)
(select 8,ID_VOCE_DI_SPESA, 1
 from PBANDI_D_VOCE_DI_SPESA
 where ID_VOCE_DI_SPESA between 188 and 197);

 
insert into PBANDI_R_BANDO_VOCE_SPESA
(ID_BANDO, ID_VOCE_DI_SPESA, ID_UTENTE_INS)
(select 9,ID_VOCE_DI_SPESA, 1
 from PBANDI_D_VOCE_DI_SPESA
 where ID_VOCE_DI_SPESA between 188 and 197); 
 
commit;

-- configurazione Biotecnologie
SET DEFINE OFF;
Insert into PBANDI_W_COSTANTI
   (ATTRIBUTO, VALORE, NORMA_INCENTIVAZIONE)
 Values
   ('CODICE_PROGETTO_NORMATIVA', 'POR-FESR', 'POR-FESR Asse I - I.1.1 - B');
Insert into PBANDI_W_COSTANTI
   (ATTRIBUTO, VALORE, NORMA_INCENTIVAZIONE)
 Values
   ('STATO_INVIO_DOMANDA', '3', 'POR-FESR Asse I - I.1.1 - B');
Insert into PBANDI_W_COSTANTI
   (ATTRIBUTO, VALORE, NORMA_INCENTIVAZIONE)
 Values
   ('STATO_PROGETTO', '1', 'POR-FESR Asse I - I.1.1 - B');
Insert into PBANDI_W_COSTANTI
   (ATTRIBUTO, VALORE, NORMA_INCENTIVAZIONE)
 Values
   ('STATO_CONTO_ECONOMICO', '3', 'POR-FESR Asse I - I.1.1 - B');
Insert into PBANDI_W_COSTANTI
   (ATTRIBUTO, VALORE, NORMA_INCENTIVAZIONE)
 Values
   ('PROGR_BANDO_LINEA_INTERVENTO', '12', 'POR-FESR Asse I - I.1.1 - B');
Insert into PBANDI_W_COSTANTI
   (ATTRIBUTO, VALORE, NORMA_INCENTIVAZIONE)
 Values
   ('TIPO_OPERAZIONE', '3', 'POR-FESR Asse I - I.1.1 - B');
Insert into PBANDI_W_COSTANTI
   (ATTRIBUTO, VALORE, NORMA_INCENTIVAZIONE)
 Values
   ('STATO_DOMANDA', '1', 'POR-FESR Asse I - I.1.1 - B');
COMMIT;

SET DEFINE OFF;
Insert into PBANDI_T_BANDO
   (ID_BANDO, TITOLO_BANDO, DT_INIZIO_PRESENTAZ_DOMANDE, DT_SCADENZA_BANDO, FLAG_ALLEGATO, FLAG_GRADUATORIA, FLAG_QUIETANZA, ID_UTENTE_INS, ID_MATERIA, ID_MODALITA_ATTIVAZIONE)
 Values
   (seq_PBANDI_T_BANDO.nextval, 'Biotecnologie per le scienze della vita', TO_DATE('01/01/2009 00:00:00', 'MM/DD/YYYY HH24:MI:SS'), TO_DATE('03/16/2009 00:00:00', 'MM/DD/YYYY HH24:MI:SS'), 'N', 'N', 'N', 1, 1, 2);
COMMIT;

SET DEFINE OFF;
Insert into PBANDI_D_AREA_SCIENTIFICA
   (ID_AREA_SCIENTIFICA, COD_AREA_SCIENTIFICA, DESC_AREA_SCIENTIFICA, DT_INIZIO_VALIDITA)
 Values
   (SEQ_PBANDI_D_AREA_SCIENTIFICA.nextval, '16', 'BIOTECNOLOGIE PER LA SCIENZA DELLA VITA', TO_DATE('01/01/2009 00:00:00', 'MM/DD/YYYY HH24:MI:SS'));
COMMIT;
 
SET DEFINE OFF;
Insert into PBANDI_R_BANDO_LINEA_INTERVENT
   (ID_LINEA_DI_INTERVENTO, ID_BANDO, PROGR_BANDO_LINEA_INTERVENTO, ID_UTENTE_INS, ID_AREA_SCIENTIFICA, NOME_BANDO_LINEA, ID_DEFINIZIONE_PROCESSO)
 Values
   (23, 10, SEQ_PBANDI_R_BANDO_LINEA_INTER.nextval, 1, 16, 'POR. FESR 07-13 - BIOTECNOLOGIE', 1);
COMMIT;


SET DEFINE OFF;
Insert into PBANDI_R_BANDO_LINEA_ENTE_COMP
   (ID_RUOLO_ENTE_COMPETENZA, ID_UTENTE_INS, ID_ENTE_COMPETENZA, PROGR_BANDO_LINEA_INTERVENTO, PROGR_BANDO_LINEA_ENTE_COMP)
 Values
   (1, 1, 1, 12, SEQ_PBANDI_R_BANDO_LIN_ENTE_CO.nextval);
Insert into PBANDI_R_BANDO_LINEA_ENTE_COMP
   (ID_RUOLO_ENTE_COMPETENZA, ID_UTENTE_INS, ID_ENTE_COMPETENZA, PROGR_BANDO_LINEA_INTERVENTO, PROGR_BANDO_LINEA_ENTE_COMP)
 Values
   (2, 1, 1, 12, SEQ_PBANDI_R_BANDO_LIN_ENTE_CO.nextval);
Insert into PBANDI_R_BANDO_LINEA_ENTE_COMP
   (ID_RUOLO_ENTE_COMPETENZA, ID_UTENTE_INS, ID_ENTE_COMPETENZA, PROGR_BANDO_LINEA_INTERVENTO, PROGR_BANDO_LINEA_ENTE_COMP)
 Values
   (6, 1, 1, 12, SEQ_PBANDI_R_BANDO_LIN_ENTE_CO.nextval);
COMMIT;

SET DEFINE OFF;
Insert into PBANDI_R_BANDO_MODALITA_AGEVOL
   (ID_MODALITA_AGEVOLAZIONE, ID_BANDO, ID_UTENTE_INS)
 Values
   (1, 10, 1);
Insert into PBANDI_R_BANDO_MODALITA_AGEVOL
   (ID_MODALITA_AGEVOLAZIONE, ID_BANDO, ID_UTENTE_INS)
 Values
   (2, 10, 1);
Insert into PBANDI_R_BANDO_MODALITA_AGEVOL
   (ID_MODALITA_AGEVOLAZIONE, ID_BANDO, ID_UTENTE_INS)
 Values
   (5, 10, 1);
COMMIT;

insert into PBANDI_R_BANDO_VOCE_SPESA
(ID_BANDO, ID_VOCE_DI_SPESA, ID_UTENTE_INS)
(select 10,ID_VOCE_DI_SPESA, 1
 from PBANDI_D_VOCE_DI_SPESA
 where ID_VOCE_DI_SPESA between 1 and 32);

COMMIT;

INSERT INTO PBANDI_D_TEMATICA (ID_TEMATICA, COD_TEMATICA, DESC_TEMATICA,DT_INIZIO_VALIDITA) VALUES (4,4,'Innovazione di prodotto a beneficio di patologie ad elevata necessità di nuovi farmaci e diagnostica',to_date('01/01/2009','dd/mm/yyyy'));
INSERT INTO PBANDI_D_TEMATICA (ID_TEMATICA, COD_TEMATICA, DESC_TEMATICA,DT_INIZIO_VALIDITA) VALUES (5,5,'Imaging molecolare',                                                                                  to_date('01/01/2009','dd/mm/yyyy'));
INSERT INTO PBANDI_D_TEMATICA (ID_TEMATICA, COD_TEMATICA, DESC_TEMATICA,DT_INIZIO_VALIDITA) VALUES (6,6,'Cellule staminali per la terapia e la medicina rigenerativa / Immuno-diagnostica e immuno-oncologia', to_date('01/01/2009','dd/mm/yyyy'));

commit;

declare
  nCont  PLS_INTEGER;
begin
  SELECT NVL(MAX(id_voce_di_spesa),0) + 1 
  INTO   nCont
  FROM   PBANDI_D_VOCE_DI_SPESA;
  
  execute immediate('CREATE SEQUENCE SEQ_PBANDI_D_VOCE_DI_SPESA START WITH '||nCont||' NOCACHE');
end;
/

insert into PBANDI_C_ENTITA
(ID_ENTITA, NOME_ENTITA, FLAG_DA_TRACCIARE, FLAG_INDEX) 
(select seq_PBANDI_C_ENTITA.nextval,tabs.TABLE_NAME,'S','N' 
from all_tables tabs
where tabs.OWNER = (select decode(instr(user,'_RW'),0,user,replace(user,'_RW',null)) from dual)
and tabs.TABLE_NAME like 'PBANDI_%'
and not exists (select 'x' from pbandi_c_entita where tabs.TABLE_NAME = NOME_ENTITA));

commit;

declare
  cursor curAttr is select col.COLUMN_NAME,en.id_ENTITA,col.TABLE_NAME
                    from all_tab_cols col,PBANDI_C_ENTITA en
                    where col.owner = (select decode(instr(user,'_RW'),0,user,replace(user,'_RW',null)) from dual)
                    and col.TABLE_NAME like 'PBANDI_%'
                    and col.COLUMN_NAME not like 'SYS_%'
                    and col.TABLE_NAME = en.NOME_ENTITA
                    and not exists (select 'x' from PBANDI_C_ATTRIBUTO att 
                                    where col.COLUMN_NAME = att.NOME_ATTRIBUTO
                                    and att.id_entita = en.id_ENTITA);
                                    
  nPosiz  PLS_INTEGER := NULL;                                                                          
begin
  for recAttr in curAttr loop

    BEGIN
      SELECT POSITION
      INTO   nPosiz 
      FROM   all_CONSTRAINTS A,all_CONS_COLUMNS B
      WHERE  A.CONSTRAINT_TYPE = 'P'
      AND    A.TABLE_NAME      = recAttr.TABLE_NAME
      AND    A.CONSTRAINT_NAME = B.CONSTRAINT_NAME
      AND    COLUMN_NAME       = recAttr.COLUMN_NAME;
    EXCEPTION
      WHEN NO_DATA_FOUND THEN
        nPosiz := NULL;
    END;
    
    insert into PBANDI_C_ATTRIBUTO
    (ID_ATTRIBUTO, 
     NOME_ATTRIBUTO, 
     FLAG_DA_TRACCIARE, 
     ID_ENTITA,
     KEY_POSITION_ID) 
    values
    (SEQ_PBANDI_C_ATTRIBUTO.NEXTVAL,
     recAttr.COLUMN_NAME,
     'N',
     recAttr.id_ENTITA,
     nPosiz);
  end loop;
  COMMIT;
end;
/

SET DEFINE OFF;
Insert into PBANDI_R_REGOLA_BANDO_LINEA
   (ID_REGOLA, PROGR_BANDO_LINEA_INTERVENTO)
 Values
   (3, 8);
Insert into PBANDI_R_REGOLA_BANDO_LINEA
   (ID_REGOLA, PROGR_BANDO_LINEA_INTERVENTO)
 Values
   (4, 8);
Insert into PBANDI_R_REGOLA_BANDO_LINEA
   (ID_REGOLA, PROGR_BANDO_LINEA_INTERVENTO)
 Values
   (7, 8);
Insert into PBANDI_R_REGOLA_BANDO_LINEA
   (ID_REGOLA, PROGR_BANDO_LINEA_INTERVENTO)
 Values
   (1, 9);
Insert into PBANDI_R_REGOLA_BANDO_LINEA
   (ID_REGOLA, PROGR_BANDO_LINEA_INTERVENTO)
 Values
   (2, 9);
Insert into PBANDI_R_REGOLA_BANDO_LINEA
   (ID_REGOLA, PROGR_BANDO_LINEA_INTERVENTO)
 Values
   (5, 9);
Insert into PBANDI_R_REGOLA_BANDO_LINEA
   (ID_REGOLA, PROGR_BANDO_LINEA_INTERVENTO)
 Values
   (7, 9);
Insert into PBANDI_R_REGOLA_BANDO_LINEA
   (ID_REGOLA, PROGR_BANDO_LINEA_INTERVENTO)
 Values
   (3, 10);
Insert into PBANDI_R_REGOLA_BANDO_LINEA
   (ID_REGOLA, PROGR_BANDO_LINEA_INTERVENTO)
 Values
   (4, 10);
Insert into PBANDI_R_REGOLA_BANDO_LINEA
   (ID_REGOLA, PROGR_BANDO_LINEA_INTERVENTO)
 Values
   (7, 10);
Insert into PBANDI_R_REGOLA_BANDO_LINEA
   (ID_REGOLA, PROGR_BANDO_LINEA_INTERVENTO)
 Values
   (3, 11);
Insert into PBANDI_R_REGOLA_BANDO_LINEA
   (ID_REGOLA, PROGR_BANDO_LINEA_INTERVENTO)
 Values
   (4, 11);
Insert into PBANDI_R_REGOLA_BANDO_LINEA
   (ID_REGOLA, PROGR_BANDO_LINEA_INTERVENTO)
 Values
   (7, 11);
Insert into PBANDI_R_REGOLA_BANDO_LINEA
   (ID_REGOLA, PROGR_BANDO_LINEA_INTERVENTO)
 Values
   (3, 12);
Insert into PBANDI_R_REGOLA_BANDO_LINEA
   (ID_REGOLA, PROGR_BANDO_LINEA_INTERVENTO)
 Values
   (4, 12);
Insert into PBANDI_R_REGOLA_BANDO_LINEA
   (ID_REGOLA, PROGR_BANDO_LINEA_INTERVENTO)
 Values
   (7, 12);
COMMIT;

delete PBANDI_R_BANDO_VOCE_SPESA 
where id_bando 		   = 8 
and   id_voce_di_spesa = 188;

delete PBANDI_R_BANDO_VOCE_SPESA 
where id_bando 		   = 9
and   id_voce_di_spesa = 188;

delete PBANDI_D_VOCE_DI_SPESA 
where  id_voce_di_spesa = 188;  

update PBANDI_D_VOCE_DI_SPESA 
set    id_voce_di_spesa_padre = null 
where  id_voce_di_spesa between 189 and 197;

commit;

SET DEFINE OFF;
Insert into PBANDI_C_RUOLO_PROCESSO
   (ID_RUOLO_PROCESSO, CODICE_RUOLO, ID_TIPO_ANAGRAFICA, ID_DEFINIZIONE_PROCESSO)
 Values
   (5046, 'Beneficiario', 2, 6);
Insert into PBANDI_C_RUOLO_PROCESSO
   (ID_RUOLO_PROCESSO, CODICE_RUOLO, ID_TIPO_ANAGRAFICA, ID_DEFINIZIONE_PROCESSO)
 Values
   (5047, 'Istruttore', 2, 2);
Insert into PBANDI_C_RUOLO_PROCESSO
   (ID_RUOLO_PROCESSO, CODICE_RUOLO, ID_TIPO_ANAGRAFICA, ID_DEFINIZIONE_PROCESSO)
 Values
   (5048, 'Beneficiario', 2, 2);
Insert into PBANDI_C_RUOLO_PROCESSO
   (ID_RUOLO_PROCESSO, CODICE_RUOLO, ID_TIPO_ANAGRAFICA, ID_DEFINIZIONE_PROCESSO)
 Values
   (5049, 'Beneficiario', 2, 4);
Insert into PBANDI_C_RUOLO_PROCESSO
   (ID_RUOLO_PROCESSO, CODICE_RUOLO, ID_TIPO_ANAGRAFICA, ID_DEFINIZIONE_PROCESSO)
 Values
   (5050, 'Istruttore', 2, 1);
Insert into PBANDI_C_RUOLO_PROCESSO
   (ID_RUOLO_PROCESSO, CODICE_RUOLO, ID_TIPO_ANAGRAFICA, ID_DEFINIZIONE_PROCESSO)
 Values
   (5051, 'Beneficiario', 2, 7);
Insert into PBANDI_C_RUOLO_PROCESSO
   (ID_RUOLO_PROCESSO, CODICE_RUOLO, ID_TIPO_ANAGRAFICA, ID_DEFINIZIONE_PROCESSO)
 Values
   (5052, 'Istruttore', 2, 6);
Insert into PBANDI_C_RUOLO_PROCESSO
   (ID_RUOLO_PROCESSO, CODICE_RUOLO, ID_TIPO_ANAGRAFICA, ID_DEFINIZIONE_PROCESSO)
 Values
   (5056, 'Istruttore', 2, 3);
Insert into PBANDI_C_RUOLO_PROCESSO
   (ID_RUOLO_PROCESSO, CODICE_RUOLO, ID_TIPO_ANAGRAFICA, ID_DEFINIZIONE_PROCESSO)
 Values
   (5059, 'Beneficiario', 2, 1);
Insert into PBANDI_C_RUOLO_PROCESSO
   (ID_RUOLO_PROCESSO, CODICE_RUOLO, ID_TIPO_ANAGRAFICA, ID_DEFINIZIONE_PROCESSO)
 Values
   (5053, 'Istruttore', 2, 7);
Insert into PBANDI_C_RUOLO_PROCESSO
   (ID_RUOLO_PROCESSO, CODICE_RUOLO, ID_TIPO_ANAGRAFICA, ID_DEFINIZIONE_PROCESSO)
 Values
   (5054, 'Beneficiario', 2, 5);
Insert into PBANDI_C_RUOLO_PROCESSO
   (ID_RUOLO_PROCESSO, CODICE_RUOLO, ID_TIPO_ANAGRAFICA, ID_DEFINIZIONE_PROCESSO)
 Values
   (5055, 'Beneficiario', 2, 3);
Insert into PBANDI_C_RUOLO_PROCESSO
   (ID_RUOLO_PROCESSO, CODICE_RUOLO, ID_TIPO_ANAGRAFICA, ID_DEFINIZIONE_PROCESSO)
 Values
   (5057, 'Istruttore', 2, 5);
Insert into PBANDI_C_RUOLO_PROCESSO
   (ID_RUOLO_PROCESSO, CODICE_RUOLO, ID_TIPO_ANAGRAFICA, ID_DEFINIZIONE_PROCESSO)
 Values
   (5058, 'Istruttore', 2, 4);
Insert into PBANDI_C_RUOLO_PROCESSO
   (ID_RUOLO_PROCESSO, CODICE_RUOLO, ID_TIPO_ANAGRAFICA, ID_DEFINIZIONE_PROCESSO)
 Values
   (5060, 'Istruttore', 3, 5);
Insert into PBANDI_C_RUOLO_PROCESSO
   (ID_RUOLO_PROCESSO, CODICE_RUOLO, ID_TIPO_ANAGRAFICA, ID_DEFINIZIONE_PROCESSO)
 Values
   (5061, 'Istruttore', 3, 4);
Insert into PBANDI_C_RUOLO_PROCESSO
   (ID_RUOLO_PROCESSO, CODICE_RUOLO, ID_TIPO_ANAGRAFICA, ID_DEFINIZIONE_PROCESSO)
 Values
   (5062, 'Istruttore', 3, 3);
Insert into PBANDI_C_RUOLO_PROCESSO
   (ID_RUOLO_PROCESSO, CODICE_RUOLO, ID_TIPO_ANAGRAFICA, ID_DEFINIZIONE_PROCESSO)
 Values
   (5063, 'Istruttore', 3, 1);
Insert into PBANDI_C_RUOLO_PROCESSO
   (ID_RUOLO_PROCESSO, CODICE_RUOLO, ID_TIPO_ANAGRAFICA, ID_DEFINIZIONE_PROCESSO)
 Values
   (5064, 'Istruttore', 3, 2);
Insert into PBANDI_C_RUOLO_PROCESSO
   (ID_RUOLO_PROCESSO, CODICE_RUOLO, ID_TIPO_ANAGRAFICA, ID_DEFINIZIONE_PROCESSO)
 Values
   (5065, 'Istruttore', 3, 6);
Insert into PBANDI_C_RUOLO_PROCESSO
   (ID_RUOLO_PROCESSO, CODICE_RUOLO, ID_TIPO_ANAGRAFICA, ID_DEFINIZIONE_PROCESSO)
 Values
   (5066, 'Istruttore', 3, 7);
COMMIT;


