/*******************************************************************************
* Copyright Regione Piemonte - 2024
* SPDX-License-Identifier: EUPL-1.2
******************************************************************************/

SET DEFINE OFF;
Insert into PBANDI_R_TIPO_DOC_MODALITA_PAG
   (ID_TIPO_DOCUMENTO_SPESA, ID_MODALITA_PAGAMENTO, ID_UTENTE_INS)
 Values
   (13, 5, 0);
COMMIT;

SET DEFINE OFF;
Insert into PBANDI_D_STATO_FINANZIARIO
   (ID_STATO_FINANZIARIO, DESC_BREVE_STATO_FINANZIARIO, DESC_STATO_FINANZIARIO, DT_INIZIO_VALIDITA)
 Values
   (1, 'BEM', '(BEM) Taken on the budget of the Member State', TO_DATE('01/01/2010 00:00:00', 'MM/DD/YYYY HH24:MI:SS'));
Insert into PBANDI_D_STATO_FINANZIARIO
   (ID_STATO_FINANZIARIO, DESC_BREVE_STATO_FINANZIARIO, DESC_STATO_FINANZIARIO, DT_INIZIO_VALIDITA)
 Values
   (2, 'DDD', '(DDD) doubled communication', TO_DATE('01/01/2010 00:00:00', 'MM/DD/YYYY HH24:MI:SS'));
Insert into PBANDI_D_STATO_FINANZIARIO
   (ID_STATO_FINANZIARIO, DESC_BREVE_STATO_FINANZIARIO, DESC_STATO_FINANZIARIO, DT_INIZIO_VALIDITA)
 Values
   (3, 'DMC', '(DMC) De minimis clause', TO_DATE('01/01/2010 00:00:00', 'MM/DD/YYYY HH24:MI:SS'));
Insert into PBANDI_D_STATO_FINANZIARIO
   (ID_STATO_FINANZIARIO, DESC_BREVE_STATO_FINANZIARIO, DESC_STATO_FINANZIARIO, DT_INIZIO_VALIDITA)
 Values
   (4, 'ICE', '(ICE) Charged to EC', TO_DATE('01/01/2010 00:00:00', 'MM/DD/YYYY HH24:MI:SS'));
Insert into PBANDI_D_STATO_FINANZIARIO
   (ID_STATO_FINANZIARIO, DESC_BREVE_STATO_FINANZIARIO, DESC_STATO_FINANZIARIO, DT_INIZIO_VALIDITA)
 Values
   (5, 'ICM', '(ICM) Partially charged on EC budget and partially on Member State budget', TO_DATE('01/01/2010 00:00:00', 'MM/DD/YYYY HH24:MI:SS'));
Insert into PBANDI_D_STATO_FINANZIARIO
   (ID_STATO_FINANZIARIO, DESC_BREVE_STATO_FINANZIARIO, DESC_STATO_FINANZIARIO, DT_INIZIO_VALIDITA)
 Values
   (6, 'IEM', '(IEM) Charged to MS', TO_DATE('01/01/2010 00:00:00', 'MM/DD/YYYY HH24:MI:SS'));
Insert into PBANDI_D_STATO_FINANZIARIO
   (ID_STATO_FINANZIARIO, DESC_BREVE_STATO_FINANZIARIO, DESC_STATO_FINANZIARIO, DT_INIZIO_VALIDITA)
 Values
   (7, 'IMI', '(IMI) Amount to be calculated', TO_DATE('01/01/2010 00:00:00', 'MM/DD/YYYY HH24:MI:SS'));
Insert into PBANDI_D_STATO_FINANZIARIO
   (ID_STATO_FINANZIARIO, DESC_BREVE_STATO_FINANZIARIO, DESC_STATO_FINANZIARIO, DT_INIZIO_VALIDITA)
 Values
   (8, 'IRR', '(IRR) Amount irrecoverable', TO_DATE('01/01/2010 00:00:00', 'MM/DD/YYYY HH24:MI:SS'));
Insert into PBANDI_D_STATO_FINANZIARIO
   (ID_STATO_FINANZIARIO, DESC_BREVE_STATO_FINANZIARIO, DESC_STATO_FINANZIARIO, DT_INIZIO_VALIDITA)
 Values
   (9, 'OVB', '(OVB) Overbooking', TO_DATE('01/01/2010 00:00:00', 'MM/DD/YYYY HH24:MI:SS'));
Insert into PBANDI_D_STATO_FINANZIARIO
   (ID_STATO_FINANZIARIO, DESC_BREVE_STATO_FINANZIARIO, DESC_STATO_FINANZIARIO, DT_INIZIO_VALIDITA)
 Values
   (10, 'RBA', '(RBA) Recovery to be started', TO_DATE('01/01/2010 00:00:00', 'MM/DD/YYYY HH24:MI:SS'));
Insert into PBANDI_D_STATO_FINANZIARIO
   (ID_STATO_FINANZIARIO, DESC_BREVE_STATO_FINANZIARIO, DESC_STATO_FINANZIARIO, DT_INIZIO_VALIDITA)
 Values
   (11, 'RBC', '(RBC) Recovery under way', TO_DATE('01/01/2010 00:00:00', 'MM/DD/YYYY HH24:MI:SS'));
Insert into PBANDI_D_STATO_FINANZIARIO
   (ID_STATO_FINANZIARIO, DESC_BREVE_STATO_FINANZIARIO, DESC_STATO_FINANZIARIO, DT_INIZIO_VALIDITA)
 Values
   (12, 'RBR', '(RBR) Appeal: rec. suspended', TO_DATE('01/01/2010 00:00:00', 'MM/DD/YYYY HH24:MI:SS'));
Insert into PBANDI_D_STATO_FINANZIARIO
   (ID_STATO_FINANZIARIO, DESC_BREVE_STATO_FINANZIARIO, DESC_STATO_FINANZIARIO, DT_INIZIO_VALIDITA)
 Values
   (13, 'RRC', '(RRC) Recovery after appeal', TO_DATE('01/01/2010 00:00:00', 'MM/DD/YYYY HH24:MI:SS'));
Insert into PBANDI_D_STATO_FINANZIARIO
   (ID_STATO_FINANZIARIO, DESC_BREVE_STATO_FINANZIARIO, DESC_STATO_FINANZIARIO, DT_INIZIO_VALIDITA)
 Values
   (14, 'SCF', '(SCF) No amount to be recovered', TO_DATE('01/01/2010 00:00:00', 'MM/DD/YYYY HH24:MI:SS'));
Insert into PBANDI_D_STATO_FINANZIARIO
   (ID_STATO_FINANZIARIO, DESC_BREVE_STATO_FINANZIARIO, DESC_STATO_FINANZIARIO, DT_INIZIO_VALIDITA)
 Values
   (15, 'TRE', '(TRE) Full recovery', TO_DATE('01/01/2010 00:00:00', 'MM/DD/YYYY HH24:MI:SS'));
Insert into PBANDI_D_STATO_FINANZIARIO
   (ID_STATO_FINANZIARIO, DESC_BREVE_STATO_FINANZIARIO, DESC_STATO_FINANZIARIO, DT_INIZIO_VALIDITA)
 Values
   (16, 'XXX', '(XXX) no irregularity', TO_DATE('01/01/2010 00:00:00', 'MM/DD/YYYY HH24:MI:SS'));
COMMIT;

SET DEFINE OFF;
Insert into PBANDI_D_STATO_AMMINISTRATIVO
   (ID_STATO_AMMINISTRATIVO, DESC_BREVE_STATO_AMMINISTRATIV, DESC_STATO_AMMINISTRATIVO, DT_INIZIO_VALIDITA)
 Values
   (1, 'AC', '(AC) Article 5§2 procedure', TO_DATE('01/01/2010 00:00:00', 'MM/DD/YYYY HH24:MI:SS'));
Insert into PBANDI_D_STATO_AMMINISTRATIVO
   (ID_STATO_AMMINISTRATIVO, DESC_BREVE_STATO_AMMINISTRATIV, DESC_STATO_AMMINISTRATIVO, DT_INIZIO_VALIDITA)
 Values
   (2, 'AP', '(AP) Administrative proceedings', TO_DATE('01/01/2010 00:00:00', 'MM/DD/YYYY HH24:MI:SS'));
Insert into PBANDI_D_STATO_AMMINISTRATIVO
   (ID_STATO_AMMINISTRATIVO, DESC_BREVE_STATO_AMMINISTRATIV, DESC_STATO_AMMINISTRATIVO, DT_INIZIO_VALIDITA)
 Values
   (3, 'DD', '(DD) doubled communication', TO_DATE('01/01/2010 00:00:00', 'MM/DD/YYYY HH24:MI:SS'));
Insert into PBANDI_D_STATO_AMMINISTRATIVO
   (ID_STATO_AMMINISTRATIVO, DESC_BREVE_STATO_AMMINISTRATIV, DESC_STATO_AMMINISTRATIVO, DT_INIZIO_VALIDITA)
 Values
   (4, 'JP', '(JP) Judicial proceedings', TO_DATE('01/01/2010 00:00:00', 'MM/DD/YYYY HH24:MI:SS'));
Insert into PBANDI_D_STATO_AMMINISTRATIVO
   (ID_STATO_AMMINISTRATIVO, DESC_BREVE_STATO_AMMINISTRATIV, DESC_STATO_AMMINISTRATIVO, DT_INIZIO_VALIDITA)
 Values
   (5, 'PA', '(PA) Case dropped', TO_DATE('01/01/2010 00:00:00', 'MM/DD/YYYY HH24:MI:SS'));
Insert into PBANDI_D_STATO_AMMINISTRATIVO
   (ID_STATO_AMMINISTRATIVO, DESC_BREVE_STATO_AMMINISTRATIV, DESC_STATO_AMMINISTRATIVO, DT_INIZIO_VALIDITA)
 Values
   (6, 'PP', '(PP) Penal Proceeding', TO_DATE('01/01/2010 00:00:00', 'MM/DD/YYYY HH24:MI:SS'));
Insert into PBANDI_D_STATO_AMMINISTRATIVO
   (ID_STATO_AMMINISTRATIVO, DESC_BREVE_STATO_AMMINISTRATIV, DESC_STATO_AMMINISTRATIVO, DT_INIZIO_VALIDITA)
 Values
   (7, 'TF', '(TF) Attempt forestalled', TO_DATE('01/01/2010 00:00:00', 'MM/DD/YYYY HH24:MI:SS'));
Insert into PBANDI_D_STATO_AMMINISTRATIVO
   (ID_STATO_AMMINISTRATIVO, DESC_BREVE_STATO_AMMINISTRATIV, DESC_STATO_AMMINISTRATIVO, DT_INIZIO_VALIDITA)
 Values
   (8, 'TT', '(TT) Procedures closed', TO_DATE('01/01/2010 00:00:00', 'MM/DD/YYYY HH24:MI:SS'));
Insert into PBANDI_D_STATO_AMMINISTRATIVO
   (ID_STATO_AMMINISTRATIVO, DESC_BREVE_STATO_AMMINISTRATIV, DESC_STATO_AMMINISTRATIVO, DT_INIZIO_VALIDITA)
 Values
   (9, 'XX', '(XX) No irregularity', TO_DATE('01/01/2010 00:00:00', 'MM/DD/YYYY HH24:MI:SS'));
COMMIT;

SET DEFINE OFF;
Insert into PBANDI_D_QUALIFICAZIONE_IRREG
   (ID_QUALIFICAZIONE_IRREG, DESC_BREVE_QUALIFIC_IRREG, DESC_QUALIFICAZIONE_IRREG, DT_INIZIO_VALIDITA)
 Values
   (1, 'IRQ 2', 'Irregolarità ai sensi del reg. 2988/95 (IRQ 2)', TO_DATE('01/01/2010 00:00:00', 'MM/DD/YYYY HH24:MI:SS'));
Insert into PBANDI_D_QUALIFICAZIONE_IRREG
   (ID_QUALIFICAZIONE_IRREG, DESC_BREVE_QUALIFIC_IRREG, DESC_QUALIFICAZIONE_IRREG, DT_INIZIO_VALIDITA)
 Values
   (2, 'IRQ 3', 'Frode sospetta (ai sensi della Convenzione) (IRQ 3)', TO_DATE('01/01/2010 00:00:00', 'MM/DD/YYYY HH24:MI:SS'));
Insert into PBANDI_D_QUALIFICAZIONE_IRREG
   (ID_QUALIFICAZIONE_IRREG, DESC_BREVE_QUALIFIC_IRREG, DESC_QUALIFICAZIONE_IRREG, DT_INIZIO_VALIDITA)
 Values
   (3, 'IRQ 5', 'Frode accertata (IRQ 5)', TO_DATE('01/01/2010 00:00:00', 'MM/DD/YYYY HH24:MI:SS'));
COMMIT;

SET DEFINE OFF;
Insert into PBANDI_D_NATURA_SANZIONE
   (ID_NATURA_SANZIONE, DESC_BREVE_NATURA_SANZIONE, DESC_NATURA_SANZIONE, DT_INIZIO_VALIDITA)
 Values
   (1, '500', 'no sanction imposed (500)', TO_DATE('01/01/2010 00:00:00', 'MM/DD/YYYY HH24:MI:SS'));
Insert into PBANDI_D_NATURA_SANZIONE
   (ID_NATURA_SANZIONE, DESC_BREVE_NATURA_SANZIONE, DESC_NATURA_SANZIONE, DT_INIZIO_VALIDITA)
 Values
   (2, '550', 'sanction to be imposed (550)', TO_DATE('01/01/2010 00:00:00', 'MM/DD/YYYY HH24:MI:SS'));
Insert into PBANDI_D_NATURA_SANZIONE
   (ID_NATURA_SANZIONE, DESC_BREVE_NATURA_SANZIONE, DESC_NATURA_SANZIONE, DT_INIZIO_VALIDITA)
 Values
   (3, '600', 'National administrative sanction (600)', TO_DATE('01/01/2010 00:00:00', 'MM/DD/YYYY HH24:MI:SS'));
Insert into PBANDI_D_NATURA_SANZIONE
   (ID_NATURA_SANZIONE, DESC_BREVE_NATURA_SANZIONE, DESC_NATURA_SANZIONE, DT_INIZIO_VALIDITA)
 Values
   (4, '610', 'National proportional fine (610)', TO_DATE('01/01/2010 00:00:00', 'MM/DD/YYYY HH24:MI:SS'));
Insert into PBANDI_D_NATURA_SANZIONE
   (ID_NATURA_SANZIONE, DESC_BREVE_NATURA_SANZIONE, DESC_NATURA_SANZIONE, DT_INIZIO_VALIDITA)
 Values
   (5, '620', 'Non Proportional Penalty (620)', TO_DATE('01/01/2010 00:00:00', 'MM/DD/YYYY HH24:MI:SS'));
Insert into PBANDI_D_NATURA_SANZIONE
   (ID_NATURA_SANZIONE, DESC_BREVE_NATURA_SANZIONE, DESC_NATURA_SANZIONE, DT_INIZIO_VALIDITA)
 Values
   (6, '630', 'Flat rate national fine (630)', TO_DATE('01/01/2010 00:00:00', 'MM/DD/YYYY HH24:MI:SS'));
Insert into PBANDI_D_NATURA_SANZIONE
   (ID_NATURA_SANZIONE, DESC_BREVE_NATURA_SANZIONE, DESC_NATURA_SANZIONE, DT_INIZIO_VALIDITA)
 Values
   (7, '640', 'Removal of national subsidies (640)', TO_DATE('01/01/2010 00:00:00', 'MM/DD/YYYY HH24:MI:SS'));
Insert into PBANDI_D_NATURA_SANZIONE
   (ID_NATURA_SANZIONE, DESC_BREVE_NATURA_SANZIONE, DESC_NATURA_SANZIONE, DT_INIZIO_VALIDITA)
 Values
   (8, '650', 'Exclusion from future national subsidy (650)', TO_DATE('01/01/2010 00:00:00', 'MM/DD/YYYY HH24:MI:SS'));
Insert into PBANDI_D_NATURA_SANZIONE
   (ID_NATURA_SANZIONE, DESC_BREVE_NATURA_SANZIONE, DESC_NATURA_SANZIONE, DT_INIZIO_VALIDITA)
 Values
   (9, '660', 'Limitation of access to public procurement (660)', TO_DATE('01/01/2010 00:00:00', 'MM/DD/YYYY HH24:MI:SS'));
Insert into PBANDI_D_NATURA_SANZIONE
   (ID_NATURA_SANZIONE, DESC_BREVE_NATURA_SANZIONE, DESC_NATURA_SANZIONE, DT_INIZIO_VALIDITA)
 Values
   (10, '700', 'Community administrative sanction (700)', TO_DATE('01/01/2010 00:00:00', 'MM/DD/YYYY HH24:MI:SS'));
Insert into PBANDI_D_NATURA_SANZIONE
   (ID_NATURA_SANZIONE, DESC_BREVE_NATURA_SANZIONE, DESC_NATURA_SANZIONE, DT_INIZIO_VALIDITA)
 Values
   (11, '720', 'Flat rate Community fine (720)', TO_DATE('01/01/2010 00:00:00', 'MM/DD/YYYY HH24:MI:SS'));
Insert into PBANDI_D_NATURA_SANZIONE
   (ID_NATURA_SANZIONE, DESC_BREVE_NATURA_SANZIONE, DESC_NATURA_SANZIONE, DT_INIZIO_VALIDITA)
 Values
   (12, '730', 'Loss of Community subsidies (730)', TO_DATE('01/01/2010 00:00:00', 'MM/DD/YYYY HH24:MI:SS'));
Insert into PBANDI_D_NATURA_SANZIONE
   (ID_NATURA_SANZIONE, DESC_BREVE_NATURA_SANZIONE, DESC_NATURA_SANZIONE, DT_INIZIO_VALIDITA)
 Values
   (13, '740', 'Exclusion from future Community subsidies (740)', TO_DATE('01/01/2010 00:00:00', 'MM/DD/YYYY HH24:MI:SS'));
Insert into PBANDI_D_NATURA_SANZIONE
   (ID_NATURA_SANZIONE, DESC_BREVE_NATURA_SANZIONE, DESC_NATURA_SANZIONE, DT_INIZIO_VALIDITA)
 Values
   (14, '800', 'Penal sanction (800)', TO_DATE('01/01/2010 00:00:00', 'MM/DD/YYYY HH24:MI:SS'));
Insert into PBANDI_D_NATURA_SANZIONE
   (ID_NATURA_SANZIONE, DESC_BREVE_NATURA_SANZIONE, DESC_NATURA_SANZIONE, DT_INIZIO_VALIDITA)
 Values
   (15, '810', 'Fine under penal law (810)', TO_DATE('01/01/2010 00:00:00', 'MM/DD/YYYY HH24:MI:SS'));
Insert into PBANDI_D_NATURA_SANZIONE
   (ID_NATURA_SANZIONE, DESC_BREVE_NATURA_SANZIONE, DESC_NATURA_SANZIONE, DT_INIZIO_VALIDITA)
 Values
   (16, '820', 'Imprisonment (820)', TO_DATE('01/01/2010 00:00:00', 'MM/DD/YYYY HH24:MI:SS'));
Insert into PBANDI_D_NATURA_SANZIONE
   (ID_NATURA_SANZIONE, DESC_BREVE_NATURA_SANZIONE, DESC_NATURA_SANZIONE, DT_INIZIO_VALIDITA)
 Values
   (17, '821', 'Imprisonment under 1 year (821)', TO_DATE('01/01/2010 00:00:00', 'MM/DD/YYYY HH24:MI:SS'));
Insert into PBANDI_D_NATURA_SANZIONE
   (ID_NATURA_SANZIONE, DESC_BREVE_NATURA_SANZIONE, DESC_NATURA_SANZIONE, DT_INIZIO_VALIDITA)
 Values
   (18, '822', 'Imprisonment over 1 year (822)', TO_DATE('01/01/2010 00:00:00', 'MM/DD/YYYY HH24:MI:SS'));
Insert into PBANDI_D_NATURA_SANZIONE
   (ID_NATURA_SANZIONE, DESC_BREVE_NATURA_SANZIONE, DESC_NATURA_SANZIONE, DT_INIZIO_VALIDITA)
 Values
   (19, '900', 'other sanctions, to be specified (900)', TO_DATE('01/01/2010 00:00:00', 'MM/DD/YYYY HH24:MI:SS'));
COMMIT;

SET DEFINE OFF;
Insert into PBANDI_D_METODO_INDIVIDUAZIONE
   (ID_METODO_INDIVIDUAZIONE, DESC_BREVE_METODO_IND, DESC_METODO_IND, DT_INIZIO_VALIDITA)
 Values
   (36, '999', 'Other facts (999)', TO_DATE('01/01/2010 00:00:00', 'MM/DD/YYYY HH24:MI:SS'));
Insert into PBANDI_D_METODO_INDIVIDUAZIONE
   (ID_METODO_INDIVIDUAZIONE, DESC_BREVE_METODO_IND, DESC_METODO_IND, DT_INIZIO_VALIDITA)
 Values
   (1, '101', 'National administrative or financial control (101)', TO_DATE('01/01/2010 00:00:00', 'MM/DD/YYYY HH24:MI:SS'));
Insert into PBANDI_D_METODO_INDIVIDUAZIONE
   (ID_METODO_INDIVIDUAZIONE, DESC_BREVE_METODO_IND, DESC_METODO_IND, DT_INIZIO_VALIDITA)
 Values
   (2, '104', 'National fiscal control (104)', TO_DATE('01/01/2010 00:00:00', 'MM/DD/YYYY HH24:MI:SS'));
Insert into PBANDI_D_METODO_INDIVIDUAZIONE
   (ID_METODO_INDIVIDUAZIONE, DESC_BREVE_METODO_IND, DESC_METODO_IND, DT_INIZIO_VALIDITA)
 Values
   (3, '111', 'Associated controls (111)', TO_DATE('01/01/2010 00:00:00', 'MM/DD/YYYY HH24:MI:SS'));
Insert into PBANDI_D_METODO_INDIVIDUAZIONE
   (ID_METODO_INDIVIDUAZIONE, DESC_BREVE_METODO_IND, DESC_METODO_IND, DT_INIZIO_VALIDITA)
 Values
   (4, '113', 'Communication or request by another MS (113)', TO_DATE('01/01/2010 00:00:00', 'MM/DD/YYYY HH24:MI:SS'));
Insert into PBANDI_D_METODO_INDIVIDUAZIONE
   (ID_METODO_INDIVIDUAZIONE, DESC_BREVE_METODO_IND, DESC_METODO_IND, DT_INIZIO_VALIDITA)
 Values
   (5, '130', 'Control by national anti-fraud service (130)', TO_DATE('01/01/2010 00:00:00', 'MM/DD/YYYY HH24:MI:SS'));
Insert into PBANDI_D_METODO_INDIVIDUAZIONE
   (ID_METODO_INDIVIDUAZIONE, DESC_BREVE_METODO_IND, DESC_METODO_IND, DT_INIZIO_VALIDITA)
 Values
   (6, '150', 'Interservice collaboration (150)', TO_DATE('01/01/2010 00:00:00', 'MM/DD/YYYY HH24:MI:SS'));
Insert into PBANDI_D_METODO_INDIVIDUAZIONE
   (ID_METODO_INDIVIDUAZIONE, DESC_BREVE_METODO_IND, DESC_METODO_IND, DT_INIZIO_VALIDITA)
 Values
   (7, '160', 'Community initiative (160)', TO_DATE('01/01/2010 00:00:00', 'MM/DD/YYYY HH24:MI:SS'));
Insert into PBANDI_D_METODO_INDIVIDUAZIONE
   (ID_METODO_INDIVIDUAZIONE, DESC_BREVE_METODO_IND, DESC_METODO_IND, DT_INIZIO_VALIDITA)
 Values
   (8, '161', 'Additional control on request by the Commission (161)', TO_DATE('01/01/2010 00:00:00', 'MM/DD/YYYY HH24:MI:SS'));
Insert into PBANDI_D_METODO_INDIVIDUAZIONE
   (ID_METODO_INDIVIDUAZIONE, DESC_BREVE_METODO_IND, DESC_METODO_IND, DT_INIZIO_VALIDITA)
 Values
   (9, '170', 'Community controls (170)', TO_DATE('01/01/2010 00:00:00', 'MM/DD/YYYY HH24:MI:SS'));
Insert into PBANDI_D_METODO_INDIVIDUAZIONE
   (ID_METODO_INDIVIDUAZIONE, DESC_BREVE_METODO_IND, DESC_METODO_IND, DT_INIZIO_VALIDITA)
 Values
   (10, '180', 'Judicial enquiry (180)', TO_DATE('01/01/2010 00:00:00', 'MM/DD/YYYY HH24:MI:SS'));
Insert into PBANDI_D_METODO_INDIVIDUAZIONE
   (ID_METODO_INDIVIDUAZIONE, DESC_BREVE_METODO_IND, DESC_METODO_IND, DT_INIZIO_VALIDITA)
 Values
   (11, '199', 'Other controls (199)', TO_DATE('01/01/2010 00:00:00', 'MM/DD/YYYY HH24:MI:SS'));
Insert into PBANDI_D_METODO_INDIVIDUAZIONE
   (ID_METODO_INDIVIDUAZIONE, DESC_BREVE_METODO_IND, DESC_METODO_IND, DT_INIZIO_VALIDITA)
 Values
   (12, '206', 'Control of documents (206)', TO_DATE('01/01/2010 00:00:00', 'MM/DD/YYYY HH24:MI:SS'));
Insert into PBANDI_D_METODO_INDIVIDUAZIONE
   (ID_METODO_INDIVIDUAZIONE, DESC_BREVE_METODO_IND, DESC_METODO_IND, DT_INIZIO_VALIDITA)
 Values
   (13, '207', 'Control of accounts (207)', TO_DATE('01/01/2010 00:00:00', 'MM/DD/YYYY HH24:MI:SS'));
Insert into PBANDI_D_METODO_INDIVIDUAZIONE
   (ID_METODO_INDIVIDUAZIONE, DESC_BREVE_METODO_IND, DESC_METODO_IND, DT_INIZIO_VALIDITA)
 Values
   (14, '208', 'Documentary check (208)', TO_DATE('01/01/2010 00:00:00', 'MM/DD/YYYY HH24:MI:SS'));
Insert into PBANDI_D_METODO_INDIVIDUAZIONE
   (ID_METODO_INDIVIDUAZIONE, DESC_BREVE_METODO_IND, DESC_METODO_IND, DT_INIZIO_VALIDITA)
 Values
   (15, '209', 'Control on the premises of the company (209)', TO_DATE('01/01/2010 00:00:00', 'MM/DD/YYYY HH24:MI:SS'));
Insert into PBANDI_D_METODO_INDIVIDUAZIONE
   (ID_METODO_INDIVIDUAZIONE, DESC_BREVE_METODO_IND, DESC_METODO_IND, DT_INIZIO_VALIDITA)
 Values
   (16, '230', 'On the spot control of achievement of project or action (230)', TO_DATE('01/01/2010 00:00:00', 'MM/DD/YYYY HH24:MI:SS'));
Insert into PBANDI_D_METODO_INDIVIDUAZIONE
   (ID_METODO_INDIVIDUAZIONE, DESC_BREVE_METODO_IND, DESC_METODO_IND, DT_INIZIO_VALIDITA)
 Values
   (17, '301', 'Spontaneous confession (301)', TO_DATE('01/01/2010 00:00:00', 'MM/DD/YYYY HH24:MI:SS'));
Insert into PBANDI_D_METODO_INDIVIDUAZIONE
   (ID_METODO_INDIVIDUAZIONE, DESC_BREVE_METODO_IND, DESC_METODO_IND, DT_INIZIO_VALIDITA)
 Values
   (18, '302', 'Informant (302)', TO_DATE('01/01/2010 00:00:00', 'MM/DD/YYYY HH24:MI:SS'));
Insert into PBANDI_D_METODO_INDIVIDUAZIONE
   (ID_METODO_INDIVIDUAZIONE, DESC_BREVE_METODO_IND, DESC_METODO_IND, DT_INIZIO_VALIDITA)
 Values
   (19, '303', 'Complaint (303)', TO_DATE('01/01/2010 00:00:00', 'MM/DD/YYYY HH24:MI:SS'));
Insert into PBANDI_D_METODO_INDIVIDUAZIONE
   (ID_METODO_INDIVIDUAZIONE, DESC_BREVE_METODO_IND, DESC_METODO_IND, DT_INIZIO_VALIDITA)
 Values
   (20, '304', 'Statistical analysis (304)', TO_DATE('01/01/2010 00:00:00', 'MM/DD/YYYY HH24:MI:SS'));
Insert into PBANDI_D_METODO_INDIVIDUAZIONE
   (ID_METODO_INDIVIDUAZIONE, DESC_BREVE_METODO_IND, DESC_METODO_IND, DT_INIZIO_VALIDITA)
 Values
   (21, '305', 'Comparison of data (305)', TO_DATE('01/01/2010 00:00:00', 'MM/DD/YYYY HH24:MI:SS'));
Insert into PBANDI_D_METODO_INDIVIDUAZIONE
   (ID_METODO_INDIVIDUAZIONE, DESC_BREVE_METODO_IND, DESC_METODO_IND, DT_INIZIO_VALIDITA)
 Values
   (22, '306', 'Probability checks (306)', TO_DATE('01/01/2010 00:00:00', 'MM/DD/YYYY HH24:MI:SS'));
Insert into PBANDI_D_METODO_INDIVIDUAZIONE
   (ID_METODO_INDIVIDUAZIONE, DESC_BREVE_METODO_IND, DESC_METODO_IND, DT_INIZIO_VALIDITA)
 Values
   (23, '307', 'Routine (307)', TO_DATE('01/01/2010 00:00:00', 'MM/DD/YYYY HH24:MI:SS'));
Insert into PBANDI_D_METODO_INDIVIDUAZIONE
   (ID_METODO_INDIVIDUAZIONE, DESC_BREVE_METODO_IND, DESC_METODO_IND, DT_INIZIO_VALIDITA)
 Values
   (24, '308', 'Chance (308)', TO_DATE('01/01/2010 00:00:00', 'MM/DD/YYYY HH24:MI:SS'));
Insert into PBANDI_D_METODO_INDIVIDUAZIONE
   (ID_METODO_INDIVIDUAZIONE, DESC_BREVE_METODO_IND, DESC_METODO_IND, DT_INIZIO_VALIDITA)
 Values
   (25, '309', 'Existing doubts (309)', TO_DATE('01/01/2010 00:00:00', 'MM/DD/YYYY HH24:MI:SS'));
Insert into PBANDI_D_METODO_INDIVIDUAZIONE
   (ID_METODO_INDIVIDUAZIONE, DESC_BREVE_METODO_IND, DESC_METODO_IND, DT_INIZIO_VALIDITA)
 Values
   (26, '310', 'Refusal to accept controls (310)', TO_DATE('01/01/2010 00:00:00', 'MM/DD/YYYY HH24:MI:SS'));
Insert into PBANDI_D_METODO_INDIVIDUAZIONE
   (ID_METODO_INDIVIDUAZIONE, DESC_BREVE_METODO_IND, DESC_METODO_IND, DT_INIZIO_VALIDITA)
 Values
   (27, '311', 'Suspicious conduct (311)', TO_DATE('01/01/2010 00:00:00', 'MM/DD/YYYY HH24:MI:SS'));
Insert into PBANDI_D_METODO_INDIVIDUAZIONE
   (ID_METODO_INDIVIDUAZIONE, DESC_BREVE_METODO_IND, DESC_METODO_IND, DT_INIZIO_VALIDITA)
 Values
   (28, '316', 'Information published in the media (316)', TO_DATE('01/01/2010 00:00:00', 'MM/DD/YYYY HH24:MI:SS'));
Insert into PBANDI_D_METODO_INDIVIDUAZIONE
   (ID_METODO_INDIVIDUAZIONE, DESC_BREVE_METODO_IND, DESC_METODO_IND, DT_INIZIO_VALIDITA)
 Values
   (29, '317', 'Parliamentary action (317)', TO_DATE('01/01/2010 00:00:00', 'MM/DD/YYYY HH24:MI:SS'));
Insert into PBANDI_D_METODO_INDIVIDUAZIONE
   (ID_METODO_INDIVIDUAZIONE, DESC_BREVE_METODO_IND, DESC_METODO_IND, DT_INIZIO_VALIDITA)
 Values
   (30, '320', 'Ex post control (320)', TO_DATE('01/01/2010 00:00:00', 'MM/DD/YYYY HH24:MI:SS'));
Insert into PBANDI_D_METODO_INDIVIDUAZIONE
   (ID_METODO_INDIVIDUAZIONE, DESC_BREVE_METODO_IND, DESC_METODO_IND, DT_INIZIO_VALIDITA)
 Values
   (31, '330', 'Preventive check (330)', TO_DATE('01/01/2010 00:00:00', 'MM/DD/YYYY HH24:MI:SS'));
Insert into PBANDI_D_METODO_INDIVIDUAZIONE
   (ID_METODO_INDIVIDUAZIONE, DESC_BREVE_METODO_IND, DESC_METODO_IND, DT_INIZIO_VALIDITA)
 Values
   (32, '341', 'Intermediate or full payment (341)', TO_DATE('01/01/2010 00:00:00', 'MM/DD/YYYY HH24:MI:SS'));
Insert into PBANDI_D_METODO_INDIVIDUAZIONE
   (ID_METODO_INDIVIDUAZIONE, DESC_BREVE_METODO_IND, DESC_METODO_IND, DT_INIZIO_VALIDITA)
 Values
   (33, '342', 'Payment of balance (342)', TO_DATE('01/01/2010 00:00:00', 'MM/DD/YYYY HH24:MI:SS'));
Insert into PBANDI_D_METODO_INDIVIDUAZIONE
   (ID_METODO_INDIVIDUAZIONE, DESC_BREVE_METODO_IND, DESC_METODO_IND, DT_INIZIO_VALIDITA)
 Values
   (34, '343', 'Release of guarantee (343)', TO_DATE('01/01/2010 00:00:00', 'MM/DD/YYYY HH24:MI:SS'));
Insert into PBANDI_D_METODO_INDIVIDUAZIONE
   (ID_METODO_INDIVIDUAZIONE, DESC_BREVE_METODO_IND, DESC_METODO_IND, DT_INIZIO_VALIDITA)
 Values
   (35, '350', 'Review of conditions (350)', TO_DATE('01/01/2010 00:00:00', 'MM/DD/YYYY HH24:MI:SS'));
COMMIT;

SET DEFINE OFF;
Insert into PBANDI_D_TIPO_IRREGOLARITA
   (ID_TIPO_IRREGOLARITA, DESC_BREVE_TIPO_IRREGOLARITA, DESC_TIPO_IRREGOLARITA, DT_INIZIO_VALIDITA)
 Values
   (1, '101', 'IT_ABSENCE OF ACCOUNTS (101)', TO_DATE('01/01/2010 00:00:00', 'MM/DD/YYYY HH24:MI:SS'));
Insert into PBANDI_D_TIPO_IRREGOLARITA
   (ID_TIPO_IRREGOLARITA, DESC_BREVE_TIPO_IRREGOLARITA, DESC_TIPO_IRREGOLARITA, DT_INIZIO_VALIDITA)
 Values
   (2, '102', 'IT_INCORRECT ACCOUNTS (102)', TO_DATE('01/01/2010 00:00:00', 'MM/DD/YYYY HH24:MI:SS'));
Insert into PBANDI_D_TIPO_IRREGOLARITA
   (ID_TIPO_IRREGOLARITA, DESC_BREVE_TIPO_IRREGOLARITA, DESC_TIPO_IRREGOLARITA, DT_INIZIO_VALIDITA)
 Values
   (3, '103', 'IT_FALSIFIED ACCOUNTS (103)', TO_DATE('01/01/2010 00:00:00', 'MM/DD/YYYY HH24:MI:SS'));
Insert into PBANDI_D_TIPO_IRREGOLARITA
   (ID_TIPO_IRREGOLARITA, DESC_BREVE_TIPO_IRREGOLARITA, DESC_TIPO_IRREGOLARITA, DT_INIZIO_VALIDITA)
 Values
   (4, '104', 'IT_ACCOUNTS NOT PRESENTED (104)', TO_DATE('01/01/2010 00:00:00', 'MM/DD/YYYY HH24:MI:SS'));
Insert into PBANDI_D_TIPO_IRREGOLARITA
   (ID_TIPO_IRREGOLARITA, DESC_BREVE_TIPO_IRREGOLARITA, DESC_TIPO_IRREGOLARITA, DT_INIZIO_VALIDITA)
 Values
   (5, '199', 'IT_other cases of irregular bookkeeping (199)', TO_DATE('01/01/2010 00:00:00', 'MM/DD/YYYY HH24:MI:SS'));
Insert into PBANDI_D_TIPO_IRREGOLARITA
   (ID_TIPO_IRREGOLARITA, DESC_BREVE_TIPO_IRREGOLARITA, DESC_TIPO_IRREGOLARITA, DT_INIZIO_VALIDITA)
 Values
   (6, '201', 'IT_MISSING OR INCOMPLETE DOCUMENTS (201)', TO_DATE('01/01/2010 00:00:00', 'MM/DD/YYYY HH24:MI:SS'));
Insert into PBANDI_D_TIPO_IRREGOLARITA
   (ID_TIPO_IRREGOLARITA, DESC_BREVE_TIPO_IRREGOLARITA, DESC_TIPO_IRREGOLARITA, DT_INIZIO_VALIDITA)
 Values
   (7, '206', 'IT_INSUFFICIENT CERTIFICATES (206)', TO_DATE('01/01/2010 00:00:00', 'MM/DD/YYYY HH24:MI:SS'));
Insert into PBANDI_D_TIPO_IRREGOLARITA
   (ID_TIPO_IRREGOLARITA, DESC_BREVE_TIPO_IRREGOLARITA, DESC_TIPO_IRREGOLARITA, DT_INIZIO_VALIDITA)
 Values
   (8, '207', 'IT_incorrect or incomplete request for aid (207)', TO_DATE('01/01/2010 00:00:00', 'MM/DD/YYYY HH24:MI:SS'));
Insert into PBANDI_D_TIPO_IRREGOLARITA
   (ID_TIPO_IRREGOLARITA, DESC_BREVE_TIPO_IRREGOLARITA, DESC_TIPO_IRREGOLARITA, DT_INIZIO_VALIDITA)
 Values
   (9, '208', 'IT_FALSE OR FALSIFIED REQUEST FOR AID (208)', TO_DATE('01/01/2010 00:00:00', 'MM/DD/YYYY HH24:MI:SS'));
Insert into PBANDI_D_TIPO_IRREGOLARITA
   (ID_TIPO_IRREGOLARITA, DESC_BREVE_TIPO_IRREGOLARITA, DESC_TIPO_IRREGOLARITA, DT_INIZIO_VALIDITA)
 Values
   (10, '210', 'IT_MISSING OR INCOMPLETE SUPPORTING DOCUMENTS (210)', TO_DATE('01/01/2010 00:00:00', 'MM/DD/YYYY HH24:MI:SS'));
Insert into PBANDI_D_TIPO_IRREGOLARITA
   (ID_TIPO_IRREGOLARITA, DESC_BREVE_TIPO_IRREGOLARITA, DESC_TIPO_IRREGOLARITA, DT_INIZIO_VALIDITA)
 Values
   (11, '211', 'IT_INCORRECT SUPPORTING DOCUMENTS (211)', TO_DATE('01/01/2010 00:00:00', 'MM/DD/YYYY HH24:MI:SS'));
Insert into PBANDI_D_TIPO_IRREGOLARITA
   (ID_TIPO_IRREGOLARITA, DESC_BREVE_TIPO_IRREGOLARITA, DESC_TIPO_IRREGOLARITA, DT_INIZIO_VALIDITA)
 Values
   (12, '213', 'IT_FALSIFIED SUPPORTING DOCUMENTS (213)', TO_DATE('01/01/2010 00:00:00', 'MM/DD/YYYY HH24:MI:SS'));
Insert into PBANDI_D_TIPO_IRREGOLARITA
   (ID_TIPO_IRREGOLARITA, DESC_BREVE_TIPO_IRREGOLARITA, DESC_TIPO_IRREGOLARITA, DT_INIZIO_VALIDITA)
 Values
   (13, '214', 'IT_FALSE OR FALSIFIED CERTIFICATES (214)', TO_DATE('01/01/2010 00:00:00', 'MM/DD/YYYY HH24:MI:SS'));
Insert into PBANDI_D_TIPO_IRREGOLARITA
   (ID_TIPO_IRREGOLARITA, DESC_BREVE_TIPO_IRREGOLARITA, DESC_TIPO_IRREGOLARITA, DT_INIZIO_VALIDITA)
 Values
   (14, '299', 'IT_OTHER CASES OF IRREGULAR DOCUMENTS (299)', TO_DATE('01/01/2010 00:00:00', 'MM/DD/YYYY HH24:MI:SS'));
Insert into PBANDI_D_TIPO_IRREGOLARITA
   (ID_TIPO_IRREGOLARITA, DESC_BREVE_TIPO_IRREGOLARITA, DESC_TIPO_IRREGOLARITA, DT_INIZIO_VALIDITA)
 Values
   (15, '324', 'IT_MEASURE NOT ELIGIBLE FOR AID (324)', TO_DATE('01/01/2010 00:00:00', 'MM/DD/YYYY HH24:MI:SS'));
Insert into PBANDI_D_TIPO_IRREGOLARITA
   (ID_TIPO_IRREGOLARITA, DESC_BREVE_TIPO_IRREGOLARITA, DESC_TIPO_IRREGOLARITA, DT_INIZIO_VALIDITA)
 Values
   (16, '325', 'IT_NON-ELIGIBLE EXPENDITURE (325)', TO_DATE('01/01/2010 00:00:00', 'MM/DD/YYYY HH24:MI:SS'));
Insert into PBANDI_D_TIPO_IRREGOLARITA
   (ID_TIPO_IRREGOLARITA, DESC_BREVE_TIPO_IRREGOLARITA, DESC_TIPO_IRREGOLARITA, DT_INIZIO_VALIDITA)
 Values
   (17, '326', 'IT_UNLAWFUL TAKING OF COMMISSION (326)', TO_DATE('01/01/2010 00:00:00', 'MM/DD/YYYY HH24:MI:SS'));
Insert into PBANDI_D_TIPO_IRREGOLARITA
   (ID_TIPO_IRREGOLARITA, DESC_BREVE_TIPO_IRREGOLARITA, DESC_TIPO_IRREGOLARITA, DT_INIZIO_VALIDITA)
 Values
   (18, '401', 'IT_INCORRECT IDENTITY (401)', TO_DATE('01/01/2010 00:00:00', 'MM/DD/YYYY HH24:MI:SS'));
Insert into PBANDI_D_TIPO_IRREGOLARITA
   (ID_TIPO_IRREGOLARITA, DESC_BREVE_TIPO_IRREGOLARITA, DESC_TIPO_IRREGOLARITA, DT_INIZIO_VALIDITA)
 Values
   (19, '402', 'IT_NON-EXISTENT OPERATOR (402)', TO_DATE('01/01/2010 00:00:00', 'MM/DD/YYYY HH24:MI:SS'));
Insert into PBANDI_D_TIPO_IRREGOLARITA
   (ID_TIPO_IRREGOLARITA, DESC_BREVE_TIPO_IRREGOLARITA, DESC_TIPO_IRREGOLARITA, DT_INIZIO_VALIDITA)
 Values
   (20, '403', 'IT_MISDESCRIPTION OF THE HOLDING (403)', TO_DATE('01/01/2010 00:00:00', 'MM/DD/YYYY HH24:MI:SS'));
Insert into PBANDI_D_TIPO_IRREGOLARITA
   (ID_TIPO_IRREGOLARITA, DESC_BREVE_TIPO_IRREGOLARITA, DESC_TIPO_IRREGOLARITA, DT_INIZIO_VALIDITA)
 Values
   (21, '405', 'IT_"IRREGULAR TERMINATION, SALE OR REDUCTION" (405)', TO_DATE('01/01/2010 00:00:00', 'MM/DD/YYYY HH24:MI:SS'));
Insert into PBANDI_D_TIPO_IRREGOLARITA
   (ID_TIPO_IRREGOLARITA, DESC_BREVE_TIPO_IRREGOLARITA, DESC_TIPO_IRREGOLARITA, DT_INIZIO_VALIDITA)
 Values
   (22, '408', 'IT_OPERATOR/BENEFICIARY NOT HAVING THE REQUIRED QUALITY (408)', TO_DATE('01/01/2010 00:00:00', 'MM/DD/YYYY HH24:MI:SS'));
Insert into PBANDI_D_TIPO_IRREGOLARITA
   (ID_TIPO_IRREGOLARITA, DESC_BREVE_TIPO_IRREGOLARITA, DESC_TIPO_IRREGOLARITA, DT_INIZIO_VALIDITA)
 Values
   (23, '499', 'IT_OTHER IRREGULARITIES BY THE OPERATOR (499)', TO_DATE('01/01/2010 00:00:00', 'MM/DD/YYYY HH24:MI:SS'));
Insert into PBANDI_D_TIPO_IRREGOLARITA
   (ID_TIPO_IRREGOLARITA, DESC_BREVE_TIPO_IRREGOLARITA, DESC_TIPO_IRREGOLARITA, DT_INIZIO_VALIDITA)
 Values
   (24, '601', 'IT_FAILURE TO RESPECT DEADLINES (601)', TO_DATE('01/01/2010 00:00:00', 'MM/DD/YYYY HH24:MI:SS'));
Insert into PBANDI_D_TIPO_IRREGOLARITA
   (ID_TIPO_IRREGOLARITA, DESC_BREVE_TIPO_IRREGOLARITA, DESC_TIPO_IRREGOLARITA, DT_INIZIO_VALIDITA)
 Values
   (25, '602', 'IT_OPERATION PROHIBITED DURING THE MEASURE (602)', TO_DATE('01/01/2010 00:00:00', 'MM/DD/YYYY HH24:MI:SS'));
Insert into PBANDI_D_TIPO_IRREGOLARITA
   (ID_TIPO_IRREGOLARITA, DESC_BREVE_TIPO_IRREGOLARITA, DESC_TIPO_IRREGOLARITA, DT_INIZIO_VALIDITA)
 Values
   (26, '603', 'IT_errors in interpretation (603)', TO_DATE('01/01/2010 00:00:00', 'MM/DD/YYYY HH24:MI:SS'));
Insert into PBANDI_D_TIPO_IRREGOLARITA
   (ID_TIPO_IRREGOLARITA, DESC_BREVE_TIPO_IRREGOLARITA, DESC_TIPO_IRREGOLARITA, DT_INIZIO_VALIDITA)
 Values
   (27, '604', 'IT_FAILURE TO RESPECT A FIXED OR DECLARED PRICE (604)', TO_DATE('01/01/2010 00:00:00', 'MM/DD/YYYY HH24:MI:SS'));
Insert into PBANDI_D_TIPO_IRREGOLARITA
   (ID_TIPO_IRREGOLARITA, DESC_BREVE_TIPO_IRREGOLARITA, DESC_TIPO_IRREGOLARITA, DT_INIZIO_VALIDITA)
 Values
   (28, '605', 'IT_ABSENCE OF DECLARATION OR LATE RETURN (605)', TO_DATE('01/01/2010 00:00:00', 'MM/DD/YYYY HH24:MI:SS'));
Insert into PBANDI_D_TIPO_IRREGOLARITA
   (ID_TIPO_IRREGOLARITA, DESC_BREVE_TIPO_IRREGOLARITA, DESC_TIPO_IRREGOLARITA, DT_INIZIO_VALIDITA)
 Values
   (29, '606', 'IT_INCOMPATIBLE CUMULATION OF AID (606)', TO_DATE('01/01/2010 00:00:00', 'MM/DD/YYYY HH24:MI:SS'));
Insert into PBANDI_D_TIPO_IRREGOLARITA
   (ID_TIPO_IRREGOLARITA, DESC_BREVE_TIPO_IRREGOLARITA, DESC_TIPO_IRREGOLARITA, DT_INIZIO_VALIDITA)
 Values
   (30, '607', 'IT_absence of written evidence (607)', TO_DATE('01/01/2010 00:00:00', 'MM/DD/YYYY HH24:MI:SS'));
Insert into PBANDI_D_TIPO_IRREGOLARITA
   (ID_TIPO_IRREGOLARITA, DESC_BREVE_TIPO_IRREGOLARITA, DESC_TIPO_IRREGOLARITA, DT_INIZIO_VALIDITA)
 Values
   (31, '608', 'IT_REFUSAL OF CONTROL (608)', TO_DATE('01/01/2010 00:00:00', 'MM/DD/YYYY HH24:MI:SS'));
Insert into PBANDI_D_TIPO_IRREGOLARITA
   (ID_TIPO_IRREGOLARITA, DESC_BREVE_TIPO_IRREGOLARITA, DESC_TIPO_IRREGOLARITA, DT_INIZIO_VALIDITA)
 Values
   (32, '611', 'IT_SEVERAL REQUESTS FOR THE SAME OBJECT (611)', TO_DATE('01/01/2010 00:00:00', 'MM/DD/YYYY HH24:MI:SS'));
Insert into PBANDI_D_TIPO_IRREGOLARITA
   (ID_TIPO_IRREGOLARITA, DESC_BREVE_TIPO_IRREGOLARITA, DESC_TIPO_IRREGOLARITA, DT_INIZIO_VALIDITA)
 Values
   (33, '612', 'IT_FAILURE TO RESPECT OTHER REGULATIONS/CONTRACT CONDITIONS (612)', TO_DATE('01/01/2010 00:00:00', 'MM/DD/YYYY HH24:MI:SS'));
Insert into PBANDI_D_TIPO_IRREGOLARITA
   (ID_TIPO_IRREGOLARITA, DESC_BREVE_TIPO_IRREGOLARITA, DESC_TIPO_IRREGOLARITA, DT_INIZIO_VALIDITA)
 Values
   (34, '614', 'IT_INFRINGEMENT OF RULES CONCERNED WITH PUBLIC PROCUREMENT (614)', TO_DATE('01/01/2010 00:00:00', 'MM/DD/YYYY HH24:MI:SS'));
Insert into PBANDI_D_TIPO_IRREGOLARITA
   (ID_TIPO_IRREGOLARITA, DESC_BREVE_TIPO_IRREGOLARITA, DESC_TIPO_IRREGOLARITA, DT_INIZIO_VALIDITA)
 Values
   (35, '699', 'IT_OTHER IRREGULARITIES CONCERNING THE RIGHT TO AID (699)', TO_DATE('01/01/2010 00:00:00', 'MM/DD/YYYY HH24:MI:SS'));
Insert into PBANDI_D_TIPO_IRREGOLARITA
   (ID_TIPO_IRREGOLARITA, DESC_BREVE_TIPO_IRREGOLARITA, DESC_TIPO_IRREGOLARITA, DT_INIZIO_VALIDITA)
 Values
   (36, '741', 'IT_FAILURE TO FULFIL COMMITMENTS ENTERED INTO (741)', TO_DATE('01/01/2010 00:00:00', 'MM/DD/YYYY HH24:MI:SS'));
Insert into PBANDI_D_TIPO_IRREGOLARITA
   (ID_TIPO_IRREGOLARITA, DESC_BREVE_TIPO_IRREGOLARITA, DESC_TIPO_IRREGOLARITA, DT_INIZIO_VALIDITA)
 Values
   (37, '810', 'IT_ACTION NOT IMPLEMENTED (810)', TO_DATE('01/01/2010 00:00:00', 'MM/DD/YYYY HH24:MI:SS'));
Insert into PBANDI_D_TIPO_IRREGOLARITA
   (ID_TIPO_IRREGOLARITA, DESC_BREVE_TIPO_IRREGOLARITA, DESC_TIPO_IRREGOLARITA, DT_INIZIO_VALIDITA)
 Values
   (38, '811', 'IT_ACTION NOT COMPLETED (811)', TO_DATE('01/01/2010 00:00:00', 'MM/DD/YYYY HH24:MI:SS'));
Insert into PBANDI_D_TIPO_IRREGOLARITA
   (ID_TIPO_IRREGOLARITA, DESC_BREVE_TIPO_IRREGOLARITA, DESC_TIPO_IRREGOLARITA, DT_INIZIO_VALIDITA)
 Values
   (39, '812', 'IT_ACTION NOT CARRIED OUT IN ACCORDANCE WITH RULES (812)', TO_DATE('01/01/2010 00:00:00', 'MM/DD/YYYY HH24:MI:SS'));
Insert into PBANDI_D_TIPO_IRREGOLARITA
   (ID_TIPO_IRREGOLARITA, DESC_BREVE_TIPO_IRREGOLARITA, DESC_TIPO_IRREGOLARITA, DT_INIZIO_VALIDITA)
 Values
   (40, '817', 'IT_incorrect declaration (817)', TO_DATE('01/01/2010 00:00:00', 'MM/DD/YYYY HH24:MI:SS'));
Insert into PBANDI_D_TIPO_IRREGOLARITA
   (ID_TIPO_IRREGOLARITA, DESC_BREVE_TIPO_IRREGOLARITA, DESC_TIPO_IRREGOLARITA, DT_INIZIO_VALIDITA)
 Values
   (41, '818', 'IT_FALSIFIED DECLARATION (818)', TO_DATE('01/01/2010 00:00:00', 'MM/DD/YYYY HH24:MI:SS'));
Insert into PBANDI_D_TIPO_IRREGOLARITA
   (ID_TIPO_IRREGOLARITA, DESC_BREVE_TIPO_IRREGOLARITA, DESC_TIPO_IRREGOLARITA, DT_INIZIO_VALIDITA)
 Values
   (42, '821', 'IT_UNJUSTIFIED EXPENDITURE (821)', TO_DATE('01/01/2010 00:00:00', 'MM/DD/YYYY HH24:MI:SS'));
Insert into PBANDI_D_TIPO_IRREGOLARITA
   (ID_TIPO_IRREGOLARITA, DESC_BREVE_TIPO_IRREGOLARITA, DESC_TIPO_IRREGOLARITA, DT_INIZIO_VALIDITA)
 Values
   (43, '822', 'IT_EXPENDITURE NOT RELATED TO PERIOD IN WHICH ACTION CARRIED OUT (822)', TO_DATE('01/01/2010 00:00:00', 'MM/DD/YYYY HH24:MI:SS'));
Insert into PBANDI_D_TIPO_IRREGOLARITA
   (ID_TIPO_IRREGOLARITA, DESC_BREVE_TIPO_IRREGOLARITA, DESC_TIPO_IRREGOLARITA, DT_INIZIO_VALIDITA)
 Values
   (44, '823', 'IT_EXPENDITURE NOT LEGITIMATE (823)', TO_DATE('01/01/2010 00:00:00', 'MM/DD/YYYY HH24:MI:SS'));
Insert into PBANDI_D_TIPO_IRREGOLARITA
   (ID_TIPO_IRREGOLARITA, DESC_BREVE_TIPO_IRREGOLARITA, DESC_TIPO_IRREGOLARITA, DT_INIZIO_VALIDITA)
 Values
   (45, '831', 'IT_OVERFINANCING (831)', TO_DATE('01/01/2010 00:00:00', 'MM/DD/YYYY HH24:MI:SS'));
Insert into PBANDI_D_TIPO_IRREGOLARITA
   (ID_TIPO_IRREGOLARITA, DESC_BREVE_TIPO_IRREGOLARITA, DESC_TIPO_IRREGOLARITA, DT_INIZIO_VALIDITA)
 Values
   (46, '832', 'IT_INFRINGEMENTS WITH REGARD TO THE COFINANCING SYSTEM (832)', TO_DATE('01/01/2010 00:00:00', 'MM/DD/YYYY HH24:MI:SS'));
Insert into PBANDI_D_TIPO_IRREGOLARITA
   (ID_TIPO_IRREGOLARITA, DESC_BREVE_TIPO_IRREGOLARITA, DESC_TIPO_IRREGOLARITA, DT_INIZIO_VALIDITA)
 Values
   (47, '840', 'IT_UNDECLARED REVENUE (840)', TO_DATE('01/01/2010 00:00:00', 'MM/DD/YYYY HH24:MI:SS'));
Insert into PBANDI_D_TIPO_IRREGOLARITA
   (ID_TIPO_IRREGOLARITA, DESC_BREVE_TIPO_IRREGOLARITA, DESC_TIPO_IRREGOLARITA, DT_INIZIO_VALIDITA)
 Values
   (48, '850', 'IT_CORRUPTION (850)', TO_DATE('01/01/2010 00:00:00', 'MM/DD/YYYY HH24:MI:SS'));
Insert into PBANDI_D_TIPO_IRREGOLARITA
   (ID_TIPO_IRREGOLARITA, DESC_BREVE_TIPO_IRREGOLARITA, DESC_TIPO_IRREGOLARITA, DT_INIZIO_VALIDITA)
 Values
   (49, '851', 'IT_ABUSE (ART. 4 PARA. 3 R. 2988/95) (851)', TO_DATE('01/01/2010 00:00:00', 'MM/DD/YYYY HH24:MI:SS'));
Insert into PBANDI_D_TIPO_IRREGOLARITA
   (ID_TIPO_IRREGOLARITA, DESC_BREVE_TIPO_IRREGOLARITA, DESC_TIPO_IRREGOLARITA, DT_INIZIO_VALIDITA)
 Values
   (50, '998', 'IT_NOT INDICATED (998)', TO_DATE('01/01/2010 00:00:00', 'MM/DD/YYYY HH24:MI:SS'));
Insert into PBANDI_D_TIPO_IRREGOLARITA
   (ID_TIPO_IRREGOLARITA, DESC_BREVE_TIPO_IRREGOLARITA, DESC_TIPO_IRREGOLARITA, DT_INIZIO_VALIDITA)
 Values
   (51, '999', 'IT_OTHER IRREGULARITIES (TO BE SPECIFIED) (999)', TO_DATE('01/01/2010 00:00:00', 'MM/DD/YYYY HH24:MI:SS'));
COMMIT;

SET DEFINE OFF;
Insert into PBANDI_C_TIPO_DOCUMENTO_INDEX
   (ID_TIPO_DOCUMENTO_INDEX, DESC_BREVE_TIPO_DOC_INDEX, DESC_TIPO_DOC_INDEX)
 Values
   (11, 'SOI', 'SCHEDA OLAF IRREGOLARITA''');
Insert into PBANDI_C_TIPO_DOCUMENTO_INDEX
   (ID_TIPO_DOCUMENTO_INDEX, DESC_BREVE_TIPO_DOC_INDEX, DESC_TIPO_DOC_INDEX)
 Values
   (12, 'DAI', 'DATI AGGIUNTIVI IRREGOLARITA''');
COMMIT;

SET DEFINE OFF;
Insert into PBANDI_D_DISP_COMUNITARIA
   (ID_DISP_COMUNITARIA, DESC_BREVE_DISP_COMUNITARIA, DESC_DISP_COMUNITARIA, DT_INIZIO_VALIDITA)
 Values
   (1, 'DEC', 'DECISIONE (DEC)', TO_DATE('01/01/2010 00:00:00', 'MM/DD/YYYY HH24:MI:SS'));
Insert into PBANDI_D_DISP_COMUNITARIA
   (ID_DISP_COMUNITARIA, DESC_BREVE_DISP_COMUNITARIA, DESC_DISP_COMUNITARIA, DT_INIZIO_VALIDITA)
 Values
   (2, 'DIR', 'DIRETTIVA (DIR)', TO_DATE('01/01/2010 00:00:00', 'MM/DD/YYYY HH24:MI:SS'));
Insert into PBANDI_D_DISP_COMUNITARIA
   (ID_DISP_COMUNITARIA, DESC_BREVE_DISP_COMUNITARIA, DESC_DISP_COMUNITARIA, DT_INIZIO_VALIDITA)
 Values
   (3, 'REG', 'REGOLAMENTO (REG)', TO_DATE('01/01/2010 00:00:00', 'MM/DD/YYYY HH24:MI:SS'));
COMMIT;

SET DEFINE OFF;
Insert into PBANDI_C_TIPO_DOCUMENTO_INDEX
   (ID_TIPO_DOCUMENTO_INDEX, DESC_BREVE_TIPO_DOC_INDEX, DESC_TIPO_DOC_INDEX)
 Values
   (13, 'RIN', 'COMUNICAZIONE DI RINUNCIA');
COMMIT;

SET DEFINE OFF;
Insert into PBANDI_R_DOC_INDEX_TIPO_ANAG
   (ID_TIPO_ANAGRAFICA, ID_UTENTE_INS, ID_TIPO_DOCUMENTO_INDEX)
 Values
   (2, 0, 11);
Insert into PBANDI_R_DOC_INDEX_TIPO_ANAG
   (ID_TIPO_ANAGRAFICA, ID_UTENTE_INS, ID_TIPO_DOCUMENTO_INDEX)
 Values
   (3, 0, 11);
Insert into PBANDI_R_DOC_INDEX_TIPO_ANAG
   (ID_TIPO_ANAGRAFICA, ID_UTENTE_INS, ID_TIPO_DOCUMENTO_INDEX)
 Values
   (5, 0, 11);
Insert into PBANDI_R_DOC_INDEX_TIPO_ANAG
   (ID_TIPO_ANAGRAFICA, ID_UTENTE_INS, ID_TIPO_DOCUMENTO_INDEX)
 Values
   (8, 0, 11);
Insert into PBANDI_R_DOC_INDEX_TIPO_ANAG
   (ID_TIPO_ANAGRAFICA, ID_UTENTE_INS, ID_TIPO_DOCUMENTO_INDEX)
 Values
   (14, 0, 11);
Insert into PBANDI_R_DOC_INDEX_TIPO_ANAG
   (ID_TIPO_ANAGRAFICA, ID_UTENTE_INS, ID_TIPO_DOCUMENTO_INDEX)
 Values
   (2, 0, 12);
Insert into PBANDI_R_DOC_INDEX_TIPO_ANAG
   (ID_TIPO_ANAGRAFICA, ID_UTENTE_INS, ID_TIPO_DOCUMENTO_INDEX)
 Values
   (3, 0, 12);
Insert into PBANDI_R_DOC_INDEX_TIPO_ANAG
   (ID_TIPO_ANAGRAFICA, ID_UTENTE_INS, ID_TIPO_DOCUMENTO_INDEX)
 Values
   (5, 0, 12);
Insert into PBANDI_R_DOC_INDEX_TIPO_ANAG
   (ID_TIPO_ANAGRAFICA, ID_UTENTE_INS, ID_TIPO_DOCUMENTO_INDEX)
 Values
   (8, 0, 12);
Insert into PBANDI_R_DOC_INDEX_TIPO_ANAG
   (ID_TIPO_ANAGRAFICA, ID_UTENTE_INS, ID_TIPO_DOCUMENTO_INDEX)
 Values
   (14, 0, 12);
COMMIT;

SET DEFINE OFF;
Insert into PBANDI_R_TP_DOC_IND_BAN_LI_INT
   (ID_TIPO_DOCUMENTO_INDEX, PROGR_BANDO_LINEA_INTERVENTO, ID_UTENTE_INS)
 Values
   (11, 1, 0);
Insert into PBANDI_R_TP_DOC_IND_BAN_LI_INT
   (ID_TIPO_DOCUMENTO_INDEX, PROGR_BANDO_LINEA_INTERVENTO, ID_UTENTE_INS)
 Values
   (11, 2, 0);
Insert into PBANDI_R_TP_DOC_IND_BAN_LI_INT
   (ID_TIPO_DOCUMENTO_INDEX, PROGR_BANDO_LINEA_INTERVENTO, ID_UTENTE_INS)
 Values
   (11, 3, 0);
Insert into PBANDI_R_TP_DOC_IND_BAN_LI_INT
   (ID_TIPO_DOCUMENTO_INDEX, PROGR_BANDO_LINEA_INTERVENTO, ID_UTENTE_INS)
 Values
   (11, 4, 0);
Insert into PBANDI_R_TP_DOC_IND_BAN_LI_INT
   (ID_TIPO_DOCUMENTO_INDEX, PROGR_BANDO_LINEA_INTERVENTO, ID_UTENTE_INS)
 Values
   (11, 5, 0);
Insert into PBANDI_R_TP_DOC_IND_BAN_LI_INT
   (ID_TIPO_DOCUMENTO_INDEX, PROGR_BANDO_LINEA_INTERVENTO, ID_UTENTE_INS)
 Values
   (11, 6, 0);
Insert into PBANDI_R_TP_DOC_IND_BAN_LI_INT
   (ID_TIPO_DOCUMENTO_INDEX, PROGR_BANDO_LINEA_INTERVENTO, ID_UTENTE_INS)
 Values
   (11, 7, 0);
Insert into PBANDI_R_TP_DOC_IND_BAN_LI_INT
   (ID_TIPO_DOCUMENTO_INDEX, PROGR_BANDO_LINEA_INTERVENTO, ID_UTENTE_INS)
 Values
   (11, 8, 0);
Insert into PBANDI_R_TP_DOC_IND_BAN_LI_INT
   (ID_TIPO_DOCUMENTO_INDEX, PROGR_BANDO_LINEA_INTERVENTO, ID_UTENTE_INS)
 Values
   (11, 9, 0);
Insert into PBANDI_R_TP_DOC_IND_BAN_LI_INT
   (ID_TIPO_DOCUMENTO_INDEX, PROGR_BANDO_LINEA_INTERVENTO, ID_UTENTE_INS)
 Values
   (11, 13, 0);
Insert into PBANDI_R_TP_DOC_IND_BAN_LI_INT
   (ID_TIPO_DOCUMENTO_INDEX, PROGR_BANDO_LINEA_INTERVENTO, ID_UTENTE_INS)
 Values
   (11, 14, 0);
Insert into PBANDI_R_TP_DOC_IND_BAN_LI_INT
   (ID_TIPO_DOCUMENTO_INDEX, PROGR_BANDO_LINEA_INTERVENTO, ID_UTENTE_INS)
 Values
   (11, 15, 0);
Insert into PBANDI_R_TP_DOC_IND_BAN_LI_INT
   (ID_TIPO_DOCUMENTO_INDEX, PROGR_BANDO_LINEA_INTERVENTO, ID_UTENTE_INS)
 Values
   (11, 16, 0);
Insert into PBANDI_R_TP_DOC_IND_BAN_LI_INT
   (ID_TIPO_DOCUMENTO_INDEX, PROGR_BANDO_LINEA_INTERVENTO, ID_UTENTE_INS)
 Values
   (11, 19, 0);
Insert into PBANDI_R_TP_DOC_IND_BAN_LI_INT
   (ID_TIPO_DOCUMENTO_INDEX, PROGR_BANDO_LINEA_INTERVENTO, ID_UTENTE_INS)
 Values
   (11, 22, 0);
Insert into PBANDI_R_TP_DOC_IND_BAN_LI_INT
   (ID_TIPO_DOCUMENTO_INDEX, PROGR_BANDO_LINEA_INTERVENTO, ID_UTENTE_INS)
 Values
   (11, 23, 0);
Insert into PBANDI_R_TP_DOC_IND_BAN_LI_INT
   (ID_TIPO_DOCUMENTO_INDEX, PROGR_BANDO_LINEA_INTERVENTO, ID_UTENTE_INS)
 Values
   (11, 25, 0);
Insert into PBANDI_R_TP_DOC_IND_BAN_LI_INT
   (ID_TIPO_DOCUMENTO_INDEX, PROGR_BANDO_LINEA_INTERVENTO, ID_UTENTE_INS)
 Values
   (11, 26, 0);
Insert into PBANDI_R_TP_DOC_IND_BAN_LI_INT
   (ID_TIPO_DOCUMENTO_INDEX, PROGR_BANDO_LINEA_INTERVENTO, ID_UTENTE_INS)
 Values
   (12, 1, 0);
Insert into PBANDI_R_TP_DOC_IND_BAN_LI_INT
   (ID_TIPO_DOCUMENTO_INDEX, PROGR_BANDO_LINEA_INTERVENTO, ID_UTENTE_INS)
 Values
   (12, 2, 0);
Insert into PBANDI_R_TP_DOC_IND_BAN_LI_INT
   (ID_TIPO_DOCUMENTO_INDEX, PROGR_BANDO_LINEA_INTERVENTO, ID_UTENTE_INS)
 Values
   (12, 3, 0);
Insert into PBANDI_R_TP_DOC_IND_BAN_LI_INT
   (ID_TIPO_DOCUMENTO_INDEX, PROGR_BANDO_LINEA_INTERVENTO, ID_UTENTE_INS)
 Values
   (12, 4, 0);
Insert into PBANDI_R_TP_DOC_IND_BAN_LI_INT
   (ID_TIPO_DOCUMENTO_INDEX, PROGR_BANDO_LINEA_INTERVENTO, ID_UTENTE_INS)
 Values
   (12, 5, 0);
Insert into PBANDI_R_TP_DOC_IND_BAN_LI_INT
   (ID_TIPO_DOCUMENTO_INDEX, PROGR_BANDO_LINEA_INTERVENTO, ID_UTENTE_INS)
 Values
   (12, 6, 0);
Insert into PBANDI_R_TP_DOC_IND_BAN_LI_INT
   (ID_TIPO_DOCUMENTO_INDEX, PROGR_BANDO_LINEA_INTERVENTO, ID_UTENTE_INS)
 Values
   (12, 7, 0);
Insert into PBANDI_R_TP_DOC_IND_BAN_LI_INT
   (ID_TIPO_DOCUMENTO_INDEX, PROGR_BANDO_LINEA_INTERVENTO, ID_UTENTE_INS)
 Values
   (12, 8, 0);
Insert into PBANDI_R_TP_DOC_IND_BAN_LI_INT
   (ID_TIPO_DOCUMENTO_INDEX, PROGR_BANDO_LINEA_INTERVENTO, ID_UTENTE_INS)
 Values
   (12, 9, 0);
Insert into PBANDI_R_TP_DOC_IND_BAN_LI_INT
   (ID_TIPO_DOCUMENTO_INDEX, PROGR_BANDO_LINEA_INTERVENTO, ID_UTENTE_INS)
 Values
   (12, 13, 0);
Insert into PBANDI_R_TP_DOC_IND_BAN_LI_INT
   (ID_TIPO_DOCUMENTO_INDEX, PROGR_BANDO_LINEA_INTERVENTO, ID_UTENTE_INS)
 Values
   (12, 14, 0);
Insert into PBANDI_R_TP_DOC_IND_BAN_LI_INT
   (ID_TIPO_DOCUMENTO_INDEX, PROGR_BANDO_LINEA_INTERVENTO, ID_UTENTE_INS)
 Values
   (12, 15, 0);
Insert into PBANDI_R_TP_DOC_IND_BAN_LI_INT
   (ID_TIPO_DOCUMENTO_INDEX, PROGR_BANDO_LINEA_INTERVENTO, ID_UTENTE_INS)
 Values
   (12, 16, 0);
Insert into PBANDI_R_TP_DOC_IND_BAN_LI_INT
   (ID_TIPO_DOCUMENTO_INDEX, PROGR_BANDO_LINEA_INTERVENTO, ID_UTENTE_INS)
 Values
   (12, 19, 0);
Insert into PBANDI_R_TP_DOC_IND_BAN_LI_INT
   (ID_TIPO_DOCUMENTO_INDEX, PROGR_BANDO_LINEA_INTERVENTO, ID_UTENTE_INS)
 Values
   (12, 22, 0);
Insert into PBANDI_R_TP_DOC_IND_BAN_LI_INT
   (ID_TIPO_DOCUMENTO_INDEX, PROGR_BANDO_LINEA_INTERVENTO, ID_UTENTE_INS)
 Values
   (12, 23, 0);
Insert into PBANDI_R_TP_DOC_IND_BAN_LI_INT
   (ID_TIPO_DOCUMENTO_INDEX, PROGR_BANDO_LINEA_INTERVENTO, ID_UTENTE_INS)
 Values
   (12, 25, 0);
Insert into PBANDI_R_TP_DOC_IND_BAN_LI_INT
   (ID_TIPO_DOCUMENTO_INDEX, PROGR_BANDO_LINEA_INTERVENTO, ID_UTENTE_INS)
 Values
   (12, 26, 0);
COMMIT;

SET DEFINE OFF;
Insert into PBANDI_D_STATO_TIPO_DOC_INDEX
   (ID_STATO_TIPO_DOC_INDEX, DESC_BREVE_STATO_TIP_DOC_INDEX, DESC_STATO_TIPO_DOC_INDEX, DT_INIZIO_VALIDITA)
 Values
   (4, 'I', 'INVIATO', TO_DATE('01/01/2010 00:00:00', 'MM/DD/YYYY HH24:MI:SS'));
Insert into PBANDI_D_STATO_TIPO_DOC_INDEX
   (ID_STATO_TIPO_DOC_INDEX, DESC_BREVE_STATO_TIP_DOC_INDEX, DESC_STATO_TIPO_DOC_INDEX, DT_INIZIO_VALIDITA)
 Values
   (1, 'B', 'BOZZA', TO_DATE('06/15/2010 00:00:00', 'MM/DD/YYYY HH24:MI:SS'));
Insert into PBANDI_D_STATO_TIPO_DOC_INDEX
   (ID_STATO_TIPO_DOC_INDEX, DESC_BREVE_STATO_TIP_DOC_INDEX, DESC_STATO_TIPO_DOC_INDEX, DT_INIZIO_VALIDITA)
 Values
   (2, 'D', 'DEFINITIVO', TO_DATE('06/15/2010 00:00:00', 'MM/DD/YYYY HH24:MI:SS'));
Insert into PBANDI_D_STATO_TIPO_DOC_INDEX
   (ID_STATO_TIPO_DOC_INDEX, DESC_BREVE_STATO_TIP_DOC_INDEX, DESC_STATO_TIPO_DOC_INDEX, DT_INIZIO_VALIDITA)
 Values
   (3, 'DA', 'DA AGGIORNARE', TO_DATE('06/15/2010 00:00:00', 'MM/DD/YYYY HH24:MI:SS'));
COMMIT;

update PBANDI_D_TIPO_SOGG_FINANZIAT set PERC_STANDARD = 39.57 where ID_TIPO_SOGG_FINANZIAT = 1;
update PBANDI_D_TIPO_SOGG_FINANZIAT set PERC_STANDARD = 46.49 where ID_TIPO_SOGG_FINANZIAT = 4;
update PBANDI_D_TIPO_SOGG_FINANZIAT set PERC_STANDARD = 13.94 where ID_TIPO_SOGG_FINANZIAT = 5;

Insert into PBANDI_C_REGOLA
(ID_REGOLA,DESC_BREVE_REGOLA,DESC_REGOLA,DT_INIZIO_VALIDITA)
values
(SEQ_PBANDI_C_REGOLA.nextval,'BR29','Specifica se i progetti di un bando_linea sono candidati alla compensazione delle fonti finanziarie (certificazione)',to_date('01/01/2009','dd/mm/yyyy'));
COMMIT;

SET DEFINE OFF;
Insert into PBANDI_D_ERRORE_BATCH
   (CODICE_ERRORE, DESCRIZIONE)
 Values
   ('W056', 'Controllo ammesso pagamenti');
Insert into PBANDI_D_ERRORE_BATCH
   (CODICE_ERRORE, DESCRIZIONE)
 Values
   ('W057', 'Controllo impegni fonti');
COMMIT;

SET DEFINE OFF;
Insert into PBANDI_D_NOME_BATCH
   (ID_NOME_BATCH, NOME_BATCH, DESC_BATCH)
 Values
   (8, 'PBAN-PROP-CERT', 'Procedura di caricamento della proposta di certificazione');
COMMIT;

SET DEFINE OFF;
Insert into PBANDI_D_ERRORE_BATCH
   (CODICE_ERRORE, DESCRIZIONE)
 Values
   ('E103', 'Errore nel caricamento della proposta di certificazione');
COMMIT;

declare
cursor cur is SELECT cema.ID_MODALITA_AGEVOLAZIONE, cema.ID_CONTO_ECONOMICO,ce.id_domanda
FROM PBANDI_T_CONTO_ECONOMICO ce,PBANDI_D_STATO_CONTO_ECONOMICO sce,
             PBANDI_D_TIPOLOGIA_CONTO_ECON tce,PBANDI_R_CONTO_ECONOM_MOD_AGEV cema
      where  CE.ID_STATO_CONTO_ECONOMICO               = SCE.ID_STATO_CONTO_ECONOMICO
      and    SCE.ID_TIPOLOGIA_CONTO_ECONOMICO          = TCE.ID_TIPOLOGIA_CONTO_ECONOMICO
      and    UPPER(TCE.DESC_BREVE_TIPOLOGIA_CONTO_ECO) = 'MAIN'
      and cema.id_CONTO_ECONOMICO = ce.id_CONTO_ECONOMICO
      and nvl(cema.QUOTA_IMPORTO_AGEVOLATO,0)   = 0;
 
 nImpMaster  number;
begin
  for rec in cur loop
    begin
    select QUOTA_IMPORTO_AGEVOLATO
    into   nImpMaster
    from   PBANDI_T_CONTO_ECONOMICO ce,PBANDI_D_STATO_CONTO_ECONOMICO sce,
           PBANDI_D_TIPOLOGIA_CONTO_ECON tce ,PBANDI_R_CONTO_ECONOM_MOD_AGEV cema
    where  CE.id_domanda                             = rec.Id_Domanda
    and    cema.ID_MODALITA_AGEVOLAZIONE             = rec.ID_MODALITA_AGEVOLAZIONE
    and    CE.dt_fine_validita                       is null
    and    CE.ID_STATO_CONTO_ECONOMICO               = SCE.ID_STATO_CONTO_ECONOMICO
    and    SCE.ID_TIPOLOGIA_CONTO_ECONOMICO          = TCE.ID_TIPOLOGIA_CONTO_ECONOMICO
    and    UPPER(TCE.DESC_BREVE_TIPOLOGIA_CONTO_ECO) = 'MASTER'
    and    cema.id_CONTO_ECONOMICO = ce.id_CONTO_ECONOMICO;
    
    update PBANDI_R_CONTO_ECONOM_MOD_AGEV
    set    QUOTA_IMPORTO_AGEVOLATO = nImpMaster
    where  ID_CONTO_ECONOMICO = rec.ID_CONTO_ECONOMICO
    and    ID_MODALITA_AGEVOLAZIONE = rec.ID_MODALITA_AGEVOLAZIONE;
    
    exception
    when no_data_found then
    null;
    end;  
  end loop;
commit;
end;
/

declare
  cursor cur is select ID_TIPO_DOCUMENTO_INDEX,PROGR_BANDO_LINEA_INTERVENTO
				from   PBANDI_C_TIPO_DOCUMENTO_INDEX,PBANDI_R_BANDO_LINEA_INTERVENT
				where  DESC_BREVE_TIPO_DOC_INDEX = 'RIN';
  
  nCont  PLS_INTEGER;
begin
  for rec in cur loop
    select count(*)
	into   nCont
	from   PBANDI_R_TP_DOC_IND_BAN_LI_INT
	where  ID_TIPO_DOCUMENTO_INDEX      = rec.ID_TIPO_DOCUMENTO_INDEX
	and    PROGR_BANDO_LINEA_INTERVENTO = rec.PROGR_BANDO_LINEA_INTERVENTO;
	
	if nCont = 0 then
      insert into PBANDI_R_TP_DOC_IND_BAN_LI_INT
      (ID_TIPO_DOCUMENTO_INDEX,PROGR_BANDO_LINEA_INTERVENTO,ID_UTENTE_INS)
	  values
	  (rec.ID_TIPO_DOCUMENTO_INDEX,rec.PROGR_BANDO_LINEA_INTERVENTO,0);
	end if;
  end loop;
  commit;
end;
/  
 
insert into PBANDI_R_DOC_INDEX_TIPO_ANAG (ID_TIPO_ANAGRAFICA, ID_UTENTE_INS, ID_TIPO_DOCUMENTO_INDEX) values(2 ,0,13);
insert into PBANDI_R_DOC_INDEX_TIPO_ANAG (ID_TIPO_ANAGRAFICA, ID_UTENTE_INS, ID_TIPO_DOCUMENTO_INDEX) values(3 ,0,13);
insert into PBANDI_R_DOC_INDEX_TIPO_ANAG (ID_TIPO_ANAGRAFICA, ID_UTENTE_INS, ID_TIPO_DOCUMENTO_INDEX) values(4 ,0,13);
insert into PBANDI_R_DOC_INDEX_TIPO_ANAG (ID_TIPO_ANAGRAFICA, ID_UTENTE_INS, ID_TIPO_DOCUMENTO_INDEX) values(5 ,0,13);
insert into PBANDI_R_DOC_INDEX_TIPO_ANAG (ID_TIPO_ANAGRAFICA, ID_UTENTE_INS, ID_TIPO_DOCUMENTO_INDEX) values(6 ,0,13);
insert into PBANDI_R_DOC_INDEX_TIPO_ANAG (ID_TIPO_ANAGRAFICA, ID_UTENTE_INS, ID_TIPO_DOCUMENTO_INDEX) values(8 ,0,13);
insert into PBANDI_R_DOC_INDEX_TIPO_ANAG (ID_TIPO_ANAGRAFICA, ID_UTENTE_INS, ID_TIPO_DOCUMENTO_INDEX) values(10,0,13);
insert into PBANDI_R_DOC_INDEX_TIPO_ANAG (ID_TIPO_ANAGRAFICA, ID_UTENTE_INS, ID_TIPO_DOCUMENTO_INDEX) values(11,0,13);
insert into PBANDI_R_DOC_INDEX_TIPO_ANAG (ID_TIPO_ANAGRAFICA, ID_UTENTE_INS, ID_TIPO_DOCUMENTO_INDEX) values(14,0,13);
insert into PBANDI_R_DOC_INDEX_TIPO_ANAG (ID_TIPO_ANAGRAFICA, ID_UTENTE_INS, ID_TIPO_DOCUMENTO_INDEX) values(16,0,13);
insert into PBANDI_R_DOC_INDEX_TIPO_ANAG (ID_TIPO_ANAGRAFICA, ID_UTENTE_INS, ID_TIPO_DOCUMENTO_INDEX) values(18,0,13);
insert into PBANDI_R_DOC_INDEX_TIPO_ANAG (ID_TIPO_ANAGRAFICA, ID_UTENTE_INS, ID_TIPO_DOCUMENTO_INDEX) values(19,0,13);

SET DEFINE OFF;
Insert into PBANDI_D_ERRORE_BATCH
   (CODICE_ERRORE, DESCRIZIONE)
 Values
   ('W058', 'Errore nel popolamento della domanda indicatori del flusso GEFO');

commit;

insert into PBANDI_C_ENTITA
(ID_ENTITA, NOME_ENTITA, FLAG_DA_TRACCIARE) 
(select seq_PBANDI_C_ENTITA.nextval,tabs.TABLE_NAME,'S'
from all_tables tabs
where tabs.OWNER = (select decode(instr(user,'_RW'),0,user,replace(user,'_RW',null)) from dual)
and tabs.TABLE_NAME like 'PBANDI_%'
and not exists (select 'x' from pbandi_c_entita where tabs.TABLE_NAME = NOME_ENTITA));

commit;

declare
  cursor curAttr is select col.COLUMN_NAME,en.id_ENTITA,col.TABLE_NAME
                    from all_tab_cols col,PBANDI_C_ENTITA en
                    where col.owner = (select decode(instr(user,'_RW'),0,user,replace(user,'_RW',null)) from dual)
                    and col.TABLE_NAME like 'PBANDI_%'
                    and col.COLUMN_NAME not like 'SYS_%'
                    and col.TABLE_NAME = en.NOME_ENTITA
                    and not exists (select 'x' from PBANDI_C_ATTRIBUTO att 
                                    where col.COLUMN_NAME = att.NOME_ATTRIBUTO
                                    and att.id_entita = en.id_ENTITA);
                                    
  nPosiz  PLS_INTEGER := NULL;                                                                          
begin
  for recAttr in curAttr loop

    BEGIN
      SELECT POSITION
      INTO   nPosiz 
      FROM   all_CONSTRAINTS A,all_CONS_COLUMNS B
      WHERE  A.CONSTRAINT_TYPE = 'P'
      AND    A.TABLE_NAME      = recAttr.TABLE_NAME
      AND    A.CONSTRAINT_NAME = B.CONSTRAINT_NAME
      AND    COLUMN_NAME       = recAttr.COLUMN_NAME;
    EXCEPTION
      WHEN NO_DATA_FOUND THEN
        nPosiz := NULL;
    END;
    
    insert into PBANDI_C_ATTRIBUTO
    (ID_ATTRIBUTO, 
     NOME_ATTRIBUTO, 
     FLAG_DA_TRACCIARE, 
     ID_ENTITA,
     KEY_POSITION_ID) 
    values
    (SEQ_PBANDI_C_ATTRIBUTO.NEXTVAL,
     recAttr.COLUMN_NAME,
     'N',
     recAttr.id_ENTITA,
     nPosiz);
  end loop;
  COMMIT;
end;
/


